elapsed, window, total, successful, failed
5.000403, 5.000403, 29780, 29780, 0
10.00135, 5.000947, 29954, 29954, 0
15.001412, 5.000062, 29746, 29746, 0
20.001429, 5.000017, 29615, 29615, 0
25.001363, 4.999934, 29815, 29815, 0
30.00136, 4.999997, 29784, 29784, 0
35.001479, 5.000119, 29624, 29624, 0
40.001404, 4.999925, 29246, 29246, 0
45.001349, 4.999945, 29767, 29767, 0
50.001417, 5.000068, 29423, 29423, 0
55.001367, 4.99995, 29392, 29392, 0
60.001393, 5.000026, 29885, 29885, 0
65.001351, 4.999958, 29611, 29611, 0
70.001352, 5.000001, 29640, 29640, 0
75.001352, 5.0, 29319, 29319, 0
80.001342, 4.99999, 29619, 29619, 0
85.001354, 5.000012, 29460, 29460, 0
90.00145, 5.000096, 29625, 29625, 0
95.001336, 4.999886, 29526, 29526, 0
100.001375, 5.000039, 29887, 29887, 0
105.001555, 5.00018, 29856, 29856, 0
110.001432, 4.999877, 29128, 29128, 0
115.001425, 4.999993, 29435, 29435, 0
120.001384, 4.999959, 30118, 30118, 0
125.001356, 4.999972, 29797, 29797, 0
130.001441, 5.000085, 29904, 29904, 0
135.001348, 4.999907, 29686, 29686, 0
140.001403, 5.000055, 30239, 30239, 0
145.001374, 4.999971, 29614, 29614, 0
150.001488, 5.000114, 28989, 28989, 0
155.001351, 4.999863, 26759, 26759, 0
160.001421, 5.00007, 28912, 28912, 0
165.001418, 4.999997, 29616, 29616, 0
170.001352, 4.999934, 29036, 29036, 0
175.001356, 5.000004, 29270, 29270, 0
180.001399, 5.000043, 29225, 29225, 0
185.001338, 4.999939, 29792, 29792, 0
190.001395, 5.000057, 29064, 29064, 0
195.001472, 5.000077, 26571, 26571, 0
200.001441, 4.999969, 29116, 29116, 0
205.001385, 4.999944, 29011, 29011, 0
210.001422, 5.000037, 28960, 28960, 0
215.001356, 4.999934, 29358, 29358, 0
220.001456, 5.0001, 29370, 29370, 0
225.001359, 4.999903, 29183, 29183, 0
230.001414, 5.000055, 29007, 29007, 0
235.001431, 5.000017, 29051, 29051, 0
240.001381, 4.99995, 29147, 29147, 0
245.001393, 5.000012, 29085, 29085, 0
250.001354, 4.999961, 28983, 28983, 0
255.001381, 5.000027, 26295, 26295, 0
260.001368, 4.999987, 28709, 28709, 0
265.001412, 5.000044, 28807, 28807, 0
270.001424, 5.000012, 28897, 28897, 0
275.001438, 5.000014, 28940, 28940, 0
280.001431, 4.999993, 29135, 29135, 0
285.001348, 4.999917, 29276, 29276, 0
290.001419, 5.000071, 28779, 28779, 0
295.001348, 4.999929, 29247, 29247, 0
300.001422, 5.000074, 29271, 29271, 0
301.003489, 1.002067, 5855, 5855, 0
