elapsed, window, n, min, mean, median, 95th, 99th, 99_9th, max, errors
5.000157, 5.000157, 13321, 667, 10634.1, 5897, 47728, 54953, 63419, 82863, 0
10.001185, 5.001028, 12389, 682, 11090.1, 6712, 47982, 54575, 63579, 71474, 0
15.001169, 4.999984, 12870, 697, 10740.6, 6120, 47719, 54369, 64060, 86014, 0
20.001197, 5.000028, 12948, 689, 10776.5, 6030, 47715, 54881, 63330, 94958, 0
25.00124, 5.000043, 12698, 717, 11042.6, 6397, 48269, 54789, 64887, 80035, 0
30.001255, 5.000015, 12479, 759, 11137.4, 6537, 48292, 55655, 65100, 76758, 0
35.001177, 4.999922, 12749, 663, 10664.4, 6355, 47625, 54981, 64950, 72658, 0
40.00121, 5.000033, 12423, 706, 11343.6, 6789, 48479, 54876, 63598, 71155, 0
45.001186, 4.999976, 12830, 720, 11014.4, 6274, 48162, 55146, 65733, 81992, 0
50.00571, 5.004524, 12585, 638, 10999.0, 6547, 48003, 54478, 64998, 84582, 0
55.001197, 4.995487, 12554, 724, 11015.1, 6527, 47925, 54608, 63056, 77473, 0
60.001157, 4.99996, 12419, 674, 10977.2, 6594, 48243, 54519, 61235, 81322, 0
65.001216, 5.000059, 12535, 717, 11040.3, 6716, 48199, 54564, 62339, 69696, 0
70.001171, 4.999955, 12678, 708, 11010.4, 6369, 48181, 55150, 62697, 79737, 0
75.001176, 5.000005, 12165, 709, 11330.6, 6925, 48349, 55786, 63303, 71848, 0
80.001161, 4.999985, 12439, 614, 11312.6, 6989, 48709, 55142, 63408, 78701, 0
85.001174, 5.000013, 12884, 685, 10706.1, 6208, 47667, 54363, 62755, 75786, 0
90.001237, 5.000063, 12189, 688, 11795.8, 7257, 48929, 56072, 65177, 72269, 0
95.001161, 4.999924, 12121, 682, 11475.7, 7193, 48745, 55380, 63349, 76742, 0
100.001164, 5.000003, 12565, 680, 11052.5, 6430, 48280, 54567, 64939, 71719, 0
105.001155, 4.999991, 12042, 714, 11679.0, 7433, 49396, 56093, 63013, 68453, 0
110.001221, 5.000066, 12613, 681, 11054.3, 6327, 48075, 54520, 65119, 84895, 0
115.001188, 4.999967, 11419, 711, 12100.3, 8115, 49444, 56341, 63960, 72240, 0
120.00124, 5.000052, 12315, 758, 11352.0, 6739, 48582, 54886, 64889, 73958, 0
121.011157, 1.009917, 2383, 758, 11506.9, 7006, 48613, 54780, 64889, 73958, 0
