elapsed, window, n, min, mean, median, 95th, 99th, 99_9th, max, errors
5.000445, 5.000445, 46418, 104, 1556.1, 597, 5926, 9015, 13479, 19899, 0
10.001432, 5.000987, 46668, 103, 1538.6, 583, 5891, 9028, 12997, 19595, 0
15.001507, 5.000075, 46724, 103, 1547.4, 582, 5945, 9156, 12982, 19812, 0
20.001431, 4.999924, 46711, 102, 1556.9, 592, 5955, 8965, 12797, 18552, 0
25.001463, 5.000032, 46732, 103, 1525.2, 579, 5804, 8828, 12654, 17383, 0
30.001448, 4.999985, 46766, 106, 1533.3, 584, 5840, 8775, 12334, 19133, 0
35.001446, 4.999998, 46749, 106, 1547.3, 582, 5979, 9033, 12507, 20722, 0
40.001453, 5.000007, 46690, 106, 1543.4, 582, 5951, 8973, 12629, 17202, 0
45.001428, 4.999975, 46669, 107, 1536.7, 582, 5914, 9037, 13421, 19072, 0
50.001518, 5.00009, 46768, 105, 1543.2, 586, 5856, 8846, 12066, 17288, 0
55.001445, 4.999927, 46683, 104, 1547.7, 586, 5932, 8846, 13147, 21025, 0
60.001439, 4.999994, 46678, 102, 1543.6, 583, 5932, 8723, 12298, 17952, 0
65.001443, 5.000004, 46608, 106, 1534.9, 588, 5849, 9015, 12363, 15729, 0
70.00145, 5.000007, 46462, 103, 1559.5, 604, 5932, 8995, 12780, 20751, 0
75.001431, 4.999981, 46421, 102, 1568.8, 606, 5942, 8975, 12467, 23377, 0
80.001433, 5.000002, 46356, 104, 1575.5, 620, 5977, 8909, 12454, 18210, 0
85.001509, 5.000076, 46475, 103, 1551.0, 607, 5864, 8852, 12455, 18935, 0
90.001432, 4.999923, 46479, 107, 1551.7, 604, 5885, 8957, 12643, 19967, 0
95.001431, 4.999999, 46349, 104, 1554.6, 612, 5832, 8865, 12370, 19250, 0
100.001585, 5.000154, 46305, 98, 1569.8, 627, 5968, 8886, 12483, 17557, 0
105.001575, 4.99999, 46394, 107, 1554.9, 618, 5908, 8912, 12409, 17974, 0
110.001429, 4.999854, 46308, 106, 1576.4, 619, 5967, 8952, 12609, 16459, 0
115.001443, 5.000014, 46318, 107, 1583.6, 625, 5951, 9165, 12816, 19878, 0
120.001476, 5.000033, 46305, 106, 1569.2, 618, 5887, 9026, 12653, 19245, 0
121.004697, 1.003221, 9265, 106, 1559.0, 613, 5885, 9037, 12754, 17712, 0
