elapsed, window, n, min, mean, median, 95th, 99th, 99_9th, max, errors
5.000445, 5.000445, 85687, 413, 888.1, 801, 1519, 2159, 3861, 9231, 0
10.001505, 5.00106, 83406, 391, 890.0, 813, 1468, 2050, 3001, 5692, 0
15.001432, 4.999927, 83595, 397, 890.1, 817, 1403, 2012, 3423, 12300, 0
20.001485, 5.000053, 84611, 391, 874.6, 795, 1464, 2085, 3420, 12300, 0
25.001503, 5.000018, 84950, 401, 861.0, 771, 1526, 2111, 3379, 8934, 0
30.001458, 4.999955, 82574, 390, 890.4, 815, 1506, 2108, 3329, 8997, 0
35.001423, 4.999965, 83721, 399, 894.3, 823, 1496, 2125, 3071, 4172, 0
40.0015, 5.000077, 85967, 408, 861.8, 772, 1531, 2174, 3368, 9706, 0
45.001534, 5.000034, 83686, 396, 883.5, 803, 1507, 2134, 3283, 10776, 0
50.001597, 5.000063, 84776, 397, 869.7, 787, 1490, 2145, 3436, 10844, 0
55.00157, 4.999973, 86231, 426, 858.3, 785, 1401, 2028, 3199, 10847, 0
60.00156, 4.99999, 82350, 417, 891.8, 824, 1433, 2024, 3079, 11032, 0
65.001571, 5.000011, 79570, 416, 923.4, 875, 1389, 1956, 3395, 9991, 0
70.001385, 4.999814, 85118, 402, 882.6, 809, 1466, 2096, 3189, 5428, 0
75.001642, 5.000257, 83734, 357, 878.4, 801, 1462, 2113, 3203, 11470, 0
80.00138, 4.999738, 84041, 409, 878.4, 799, 1495, 2132, 3288, 9759, 0
85.001469, 5.000089, 84873, 401, 875.2, 815, 1370, 1966, 2901, 8876, 0
90.001473, 5.000004, 81707, 419, 896.3, 832, 1382, 2042, 5056, 11136, 0
95.001386, 4.999913, 84474, 384, 892.5, 812, 1495, 2144, 3641, 9047, 0
100.001462, 5.000076, 83699, 403, 879.8, 805, 1431, 2098, 3253, 9266, 0
105.001469, 5.000007, 83939, 398, 881.9, 807, 1451, 2063, 3099, 9307, 0
110.001412, 4.999943, 81130, 420, 908.9, 846, 1406, 1985, 3099, 8717, 0
115.001501, 5.000089, 84748, 405, 872.6, 799, 1417, 2021, 3180, 9940, 0
120.001389, 4.999888, 84513, 398, 869.5, 800, 1408, 2030, 3280, 10451, 0
121.002583, 1.001194, 16981, 407, 871.8, 798, 1435, 2072, 3438, 10451, 0
