elapsed, window, n, min, mean, max, errors, median
5.000654, 5.000654,72561, 72,115.333, 2187,0,102
10.001604, 5.00095,72699, 70,106.216, 766,0,100.666
15.001601, 4.999997,72669, 71,105.333, 1184,0,99.8331
20.001603, 5.000002,72696, 70,104.817, 763,0,99.4998
25.001549, 4.999946,72702, 72,104.933, 648,0,99.8332
30.001602, 5.000053,72703, 70,105.384, 741,0,100
35.001602, 5.0,72705, 70,104.417, 519,0,99.4998
40.001549, 4.999947,72678, 70,104.85, 625,0,99.6665
45.001551, 5.000002,72717, 70,104.433, 1967,0,99.1666
50.001549, 4.999998,72723, 71,105.066, 870,0,99.6664
55.001542, 4.999993,72685, 70,105.283, 594,0,99.8333
60.001692, 5.00015,72693, 70,105.616, 654,0,99.9996
65.001667, 4.999975,72693, 72,105.45, 691,0,100
70.001549, 4.999882,72708, 72,104.583, 710,0,99.4998
75.001569, 5.00002,72698, 73,104.833, 712,0,99.8332
80.001637, 5.000068,72713, 69,104.599, 739,0,99.4998
85.001582, 4.999945,72698, 72,104.5, 609,0,99.3335
90.00155, 4.999968,72702, 73,105.333, 1033,0,99.9998
95.001597, 5.000047,72706, 72,105.866, 830,0,100.333
100.001549, 4.999952,72672, 72,105.816, 1423,0,99.9992
105.0016, 5.000051,72690, 70,105.55, 541,0,99.9999
110.00155, 4.99995,72678, 71,105.4, 1409,0,100
115.001549, 4.999999,72690, 72,104.999, 524,0,99.666
120.001549, 5.0,72699, 71,105.515, 522,0,100.332
121.00173, 1.000181,14544, 71,105.451, 584,0,100.167

