elapsed, window, n, min, mean, median, 95th, 99th, 99_9th, max, errors
5.000984, 5.000984, 468657, 277, 14467.6, 9085, 45404, 68550, 92868, 145986, 0
10.00207, 5.001086, 424464, 277, 14712.8, 8532, 48101, 78590, 110202, 199089, 0
15.000995, 4.998925, 423023, 278, 14797.6, 8247, 49526, 77864, 103127, 180168, 0
20.001984, 5.000989, 428342, 308, 14589.0, 9473, 44070, 62156, 83039, 131457, 0
25.002113, 5.000129, 421377, 328, 14735.2, 8415, 49027, 75200, 101775, 169723, 0
30.000979, 4.998866, 424435, 303, 14752.7, 8587, 47592, 69870, 91658, 142272, 0
35.002006, 5.001027, 421972, 275, 14792.2, 8622, 46452, 77108, 106751, 196518, 0
40.001992, 4.999986, 426987, 308, 14679.9, 9050, 45272, 60624, 84290, 113873, 0
45.001985, 4.999993, 419942, 265, 14738.7, 8517, 49666, 75867, 102613, 176599, 0
50.002057, 5.000072, 423390, 307, 14803.1, 9554, 45315, 64000, 87524, 138005, 0
55.001003, 4.998946, 424227, 330, 14692.9, 9556, 45578, 64799, 88533, 138045, 0
60.001981, 5.000978, 425354, 356, 14733.4, 9626, 43716, 61155, 82166, 138012, 0
65.001982, 5.000001, 423150, 303, 14816.0, 10104, 43379, 65028, 90304, 167518, 0
70.001999, 5.000017, 425505, 343, 14701.2, 9777, 42327, 62979, 85453, 145166, 0
75.001999, 5.0, 427820, 355, 14622.2, 10260, 41007, 57179, 78143, 119258, 0
80.002008, 5.000009, 419766, 371, 14889.9, 9749, 43328, 61719, 88491, 166900, 0
85.001993, 4.999985, 422824, 328, 14785.2, 10689, 41254, 61723, 86106, 152207, 0
90.002042, 5.000049, 428449, 328, 14591.3, 10890, 39285, 58201, 82518, 154871, 0
95.000982, 4.99894, 419333, 369, 14788.4, 10111, 43143, 63813, 87810, 154871, 0
100.002044, 5.001062, 429558, 311, 14683.0, 9887, 42559, 64305, 87001, 162404, 0
105.000997, 4.998953, 426967, 464, 14652.3, 10524, 40249, 57028, 77024, 132995, 0
110.002007, 5.00101, 418497, 400, 14778.2, 10401, 41987, 67657, 95327, 185075, 0
115.001995, 4.999988, 424434, 275, 14720.9, 10283, 42312, 65280, 86798, 149935, 0
120.00198, 4.999985, 427387, 366, 14723.0, 9906, 43204, 62731, 84672, 138243, 0
121.083055, 1.081075, 90249, 366, 14665.3, 9979, 42256, 59804, 81846, 138243, 0
