elapsed, window, n, min, mean, median, 95th, 99th, 99_9th, max, errors
5.000245, 5.000245, 79718, 392, 7676.4, 2514, 10878, 172836, 449883, 721179, 0
10.00121, 5.000965, 75542, 391, 8153.7, 2557, 10226, 150652, 776225, 1126799, 0
15.001211, 5.000001, 76170, 350, 8348.8, 2603, 11341, 191410, 582357, 1077971, 0
20.001198, 4.999987, 77631, 382, 7870.1, 2596, 11181, 161393, 483021, 1267287, 0
25.001217, 5.000019, 79934, 382, 7815.2, 2564, 10007, 124263, 788588, 1473082, 0
30.001207, 4.99999, 79825, 390, 7855.4, 2570, 10556, 130042, 699650, 1736885, 0
35.001222, 5.000015, 74519, 370, 8338.3, 2518, 10578, 170478, 704441, 1636894, 0
40.001202, 4.99998, 75199, 370, 8220.3, 2526, 9705, 158335, 777730, 1149173, 0
45.00124, 5.000038, 79738, 403, 8027.7, 2543, 10141, 139749, 703615, 1298285, 0
50.001223, 4.999983, 75743, 380, 8037.5, 2566, 11012, 183745, 547740, 987315, 0
55.001204, 4.999981, 75632, 410, 8299.5, 2602, 10844, 159198, 701083, 1030527, 0
60.001254, 5.00005, 72223, 374, 8431.4, 2545, 11142, 150323, 692207, 1810919, 0
65.001256, 5.000002, 73937, 394, 8701.2, 2659, 12195, 162951, 650782, 1838557, 0
70.0012, 4.999944, 76249, 388, 8284.5, 2555, 11199, 192324, 608700, 1074236, 0
75.001249, 5.000049, 72074, 394, 8622.2, 2639, 12426, 200195, 590783, 832127, 0
80.001254, 5.000005, 74641, 387, 8367.3, 2668, 11027, 126411, 804126, 1044076, 0
85.001242, 4.999988, 73909, 368, 8499.8, 2600, 10889, 150110, 852161, 1307637, 0
90.001228, 4.999986, 72080, 368, 8598.3, 2566, 11280, 211966, 627946, 969785, 0
95.001206, 4.999978, 71550, 375, 8670.8, 2629, 11046, 203328, 705827, 1188721, 0
100.001235, 5.000029, 73814, 387, 8491.8, 2589, 11286, 184463, 782343, 1432961, 0
105.001199, 4.999964, 74851, 380, 8384.2, 2609, 11813, 167711, 690760, 1157375, 0
110.001432, 5.000233, 71893, 381, 8561.5, 2604, 11820, 182548, 724733, 1105489, 0
115.001203, 4.999771, 71367, 388, 8887.3, 2710, 14500, 190304, 579205, 972419, 0
120.001217, 5.000014, 75312, 369, 8223.1, 2574, 10614, 181922, 681419, 1180926, 0
121.003319, 1.002102, 13991, 369, 8285.9, 2603, 10183, 168058, 733750, 1364886, 0
