elapsed, window, total, successful, failed
5.000123, 5.000123, 366937, 366937, 0
10.001321, 5.001198, 342567, 342567, 0
15.001169, 4.999848, 343724, 343724, 0
20.001201, 5.000032, 340509, 340509, 0
25.001351, 5.00015, 340615, 340615, 0
30.001125, 4.999774, 340646, 340646, 0
35.001131, 5.000006, 340720, 340720, 0
40.001242, 5.000111, 341813, 341813, 0
45.001132, 4.99989, 340736, 340736, 0
50.001113, 4.999981, 339153, 339153, 0
55.001107, 4.999994, 340428, 340428, 0
60.001122, 5.000015, 340944, 340944, 0
65.001131, 5.000009, 338026, 338026, 0
70.001395, 5.000264, 337769, 337769, 0
75.001132, 4.999737, 340283, 340283, 0
80.001234, 5.000102, 336478, 336478, 0
85.001109, 4.999875, 336188, 336188, 0
90.001107, 4.999998, 332578, 332578, 0
95.00119, 5.000083, 333965, 333965, 0
100.001117, 4.999927, 331030, 331030, 0
105.001113, 4.999996, 333077, 333077, 0
110.001158, 5.000045, 331198, 331198, 0
115.00111, 4.999952, 333251, 333251, 0
120.001133, 5.000023, 332538, 332538, 0
121.003252, 1.002119, 66565, 66565, 0
