elapsed, window, total, successful, failed
5.000785, 5.000785, 459, 459, 0
10.001769, 5.000984, 153, 153, 0
15.001775, 5.000006, 245, 245, 0
20.001753, 4.999978, 187, 187, 0
25.001806, 5.000053, 272, 272, 0
30.001754, 4.999948, 177, 177, 0
35.001692, 4.999938, 253, 253, 0
40.001731, 5.000039, 212, 211, 1
45.001752, 5.000021, 194, 193, 1
50.001737, 4.999985, 235, 235, 0
55.001747, 5.00001, 192, 192, 0
60.001749, 5.000002, 245, 245, 0
65.001745, 4.999996, 185, 185, 0
70.001783, 5.000038, 211, 211, 0
75.001754, 4.999971, 247, 247, 0
80.001776, 5.000022, 197, 197, 0
85.001779, 5.000003, 240, 240, 0
90.001736, 4.999957, 215, 213, 2
95.001746, 5.00001, 221, 221, 0
100.00177, 5.000024, 215, 215, 0
105.001693, 4.999923, 224, 224, 0
110.001697, 5.000004, 215, 215, 0
115.001758, 5.000061, 190, 190, 0
120.001696, 4.999938, 239, 237, 2
125.001793, 5.000097, 217, 217, 0
130.001698, 4.999905, 204, 204, 0
135.001726, 5.000028, 217, 217, 0
140.001747, 5.000021, 202, 202, 0
145.001659, 4.999912, 233, 232, 1
150.001741, 5.000082, 225, 225, 0
155.001802, 5.000061, 204, 204, 0
160.00171, 4.999908, 238, 238, 0
165.001694, 4.999984, 221, 221, 0
170.001697, 5.000003, 218, 218, 0
175.0017, 5.000003, 211, 211, 0
180.00175, 5.00005, 214, 214, 0
185.001698, 4.999948, 213, 213, 0
190.001789, 5.000091, 221, 221, 0
195.00176, 4.999971, 212, 212, 0
200.001698, 4.999938, 226, 226, 0
205.001744, 5.000046, 229, 229, 0
210.001756, 5.000012, 218, 218, 0
215.001711, 4.999955, 214, 214, 0
220.00174, 5.000029, 208, 208, 0
225.001738, 4.999998, 202, 202, 0
230.00176, 5.000022, 201, 201, 0
235.001747, 4.999987, 210, 210, 0
240.001712, 4.999965, 240, 240, 0
245.001921, 5.000209, 192, 191, 1
250.001736, 4.999815, 214, 214, 0
255.001745, 5.000009, 229, 229, 0
260.001751, 5.000006, 211, 211, 0
265.001786, 5.000035, 212, 212, 0
270.001746, 4.99996, 233, 233, 0
275.001754, 5.000008, 233, 233, 0
280.00179, 5.000036, 206, 206, 0
285.001746, 4.999956, 212, 212, 0
290.001745, 4.999999, 221, 221, 0
295.001695, 4.99995, 213, 213, 0
300.001742, 5.000047, 220, 220, 0
301.015971, 1.014229, 47, 47, 0
