elapsed, window, n, min, mean, max, errors, median
5.000554, 5.000554,38479, 91299,180612, 777553,18,154628
10.001487, 5.000933,36539, 91361,187493, 682235,37,191356
15.001612, 5.000125,38373, 91436,183177, 619124,38,189409
20.001477, 4.999865,38744, 91372,182840, 562807,61,186951
25.001586, 5.000109,37298, 91281,185248, 656417,44,190668
30.001614, 5.000028,37098, 91465,186254, 662662,71,190689
35.001504, 4.99989,33772, 91198,189860, 1164959,47,187291
40.001523, 5.000019,25722, 91202,225084, 1298749,31,195834
45.001607, 5.000084,28177, 91444,208872, 1416036,40,193634
50.001527, 4.99992,22075, 91298,253544, 1454914,35,200779
55.001602, 5.000075,33130, 91337,198401, 870112,68,192856
60.0016, 4.999998,24308, 91356,226158, 1202538,35,195417
65.001521, 4.999921,26631, 91162,221768, 1156918,42,195934
70.001498, 4.999977,38754, 91301,183332, 606475,54,190837
75.001556, 5.000058,38442, 91366,182684, 580011,53,190704
80.001581, 5.000025,38317, 91274,183615, 590642,65,193036
85.00153, 4.999949,39103, 91339,182763, 592271,66,191224
90.001536, 5.000006,39371, 91278,181612, 593057,64,190630
95.001625, 5.000089,39439, 91212,181371, 530668,69,190771
100.001554, 4.999929,39519, 91291,181048, 530668,59,190887
105.001654, 5.0001,39528, 91331,179542, 569497,51,189183
110.001478, 4.999824,39951, 91436,179435, 559317,38,190297
115.001559, 5.000081,37299, 91288,187229, 777867,52,190136
120.001529, 4.99997,37482, 91299,184243, 732656,84,189858
121.007727, 1.006198,7712, 91362,184099, 687612,9,189841

