elapsed, window, n, min, mean, median, 95th, 99th, 99_9th, max, errors
5.000462, 5.000462, 31544, 317, 957.9, 523, 3639, 4714, 6617, 8569, 0
10.00124, 5.000778, 30533, 323, 974.4, 536, 3685, 4836, 6601, 8345, 0
15.001225, 4.999985, 30693, 311, 964.7, 535, 3657, 4668, 6589, 8575, 0
20.001235, 5.00001, 30961, 311, 967.8, 522, 3653, 4693, 6544, 8278, 0
25.001232, 4.999997, 30196, 314, 978.7, 539, 3699, 4732, 6559, 8218, 0
30.001244, 5.000012, 30562, 314, 976.5, 535, 3702, 4821, 6589, 8301, 0
35.001256, 5.000012, 30688, 319, 975.0, 539, 3707, 4685, 6605, 8170, 0
40.001221, 4.999965, 30848, 321, 976.9, 539, 3701, 4683, 6654, 8582, 0
45.001315, 5.000094, 30325, 318, 983.5, 555, 3666, 4670, 6551, 8381, 0
50.001235, 4.99992, 30443, 318, 983.4, 540, 3695, 5465, 6639, 8512, 0
55.001297, 5.000062, 30474, 309, 979.5, 541, 3677, 4956, 6614, 8448, 0
60.001339, 5.000042, 30547, 309, 967.1, 520, 3673, 5251, 6552, 9367, 0
65.001244, 4.999905, 30619, 326, 975.4, 530, 3665, 5520, 6571, 8269, 0
70.001249, 5.000005, 30668, 321, 975.1, 532, 3670, 4700, 6590, 8418, 0
75.001226, 4.999977, 29641, 321, 991.0, 542, 3730, 4784, 6617, 8418, 0
80.001223, 4.999997, 29798, 313, 990.3, 544, 3675, 4711, 6571, 9017, 0
85.001413, 5.00019, 30064, 320, 991.7, 549, 3658, 5056, 6629, 8517, 0
90.001344, 4.999931, 30211, 321, 980.6, 543, 3653, 4696, 6599, 8608, 0
95.001225, 4.999881, 30087, 326, 980.4, 539, 3695, 4710, 6590, 8692, 0
100.001323, 5.000098, 30091, 319, 978.4, 541, 3676, 4670, 6569, 8583, 0
105.001282, 4.999959, 30080, 317, 972.2, 533, 3666, 4704, 6528, 8378, 0
110.001274, 4.999992, 29902, 303, 988.4, 542, 3696, 4698, 6528, 8153, 0
115.001254, 4.99998, 30096, 328, 969.7, 535, 3643, 4678, 6580, 8425, 0
120.001267, 5.000013, 30330, 324, 972.5, 534, 3635, 4678, 6567, 8631, 0
121.002378, 1.001111, 6156, 324, 974.7, 532, 3668, 4654, 6560, 8631, 0
