elapsed, window, n, min, mean, median, 95th, 99th, 99_9th, max, errors
5.000496, 5.000496, 0, 0, 0, 0, 0, 0, 0, 0, 0
10.001457, 5.000961, 76, 986, 1245.4, 1227, 1530, 1586, 1675, 1675, 0
15.00154, 5.000083, 378, 986, 1356.7, 1290, 1804, 2307, 5126, 5126, 0
20.001405, 4.999865, 412, 995, 1577.7, 1429, 2603, 3793, 7331, 7331, 0
25.001483, 5.000078, 406, 931, 10334.3, 1791, 41606, 210800, 327228, 327228, 0
30.001515, 5.000032, 324, 1061, 21495.3, 5327, 125291, 217495, 327228, 327228, 0
35.001361, 4.999846, 431, 998, 64965.1, 8656, 440633, 593584, 1075452, 1075452, 0
40.001364, 5.000003, 355, 1003, 35497.3, 8471, 215297, 368807, 492159, 492159, 0
45.001499, 5.000135, 350, 1065, 30700.0, 8304, 219787, 374984, 564073, 564073, 0
50.001456, 4.999957, 370, 1029, 36332.7, 9871, 216620, 331263, 589449, 589449, 0
55.001525, 5.000069, 312, 1175, 32190.0, 14190, 135293, 227934, 312187, 312187, 0
60.001523, 4.999998, 304, 1315, 47721.5, 12190, 104869, 210285, 5538716, 5538716, 0
65.001419, 4.999896, 244, 1486, 94848.3, 24352, 333249, 554457, 3199292, 3199292, 0
70.001507, 5.000088, 270, 1461, 192270.6, 27826, 1042170, 1349795, 1508989, 1508989, 0
75.001487, 4.99998, 225, 1221, 281769.8, 14905, 1415223, 2337474, 2415564, 2415564, 0
80.001489, 5.000002, 191, 1361, 501437.9, 12177, 3931211, 4290532, 6463541, 6463541, 0
85.001495, 5.000006, 189, 2117, 1232531.0, 23366, 4717066, 8195630, 8714193, 8714193, 0
88.778546, 3.777051, 156, 2987, 1134263.7, 20873, 5309000, 9623151, 9731622, 9731622, 3
