elapsed, window, total, successful, failed
5.000139, 5.000139, 225563, 225563, 0
10.001335, 5.001196, 218131, 218131, 0
15.001138, 4.999803, 217311, 217311, 0
20.001186, 5.000048, 218519, 218519, 0
25.001219, 5.000033, 218407, 218407, 0
30.001127, 4.999908, 216908, 216908, 0
35.001469, 5.000342, 217312, 217312, 0
40.00115, 4.999681, 217742, 217742, 0
45.001137, 4.999987, 216906, 216906, 0
50.001112, 4.999975, 217253, 217253, 0
55.0011, 4.999988, 216816, 216816, 0
60.001119, 5.000019, 218565, 218565, 0
65.001205, 5.000086, 216886, 216886, 0
70.001086, 4.999881, 218155, 218155, 0
75.001121, 5.000035, 218838, 218838, 0
80.001232, 5.000111, 217863, 217863, 0
85.001337, 5.000105, 216884, 216884, 0
90.001128, 4.999791, 218150, 218150, 0
95.001082, 4.999954, 217363, 217363, 0
100.001201, 5.000119, 216357, 216357, 0
105.001205, 5.000004, 218078, 218078, 0
110.001096, 4.999891, 217952, 217952, 0
115.001089, 4.999993, 217139, 217139, 0
120.001145, 5.000056, 219458, 219458, 0
121.002239, 1.001094, 45070, 45070, 0
