elapsed, window, total, successful, failed
5.001078, 5.001078, 133250, 133250, 0
10.000931, 4.999853, 130470, 130470, 0
15.001923, 5.000992, 130306, 130306, 0
20.001915, 4.999992, 129346, 129346, 0
25.001917, 5.000002, 129414, 129414, 0
30.002025, 5.000108, 129062, 129062, 0
35.00091, 4.998885, 130044, 130044, 0
40.00202, 5.00111, 129920, 129920, 0
45.000909, 4.998889, 128718, 128718, 0
50.002042, 5.001133, 130006, 130006, 0
55.001051, 4.999009, 129174, 129174, 0
60.000915, 4.999864, 129564, 129564, 0
65.002007, 5.001092, 128670, 128670, 0
70.001918, 4.999911, 129352, 129352, 0
75.001944, 5.000026, 128321, 128321, 0
80.001923, 4.999979, 129436, 129436, 0
85.001927, 5.000004, 129072, 129072, 0
90.001933, 5.000006, 129631, 129631, 0
95.001946, 5.000013, 127384, 127384, 0
100.001942, 4.999996, 129308, 129308, 0
105.001911, 4.999969, 128218, 128218, 0
110.001909, 4.999998, 127779, 127779, 0
115.002061, 5.000152, 128402, 128402, 0
120.00098, 4.998919, 127158, 127158, 0
121.003032, 1.002052, 24928, 24928, 0
