elapsed, window, total, successful, failed
5.000404, 5.000404, 438675, 438675, 0
10.001431, 5.001027, 406348, 406348, 0
15.001391, 4.99996, 407735, 407735, 0
20.001393, 5.000002, 401371, 401371, 0
25.001381, 4.999988, 402339, 402339, 0
30.001368, 4.999987, 407945, 407945, 0
35.001367, 4.999999, 400064, 400064, 0
40.00143, 5.000063, 406593, 406593, 0
45.001374, 4.999944, 410474, 410474, 0
50.00138, 5.000006, 401647, 401647, 0
55.001402, 5.000022, 407829, 407829, 0
60.001382, 4.99998, 400770, 400770, 0
65.001367, 4.999985, 404954, 404954, 0
70.001377, 5.00001, 407156, 407156, 0
75.001394, 5.000017, 399679, 399679, 0
80.001526, 5.000132, 404784, 404784, 0
85.001369, 4.999843, 403157, 403157, 0
90.001371, 5.000002, 409035, 409035, 0
95.001376, 5.000005, 404690, 404690, 0
100.001387, 5.000011, 402444, 402444, 0
105.001385, 4.999998, 401268, 401268, 0
110.001392, 5.000007, 407636, 407636, 0
115.001397, 5.000005, 401383, 401383, 0
120.001376, 4.999979, 401772, 401772, 0
121.016539, 1.015163, 81506, 81506, 0
