elapsed, window, n, min, mean, median, 95th, 99th, 99_9th, max, errors
5.000145, 5.000145, 51891, 294, 703.8, 668, 1028, 1365, 2471, 4366, 0
10.001166, 5.001021, 51301, 297, 679.7, 643, 996, 1281, 1914, 5081, 0
15.001171, 5.000005, 49774, 316, 701.9, 671, 1008, 1293, 1908, 4750, 0
20.001154, 4.999983, 49599, 308, 701.7, 668, 1018, 1342, 2393, 5002, 0
25.001136, 4.999982, 50631, 297, 697.9, 665, 1016, 1337, 2159, 5316, 0
30.001124, 4.999988, 48684, 304, 717.1, 680, 1060, 1430, 2622, 6542, 0
35.001207, 5.000083, 50471, 319, 694.8, 669, 994, 1228, 1632, 4321, 0
40.001152, 4.999945, 50353, 317, 695.1, 663, 1010, 1309, 1934, 4559, 0
45.001125, 4.999973, 50161, 285, 696.7, 660, 1028, 1320, 2099, 4946, 0
50.001229, 5.000104, 50717, 285, 692.0, 658, 1014, 1283, 1904, 4935, 0
55.001174, 4.999945, 50130, 316, 697.0, 666, 1009, 1285, 1834, 4935, 0
60.001159, 4.999985, 50280, 318, 697.8, 668, 1009, 1266, 1815, 4113, 0
65.001228, 5.000069, 51033, 309, 684.1, 651, 999, 1278, 1784, 6218, 0
70.001209, 4.999981, 50235, 311, 699.7, 666, 1024, 1326, 1973, 5274, 0
75.001176, 4.999967, 49895, 317, 698.0, 649, 1079, 1483, 2555, 5276, 0
80.001217, 5.000041, 49339, 296, 707.7, 663, 1078, 1504, 2505, 6939, 0
85.001197, 4.99998, 50146, 321, 698.9, 667, 1020, 1309, 1901, 5647, 0
90.001257, 5.00006, 49850, 293, 697.5, 657, 1044, 1404, 2025, 4980, 0
95.001171, 4.999914, 50308, 298, 695.5, 652, 1057, 1417, 2118, 5413, 0
100.001162, 4.999991, 48763, 298, 713.3, 672, 1090, 1498, 2203, 4239, 0
105.001136, 4.999974, 49215, 302, 711.8, 674, 1057, 1414, 2484, 4976, 0
110.001207, 5.000071, 48399, 294, 721.6, 685, 1077, 1436, 2480, 6338, 0
115.001146, 4.999939, 49302, 303, 710.2, 670, 1079, 1428, 2054, 5552, 0
120.001131, 4.999985, 48705, 315, 717.3, 677, 1078, 1439, 2380, 4747, 0
121.002472, 1.001341, 9826, 302, 717.5, 677, 1080, 1446, 2320, 4747, 0
