elapsed, window, n, min, mean, median, 95th, 99th, 99_9th, max, errors
5.000324, 5.000324, 7070, 1401, 4604.6, 3180, 12916, 18322, 29302, 46344, 0
10.001388, 5.001064, 6913, 1459, 4451.7, 3175, 12195, 17815, 26038, 37159, 0
15.001306, 4.999918, 7079, 1283, 4432.6, 3201, 12009, 16610, 24498, 35231, 0
20.001445, 5.000139, 6942, 1283, 4580.7, 3221, 12644, 18605, 26687, 45651, 0
25.001402, 4.999957, 6892, 1419, 4497.9, 3159, 12385, 17480, 29056, 105061, 0
30.001298, 4.999896, 6983, 1373, 4477.5, 3200, 12045, 16634, 27283, 41223, 0
35.001321, 5.000023, 6953, 1396, 4491.3, 3188, 12262, 17685, 28354, 45511, 0
40.001293, 4.999972, 6990, 1393, 4451.1, 3161, 12365, 17478, 25903, 31810, 0
45.001304, 5.000011, 7081, 1333, 4454.3, 3125, 12337, 17870, 38042, 92735, 0
50.00133, 5.000026, 7189, 1285, 4354.7, 3097, 11945, 16393, 27993, 65076, 0
55.00141, 5.00008, 7130, 1417, 4348.9, 3027, 12261, 17313, 32156, 75768, 0
60.001309, 4.999899, 7472, 1473, 4164.4, 2975, 11492, 15634, 22561, 33006, 0
65.001535, 5.000226, 7452, 1403, 4184.8, 2996, 11471, 15476, 21984, 93189, 0
70.001307, 4.999772, 7438, 1460, 4148.8, 2992, 11504, 15099, 20096, 28958, 0
75.001484, 5.000177, 7405, 1439, 4327.7, 3088, 11815, 16340, 23467, 37639, 0
80.001302, 4.999818, 7300, 1468, 4249.4, 3033, 11893, 15988, 20381, 26528, 0
85.001299, 4.999997, 7206, 1508, 4255.8, 3082, 11726, 15781, 23288, 40391, 0
90.001757, 5.000458, 7022, 1505, 4508.7, 3223, 12564, 17096, 22912, 34308, 0
95.001285, 4.999528, 7074, 1495, 4450.0, 3171, 12248, 17482, 27539, 36685, 0
100.001371, 5.000086, 7098, 1494, 4495.3, 3145, 12511, 17510, 26085, 46658, 0
105.001315, 4.999944, 6931, 1465, 4527.5, 3176, 12559, 17901, 32068, 90321, 0
110.001516, 5.000201, 7094, 1490, 4446.2, 3173, 12305, 16544, 26344, 38365, 0
115.001449, 4.999933, 7204, 1278, 4366.9, 3113, 12173, 16216, 22313, 26673, 0
120.001299, 4.99985, 7048, 1386, 4500.7, 3192, 12510, 17094, 23870, 43319, 0
121.004519, 1.00322, 1462, 1386, 4451.1, 3173, 12483, 16815, 23339, 43319, 0
