elapsed, window, n, min, mean, median, 95th, 99th, 99_9th, max, errors
5.001, 5.001, 804, 929, 2699.6, 1860, 7039, 11361, 27594, 29967, 0
10.00201, 5.00101, 535, 912, 3496.1, 1635, 7427, 65786, 90494, 102538, 0
15.002009, 4.999999, 547, 638, 3244.7, 1406, 5464, 65786, 90494, 102538, 0
20.002009, 5.0, 584, 914, 2788.9, 1360, 7129, 32343, 79487, 107204, 0
25.001892, 4.999883, 651, 912, 3494.2, 1379, 12920, 52513, 79637, 89969, 0
30.002004, 5.000112, 759, 894, 2999.7, 1346, 11269, 33546, 75169, 84304, 0
35.002061, 5.000057, 603, 847, 2651.8, 1384, 4188, 29553, 84770, 98624, 0
40.001918, 4.999857, 794, 887, 3661.4, 1329, 7631, 75700, 151011, 165664, 0
45.002005, 5.000087, 689, 887, 2302.0, 1294, 3117, 35179, 58881, 84925, 0
50.002013, 5.000008, 579, 861, 2541.7, 1257, 4567, 41410, 64931, 76731, 0
55.002012, 4.999999, 742, 898, 3648.7, 1334, 13413, 56315, 96461, 105315, 0
60.001885, 4.999873, 717, 900, 4231.0, 1366, 21405, 61824, 89010, 94188, 0
65.002027, 5.000142, 814, 902, 1888.1, 1314, 3541, 13376, 31471, 58621, 0
70.002053, 5.000026, 601, 778, 2407.7, 1347, 5071, 28526, 46427, 48905, 0
75.002005, 4.999952, 655, 778, 2446.2, 1319, 4801, 37253, 56858, 69415, 0
80.001999, 4.999994, 698, 882, 2826.6, 1352, 5121, 42902, 69415, 107106, 0
85.001923, 4.999924, 686, 860, 3223.1, 1325, 10020, 53780, 79049, 83445, 0
90.002022, 5.000099, 740, 863, 3313.2, 1288, 9152, 66166, 84747, 88822, 0
95.002013, 4.999991, 614, 906, 2251.2, 1303, 4891, 23877, 35115, 62610, 0
100.002009, 4.999996, 751, 847, 2338.8, 1362, 4632, 27737, 52467, 54546, 0
105.001964, 4.999955, 889, 819, 2924.4, 1397, 11295, 36596, 46721, 55662, 0
110.001955, 4.999991, 587, 894, 2074.9, 1252, 2973, 22509, 41320, 74991, 0
115.002035, 5.00008, 793, 896, 2067.6, 1307, 3616, 21059, 45481, 74525, 0
120.000883, 4.998848, 459, 900, 1861.8, 1255, 3059, 18972, 39305, 47060, 0
121.003074, 1.002191, 151, 900, 2004.3, 1267, 3229, 19381, 37330, 47060, 0
