elapsed, window, n, min, mean, median, 95th, 99th, 99_9th, max, errors
5.000313, 5.000313, 1683, 1062, 43033.8, 9315, 111419, 153746, 190960, 193735, 0
10.001223, 5.00091, 1693, 1084, 43190.9, 11467, 110883, 136655, 160416, 167943, 0
15.001217, 4.999994, 1563, 1084, 46206.7, 18967, 110873, 134376, 161014, 163670, 0
20.00135, 5.000133, 1662, 1021, 43049.6, 8988, 110160, 133439, 162601, 182731, 0
25.001221, 4.999871, 1707, 1092, 41590.7, 7169, 104987, 134914, 170884, 193497, 0
30.001197, 4.999976, 1623, 1077, 44113.1, 12839, 108002, 133944, 162942, 241221, 0
35.001225, 5.000028, 1618, 1067, 44788.5, 14586, 108143, 130631, 154958, 163279, 0
40.001341, 5.000116, 1651, 1056, 42928.5, 9252, 108350, 121577, 133005, 142940, 0
45.001207, 4.999866, 1634, 1071, 44081.1, 10703, 106591, 124399, 134014, 137060, 0
50.001223, 5.000016, 1621, 1070, 43296.5, 8866, 109373, 129262, 182444, 243148, 0
55.001324, 5.000101, 1548, 1045, 45296.4, 16615, 108763, 124654, 140699, 199756, 0
60.001326, 5.000002, 1687, 1085, 48030.1, 9462, 126355, 206517, 417221, 439363, 0
65.001258, 4.999932, 1671, 1058, 44356.2, 12320, 104909, 123785, 142417, 146449, 0
70.001258, 5.0, 1662, 1038, 45792.6, 14970, 103500, 118576, 137896, 144994, 0
75.001334, 5.000076, 1682, 1094, 43568.9, 10503, 106445, 123398, 153016, 183700, 0
80.001235, 4.999901, 1577, 1088, 44481.3, 10892, 103345, 120674, 131327, 136604, 0
85.001322, 5.000087, 1646, 1094, 43561.1, 10548, 105019, 123261, 142032, 215502, 0
90.001306, 4.999984, 1684, 1108, 42987.5, 7007, 104442, 119838, 157381, 169117, 0
95.001195, 4.999889, 1668, 1117, 43116.1, 7334, 102776, 124273, 148666, 166759, 0
100.001328, 5.000133, 1646, 1043, 45255.6, 10767, 106634, 134471, 203282, 232850, 0
105.001179, 4.999851, 1727, 1085, 44084.7, 7278, 102947, 116382, 137209, 177850, 0
110.001265, 5.000086, 1545, 1114, 44954.7, 10967, 102526, 119022, 132963, 143221, 0
115.001341, 5.000076, 1613, 1165, 45913.8, 12320, 106459, 129909, 244207, 247262, 0
120.001215, 4.999874, 1656, 1100, 42565.5, 8409, 102371, 121141, 139410, 147268, 0
121.004389, 1.003174, 362, 1100, 42442.6, 6942, 101343, 118288, 139367, 147268, 0
