elapsed, window, n, min, mean, median, 95th, 99th, 99_9th, max, errors
5.000842, 5.000842, 12090, 76, 116.4, 104, 152, 207, 1956, 2113, 0
10.00174, 5.000898, 12117, 78, 109.6, 105, 147, 183, 248, 526, 0
15.001613, 4.999873, 12110, 75, 109.2, 104, 146, 189, 279, 832, 0
20.001566, 4.999953, 12125, 77, 108.1, 104, 141, 179, 244, 509, 0
25.001655, 5.000089, 12118, 76, 109.1, 104, 143, 180, 245, 1888, 0
30.001572, 4.999917, 12126, 75, 108.1, 104, 141, 176, 238, 505, 0
35.001571, 4.999999, 12110, 78, 110.1, 105, 146, 186, 357, 1540, 0
40.001599, 5.000028, 12118, 78, 111.6, 105, 146, 187, 548, 3872, 0
45.001572, 4.999973, 12114, 75, 109.2, 104, 142, 181, 352, 1971, 0
50.001662, 5.00009, 12116, 75, 109.4, 104, 145, 185, 283, 2081, 0
55.001628, 4.999966, 12117, 78, 110.9, 106, 145, 184, 304, 3466, 0
60.001622, 4.999994, 12113, 77, 112.2, 106, 148, 191, 649, 3142, 0
65.001748, 5.000126, 12116, 77, 109.8, 105, 143, 180, 357, 1202, 0
70.001572, 4.999824, 12124, 72, 107.7, 103, 140, 175, 253, 685, 0
75.001621, 5.000049, 12119, 76, 109.1, 104, 143, 182, 407, 977, 0
80.001624, 5.000003, 12118, 79, 109.8, 105, 143, 180, 256, 4438, 0
85.001624, 5.0, 12109, 77, 114.4, 106, 159, 223, 713, 1288, 0
90.001757, 5.000133, 12116, 80, 111.6, 105, 152, 197, 485, 802, 0
95.001877, 5.00012, 12117, 77, 111.0, 105, 149, 192, 517, 798, 0
100.001624, 4.999747, 12117, 77, 111.0, 106, 150, 189, 259, 675, 0
105.001952, 5.000328, 12110, 76, 111.2, 105, 146, 189, 675, 3636, 0
110.001621, 4.999669, 12110, 77, 112.0, 106, 151, 197, 356, 1707, 0
115.001621, 5.0, 12119, 78, 111.4, 106, 152, 190, 281, 1205, 0
120.00163, 5.000009, 12109, 78, 114.8, 106, 155, 210, 1217, 2800, 0
121.001608, 0.999978, 2420, 78, 114.3, 106, 150, 199, 1217, 2800, 0
