elapsed, window, n, min, mean, median, 95th, 99th, 99_9th, max, errors
5.000865, 5.000865, 678, 1409, 49932.9, 2776, 246963, 306868, 379348, 393253, 0
10.001911, 5.001046, 839, 1269, 45404.9, 2545, 213494, 287257, 372820, 379348, 0
15.001808, 4.999897, 873, 1305, 34956.0, 2459, 170683, 252115, 342272, 344668, 0
20.001851, 5.000043, 858, 1356, 35033.3, 2379, 167435, 241471, 289705, 354902, 0
25.001829, 4.999978, 738, 1346, 41497.6, 2480, 178054, 258958, 307189, 342700, 0
30.001891, 5.000062, 868, 1315, 43939.0, 2565, 202065, 289043, 328193, 347631, 0
35.001924, 5.000033, 858, 1296, 35623.1, 2367, 175052, 267388, 298285, 309584, 0
40.001836, 4.999912, 849, 1344, 33956.2, 2165, 163958, 247282, 286326, 298467, 0
45.001996, 5.00016, 422, 1263, 36187.8, 2177, 170274, 257619, 300007, 304945, 0
50.001999, 5.000003, 0, 0, 0, 0, 0, 0, 0, 0, 0
55.001982, 4.999983, 0, 0, 0, 0, 0, 0, 0, 0, 0
60.001988, 5.000006, 0, 0, 0, 0, 0, 0, 0, 0, 0
65.00202, 5.000032, 0, 0, 0, 0, 0, 0, 0, 0, 0
70.00198, 4.99996, 0, 0, 0, 0, 0, 0, 0, 0, 0
75.001974, 4.999994, 0, 0, 0, 0, 0, 0, 0, 0, 0
80.001982, 5.000008, 0, 0, 0, 0, 0, 0, 0, 0, 0
85.001942, 4.99996, 0, 0, 0, 0, 0, 0, 0, 0, 0
90.001927, 4.999985, 0, 0, 0, 0, 0, 0, 0, 0, 0
95.001928, 5.000001, 0, 0, 0, 0, 0, 0, 0, 0, 0
100.001965, 5.000037, 0, 0, 0, 0, 0, 0, 0, 0, 0
105.001938, 4.999973, 0, 0, 0, 0, 0, 0, 0, 0, 0
110.001939, 5.000001, 0, 0, 0, 0, 0, 0, 0, 0, 0
115.001929, 4.99999, 0, 0, 0, 0, 0, 0, 0, 0, 0
120.001921, 4.999992, 0, 0, 0, 0, 0, 0, 0, 0, 0
121.007107, 1.005186, 0, 0, 0, 0, 0, 0, 0, 0, 0
