elapsed, window, total, successful, failed
5.001029, 5.001029, 84517, 84517, 0
10.000963, 4.999934, 83790, 83790, 0
15.001972, 5.001009, 83998, 83998, 0
20.001953, 4.999981, 83592, 83592, 0
25.001955, 5.000002, 83475, 83475, 0
30.001938, 4.999983, 82576, 82576, 0
35.001945, 5.000007, 82134, 82134, 0
40.001941, 4.999996, 82115, 82115, 0
45.00204, 5.000099, 81129, 81129, 0
50.001034, 4.998994, 80140, 80140, 0
55.000987, 4.999953, 80236, 80236, 0
60.001948, 5.000961, 79392, 79392, 0
65.001951, 5.000003, 79066, 79066, 0
70.001937, 4.999986, 78700, 78700, 0
75.001936, 4.999999, 78226, 78226, 0
80.001944, 5.000008, 77976, 77976, 0
85.001957, 5.000013, 77567, 77567, 0
90.001943, 4.999986, 77322, 77322, 0
95.001989, 5.000046, 77971, 77971, 0
100.001968, 4.999979, 77021, 77021, 0
105.001938, 4.99997, 76585, 76585, 0
110.001948, 5.00001, 76663, 76663, 0
115.001945, 4.999997, 76071, 76071, 0
120.001941, 4.999996, 76026, 76026, 0
121.002042, 1.000101, 15287, 15287, 0
