elapsed, window, n, min, mean, median, 95th, 99th, 99_9th, max, errors
5.00033, 5.00033, 41378, 4, 10.5, 9, 18, 41, 97, 749, 0
10.001193, 5.000863, 44323, 4, 10.4, 9, 18, 44, 98, 636, 0
15.001193, 5.0, 44343, 4, 10.4, 9, 19, 44, 100, 736, 0
20.001318, 5.000125, 44240, 4, 10.4, 9, 18, 44, 99, 613, 0
25.001186, 4.999868, 44292, 4, 10.4, 9, 18, 45, 99, 338, 0
30.001215, 5.000029, 44439, 4, 10.4, 9, 18, 43, 97, 415, 0
35.001217, 5.000002, 44394, 4, 10.4, 9, 18, 46, 94, 362, 0
40.001268, 5.000051, 44380, 4, 10.4, 9, 18, 44, 92, 747, 0
45.001185, 4.999917, 44282, 4, 10.5, 9, 19, 49, 100, 679, 0
50.001215, 5.00003, 44167, 4, 10.5, 9, 19, 48, 102, 675, 0
55.001187, 4.999972, 44136, 4, 10.4, 9, 19, 46, 98, 339, 0
60.001328, 5.000141, 44376, 4, 10.5, 9, 19, 46, 100, 504, 0
65.001184, 4.999856, 44381, 4, 10.4, 9, 18, 43, 100, 634, 0
70.001188, 5.000004, 44363, 4, 10.5, 9, 19, 46, 101, 676, 0
75.001187, 4.999999, 44362, 4, 10.4, 9, 18, 44, 94, 704, 0
80.001189, 5.000002, 44471, 4, 10.4, 9, 18, 45, 97, 646, 0
85.001187, 4.999998, 44385, 4, 10.4, 9, 19, 45, 100, 392, 0
90.001229, 5.000042, 44476, 4, 10.5, 9, 19, 45, 103, 677, 0
95.001374, 5.000145, 44473, 4, 10.4, 9, 19, 48, 101, 336, 0
100.001202, 4.999828, 44372, 4, 10.3, 9, 18, 44, 93, 683, 0
105.001184, 4.999982, 44331, 4, 10.4, 9, 19, 48, 100, 683, 0
110.001181, 4.999997, 44490, 4, 10.4, 9, 18, 45, 97, 354, 0
115.001187, 5.000006, 44251, 4, 10.4, 9, 18, 45, 96, 293, 0
120.00121, 5.000023, 44488, 4, 10.5, 9, 19, 47, 108, 793, 0
121.004229, 1.003019, 8884, 4, 10.5, 9, 19, 48, 107, 793, 0
