elapsed, window, total, successful, failed
5.001074, 5.001074,268203,268203,0
10.001086, 5.000012,264062,264062,0
15.001128, 5.000042,263490,263490,0
20.001213, 5.000085,263376,263376,0
25.001316, 5.000103,262604,262604,0
30.001093, 4.999777,261658,261658,0
35.00108, 4.999987,199703,199703,0
40.001257, 5.000177,230017,230017,0
45.00114, 4.999883,228669,228669,0
50.001187, 5.000047,242633,242633,0
55.0011, 4.999913,200617,200617,0
60.001269, 5.000169,217842,217842,0
65.00113, 4.999861,219272,219272,0
70.00114, 5.00001,219854,219854,0
75.001185, 5.000045,231517,231517,0
80.001276, 5.000091,217066,217066,0
85.001269, 4.999993,209811,209811,0
90.001201, 4.999932,225013,225013,0
95.001083, 4.999882,240405,240405,0
100.001119, 5.000036,201777,201777,0
105.001255, 5.000136,215280,215280,0
110.001099, 4.999844,217463,217463,0
115.001377, 5.000278,225623,225623,0
120.001219, 4.999842,216736,216736,0
121.00435, 1.003131,42783,42783,0

