elapsed, window, total, successful, failed
5.001018, 5.001018, 1025, 1025, 0
10.002089, 5.001071, 166, 165, 1
15.001021, 4.998932, 30, 30, 0
20.002023, 5.001002, 37, 37, 0
25.001978, 4.999955, 41, 41, 0
30.002038, 5.00006, 29, 29, 0
35.001031, 4.998993, 67, 67, 0
40.001076, 5.000045, 61, 57, 4
45.001019, 4.999943, 53, 48, 5
50.002004, 5.000985, 23, 23, 0
55.002061, 5.000057, 37, 37, 0
60.001038, 4.998977, 31, 31, 0
65.001058, 5.00002, 14, 5, 9
70.001024, 4.999966, 0, 0, 0
75.001065, 5.000041, 22, 22, 0
80.001066, 5.000001, 9, 9, 0
85.001083, 5.000017, 1, 1, 0
90.001023, 4.99994, 0, 0, 0
95.002065, 5.001042, 0, 0, 0
100.001047, 4.998982, 24, 24, 0
105.001033, 4.999986, 130, 130, 0
110.000985, 4.999952, 65, 65, 0
115.002024, 5.001039, 324, 320, 4
120.001973, 4.999949, 16, 16, 0
125.00207, 5.000097, 12, 12, 0
130.001055, 4.998985, 33, 29, 4
135.001065, 5.00001, 24, 24, 0
140.001024, 4.999959, 45, 45, 0
145.001031, 5.000007, 41, 41, 0
150.001029, 4.999998, 37, 37, 0
155.000984, 4.999955, 27, 25, 2
160.002049, 5.001065, 37, 37, 0
165.001057, 4.999008, 23, 22, 1
170.000973, 4.999916, 33, 33, 0
175.002028, 5.001055, 33, 33, 0
180.000985, 4.998957, 41, 29, 12
185.002033, 5.001048, 22, 21, 1
190.000985, 4.998952, 4, 4, 0
195.002072, 5.001087, 4, 4, 0
200.000977, 4.998905, 16, 16, 0
205.001982, 5.001005, 39, 38, 1
210.002025, 5.000043, 48, 47, 1
215.00198, 4.999955, 62, 61, 1
220.002025, 5.000045, 55, 50, 5
225.001113, 4.999088, 13, 13, 0
230.001073, 4.99996, 11, 8, 3
235.001082, 5.000009, 3, 3, 0
240.000993, 4.999911, 5, 5, 0
245.002051, 5.001058, 8, 8, 0
250.000986, 4.998935, 5, 5, 0
255.002038, 5.001052, 3, 3, 0
260.001072, 4.999034, 1, 1, 0
265.001084, 5.000012, 1, 1, 0
270.000987, 4.999903, 14, 7, 7
275.002028, 5.001041, 7, 7, 0
280.000984, 4.998956, 27, 9, 18
285.001981, 5.000997, 1, 1, 0
290.002071, 5.00009, 4, 4, 0
295.000975, 4.998904, 2, 2, 0
300.00207, 5.001095, 0, 0, 0
301.052228, 1.050158, 0, 0, 0
