elapsed, window, n, min, mean, median, 95th, 99th, 99_9th, max, errors
5.000811, 5.000811, 11103, 80, 117.2, 105, 139, 211, 1946, 2083, 0
10.001797, 5.000986, 11124, 82, 108.5, 105, 138, 171, 229, 289, 0
15.001701, 4.999904, 11111, 79, 110.3, 104, 139, 180, 863, 1906, 0
20.00168, 4.999979, 11107, 79, 109.2, 104, 139, 172, 316, 3328, 0
25.001736, 5.000056, 11127, 82, 107.8, 104, 133, 170, 354, 2595, 0
30.001667, 4.999931, 11114, 80, 109.0, 104, 137, 170, 333, 1803, 0
35.001664, 4.999997, 11146, 82, 108.6, 105, 139, 173, 226, 644, 0
40.001792, 5.000128, 11121, 78, 108.8, 104, 137, 174, 378, 3721, 0
45.001666, 4.999874, 11123, 77, 107.8, 104, 136, 169, 234, 3457, 0
50.001714, 5.000048, 11125, 78, 108.2, 104, 135, 172, 471, 3263, 0
55.001713, 4.999999, 11124, 79, 108.0, 103, 134, 169, 517, 3272, 0
60.001714, 5.000001, 11134, 79, 107.4, 103, 134, 170, 370, 2349, 0
65.00171, 4.999996, 11115, 80, 107.4, 103, 134, 165, 267, 3608, 0
70.001715, 5.000005, 11141, 79, 107.2, 103, 133, 171, 302, 2171, 0
75.001665, 4.99995, 11120, 80, 107.0, 103, 134, 169, 367, 779, 0
80.001736, 5.000071, 11133, 76, 107.0, 103, 134, 171, 272, 897, 0
85.001957, 5.000221, 11113, 77, 108.7, 104, 136, 172, 678, 2462, 0
90.001665, 4.999708, 11123, 79, 109.4, 103, 137, 183, 639, 3421, 0
95.00168, 5.000015, 11125, 82, 108.5, 104, 138, 174, 517, 850, 0
100.001676, 4.999996, 11125, 80, 108.7, 104, 136, 172, 435, 3761, 0
105.001715, 5.000039, 11134, 79, 109.5, 105, 137, 174, 497, 3535, 0
110.001746, 5.000031, 11125, 80, 107.3, 103, 134, 172, 441, 1040, 0
115.001672, 4.999926, 11129, 79, 107.5, 104, 134, 169, 486, 734, 0
120.001665, 4.999993, 11120, 76, 108.4, 104, 134, 172, 599, 2093, 0
121.001758, 1.000093, 2226, 76, 108.3, 104, 134, 173, 591, 2093, 0
