elapsed, window, n, min, mean, median, 95th, 99th, 99_9th, max, errors
5.00062, 5.00062, 147, 151841, 251266.8, 250733, 387546, 476883, 611486, 611486, 205
10.001637, 5.001017, 96, 151689, 234670.0, 236516, 360347, 460777, 470039, 470039, 296
15.001611, 4.999974, 110, 152035, 243579.2, 241200, 360347, 398302, 488198, 488198, 296
20.001563, 4.999952, 98, 152035, 282673.2, 251640, 539008, 814328, 853909, 853909, 267
25.001605, 5.000042, 132, 152031, 243560.0, 239462, 373685, 428660, 482494, 482494, 294
30.001501, 4.999896, 132, 151926, 239529.4, 235990, 364375, 411159, 452498, 452498, 280
35.001486, 4.999985, 131, 151926, 252798.0, 239884, 403323, 505844, 571232, 571232, 270
40.001505, 5.000019, 139, 151883, 247450.9, 241718, 366003, 489485, 632220, 632220, 254
45.001507, 5.000002, 157, 152393, 240395.6, 236485, 374028, 438132, 451616, 451616, 252
50.00155, 5.000043, 152, 151877, 238275.3, 241090, 348164, 428845, 494801, 494801, 224
55.001561, 5.000011, 181, 152894, 250873.2, 246626, 376481, 467649, 482441, 482441, 245
60.00151, 4.999949, 167, 152021, 241903.6, 238891, 376481, 482441, 583688, 583688, 245
65.001582, 5.000072, 171, 152347, 246723.9, 239757, 381078, 503650, 583688, 583688, 263
70.001523, 4.999941, 175, 151613, 247687.2, 254949, 376918, 439779, 503650, 503650, 231
75.001571, 5.000048, 185, 152103, 238729.4, 245569, 353862, 393787, 512549, 512549, 196
80.001525, 4.999954, 186, 152353, 235785.6, 235138, 343549, 386873, 407103, 407103, 215
85.001509, 4.999984, 179, 152219, 244250.2, 238070, 375660, 461845, 523241, 523241, 235
90.001641, 5.000132, 201, 151612, 239452.9, 239874, 360951, 441185, 454320, 454320, 234
95.001561, 4.99992, 179, 152410, 246008.0, 245611, 365363, 439810, 454320, 454320, 207
100.001525, 4.999964, 203, 151909, 252092.7, 247247, 411617, 450817, 512865, 512865, 208
105.001533, 5.000008, 206, 152206, 251343.5, 251295, 358110, 448420, 481882, 481882, 226
110.001583, 5.00005, 216, 151939, 239959.2, 242098, 355502, 434814, 481882, 481882, 212
115.001636, 5.000053, 199, 151985, 242674.1, 239436, 364222, 414933, 486858, 486858, 240
120.001533, 4.999897, 214, 151833, 238465.2, 236987, 371686, 470581, 516627, 516627, 197
121.009853, 1.00832, 52, 151709, 238982.1, 241724, 373125, 465905, 516627, 516627, 42
