elapsed, window, n, min, mean, max, errors, median
5.00024, 5.00024,72542, 20099,20285, 37363,0,20264.3
10.001114, 5.000874,72634, 20121,20265.6, 21264,0,20260.3
15.001064, 4.99995,72697, 20123,20264.3, 21563,0,20257.1
20.00106, 4.999996,72664, 20126,20262.6, 20949,0,20256.7
25.001115, 5.000055,72678, 20123,20261.4, 21011,0,20256.8
30.001445, 5.00033,72690, 20109,20264.3, 21175,0,20258.8
35.001105, 4.99966,72671, 20125,20265.1, 21059,0,20260.1
40.001057, 4.999952,72710, 20117,20259.7, 20996,0,20256.5
45.001058, 5.000001,72686, 20128,20262.1, 20980,0,20258
50.001064, 5.000006,72725, 20126,20261.1, 21029,0,20257.3
55.001078, 5.000014,72673, 20117,20263.2, 23626,0,20258.3
60.001112, 5.000034,72686, 20126,20261.7, 21077,0,20257.3
65.001176, 5.000064,72685, 20123,20265.3, 21078,0,20259.7
70.001084, 4.999908,72692, 20125,20261.7, 20995,0,20258.2
75.001328, 5.000244,72678, 20121,20262.4, 21017,0,20259
80.001119, 4.999791,72710, 20105,20260.7, 23670,0,20257.1
85.00111, 4.999991,72680, 20123,20262.9, 21030,0,20258.2
90.001061, 4.999951,72686, 20121,20262.5, 21114,0,20260
95.001309, 5.000248,72705, 20124,20260.2, 22222,0,20255.5
100.001112, 4.999803,72681, 20119,20262.2, 21595,0,20256.3
105.001063, 4.999951,72679, 20119,20260.5, 21085,0,20257
110.00106, 4.999997,72713, 20093,20260.4, 21616,0,20257.6
115.00106, 5.0,72698, 20099,20259.1, 21254,0,20255.7
120.001113, 5.000053,72681, 20124,20264.7, 21533,0,20259.5
121.002162, 1.001049,14545, 20124,20265.6, 21447,0,20260.6

