elapsed, window, n, min, mean, median, 95th, 99th, 99_9th, max, errors
5.000348, 5.000348, 4136, 1246111, 1841964.8, 1820758, 2675729, 2904024, 3086209, 3169629, 0
10.001322, 5.000974, 5283, 1174580, 2057215.7, 2012928, 2833772, 3008673, 3086209, 3169629, 0
15.001353, 5.000031, 4758, 998714, 1952231.5, 2001651, 2770852, 2925408, 3045593, 3061979, 0
20.001353, 5.0, 5375, 1003157, 1986790.2, 2002424, 2790085, 2922527, 2982547, 2988838, 0
25.00131, 4.999957, 4855, 917501, 1903569.2, 1996230, 2767353, 2837827, 2997413, 3043251, 0
30.001303, 4.999993, 5653, 965411, 1981734.0, 2003712, 2774974, 2846748, 3013675, 3150149, 0
35.001353, 5.00005, 4615, 921223, 1942779.9, 2000969, 2765546, 2844226, 2920620, 2972339, 0
40.001351, 4.999998, 5735, 925463, 1923268.2, 1999252, 2722633, 2838598, 2934957, 2995064, 0
45.001353, 5.000002, 4740, 999873, 1921670.4, 1997372, 2761437, 2842371, 2920319, 2922675, 0
50.001357, 5.000004, 5770, 921445, 1861218.5, 1987369, 2156251, 2800989, 2847549, 2920486, 0
55.00135, 4.999993, 5152, 997893, 1893073.9, 1988119, 2757739, 2838234, 2848899, 2906894, 0
60.001351, 5.000001, 5761, 983162, 1847516.0, 1970262, 2761415, 2839587, 2885197, 2910211, 0
65.001351, 5.0, 4992, 998419, 1868914.3, 1982359, 2735042, 2839269, 2883616, 2923357, 0
70.001351, 5.0, 5984, 962690, 1823254.6, 1976714, 2750318, 2826275, 2882848, 2923357, 0
75.00135, 4.999999, 5983, 949958, 1702651.7, 1922364, 2087287, 2801020, 2921280, 2951853, 0
80.001352, 5.000002, 5950, 946203, 1728855.1, 1928648, 2094018, 2803779, 2877296, 2881252, 0
85.001355, 5.000003, 6020, 958722, 1686122.8, 1918755, 2084368, 2787748, 2875881, 2878568, 0
90.001352, 4.999997, 6414, 943229, 1595173.7, 1828385, 2045799, 2763407, 2823068, 2829088, 0
95.001354, 5.000002, 6665, 936427, 1517504.1, 1256064, 2037915, 2783748, 2911659, 2951846, 0
100.001317, 4.999963, 6573, 936510, 1525619.1, 1760590, 2038323, 2720676, 2893339, 2957041, 0
105.001353, 5.000036, 6234, 955900, 1519614.6, 1748658, 2037279, 2738866, 2792751, 2829160, 0
110.001353, 5.0, 6496, 956028, 1576256.7, 1826053, 2051334, 2789802, 2910726, 2943202, 0
115.001353, 5.0, 6488, 952986, 1583700.0, 1827466, 2059428, 2782398, 2902771, 2911938, 0
120.001351, 4.999998, 6376, 950581, 1536513.5, 1785467, 2044919, 2738733, 2843638, 2911938, 0
121.027403, 1.026052, 1548, 954910, 1551651.9, 1796429, 2019685, 2131208, 2793505, 2827090, 0
