elapsed, window, n, min, mean, max, errors, median
5.000793, 5.000793,419325, 345,1904.26, 11925,0,1357.09
10.001825, 5.001032,397097, 345,1904.87, 15256,0,1351.77
15.001887, 5.000062,395062, 346,1901.29, 11896,0,1347.35
20.001807, 4.99992,394942, 325,1903.74, 13524,0,1348.46
25.001982, 5.000175,395801, 361,1910.28, 16378,0,1352.91
30.001915, 4.999933,396350, 368,1912.77, 16378,0,1354.78
35.00189, 4.999975,395331, 319,1903.86, 13675,0,1354.74
40.001819, 4.999929,396230, 344,1909.73, 12171,0,1356.02
45.001791, 4.999972,393360, 358,1909.62, 11416,0,1353.59
50.0018, 5.000009,391181, 327,1911.57, 16878,0,1354.1
55.001802, 5.000002,394274, 335,1908.46, 12113,0,1357.34
60.001876, 5.000074,392715, 356,1914.28, 11830,0,1364.75
65.002061, 5.000185,392336, 321,1919.22, 18564,0,1363.44
70.000831, 4.99877,392693, 321,1921.52, 12439,0,1361.12
75.001805, 5.000974,393212, 357,1923.9, 12569,0,1368.36
80.001913, 5.000108,392472, 333,1922.67, 17309,0,1378.32
85.001817, 4.999904,391837, 344,1928.27, 16596,0,1378.48
90.00192, 5.000103,392390, 353,1931.1, 12565,0,1382.01
95.001809, 4.999889,391274, 341,1935.59, 15462,0,1385.8
100.001828, 5.000019,392156, 363,1934.13, 15653,0,1379.53
105.001825, 4.999997,389968, 326,1933.28, 16334,0,1388.09
110.001853, 5.000028,389658, 347,1930.36, 12625,0,1384.05
115.001806, 4.999953,389725, 368,1927.87, 12448,0,1377.06
120.001901, 5.000095,389692, 358,1933.58, 11508,0,1382.54
121.002845, 1.000944,78506, 359,1928.46, 11674,0,1379.93

