elapsed, window, n, min, mean, max, errors, median
5.001239, 5.001239,88307, 1429,40509.2, 218334,0,21053.8
10.00123, 4.999991,85236, 1369,43216.1, 244080,0,26950.9
15.001283, 5.000053,87139, 1310,40906.2, 221091,0,21474.5
20.001094, 4.999811,87818, 1359,40457.5, 225174,0,19073
25.00115, 5.000056,86419, 1342,41035.5, 215045,0,19396.8
30.001209, 5.000059,86447, 1373,41468, 258683,0,21220
35.001222, 5.000013,87536, 1346,39840.5, 234457,0,18322.7
40.001089, 4.999867,86380, 1308,41046.8, 239170,0,21634.2
45.001132, 5.000043,86302, 1365,40640.6, 221080,0,19657.4
50.001108, 4.999976,77798, 1317,46559.3, 561619,0,24535.2
55.001214, 5.000106,87137, 1386,40513.5, 543748,0,19501.1
60.001078, 4.999864,85362, 1281,40845.2, 218355,0,21643.2
65.0012, 5.000122,86345, 1390,40274.9, 211098,0,22639.8
70.001083, 4.999883,85219, 1381,42117.6, 224751,0,22595.4
75.001102, 5.000019,85239, 1357,41575.9, 207499,0,23070.8
80.001207, 5.000105,86208, 1405,40815.1, 216851,0,19989
85.001159, 4.999952,85075, 1374,41400.4, 213245,0,20312.4
90.001137, 4.999978,85504, 1354,41071.1, 211870,0,19414
95.001104, 4.999967,84782, 1380,41642.4, 241154,0,20991.4
100.001139, 5.000035,84517, 1371,42332, 224350,0,20731
105.001081, 4.999942,83638, 1366,42788.1, 250789,0,22565.4
110.001173, 5.000092,83912, 1406,42095.8, 244753,0,24032.5
115.00114, 4.999967,84306, 1413,42446, 218631,0,21789.7
120.001257, 5.000117,84743, 1327,40971, 223419,0,19480.8
125.001127, 4.99987,84515, 1340,41865.7, 199946,0,22417.7
130.00119, 5.000063,84500, 1331,42255.2, 252927,0,21920.7
135.001092, 4.999902,84434, 1323,42102.9, 224471,0,25684.4
140.001088, 4.999996,83065, 1406,44050.5, 238237,0,27025.1
145.001095, 5.000007,83039, 1222,43223.2, 220449,0,27269.7
150.001093, 4.999998,83977, 1340,41463.1, 220449,0,21914.2
155.001246, 5.000153,83440, 1289,42187.6, 219746,0,23739.9
160.001202, 4.999956,83769, 1312,42499.2, 206493,0,23646
165.001196, 4.999994,68642, 1361,55428.7, 799720,0,27634.5
170.001313, 5.000117,71307, 1380,57644, 770194,0,31477.4
175.00121, 4.999897,83430, 1322,41706.5, 226881,0,20784.1
180.001126, 4.999916,84821, 1324,41197.4, 219459,0,22318.1
181.064355, 1.063229,18903, 1324,39604.3, 218520,0,21162.1

