elapsed, window, n, min, mean, median, 95th, 99th, 99_9th, max, errors
5.000979, 5.000979, 2571, 1342, 19843.1, 4113, 32767, 326390, 724299, 784202, 0
10.002023, 5.001044, 2185, 1315, 27891.7, 2956, 218319, 282062, 311777, 319512, 0
15.001966, 4.999943, 2167, 1361, 26208.6, 2930, 215092, 285911, 330577, 339982, 0
20.001893, 4.999927, 2219, 1343, 24251.7, 2938, 206160, 237901, 280806, 292198, 0
25.001872, 4.999979, 2057, 1223, 25346.2, 2895, 195517, 233125, 254578, 261730, 0
30.001887, 5.000015, 2223, 1283, 25126.7, 2870, 206621, 271054, 295121, 305053, 0
35.001883, 4.999996, 2136, 1320, 25208.4, 2727, 219056, 278558, 326873, 336820, 0
40.001902, 5.000019, 2188, 1357, 25924.6, 2926, 222442, 272123, 291261, 292602, 0
45.00188, 4.999978, 2288, 1336, 24338.9, 2860, 212054, 280720, 311492, 322916, 0
50.001861, 4.999981, 2140, 1336, 26921.5, 2885, 212918, 252420, 297497, 300250, 0
55.001879, 5.000018, 2259, 1366, 26426.4, 2797, 212246, 252048, 268341, 272638, 0
60.002015, 5.000136, 2253, 1339, 25209.4, 2999, 210316, 240010, 268002, 273447, 0
65.001855, 4.99984, 2179, 1332, 26215.4, 3102, 220311, 266889, 301592, 317830, 0
70.001903, 5.000048, 2145, 1290, 26093.0, 3117, 211141, 272022, 322546, 328842, 0
75.001882, 4.999979, 2127, 1449, 22939.9, 3122, 206389, 249355, 281607, 290991, 0
80.001941, 5.000059, 2190, 1426, 26944.9, 3017, 213882, 258480, 279242, 280734, 0
85.001945, 5.000004, 2096, 1398, 26280.1, 3121, 208821, 258878, 281762, 302976, 0
90.001946, 5.000001, 2278, 1362, 26703.0, 2892, 217947, 268561, 297579, 305352, 0
95.001953, 5.000007, 2189, 1323, 25949.3, 2880, 211655, 252095, 268127, 275255, 0
100.001859, 4.999906, 2196, 1308, 27566.2, 2913, 213740, 270248, 298129, 301755, 0
105.00192, 5.000061, 2126, 1275, 28524.2, 2881, 235710, 314998, 339635, 342833, 0
110.002023, 5.000103, 2267, 1344, 25179.1, 2910, 208031, 272722, 317246, 343487, 0
115.000952, 4.998929, 2182, 1246, 24367.2, 2742, 206546, 244574, 275830, 291362, 0
120.001864, 5.000912, 2173, 1329, 25992.3, 3101, 204315, 252191, 274343, 279594, 0
121.005105, 1.003241, 469, 1232, 26256.8, 3084, 204157, 252191, 274343, 279594, 0
