elapsed, window, n, min, mean, median, 95th, 99th, 99_9th, max, errors
5.000388, 5.000388, 29634, 0, 13.3, 11, 24, 35, 56, 105, 0
10.001391, 5.001003, 28439, 0, 13.3, 11, 24, 35, 54, 100, 0
15.001338, 4.999947, 28481, 0, 13.3, 11, 24, 35, 60, 112, 0
20.001435, 5.000097, 29304, 0, 13.3, 11, 24, 35, 51, 93, 0
25.001392, 4.999957, 28249, 0, 13.3, 11, 24, 35, 59, 169, 0
30.001373, 4.999981, 28435, 0, 13.3, 11, 24, 35, 61, 119, 0
35.001415, 5.000042, 29085, 0, 13.4, 11, 24, 36, 57, 107, 0
40.001336, 4.999921, 28783, 0, 13.3, 11, 24, 35, 54, 96, 0
45.001338, 5.000002, 29216, 0, 13.4, 12, 24, 35, 55, 153, 0
50.001337, 4.999999, 28889, 0, 13.3, 11, 24, 35, 59, 89, 0
55.001347, 5.00001, 28986, 0, 13.4, 11, 25, 35, 57, 129, 0
60.001412, 5.000065, 28685, 0, 13.4, 11, 24, 35, 55, 93, 0
65.001332, 4.99992, 28425, 0, 13.3, 11, 24, 34, 54, 109, 0
70.00134, 5.000008, 29139, 0, 13.3, 11, 24, 34, 53, 89, 0
75.001388, 5.000048, 28525, 0, 13.3, 11, 24, 35, 53, 102, 0
80.001332, 4.999944, 29334, 0, 13.3, 11, 24, 34, 58, 127, 0
85.001333, 5.000001, 28768, 0, 13.3, 11, 24, 35, 53, 114, 0
90.001378, 5.000045, 27956, 0, 13.3, 11, 24, 35, 53, 99, 0
95.001373, 4.999995, 27216, 0, 13.3, 11, 24, 35, 59, 114, 0
100.001518, 5.000145, 28162, 0, 13.4, 11, 25, 35, 54, 85, 0
105.001344, 4.999826, 28615, 0, 13.4, 11, 24, 35, 58, 99, 0
110.001378, 5.000034, 28634, 0, 13.4, 11, 25, 35, 58, 97, 0
115.00161, 5.000232, 29370, 0, 13.4, 11, 24, 35, 54, 104, 0
120.001384, 4.999774, 29272, 0, 13.3, 11, 24, 35, 51, 110, 0
121.002452, 1.001068, 5796, 0, 13.3, 11, 24, 35, 52, 110, 0
