elapsed, window, n, min, mean, median, 95th, 99th, 99_9th, max, errors
5.000606, 5.000606, 15302, 82, 383.6, 184, 1314, 2535, 9889, 12365, 0
10.001379, 5.000773, 18142, 79, 333.9, 178, 1240, 2047, 3117, 4207, 0
15.001411, 5.000032, 18122, 82, 338.2, 179, 1246, 2123, 3136, 4997, 0
20.001359, 4.999948, 18107, 80, 343.6, 183, 1236, 2210, 3436, 5789, 0
25.001358, 4.999999, 18183, 83, 343.4, 183, 1227, 2138, 3658, 5789, 0
30.001356, 4.999998, 18174, 81, 346.7, 182, 1237, 2181, 3746, 4833, 0
35.001489, 5.000133, 18180, 77, 335.2, 176, 1219, 2144, 3227, 5491, 0
40.001393, 4.999904, 18196, 78, 334.6, 174, 1225, 2180, 3243, 5491, 0
45.001356, 4.999963, 18156, 78, 343.1, 177, 1276, 2265, 3418, 4367, 0
50.001377, 5.000021, 18220, 76, 327.9, 172, 1208, 2082, 3271, 4326, 0
55.00136, 4.999983, 18180, 80, 332.6, 174, 1225, 2194, 3367, 6869, 0
60.001405, 5.000045, 18139, 79, 334.9, 174, 1233, 2192, 3394, 5628, 0
65.001356, 4.999951, 18188, 79, 339.2, 177, 1217, 2212, 3691, 4686, 0
70.001609, 5.000253, 18195, 80, 344.7, 177, 1277, 2209, 3725, 4534, 0
75.001359, 4.99975, 18158, 80, 342.8, 175, 1250, 2232, 3586, 4426, 0
80.001356, 4.999997, 18143, 78, 333.9, 174, 1217, 2175, 3527, 5330, 0
85.001355, 4.999999, 18216, 76, 332.1, 175, 1220, 2122, 3183, 4375, 0
90.00146, 5.000105, 18160, 77, 328.1, 172, 1204, 2064, 3213, 4305, 0
95.001393, 4.999933, 18134, 81, 333.9, 175, 1234, 2111, 3185, 4404, 0
100.001457, 5.000064, 18191, 79, 331.4, 173, 1244, 2110, 3351, 4472, 0
105.001358, 4.999901, 18177, 75, 339.5, 175, 1250, 2179, 3263, 4390, 0
110.001356, 4.999998, 18183, 75, 329.5, 173, 1191, 2159, 3341, 4480, 0
115.001358, 5.000002, 18147, 80, 329.2, 173, 1186, 2163, 3411, 4806, 0
120.00136, 5.000002, 18202, 78, 330.7, 173, 1211, 2141, 3402, 4586, 0
121.002416, 1.001056, 3637, 78, 330.0, 173, 1212, 2108, 3415, 4586, 0
