elapsed, window, n, min, mean, median, 95th, 99th, 99_9th, max, errors
5.000051, 5.000051, 57590, 20710, 24010.7, 23152, 28754, 41639, 52653, 83396, 0
10.001054, 5.001003, 58364, 20830, 23567.8, 23085, 27370, 30643, 34217, 38053, 0
15.001059, 5.000005, 58496, 20755, 23510.2, 23067, 27171, 30185, 33730, 39574, 0
20.001112, 5.000053, 58255, 20762, 23569.2, 23089, 27377, 30775, 34824, 43011, 0
25.001051, 4.999939, 58553, 20835, 23479.7, 23051, 27032, 29971, 33468, 38490, 0
30.001074, 5.000023, 58304, 20811, 23553.8, 23073, 27341, 30571, 34648, 41848, 0
35.001053, 4.999979, 58468, 20824, 23512.0, 23074, 27109, 29949, 33386, 40539, 0
40.001178, 5.000125, 58534, 20807, 23490.3, 23050, 27053, 30086, 33927, 37919, 0
45.001063, 4.999885, 58456, 20835, 23497.8, 23063, 27083, 30041, 33477, 37586, 0
50.001054, 4.999991, 58524, 20811, 23515.7, 23073, 27103, 30196, 34086, 40015, 0
55.001052, 4.999998, 58470, 20835, 23504.4, 23065, 27105, 30100, 33529, 38558, 0
60.001044, 4.999992, 58543, 20835, 23480.1, 23056, 26958, 29976, 33698, 38015, 0
65.001048, 5.000004, 58602, 20736, 23460.7, 23030, 26976, 29883, 33390, 38398, 0
70.001056, 5.000008, 58532, 20832, 23475.1, 23046, 26968, 29917, 33229, 38065, 0
75.001052, 4.999996, 58466, 20817, 23513.9, 23080, 27065, 30024, 33682, 39881, 0
80.001063, 5.000011, 58601, 20839, 23467.7, 23035, 26990, 30023, 33563, 40049, 0
85.001049, 4.999986, 58489, 20801, 23481.8, 23050, 27000, 30041, 33666, 38562, 0
90.001047, 4.999998, 58497, 20785, 23505.3, 23080, 27047, 29919, 33487, 39748, 0
95.001103, 5.000056, 58546, 20810, 23484.8, 23056, 27039, 29989, 33470, 39471, 0
100.001112, 5.000009, 58558, 20810, 23483.3, 23045, 27055, 29920, 33549, 42645, 0
105.001048, 4.999936, 58568, 20829, 23476.4, 23037, 27059, 30034, 33459, 38174, 0
110.001147, 5.000099, 58555, 20821, 23471.5, 23035, 27016, 29894, 33458, 38103, 0
115.001048, 4.999901, 58592, 20791, 23459.9, 23034, 26988, 29905, 33476, 39206, 0
120.001056, 5.000008, 58574, 20781, 23463.9, 23038, 26973, 29971, 33491, 42171, 0
121.004105, 1.003049, 11699, 20781, 23477.2, 23045, 27031, 29958, 33598, 42171, 0
