elapsed, window, n, min, mean, median, 95th, 99th, 99_9th, max, errors
5.001012, 5.001012, 1113, 1007, 9710.3, 4290, 37554, 60971, 92799, 98265, 0
10.00212, 5.001108, 1012, 1046, 9818.9, 3389, 33053, 107763, 484802, 776867, 0
15.001087, 4.998967, 531, 994, 26348.3, 3218, 48382, 729794, 1204345, 1289708, 0
20.001059, 4.999972, 181, 994, 140303.2, 3572, 933579, 2298284, 5630090, 5630090, 0
25.001108, 5.000049, 63, 1089, 403438.7, 3307, 3217359, 5158296, 6024085, 6024085, 0
30.001073, 4.999965, 227, 1081, 529020.7, 3727, 3341513, 11748730, 12650213, 12650213, 0
35.001083, 5.00001, 74, 1142, 869077.3, 3567, 5076105, 6727923, 12650213, 12650213, 0
40.001141, 5.000058, 8, 1331, 2642286.2, 4111, 13838813, 13838813, 13838813, 13838813, 0
45.001066, 4.999925, 40, 1108, 1400421.6, 3881, 7122355, 13838813, 13838813, 13838813, 0
50.001029, 4.999963, 63, 1052, 437787.8, 3035, 2794422, 7122355, 9534093, 9534093, 0
55.001009, 4.99998, 21, 1219, 2629.0, 2356, 5280, 5393, 5393, 5393, 0
60.002052, 5.001043, 9, 1290, 1497399.0, 3798, 6010748, 6010748, 6010748, 6010748, 0
65.001005, 4.998953, 26, 1157, 332064.5, 3741, 2645510, 3167012, 3167012, 3167012, 0
70.002092, 5.001087, 10, 1105, 933018.0, 3525, 4719082, 4737809, 4737809, 4737809, 0
75.00101, 4.998918, 13, 1150, 1590604.6, 2437, 8435828, 8720484, 8720484, 8720484, 0
80.002012, 5.001002, 0, 0, 0, 0, 0, 0, 0, 0, 0
85.00206, 5.000048, 40, 1244, 4028582.8, 2728, 18911675, 19029468, 19029468, 19029468, 0
90.001018, 4.998958, 4, 1153, 1855972.4, 3970, 9267980, 9267980, 9267980, 9267980, 0
95.002069, 5.001051, 0, 0, 0, 0, 0, 0, 0, 0, 0
100.001089, 4.99902, 0, 0, 0, 0, 0, 0, 0, 0, 0
105.001055, 4.999966, 43, 1215, 2733099.1, 3532, 24291591, 35020218, 35020218, 35020218, 0
110.001063, 5.000008, 39, 1242, 1293585.3, 3722, 5289742, 21350717, 21350717, 21350717, 0
115.001134, 5.000071, 5, 1259, 5018.1, 3170, 17300, 17300, 17300, 17300, 0
120.001061, 4.999927, 0, 0, 0, 0, 0, 0, 0, 0, 0
125.001156, 5.000095, 0, 0, 0, 0, 0, 0, 0, 0, 0
130.001094, 4.999938, 0, 0, 0, 0, 0, 0, 0, 0, 0
135.00113, 5.000036, 0, 0, 0, 0, 0, 0, 0, 0, 0
139.617024, 4.615894, 0, 0, 0, 0, 0, 0, 0, 0, 3
