elapsed, window, total, successful, failed
5.000723, 5.000723,464938,464938,0
10.001747, 5.001024,466100,466100,0
15.001755, 5.000008,467678,467678,0
20.001859, 5.000104,469878,469878,0
25.001704, 4.999845,463311,463311,0
30.001743, 5.000039,465285,465285,0
35.001711, 4.999968,466024,466024,0
40.001747, 5.000036,463403,463403,0
45.001711, 4.999964,465113,465113,0
50.001712, 5.000001,466437,466437,0
55.001725, 5.000013,463903,463903,0
60.001727, 5.000002,463462,463462,0
65.001747, 5.00002,460573,460573,0
70.001726, 4.999979,460425,460425,0
75.001809, 5.000083,460403,460403,0
80.001705, 4.999896,462823,462823,0
85.001759, 5.000054,461746,461746,0
90.001728, 4.999969,461734,461734,0
95.001826, 5.000098,461948,461948,0
100.001714, 4.999888,461187,461187,0
105.001748, 5.000034,460078,460078,0
110.001716, 4.999968,460415,460415,0
115.001815, 5.000099,460439,460439,0
120.001746, 4.999931,462459,462459,0
121.002794, 1.001048,92542,92542,0

