elapsed, window, n, min, mean, median, 95th, 99th, 99_9th, max, errors
5.000864, 5.000864, 7066, 20482, 207756.7, 119495, 485614, 497120, 506260, 510663, 0
10.002013, 5.001149, 6001, 20465, 245380.1, 401087, 476533, 483808, 490555, 497267, 0
15.001866, 4.999853, 5857, 20465, 247338.7, 422516, 475663, 481651, 486852, 489803, 0
20.001817, 4.999951, 6215, 20472, 248270.2, 424478, 476769, 484930, 489912, 496946, 0
25.001872, 5.000055, 6180, 20493, 249334.8, 427794, 480062, 490362, 505685, 507420, 0
30.001866, 4.999994, 5907, 20491, 251092.6, 432472, 480128, 488015, 496349, 497746, 0
35.00187, 5.000004, 5939, 20450, 245710.4, 367356, 481167, 488115, 495673, 498286, 0
40.001868, 4.999998, 6012, 20467, 245126.4, 31705, 485435, 491910, 500625, 504019, 0
45.002144, 5.000276, 6415, 20464, 242135.0, 319902, 472443, 482624, 490688, 492633, 0
50.000868, 4.998724, 6153, 20473, 239862.9, 355420, 466760, 474203, 481472, 482668, 0
55.001816, 5.000948, 6104, 20505, 239567.3, 30833, 471253, 478087, 486605, 489046, 0
60.001875, 5.000059, 6274, 20466, 249161.4, 432486, 475106, 481653, 491088, 509560, 0
65.001818, 4.999943, 6106, 20443, 243593.0, 390937, 473702, 480759, 491714, 509560, 0
70.001867, 5.000049, 6100, 20470, 237232.4, 26684, 482394, 488398, 502269, 503826, 0
75.001816, 4.999949, 6194, 20448, 240954.3, 30524, 473720, 482211, 487742, 493408, 0
80.001865, 5.000049, 6370, 20458, 242785.6, 52995, 479805, 484854, 495411, 504603, 0
85.001866, 5.000001, 6109, 20434, 242128.2, 28556, 481830, 487879, 496506, 513135, 0
90.001869, 5.000003, 5899, 20410, 245489.3, 392630, 479401, 484784, 494862, 500835, 0
95.00182, 4.999951, 6177, 20475, 244601.9, 376392, 485968, 492797, 502835, 505302, 0
100.002151, 5.000331, 6225, 20409, 248397.6, 366366, 494911, 507508, 517560, 520791, 0
105.000865, 4.998714, 6243, 20435, 243633.6, 39762, 481859, 489762, 499599, 503290, 0
110.001867, 5.001002, 5991, 20476, 240912.4, 39738, 475092, 483921, 497505, 501721, 0
115.001864, 4.999997, 6097, 20451, 244908.0, 396809, 479277, 486091, 500130, 503907, 0
120.001866, 5.000002, 6351, 20449, 245912.1, 403017, 481373, 487598, 500130, 503907, 0
121.003861, 1.001995, 1214, 20449, 244542.6, 398772, 474119, 482449, 489005, 493228, 0
