elapsed, window, n, min, mean, median, 95th, 99th, 99_9th, max, errors
5.000821, 5.000821, 12932, 1703, 4721.8, 2956, 15269, 19825, 25028, 32499, 0
10.00227, 5.001449, 12080, 1583, 4600.5, 2962, 14886, 19356, 23377, 64692, 0
15.000761, 4.998491, 8715, 1504, 5507.6, 2976, 14751, 19728, 96809, 1461044, 0
20.002032, 5.001271, 7023, 1499, 6481.7, 2960, 15477, 20715, 877937, 1323362, 0
25.000906, 4.998874, 7953, 1469, 6063.9, 2870, 15172, 19766, 1010033, 1392442, 0
30.00194, 5.001034, 10841, 1469, 6219.2, 2921, 14913, 20483, 917645, 1392442, 0
35.001898, 4.999958, 8133, 1491, 5973.2, 2918, 15214, 20491, 44232, 1314135, 0
40.001877, 4.999979, 7150, 1479, 9391.9, 2910, 15018, 19669, 2629086, 2680981, 0
45.00213, 5.000253, 6297, 1553, 7021.4, 2910, 15214, 20388, 1196175, 1376715, 0
50.000933, 4.998803, 6980, 1508, 4574.2, 2857, 15139, 19830, 24446, 64720, 0
55.001822, 5.000889, 11218, 1549, 7077.9, 2852, 15294, 19951, 42247, 2595304, 0
60.002079, 5.000257, 6151, 1527, 8257.4, 2896, 14890, 19924, 2619305, 2661918, 0
65.000853, 4.998774, 12539, 1603, 4645.6, 2893, 15178, 19809, 24368, 75864, 0
70.001927, 5.001074, 7789, 1508, 5215.2, 2900, 15222, 19927, 53073, 857008, 0
75.001933, 5.000006, 8139, 1520, 7594.0, 2950, 15609, 20734, 1339737, 1403592, 0
80.001924, 4.999991, 7231, 1471, 6358.6, 2875, 15461, 20731, 1262405, 1360332, 0
85.001975, 5.000051, 9296, 1471, 7295.8, 2874, 15767, 20888, 1226852, 1306236, 0
90.001902, 4.999927, 7097, 1449, 5851.8, 2880, 15604, 20912, 37820, 1400106, 0
95.001861, 4.999959, 7788, 1516, 7818.2, 2901, 15209, 20467, 1312364, 1395410, 0
100.001856, 4.999995, 5773, 1441, 9442.5, 2846, 15249, 20627, 2639640, 2725187, 0
105.00189, 5.000034, 8007, 1443, 6493.3, 2876, 15306, 20129, 1386631, 1504614, 0
110.00185, 4.99996, 12146, 1516, 6541.0, 2936, 15740, 20696, 483204, 1504614, 0
115.001898, 5.000048, 5871, 1451, 8059.4, 2898, 15545, 20300, 1319803, 1391837, 0
120.001897, 4.999999, 5881, 1557, 8302.7, 2855, 14722, 19796, 2544387, 2736212, 0
121.004347, 1.00245, 2499, 1557, 8198.0, 2800, 14661, 19814, 2544387, 2736212, 0
