elapsed, window, n, min, mean, median, 95th, 99th, 99_9th, max, errors
5.00073, 5.00073, 13094, 1009, 18461.4, 3108, 79428, 294674, 676354, 707062, 0
10.001837, 5.001107, 11600, 960, 25483.0, 2637, 203770, 282791, 330908, 349406, 0
15.001775, 4.999938, 11756, 995, 24761.4, 2565, 210095, 271612, 330008, 355516, 0
20.001741, 4.999966, 11768, 1010, 24053.0, 2480, 205320, 254640, 290989, 317818, 0
25.0017, 4.999959, 10923, 1029, 26858.6, 2545, 213102, 274848, 314870, 332477, 0
30.001693, 4.999993, 11296, 998, 26318.7, 2542, 217937, 283100, 350758, 365942, 0
35.001728, 5.000035, 11312, 983, 26893.9, 2517, 223117, 285153, 324017, 343122, 0
40.001697, 4.999969, 12013, 951, 24845.5, 2538, 214437, 275362, 318971, 363655, 0
45.001714, 5.000017, 12079, 1036, 25313.6, 2566, 216431, 278178, 317514, 331966, 0
50.001699, 4.999985, 11070, 996, 26772.2, 2544, 216638, 279728, 340258, 387663, 0
55.001733, 5.000034, 11379, 987, 25185.0, 2478, 214197, 265185, 300254, 321389, 0
60.001697, 4.999964, 12145, 995, 23413.5, 2562, 194011, 265126, 305043, 314089, 0
65.001711, 5.000014, 12014, 1003, 24849.3, 2566, 206438, 266399, 329480, 355504, 0
70.001732, 5.000021, 11795, 1075, 24540.3, 2652, 200134, 260351, 305974, 338109, 0
75.00177, 5.000038, 11964, 969, 24786.1, 2612, 201366, 252686, 293802, 310639, 0
80.001728, 4.999958, 11895, 1024, 24632.4, 2586, 205009, 249432, 280928, 308337, 0
85.001713, 4.999985, 11438, 988, 25419.1, 2578, 205524, 264870, 301111, 314363, 0
90.001733, 5.00002, 12285, 1021, 23247.1, 2567, 201279, 250849, 279885, 290276, 0
95.001732, 4.999999, 12082, 1042, 24362.6, 2552, 201855, 255024, 303907, 332149, 0
100.001719, 4.999987, 11585, 1068, 24859.6, 2549, 218417, 265782, 295448, 314241, 0
105.001775, 5.000056, 11914, 1040, 24519.8, 2522, 205446, 248875, 270625, 291671, 0
110.001722, 4.999947, 12063, 1035, 24517.1, 2531, 215628, 277930, 323526, 335128, 0
115.001707, 4.999985, 11500, 1007, 25960.1, 2624, 215603, 269143, 312811, 331332, 0
120.001734, 5.000027, 11380, 1024, 25479.5, 2611, 197252, 265023, 311522, 365795, 0
121.005897, 1.004163, 2381, 1037, 26110.7, 2565, 203656, 266484, 311522, 365795, 0
