elapsed, window, n, min, mean, median, 95th, 99th, 99_9th, max, errors
5.00082, 5.00082, 44, 1567, 32999.3, 4303, 95458, 97115, 97115, 97115, 0
10.001883, 5.001063, 54, 1538, 20614.4, 1828, 95204, 95675, 95799, 95799, 0
15.001827, 4.999944, 34, 1618, 16655.5, 1767, 94951, 95739, 95739, 95739, 0
20.00183, 5.000003, 48, 1555, 30748.7, 5382, 95327, 95647, 95647, 95647, 0
25.00183, 5.0, 37, 1420, 11823.3, 1704, 94952, 95652, 95652, 95652, 0
30.00187, 5.00004, 42, 1402, 34076.8, 1755, 95512, 95679, 95679, 95679, 0
35.001823, 4.999953, 48, 1404, 24438.2, 1910, 94749, 95652, 95652, 95652, 0
40.001842, 5.000019, 45, 1472, 39809.6, 7010, 95635, 95743, 95743, 95743, 0
45.00183, 4.999988, 41, 1319, 27149.7, 1660, 94747, 94989, 94989, 94989, 0
50.001888, 5.000058, 40, 1450, 30112.2, 1936, 95166, 95244, 95244, 95244, 0
55.001827, 4.999939, 37, 1438, 28609.8, 1736, 95170, 96284, 96284, 96284, 0
60.001914, 5.000087, 36, 1427, 32358.4, 1676, 95402, 95734, 95734, 95734, 0
65.001881, 4.999967, 48, 1367, 32260.4, 1742, 95154, 95838, 95838, 95838, 0
70.001861, 4.99998, 36, 1459, 36046.5, 1780, 94964, 96766, 96766, 96766, 0
75.001834, 4.999973, 36, 1465, 22815.9, 1729, 93441, 94393, 94393, 94393, 0
80.001886, 5.000052, 37, 1351, 21445.9, 1656, 93897, 94732, 94732, 94732, 0
85.001859, 4.999973, 48, 1521, 25370.6, 1774, 94933, 95142, 95484, 95484, 0
90.001822, 4.999963, 51, 1411, 29916.2, 1728, 95048, 95948, 96225, 96225, 0
95.001826, 5.000004, 31, 1376, 23041.9, 1665, 95124, 95304, 95304, 95304, 0
100.001878, 5.000052, 37, 1443, 23204.7, 1615, 95182, 110236, 110236, 110236, 0
105.001831, 4.999953, 39, 1442, 21245.5, 1701, 94859, 95515, 95515, 95515, 0
110.001829, 4.999998, 41, 1405, 27719.6, 1687, 95299, 95435, 95435, 95435, 0
115.001875, 5.000046, 43, 1364, 21982.3, 1626, 94928, 95771, 95771, 95771, 0
120.001843, 4.999968, 38, 1464, 20268.8, 1686, 93544, 94627, 94627, 94627, 0
121.003657, 1.001814, 7, 1464, 21248.0, 1780, 93544, 94627, 94627, 94627, 0
