elapsed, window, n, min, mean, median, 95th, 99th, 99_9th, max, errors
5.000476, 5.000476, 5235, 22735, 47646.4, 44277, 56180, 56628, 67821, 68612, 0
10.00168, 5.001204, 5206, 31570, 47871.6, 44284, 56168, 56540, 67848, 68115, 0
15.001841, 5.000161, 5214, 31622, 47954.5, 44246, 56160, 56524, 62557, 68134, 0
20.001531, 4.99969, 5205, 31556, 47989.6, 44275, 56171, 56674, 67734, 68064, 0
25.001482, 4.999951, 5210, 25948, 48016.6, 44284, 56164, 56536, 62304, 68526, 0
30.001477, 4.999995, 5229, 31567, 47818.8, 44247, 56173, 56599, 67979, 74225, 0
35.00173, 5.000253, 5215, 31547, 47859.2, 44256, 56170, 56565, 62247, 68221, 0
40.001477, 4.999747, 5203, 25771, 48023.9, 44322, 56197, 56804, 67868, 68078, 0
45.001476, 4.999999, 5207, 25981, 47963.7, 44301, 56170, 56582, 62169, 67873, 0
50.001478, 5.000002, 5254, 25939, 47690.3, 44219, 56154, 56636, 62273, 68049, 0
55.001525, 5.000047, 5214, 31637, 47875.6, 44280, 56169, 56590, 62147, 68037, 0
60.001524, 4.999999, 5232, 25826, 47791.8, 44241, 56163, 56593, 62251, 68301, 0
65.001475, 4.999951, 5199, 25913, 47937.7, 44268, 56195, 56811, 67808, 68242, 0
70.001486, 5.000011, 5229, 25809, 47940.8, 44294, 56170, 56691, 67823, 68205, 0
75.001528, 5.000042, 5216, 26065, 47797.3, 44260, 56158, 56591, 67851, 68868, 0
80.001488, 4.99996, 5219, 25739, 48006.5, 44317, 56154, 56562, 67725, 68178, 0
85.001527, 5.000039, 5229, 25633, 47802.1, 44229, 56153, 56574, 62361, 68452, 0
90.001775, 5.000248, 5237, 25845, 47744.7, 44233, 56151, 56650, 67841, 68282, 0
95.001475, 4.9997, 5248, 26192, 47709.0, 44249, 56164, 56679, 67984, 73931, 0
100.001476, 5.000001, 5211, 25950, 47884.5, 44269, 56169, 56902, 67832, 68250, 0
105.001526, 5.00005, 5243, 25703, 47735.7, 44260, 56158, 56620, 67765, 68005, 0
110.001478, 4.999952, 5227, 25703, 47752.9, 44256, 56161, 56766, 67788, 74140, 0
115.001528, 5.00005, 5231, 31555, 47811.3, 44267, 56165, 56649, 67772, 74140, 0
120.001477, 4.999949, 5220, 25799, 47810.3, 44238, 56158, 56747, 68083, 68653, 0
121.002562, 1.001085, 1045, 25799, 47846.6, 44244, 56161, 56747, 68083, 68653, 0
