elapsed, window, total, successful, failed
5.000476, 5.000476, 5235, 5235, 0
10.00168, 5.001204, 5206, 5206, 0
15.001841, 5.000161, 5214, 5214, 0
20.001531, 4.99969, 5205, 5205, 0
25.001482, 4.999951, 5210, 5210, 0
30.001477, 4.999995, 5229, 5229, 0
35.00173, 5.000253, 5215, 5215, 0
40.001477, 4.999747, 5203, 5203, 0
45.001476, 4.999999, 5207, 5207, 0
50.001478, 5.000002, 5254, 5254, 0
55.001525, 5.000047, 5214, 5214, 0
60.001524, 4.999999, 5232, 5232, 0
65.001475, 4.999951, 5199, 5199, 0
70.001486, 5.000011, 5229, 5229, 0
75.001528, 5.000042, 5216, 5216, 0
80.001488, 4.99996, 5219, 5219, 0
85.001527, 5.000039, 5229, 5229, 0
90.001775, 5.000248, 5237, 5237, 0
95.001475, 4.9997, 5248, 5248, 0
100.001476, 5.000001, 5211, 5211, 0
105.001526, 5.00005, 5243, 5243, 0
110.001478, 4.999952, 5227, 5227, 0
115.001528, 5.00005, 5231, 5231, 0
120.001477, 4.999949, 5220, 5220, 0
121.002562, 1.001085, 1045, 1045, 0
