elapsed, window, n, min, mean, max, errors, median
5.00066, 5.00066,47386, 1369,38165.1, 213871,0,18611.6
10.00179, 5.00113,45422, 1339,39493.8, 214136,0,23232.3
15.001611, 4.999821,45708, 1250,39586.1, 163256,0,26876.7
20.001529, 4.999918,46065, 1311,39596.3, 181649,0,25030.2
25.001618, 5.000089,45703, 1315,39422.9, 177814,0,31264.8
30.001659, 5.000041,44884, 1323,40611.9, 187573,0,29107.7
35.001607, 4.999948,45453, 1280,39443.3, 130058,0,33561.9
40.001616, 5.000009,43350, 1351,41821.7, 639313,0,39796.1
45.00162, 5.000004,43221, 1382,45070, 621548,0,33342.5
50.001541, 4.999921,45426, 1360,39952.4, 209825,0,31940.2
55.001559, 5.000018,45355, 1325,39393.2, 121902,0,27652.5
60.00166, 5.000101,45713, 1293,40079.4, 183632,0,25643.8
65.001543, 4.999883,45273, 1322,40445.7, 207351,0,28438
70.001608, 5.000065,44582, 1324,41250, 223787,0,30126.2
75.001609, 5.000001,44368, 1324,41459.4, 185536,0,36956.5
80.001662, 5.000053,45665, 1314,40241.9, 187311,0,33126.8
85.001569, 4.999907,45490, 1332,40027.8, 172758,0,26225.6
90.001612, 5.000043,45556, 1353,40093.8, 172758,0,38064.2
95.00158, 4.999968,44947, 1384,40313.9, 195262,0,30036.5
100.001568, 4.999988,45192, 1360,40609.2, 205316,0,29757.4
105.001617, 5.000049,44822, 1342,40035.6, 114188,0,33263.8
110.001583, 4.999966,45002, 1354,40482.9, 150999,0,31850.8
115.001555, 4.999972,43991, 1240,41946, 655446,0,28011.9
120.00163, 5.000075,41568, 1326,46482.7, 696476,0,39635.9
125.001613, 4.999983,43899, 1260,41689.8, 214466,0,32735.2
130.001547, 4.999934,44854, 1260,41001.7, 199379,0,31826.2
135.001671, 5.000124,45133, 1330,39986, 162744,0,22209.4
140.001588, 4.999917,44576, 1312,40817.2, 215246,0,30426.1
145.001611, 5.000023,45505, 1335,39139.3, 215246,0,31773.2
150.001583, 4.999972,45278, 1334,39400, 239606,0,23565.8
155.001608, 5.000025,45364, 1283,39207.8, 179417,0,23198.8
160.00166, 5.000052,45062, 1289,39044.2, 167532,0,23700.5
165.001673, 5.000013,44237, 1381,39329.2, 225106,0,21851.7
170.001607, 4.999934,44400, 1369,39839.6, 239769,0,28875.6
175.001661, 5.000054,45135, 1349,38103.5, 161798,0,23281.4
180.001626, 4.999965,45093, 1328,37883.1, 208095,0,22726
181.005898, 1.004272,8155, 1328,33689.5, 208095,0,18957.5

