elapsed, window, n, min, mean, median, 95th, 99th, 99_9th, max, errors
5.000301, 5.000301, 274685, 159, 4214.1, 268, 42296, 43974, 47564, 48643, 0
10.001208, 5.000907, 265982, 156, 4210.0, 267, 42280, 43931, 47436, 48571, 0
15.001258, 5.00005, 266386, 161, 4208.9, 268, 42285, 43948, 47492, 52065, 0
20.001225, 4.999967, 267081, 157, 4190.5, 269, 42282, 43973, 47504, 48761, 0
25.001232, 5.000007, 265802, 159, 4218.4, 269, 42278, 43934, 47435, 49051, 0
30.001244, 5.000012, 263004, 161, 4228.8, 270, 42329, 44044, 47591, 48786, 0
35.00123, 4.999986, 266446, 157, 4215.6, 268, 42312, 43987, 47542, 48707, 0
40.001279, 5.000049, 264306, 159, 4234.7, 268, 42319, 44004, 47497, 48734, 0
45.001265, 4.999986, 264112, 161, 4220.9, 269, 42306, 43969, 47506, 48733, 0
50.001229, 4.999964, 266643, 160, 4210.2, 272, 42299, 43939, 47389, 48682, 0
55.001213, 4.999984, 264560, 157, 4221.4, 270, 42271, 43893, 47278, 48620, 0
60.001214, 5.000001, 262965, 161, 4260.4, 272, 42329, 43956, 47454, 48735, 0
65.001217, 5.000003, 264212, 161, 4230.4, 271, 42300, 43898, 47309, 48474, 0
70.001233, 5.000016, 264087, 160, 4237.8, 274, 42289, 43897, 47317, 51234, 0
75.001282, 5.000049, 266668, 163, 4197.7, 275, 42266, 43863, 47184, 48881, 0
80.001213, 4.999931, 264404, 161, 4246.2, 275, 42313, 43925, 47433, 48694, 0
85.001215, 5.000002, 265231, 158, 4225.9, 274, 42281, 43903, 47358, 49376, 0
90.001415, 5.0002, 267866, 158, 4181.4, 273, 42233, 43858, 47301, 49232, 0
95.001231, 4.999816, 267661, 157, 4197.7, 274, 42273, 43907, 47353, 48646, 0
100.001303, 5.000072, 263401, 161, 4242.3, 274, 42292, 43926, 47425, 48912, 0
105.001246, 4.999943, 263097, 163, 4241.3, 276, 42295, 43944, 47405, 48798, 0
110.001294, 5.000048, 267085, 165, 4201.3, 279, 42257, 43933, 47495, 49081, 0
115.001256, 4.999962, 265895, 163, 4196.9, 277, 42248, 43946, 47474, 49070, 0
120.001228, 4.999972, 263565, 157, 4237.0, 275, 42294, 43991, 47501, 48593, 0
121.013908, 1.01268, 54485, 157, 4240.6, 275, 42289, 43954, 47456, 48967, 0
