elapsed, window, n, min, mean, median, 95th, 99th, 99_9th, max, errors
5.000522, 5.000522, 1771, 1204, 16178.6, 2082, 109454, 172996, 303964, 340092, 0
10.0019, 5.001378, 1830, 1239, 16583.7, 1864, 105159, 165723, 232376, 234524, 0
15.001466, 4.999566, 1919, 1307, 14574.1, 1832, 100997, 153721, 215636, 233460, 0
20.001613, 5.000147, 1860, 1209, 14649.1, 1858, 99551, 145564, 196309, 209041, 0
25.001484, 4.999871, 1642, 1236, 16890.4, 1920, 108588, 179261, 205837, 256329, 0
30.001583, 5.000099, 1781, 1293, 15301.6, 1941, 101191, 157548, 214864, 248403, 0
35.001458, 4.999875, 1847, 1287, 15914.4, 1904, 99722, 180265, 214429, 222350, 0
40.001557, 5.000099, 1930, 1283, 14940.9, 1868, 99584, 171518, 212021, 224021, 0
45.001457, 4.9999, 1950, 1295, 13443.2, 1829, 90674, 155165, 183454, 191626, 0
50.001564, 5.000107, 1824, 1331, 15374.8, 1890, 105434, 152139, 188257, 201721, 0
55.001456, 4.999892, 1782, 1282, 16649.2, 1866, 108732, 176819, 211322, 225438, 0
60.001535, 5.000079, 1912, 1288, 13835.7, 1847, 98996, 151359, 199235, 213539, 0
65.001461, 4.999926, 1952, 1225, 13625.4, 1888, 97552, 157102, 195060, 213512, 0
70.001454, 4.999993, 1831, 1279, 14544.1, 1878, 94993, 163865, 204826, 215113, 0
75.001534, 5.00008, 1787, 1276, 14953.5, 1872, 97314, 155291, 234746, 276437, 0
80.001455, 4.999921, 1793, 1254, 15251.7, 1857, 101614, 159980, 218767, 249137, 0
85.001458, 5.000003, 1871, 1209, 15810.7, 1877, 101229, 175367, 226475, 257940, 0
90.001501, 5.000043, 1894, 1273, 14674.3, 1833, 100962, 150437, 195466, 242950, 0
95.001467, 4.999966, 1928, 1316, 15429.5, 1903, 102851, 147097, 181997, 231295, 0
100.001474, 5.000007, 1913, 1261, 13028.5, 1819, 93579, 143242, 181282, 197389, 0
105.001457, 4.999983, 1984, 1329, 14385.2, 1890, 97241, 154075, 207349, 229248, 0
110.001477, 5.00002, 1832, 1328, 14663.8, 1908, 96288, 150409, 211504, 239279, 0
115.001616, 5.000139, 1745, 1284, 15385.5, 1870, 101156, 165219, 203218, 232515, 0
120.001504, 4.999888, 1968, 1284, 14172.9, 1927, 97811, 151537, 195999, 216629, 0
121.004579, 1.003075, 446, 1335, 13605.1, 1862, 98071, 147598, 193410, 216629, 0
