elapsed, window, n, min, mean, median, 95th, 99th, 99_9th, max, errors
5.000833, 5.000833, 0, 0, 0, 0, 0, 0, 0, 0, 0
10.001834, 5.001001, 150, 600, 114164.4, 98507, 257922, 296952, 303037, 303037, 0
15.001784, 4.99995, 0, 0, 0, 0, 0, 0, 0, 0, 0
20.001834, 5.00005, 0, 0, 0, 0, 0, 0, 0, 0, 0
25.001786, 4.999952, 0, 0, 0, 0, 0, 0, 0, 0, 0
30.001806, 5.00002, 0, 0, 0, 0, 0, 0, 0, 0, 0
35.001837, 5.000031, 270, 558, 3159.0, 739, 31124, 50062, 61951, 61951, 0
40.001837, 5.0, 194, 599, 2983.8, 735, 20175, 50062, 61951, 61951, 0
45.001729, 4.999892, 286, 538, 733.0, 728, 852, 1034, 1064, 1064, 0
50.001847, 5.000118, 149, 565, 81039.4, 55037, 207076, 230064, 230995, 230995, 0
55.001707, 4.99986, 1, 565, 80006.5, 45939, 209007, 230064, 230995, 230995, 0
60.001786, 5.000079, 49, 626, 774.7, 749, 1012, 1057, 1057, 1057, 0
65.001831, 5.000045, 101, 626, 773.0, 749, 957, 1087, 1531, 1531, 0
70.001834, 5.000003, 31, 594, 715.8, 702, 838, 979, 979, 979, 0
75.001853, 5.000019, 269, 553, 735.5, 726, 881, 1099, 1305, 1305, 0
80.001852, 4.999999, 391, 531, 711.2, 708, 830, 920, 1163, 1163, 0
85.001829, 4.999977, 59, 568, 701.8, 690, 837, 944, 967, 967, 0
90.001793, 4.999964, 102, 560, 758.9, 730, 995, 1242, 1297, 1297, 0
95.001838, 5.000045, 48, 560, 752.1, 726, 976, 1242, 1297, 1297, 0
100.001722, 4.999884, 150, 582, 724.4, 717, 865, 928, 976, 976, 0
105.001838, 5.000116, 300, 558, 729.0, 716, 867, 942, 1191, 1191, 0
110.001735, 4.999897, 2, 672, 766.2, 709, 920, 920, 920, 920, 0
115.001725, 4.99999, 298, 544, 705.1, 697, 834, 920, 968, 968, 0
120.001833, 5.000108, 215, 576, 713.5, 706, 824, 948, 993, 993, 0
121.005965, 1.004132, 85, 566, 713.1, 704, 832, 948, 1011, 1011, 0
