elapsed, window, n, min, mean, median, 95th, 99th, 99_9th, max, errors
5.000959, 5.000959, 548241, 177, 756.2, 674, 1411, 1882, 2686, 7484, 0
10.001954, 5.000995, 501324, 186, 751.6, 671, 1397, 1880, 2754, 7484, 0
15.001914, 4.99996, 494305, 181, 749.2, 669, 1389, 1854, 2664, 7876, 0
20.00183, 4.999916, 494201, 173, 748.6, 671, 1372, 1843, 2905, 8284, 0
25.001906, 5.000076, 494434, 172, 749.9, 677, 1355, 1805, 2593, 6946, 0
30.001869, 4.999963, 489503, 178, 751.8, 674, 1372, 1850, 3020, 9621, 0
35.001852, 4.999983, 492333, 179, 752.2, 678, 1369, 1817, 2625, 7610, 0
40.001858, 5.000006, 495875, 182, 747.9, 670, 1370, 1829, 2735, 8190, 0
45.002033, 5.000175, 493562, 174, 747.3, 670, 1362, 1842, 3071, 7311, 0
50.000924, 4.998891, 495203, 177, 749.3, 674, 1361, 1832, 2875, 7863, 0
55.001896, 5.000972, 494011, 179, 748.8, 672, 1372, 1862, 2708, 6825, 0
60.001897, 5.000001, 492032, 177, 748.0, 671, 1365, 1857, 2818, 6279, 0
65.001906, 5.000009, 495144, 172, 747.2, 670, 1362, 1834, 2927, 7904, 0
70.001828, 4.999922, 496029, 178, 747.1, 669, 1367, 1847, 3157, 7680, 0
75.001872, 5.000044, 491486, 168, 750.1, 676, 1361, 1840, 2733, 6075, 0
80.001952, 5.00008, 491552, 177, 750.9, 672, 1381, 1870, 2902, 6496, 0
85.001811, 4.999859, 494828, 177, 750.8, 672, 1380, 1865, 2806, 7848, 0
90.002008, 5.000197, 497492, 177, 748.3, 675, 1356, 1814, 2681, 8528, 0
95.001895, 4.999887, 493620, 175, 749.6, 677, 1353, 1805, 2791, 7393, 0
100.00198, 5.000085, 493274, 186, 748.9, 676, 1353, 1808, 2646, 8859, 0
105.001929, 4.999949, 493530, 174, 748.8, 677, 1346, 1800, 2652, 7995, 0
110.001969, 5.00004, 493301, 184, 749.6, 675, 1362, 1834, 2628, 5035, 0
115.002034, 5.000065, 493451, 184, 749.7, 677, 1359, 1815, 2542, 5242, 0
120.000921, 4.998887, 493194, 181, 747.3, 673, 1359, 1810, 2687, 4566, 0
121.001897, 1.000976, 95425, 181, 751.0, 676, 1362, 1822, 2782, 8030, 0
