elapsed, window, n, min, mean, median, 95th, 99th, 99_9th, max, errors
5.00078, 5.00078, 1581, 1030, 17458.3, 3709, 66372, 72144, 137482, 167317, 0
10.001807, 5.001027, 1196, 989, 28753.9, 12529, 67623, 72482, 124562, 190152, 0
15.001792, 4.999985, 1423, 928, 25722.7, 8772, 68323, 72126, 77790, 80526, 0
20.001762, 4.99997, 1264, 923, 28037.1, 12821, 67644, 71386, 124576, 137101, 0
25.001793, 5.000031, 1277, 991, 27494.9, 11444, 67530, 71594, 73346, 74438, 0
30.001776, 4.999983, 1255, 1019, 27408.6, 10939, 68285, 71536, 73215, 73831, 0
35.001717, 4.999941, 1353, 991, 26791.2, 9505, 67453, 71782, 73976, 75547, 0
40.001818, 5.000101, 1315, 991, 27272.7, 10765, 68092, 72067, 73323, 73976, 0
45.001819, 5.000001, 1361, 1012, 28379.4, 12986, 67914, 71186, 73033, 77569, 0
50.001724, 4.999905, 1223, 980, 28378.3, 12666, 67529, 71132, 73366, 73738, 0
55.001719, 4.999995, 1223, 1005, 30066.5, 15104, 69613, 78461, 148432, 197722, 0
60.001715, 4.999996, 1367, 1005, 28315.9, 13955, 68457, 73131, 102491, 115508, 0
65.001753, 5.000038, 1346, 1008, 28313.3, 12511, 68424, 71687, 74371, 74960, 0
70.00169, 4.999937, 1352, 989, 25942.4, 10665, 68418, 95204, 265556, 335081, 0
75.001728, 5.000038, 1163, 1024, 32673.4, 4795, 63126, 1353050, 1451722, 1471490, 0
80.001728, 5.0, 1293, 990, 26799.8, 11421, 67719, 72293, 181339, 198428, 0
85.001766, 5.000038, 1222, 1026, 29275.7, 14834, 69003, 73119, 131400, 154754, 0
90.001698, 4.999932, 1256, 943, 30071.5, 17642, 69094, 84097, 149605, 170353, 0
95.001724, 5.000026, 1199, 1049, 29762.9, 18441, 68408, 72993, 125650, 171644, 0
100.001721, 4.999997, 1231, 1048, 29378.7, 12970, 69048, 73545, 147106, 171253, 0
105.001775, 5.000054, 1245, 1042, 29306.9, 14689, 68560, 73228, 200824, 208695, 0
110.001814, 5.000039, 1378, 1048, 27509.5, 12287, 68349, 72886, 106075, 150516, 0
115.0017, 4.999886, 1293, 1042, 29627.4, 13429, 69401, 80979, 191507, 195949, 0
120.001793, 5.000093, 1338, 1077, 30031.1, 15996, 68817, 95142, 183073, 191507, 0
121.003809, 1.002016, 254, 1077, 29373.5, 15865, 68090, 73131, 142894, 163198, 0
