elapsed, window, n, min, mean, max, errors, median
5.000387, 5.000387,323521, 11478,34918.3, 144496,0, 35474
10.001416, 5.001029,320009, 11648,35140.8, 144496,0, 35610
15.001363, 4.999947,320857, 11713,35065.2, 130157,0, 35725
20.00136, 4.999997,319394, 11606,35216.8, 131423,0, 36004
25.001359, 4.999999,319939, 11711,35146.9, 133712,0, 35576
30.001386, 5.000027,318885, 11645,35267.4, 117099,0, 36133
35.001359, 4.999973,318951, 11352,35257.7, 120154,0, 36046
40.001381, 5.000022,320792, 11898,35058.5, 103971,0, 35786
45.001359, 4.999978,316731, 11575,35502.4, 132436,0, 36805
50.001355, 4.999996,316546, 11639,35533.6, 133884,0, 36735
55.001368, 5.000013,318056, 11597,35366.7, 112606,0, 36275
60.001419, 5.000051,317265, 11657,35459.2, 110320,0, 36785
65.001374, 4.999955,316635, 11397,35509.3, 108209,0, 36660
70.001356, 4.999982,317110, 11814,35454, 120742,0, 36509
75.001368, 5.000012,314681, 11272,35752.6, 114534,0, 37339
80.001422, 5.000054,312415, 11475,35983.3, 120005,0, 37451
85.001364, 4.999942,312913, 11554,35947.1, 135181,0, 37489
90.001709, 5.000345,313595, 11600,35886.3, 158889,0, 37506
95.001356, 4.999647,314906, 11707,35722.5, 148299,0, 36849
100.001367, 5.000011,313436, 11755,35896.8, 144306,0, 37422
105.001357, 4.99999,316126, 11712,35564.8, 131255,0, 36670
110.001362, 5.000005,312933, 11587,35940.2, 121376,0, 37809
115.001353, 4.999991,313416, 11683,35910.3, 122751,0, 37296
120.001376, 5.000023,313992, 11033,35812.6, 118512,0, 37163
121.006467, 1.005091,63258, 11170,35926.2, 137362,0, 37340

