elapsed, window, total, successful, failed
5.000877, 5.000877, 40244, 40244, 0
10.001879, 5.001002, 39847, 39847, 0
15.001872, 4.999993, 39960, 39960, 0
20.002031, 5.000159, 40980, 40980, 0
25.000866, 4.998835, 40424, 40424, 0
30.00196, 5.001094, 40957, 40957, 0
35.001883, 4.999923, 40906, 40906, 0
40.001856, 4.999973, 40610, 40610, 0
45.001943, 5.000087, 41345, 41345, 0
50.001915, 4.999972, 40749, 40749, 0
55.001969, 5.000054, 40475, 40475, 0
60.002005, 5.000036, 39867, 39867, 0
65.00186, 4.999855, 40363, 40363, 0
70.001933, 5.000073, 41896, 41896, 0
75.001895, 4.999962, 40978, 40978, 0
80.001943, 5.000048, 41410, 41410, 0
85.001873, 4.99993, 41068, 41068, 0
90.001882, 5.000009, 41467, 41467, 0
95.00197, 5.000088, 40590, 40590, 0
100.00197, 5.0, 41490, 41490, 0
105.001866, 4.999896, 42005, 42005, 0
110.001878, 5.000012, 41117, 41117, 0
115.001911, 5.000033, 41055, 41055, 0
120.001896, 4.999985, 41157, 41157, 0
125.001914, 5.000018, 41590, 41590, 0
130.00217, 5.000256, 41162, 41162, 0
135.000952, 4.998782, 41254, 41254, 0
140.001855, 5.000903, 40691, 40691, 0
145.001863, 5.000008, 41131, 41131, 0
150.001861, 4.999998, 40657, 40657, 0
155.001856, 4.999995, 41472, 41472, 0
160.00189, 5.000034, 41363, 41363, 0
165.001878, 4.999988, 41230, 41230, 0
170.001878, 5.0, 41005, 41005, 0
175.001862, 4.999984, 40749, 40749, 0
180.001919, 5.000057, 41171, 41171, 0
185.001869, 4.99995, 40859, 40859, 0
190.001928, 5.000059, 40439, 40439, 0
195.001899, 4.999971, 40825, 40825, 0
200.001932, 5.000033, 40235, 40235, 0
205.001902, 4.99997, 40994, 40994, 0
210.001992, 5.00009, 40626, 40626, 0
215.001908, 4.999916, 40798, 40798, 0
220.001871, 4.999963, 41211, 41211, 0
225.001865, 4.999994, 41418, 41418, 0
230.001893, 5.000028, 41144, 41144, 0
235.001888, 4.999995, 40904, 40904, 0
240.001955, 5.000067, 40270, 40270, 0
245.001878, 4.999923, 40356, 40356, 0
250.001965, 5.000087, 39997, 39997, 0
255.001985, 5.00002, 41050, 41050, 0
260.001924, 4.999939, 41370, 41370, 0
265.00194, 5.000016, 41525, 41525, 0
270.001927, 4.999987, 41392, 41392, 0
275.001889, 4.999962, 40959, 40959, 0
280.001997, 5.000108, 41096, 41096, 0
285.001982, 4.999985, 40776, 40776, 0
290.001991, 5.000009, 41572, 41572, 0
295.001991, 5.0, 40824, 40824, 0
300.001894, 4.999903, 41078, 41078, 0
301.003196, 1.001302, 8416, 8416, 0
