elapsed, window, total, successful, failed
5.000942, 5.000942,343232,343232,0
10.00186, 5.000918,345984,345984,0
15.001792, 4.999932,344175,344175,0
20.001799, 5.000007,344646,344646,0
25.001944, 5.000145,346885,346885,0
30.001902, 4.999958,342656,342656,0
35.001906, 5.000004,343632,343632,0
40.001832, 4.999926,350422,350422,0
45.001798, 4.999966,346456,346456,0
50.001925, 5.000127,343927,343927,0
55.001831, 4.999906,350778,350778,0
60.001822, 4.999991,345442,345442,0
65.001916, 5.000094,343082,343082,0
70.001891, 4.999975,342238,342238,0
75.00182, 4.999929,344832,344832,0
80.001789, 4.999969,344099,344099,0
85.001933, 5.000144,341290,341290,0
90.001803, 4.99987,346882,346882,0
95.001795, 4.999992,343950,343950,0
100.001829, 5.000034,342162,342162,0
105.001832, 5.000003,342932,342932,0
110.001805, 4.999973,347224,347224,0
115.001834, 5.000029,346296,346296,0
120.001806, 4.999972,346514,346514,0
125.001862, 5.000056,345825,345825,0
130.001898, 5.000036,347793,347793,0
135.001818, 4.99992,343418,343418,0
140.001879, 5.000061,340536,340536,0
145.001808, 4.999929,312610,312610,0
150.001861, 5.000053,291488,291488,0
155.001821, 4.99996,291836,291836,0
160.001809, 4.999988,276860,276860,0
165.001833, 5.000024,290725,290725,0
170.001819, 4.999986,342717,342717,0
175.001847, 5.000028,343085,343085,0
180.001855, 5.000008,341116,341116,0
185.001868, 5.000013,341683,341683,0
190.001793, 4.999925,343899,343899,0
195.001855, 5.000062,343636,343636,0
200.001793, 4.999938,341858,341858,0
205.001846, 5.000053,344481,344481,0
210.0018, 4.999954,341152,341152,0
215.001842, 5.000042,341749,341749,0
220.001843, 5.000001,337488,337488,0
225.001867, 5.000024,340110,340110,0
230.001831, 4.999964,338455,338455,0
235.001916, 5.000085,340212,340212,0
240.001847, 4.999931,339174,339174,0
245.001892, 5.000045,338722,338722,0
250.001798, 4.999906,339575,339575,0
255.001818, 5.00002,342877,342877,0
260.001823, 5.000005,340844,340844,0
265.001842, 5.000019,341018,341018,0
270.001824, 4.999982,338950,338950,0
275.001853, 5.000029,339057,339057,0
280.0018, 4.999947,340495,340495,0
285.001996, 5.000196,339345,339345,0
290.001802, 4.999806,337848,337848,0
295.001862, 5.00006,337880,337880,0
300.001807, 4.999945,335905,335905,0
301.003892, 1.002085,67092,67092,0

