elapsed, window, total, successful, failed
5.001302, 5.001302, 67500, 67500, 0
10.001341, 5.000039, 65802, 65802, 0
15.001226, 4.999885, 64914, 64914, 0
20.001189, 4.999963, 57169, 57169, 0
25.001143, 4.999954, 64764, 64764, 0
30.001361, 5.000218, 36142, 36142, 0
35.001156, 4.999795, 35756, 35756, 0
40.001163, 5.000007, 34966, 34966, 0
45.001418, 5.000255, 65803, 65803, 0
50.001105, 4.999687, 27296, 27296, 0
55.00127, 5.000165, 36904, 36904, 0
60.001256, 4.999986, 44010, 44010, 0
65.001267, 5.000011, 55405, 55405, 0
70.001163, 4.999896, 36825, 36825, 0
75.0012, 5.000037, 31172, 31172, 0
80.00121, 5.00001, 43492, 43492, 0
85.00111, 4.9999, 55084, 55084, 0
90.001108, 4.999998, 26737, 26737, 0
95.00109, 4.999982, 34823, 34823, 0
100.001244, 5.000154, 45434, 45434, 0
105.001105, 4.999861, 40350, 40350, 0
110.001128, 5.000023, 34500, 34500, 0
115.001238, 5.00011, 52009, 52009, 0
120.001128, 4.99989, 65804, 65804, 0
121.003393, 1.002265, 12296, 12296, 0
