elapsed, window, total, successful, failed
5.000627, 5.000627, 483, 483, 0
10.001632, 5.001005, 477, 477, 0
15.001625, 4.999993, 474, 474, 0
20.001577, 4.999952, 472, 472, 0
25.001589, 5.000012, 479, 479, 0
30.001576, 4.999987, 473, 473, 0
35.001575, 4.999999, 471, 471, 0
40.001622, 5.000047, 470, 470, 0
45.001629, 5.000007, 478, 478, 0
50.001637, 5.000008, 472, 472, 0
55.001572, 4.999935, 479, 479, 0
60.001577, 5.000005, 479, 479, 0
65.001632, 5.000055, 470, 470, 0
70.001573, 4.999941, 482, 482, 0
75.001624, 5.000051, 472, 472, 0
80.001628, 5.000004, 473, 473, 0
85.001624, 4.999996, 479, 479, 0
90.001574, 4.99995, 473, 473, 0
95.001595, 5.000021, 479, 478, 1
100.001639, 5.000044, 479, 479, 0
105.001625, 4.999986, 477, 477, 0
110.001578, 4.999953, 474, 474, 0
115.001624, 5.000046, 474, 474, 0
120.001644, 5.00002, 474, 474, 0
125.001638, 4.999994, 476, 476, 0
130.001628, 4.99999, 468, 468, 0
135.001629, 5.000001, 478, 478, 0
140.001626, 4.999997, 470, 470, 0
145.001575, 4.999949, 476, 476, 0
150.001578, 5.000003, 470, 470, 0
155.001587, 5.000009, 479, 479, 0
160.001628, 5.000041, 474, 474, 0
165.001625, 4.999997, 478, 478, 0
170.001627, 5.000002, 474, 474, 0
175.001635, 5.000008, 472, 472, 0
180.001627, 4.999992, 474, 474, 0
185.001573, 4.999946, 471, 471, 0
190.001644, 5.000071, 479, 479, 0
195.001646, 5.000002, 471, 471, 0
200.001625, 4.999979, 478, 478, 0
205.00158, 4.999955, 476, 476, 0
210.001576, 4.999996, 474, 474, 0
215.001665, 5.000089, 476, 476, 0
220.001574, 4.999909, 471, 471, 0
225.001573, 4.999999, 471, 471, 0
230.001623, 5.00005, 480, 480, 0
235.001576, 4.999953, 475, 475, 0
240.001577, 5.000001, 472, 472, 0
245.001574, 4.999997, 471, 471, 0
250.001664, 5.00009, 475, 475, 0
255.001572, 4.999908, 474, 474, 0
260.001576, 5.000004, 473, 473, 0
265.001626, 5.00005, 471, 471, 0
270.001572, 4.999946, 478, 478, 0
275.00158, 5.000008, 479, 479, 0
280.001574, 4.999994, 472, 472, 0
285.001633, 5.000059, 474, 474, 0
290.001575, 4.999942, 473, 473, 0
295.001625, 5.00005, 475, 475, 0
300.001625, 5.0, 472, 472, 0
301.003739, 1.002114, 94, 94, 0
