elapsed, window, n, min, mean, max, errors, median
5.000903, 5.000903,153664, 756,1951.08, 38619,0,1821.3
10.001826, 5.000923,153454, 789,1947.44, 9731,0,1843.92
15.001805, 4.999979,153926, 728,1942.66, 13478,0,1843.55
20.001849, 5.000044,153142, 728,1946.41, 9089,0,1847.48
25.001962, 5.000113,152989, 781,1948.57, 8881,0,1848.33
30.001852, 4.99989,153903, 765,1943.06, 8070,0,1840.77
35.001807, 4.999955,152395, 795,1959.57, 16760,0,1857.69
40.001824, 5.000017,153765, 774,1942.19, 12370,0,1835.34
45.001868, 5.000044,153356, 753,1946.16, 7756,0,1843.11
50.001814, 4.999946,153075, 758,1949.83, 8170,0,1846.16
55.001809, 4.999995,152918, 786,1950.33, 7984,0,1845.19
60.001906, 5.000097,152148, 765,1958.89, 10959,0,1851.2
65.001833, 4.999927,152203, 781,1963.73, 8035,0,1862.54
70.001819, 4.999986,152026, 804,1960.38, 7740,0,1857.18
75.001823, 5.000004,152046, 801,1960.46, 8001,0,1854.74
80.001831, 5.000008,151638, 801,1969.92, 8613,0,1862.88
85.001811, 4.99998,152839, 802,1955.26, 7923,0,1847.52
90.001815, 5.000004,150526, 813,1983.77, 7983,0,1885.82
95.001812, 4.999997,151997, 813,1967.87, 7735,0,1863.77
100.001814, 5.000002,151170, 780,1974.8, 8030,0,1870.84
105.001809, 4.999995,150539, 802,1984.59, 8581,0,1879.78
110.00183, 5.000021,150579, 782,1984.06, 9164,0,1882.01
115.001823, 4.999993,150570, 771,1984.86, 15861,0,1874.68
120.001852, 5.000029,150275, 744,1985.77, 10026,0,1886.29
121.00196, 1.000108,30198, 744,1988, 10026,0,1888.91

