elapsed, window, n, min, mean, max, errors, median
5.000386, 5.000386,8790, 90688,152122, 294471,4,150350
10.001396, 5.00101,8431, 90984,154856, 294471,3,170977
15.001385, 4.999989,8527, 90853,155704, 290660,7,171827
20.001372, 4.999987,8435, 90995,156050, 296455,4,172849
25.001412, 5.00004,8408, 90845,155429, 276384,1,171796
30.001387, 4.999975,8429, 90944,155382, 275270,0,171813
35.001356, 4.999969,8378, 90921,155446, 290022,4,170971
40.00139, 5.000034,8385, 90912,154672, 282263,0,170936
45.001375, 4.999985,8496, 90912,155250, 288881,2,171311
50.001413, 5.000038,8517, 90945,154863, 284844,0,171779
55.001452, 5.000039,8520, 90942,154713, 282140,5,171279
60.001386, 4.999934,8471, 90899,156119, 293730,2,172315
65.001443, 5.000057,8363, 90899,156239, 405254,1,171737
70.001458, 5.000015,8574, 90812,155233, 296398,0,171414
75.001372, 4.999914,8478, 90812,155302, 284296,2,171750
80.001376, 5.000004,8472, 90939,155185, 305001,6,171433
85.001352, 4.999976,8482, 90596,154876, 289614,1,170980
90.001455, 5.000103,8472, 90596,155101, 315889,4,170617
95.001386, 4.999931,8404, 90854,154787, 279538,6,171440
100.001368, 4.999982,8423, 91040,154520, 290438,4,170712
105.001388, 5.00002,8591, 90981,153877, 290438,3,169289
110.001389, 5.000001,8540, 90903,154337, 280681,5,170769
115.00138, 4.999991,8476, 90947,154614, 284686,5,170470
120.001449, 5.000069,8584, 90803,154032, 276333,1,170489
121.004582, 1.003133,1691, 90803,153565, 276333,0,170118

