elapsed, window, n, min, mean, median, 95th, 99th, 99_9th, max, errors
5.000874, 5.000874, 587581, 183, 947.9, 833, 1862, 2472, 3555, 7716, 0
10.001779, 5.000905, 525508, 184, 951.6, 840, 1847, 2456, 3824, 9461, 0
15.001896, 5.000117, 520556, 179, 951.2, 846, 1823, 2419, 3485, 7769, 0
20.001786, 4.99989, 519783, 178, 950.3, 844, 1824, 2452, 3854, 11264, 0
25.001804, 5.000018, 521483, 189, 948.6, 841, 1835, 2446, 3693, 9647, 0
30.001712, 4.999908, 517613, 184, 949.6, 841, 1839, 2444, 3538, 6678, 0
35.001686, 4.999974, 518942, 186, 953.3, 843, 1837, 2474, 3891, 8261, 0
40.001658, 4.999972, 519504, 191, 952.9, 840, 1851, 2496, 3698, 7262, 0
45.001808, 5.00015, 517692, 179, 951.2, 839, 1840, 2484, 4136, 11566, 0
50.001687, 4.999879, 520881, 184, 950.8, 842, 1837, 2472, 3596, 8318, 0
55.001825, 5.000138, 519630, 184, 950.1, 843, 1831, 2433, 3609, 8716, 0
60.001703, 4.999878, 512133, 179, 959.0, 843, 1874, 2522, 3970, 9282, 0
65.001829, 5.000126, 517783, 177, 960.4, 843, 1883, 2520, 3608, 9054, 0
70.001707, 4.999878, 513936, 191, 958.1, 841, 1881, 2519, 3696, 9623, 0
75.00176, 5.000053, 516459, 188, 959.4, 845, 1876, 2511, 4058, 9259, 0
80.001731, 4.999971, 516999, 183, 958.9, 841, 1890, 2534, 3873, 9602, 0
85.001714, 4.999983, 517983, 176, 956.1, 840, 1877, 2510, 3591, 11539, 0
90.001698, 4.999984, 518514, 180, 955.1, 838, 1887, 2542, 3632, 10880, 0
95.001664, 4.999966, 515290, 180, 957.2, 843, 1875, 2507, 3778, 8964, 0
100.001709, 5.000045, 515524, 182, 956.3, 842, 1871, 2504, 3653, 8028, 0
105.001671, 4.999962, 517362, 184, 957.0, 840, 1885, 2539, 3927, 11572, 0
110.001652, 4.999981, 514465, 171, 958.9, 844, 1878, 2523, 4105, 9282, 0
115.001668, 5.000016, 517223, 191, 953.3, 838, 1863, 2469, 3503, 10404, 0
120.00175, 5.000082, 518955, 181, 954.9, 842, 1853, 2493, 3871, 9668, 0
121.002949, 1.001199, 103905, 181, 957.6, 844, 1856, 2524, 4215, 9668, 0
