elapsed, window, n, min, mean, median, 95th, 99th, 99_9th, max, errors
5.000908, 5.000908, 0, 0, 0, 0, 0, 0, 0, 0, 0
10.001961, 5.001053, 0, 0, 0, 0, 0, 0, 0, 0, 0
15.001912, 4.999951, 0, 0, 0, 0, 0, 0, 0, 0, 0
20.001904, 4.999992, 10, 1055, 1151.8, 1101, 1397, 1397, 1397, 1397, 0
25.001929, 5.000025, 9, 941, 1043.0, 1031, 1157, 1157, 1157, 1157, 0
30.001933, 5.000004, 6, 951, 1094.8, 1068, 1259, 1259, 1259, 1259, 0
35.001905, 4.999972, 7, 919, 1074.6, 1072, 1253, 1253, 1253, 1253, 0
40.001912, 5.000007, 5, 1002, 1167.6, 1037, 1542, 1542, 1542, 1542, 0
45.001902, 4.99999, 0, 0, 0, 0, 0, 0, 0, 0, 0
50.001911, 5.000009, 12, 888, 1087.5, 1088, 1225, 1254, 1254, 1254, 0
55.001896, 4.999985, 6, 877, 1059.3, 1088, 1200, 1200, 1200, 1200, 0
60.001894, 4.999998, 6, 946, 1056.2, 1017, 1210, 1210, 1210, 1210, 0
65.00191, 5.000016, 6, 942, 982.7, 963, 1038, 1038, 1038, 1038, 0
70.001896, 4.999986, 8, 948, 1077.5, 1013, 1445, 1445, 1445, 1445, 0
75.001899, 5.000003, 6, 886, 1063.8, 1071, 1165, 1165, 1165, 1165, 0
80.002049, 5.00015, 5, 923, 1057.2, 1053, 1208, 1208, 1208, 1208, 0
85.000969, 4.99892, 9, 962, 1048.9, 1034, 1184, 1184, 1184, 1184, 0
90.001933, 5.000964, 0, 0, 0, 0, 0, 0, 0, 0, 0
95.00191, 4.999977, 5, 1011, 1054.0, 1038, 1152, 1152, 1152, 1152, 0
100.001949, 5.000039, 8, 985, 1147.0, 1123, 1487, 1487, 1487, 1487, 0
105.0019, 4.999951, 10, 855, 1043.5, 1041, 1312, 1312, 1312, 1312, 0
110.001906, 5.000006, 8, 904, 968.6, 953, 1043, 1043, 1043, 1043, 0
115.001965, 5.000059, 9, 878, 1101.0, 1111, 1361, 1361, 1361, 1361, 0
120.001954, 4.999989, 0, 0, 0, 0, 0, 0, 0, 0, 0
121.025048, 1.023094, 2, 959, 1073.6, 1035, 1311, 1311, 1311, 1311, 0
