elapsed, window, n, min, mean, median, 95th, 99th, 99_9th, max, errors
5.000725, 5.000725, 109, 556, 3351.9, 3318, 7613, 8214, 8422, 8422, 0
10.001725, 5.001, 65, 556, 682.3, 677, 792, 832, 854, 854, 0
15.001718, 4.999993, 59, 569, 697.2, 694, 827, 871, 963, 963, 0
20.001702, 4.999984, 59, 571, 700.4, 689, 869, 936, 963, 963, 0
25.001707, 5.000005, 71, 539, 672.5, 667, 769, 802, 831, 831, 0
30.001699, 4.999992, 69, 535, 669.9, 668, 792, 855, 861, 861, 0
35.00174, 5.000041, 60, 561, 656.5, 657, 752, 754, 773, 773, 0
40.001705, 4.999965, 67, 526, 681.6, 684, 785, 836, 905, 905, 0
45.001651, 4.999946, 64, 574, 649.9, 648, 732, 748, 858, 858, 0
50.001703, 5.000052, 63, 519, 642.3, 643, 713, 749, 867, 867, 0
55.001662, 4.999959, 63, 556, 660.8, 649, 745, 841, 906, 906, 0
60.001628, 4.999966, 62, 570, 670.2, 655, 793, 881, 906, 906, 0
65.001707, 5.000079, 61, 553, 670.8, 671, 778, 841, 898, 898, 0
70.001656, 4.999949, 63, 538, 657.4, 645, 779, 811, 958, 958, 0
75.001697, 5.000041, 65, 561, 665.8, 654, 791, 811, 832, 832, 0
80.001693, 4.999996, 65, 512, 635.3, 628, 728, 799, 836, 836, 0
85.001645, 4.999952, 75, 528, 653.6, 660, 720, 826, 843, 843, 0
90.001656, 5.000011, 57, 552, 660.5, 655, 794, 826, 915, 915, 0
95.001704, 5.000048, 73, 520, 648.5, 636, 797, 834, 867, 867, 0
100.001641, 4.999937, 77, 498, 636.2, 641, 737, 777, 781, 781, 0
105.001644, 5.000003, 73, 550, 641.4, 641, 744, 767, 863, 863, 0
110.001647, 5.000003, 67, 558, 646.6, 636, 731, 851, 892, 892, 0
115.001591, 4.999944, 63, 555, 660.4, 651, 765, 796, 812, 812, 0
120.001708, 5.000117, 53, 555, 668.3, 658, 765, 836, 843, 843, 0
125.001713, 5.000005, 71, 533, 651.9, 651, 730, 825, 834, 834, 0
130.001717, 5.000004, 72, 492, 646.6, 638, 768, 815, 841, 841, 0
135.001669, 4.999952, 63, 540, 648.4, 644, 768, 816, 879, 879, 0
140.001657, 4.999988, 71, 501, 648.4, 643, 741, 768, 970, 970, 0
145.001728, 5.000071, 59, 553, 656.0, 654, 719, 768, 790, 790, 0
150.001646, 4.999918, 64, 535, 638.4, 634, 708, 753, 754, 754, 0
155.001745, 5.000099, 62, 532, 651.9, 644, 742, 755, 866, 866, 0
160.001703, 4.999958, 67, 540, 640.6, 632, 756, 826, 938, 938, 0
165.00174, 5.000037, 81, 544, 639.8, 627, 755, 787, 896, 896, 0
170.001648, 4.999908, 62, 442, 646.9, 628, 765, 871, 896, 896, 0
175.001697, 5.000049, 70, 515, 629.9, 617, 791, 844, 940, 940, 0
180.001697, 5.0, 68, 535, 639.2, 630, 751, 837, 863, 863, 0
181.051887, 1.05019, 14, 535, 644.4, 634, 751, 837, 863, 863, 0
