elapsed, window, total, successful, failed
5.000495, 5.000495, 477119, 477119, 0
10.00149, 5.000995, 430603, 430603, 0
15.001502, 5.000012, 431888, 431888, 0
20.001505, 5.000003, 426551, 426551, 0
25.001482, 4.999977, 433524, 433524, 0
30.001508, 5.000026, 430119, 430119, 0
35.001604, 5.000096, 430724, 430724, 0
40.001527, 4.999923, 434090, 434090, 0
45.001494, 4.999967, 428302, 428302, 0
50.001492, 4.999998, 426277, 426277, 0
55.001501, 5.000009, 431936, 431936, 0
60.001506, 5.000005, 422116, 422116, 0
65.001481, 4.999975, 425856, 425856, 0
70.001492, 5.000011, 426852, 426852, 0
75.001561, 5.000069, 424377, 424377, 0
80.001567, 5.000006, 420987, 420987, 0
85.001482, 4.999915, 426705, 426705, 0
90.001618, 5.000136, 420802, 420802, 0
95.001478, 4.99986, 426883, 426883, 0
100.001589, 5.000111, 428226, 428226, 0
105.00151, 4.999921, 422617, 422617, 0
110.001489, 4.999979, 423005, 423005, 0
115.00151, 5.000021, 425996, 425996, 0
120.001501, 4.999991, 424149, 424149, 0
121.029663, 1.028162, 86868, 86868, 0
