elapsed, window, n, min, mean, median, 95th, 99th, 99_9th, max, errors
5.000498, 5.000498, 333281, 205, 1374.3, 931, 4357, 6903, 7965, 12058, 0
10.001635, 5.001137, 314573, 200, 1369.2, 938, 4107, 6923, 7978, 11848, 0
15.001489, 4.999854, 313379, 199, 1372.8, 949, 3979, 6930, 8008, 11913, 0
20.001441, 4.999952, 310471, 197, 1378.5, 944, 4180, 6938, 7990, 11844, 0
25.001442, 5.000001, 310464, 198, 1380.2, 947, 4228, 6932, 7984, 12347, 0
30.001521, 5.000079, 312376, 190, 1375.3, 941, 4267, 6926, 7969, 12242, 0
35.00151, 4.999989, 313028, 205, 1374.4, 943, 4059, 6934, 7966, 12213, 0
40.001446, 4.999936, 312118, 204, 1374.7, 954, 4006, 6929, 8004, 11908, 0
45.001533, 5.000087, 312397, 211, 1374.3, 943, 4234, 6925, 7935, 10078, 0
50.001634, 5.000101, 310494, 201, 1376.7, 948, 4110, 6940, 7946, 12140, 0
55.001472, 4.999838, 313453, 202, 1370.6, 943, 3956, 6925, 7940, 11367, 0
60.001537, 5.000065, 313830, 202, 1371.1, 940, 4173, 6914, 7969, 12609, 0
65.001468, 4.999931, 312826, 202, 1367.5, 945, 4031, 6930, 7966, 12036, 0
70.001434, 4.999966, 313706, 198, 1371.0, 955, 3923, 6936, 7942, 11846, 0
75.001446, 5.000012, 312302, 209, 1371.7, 962, 3825, 6930, 7919, 12256, 0
80.001539, 5.000093, 312340, 202, 1371.1, 958, 3929, 6939, 7950, 12241, 0
85.001504, 4.999965, 312167, 203, 1378.2, 955, 4039, 6921, 7905, 12250, 0
90.001631, 5.000127, 313025, 210, 1374.1, 964, 3918, 6931, 7912, 12250, 0
95.001503, 4.999872, 308491, 205, 1382.6, 964, 4046, 6943, 7952, 11938, 0
100.001466, 4.999963, 311517, 209, 1378.2, 957, 4047, 6943, 7967, 11938, 0
105.001549, 5.000083, 311275, 198, 1376.4, 961, 3983, 6947, 7951, 11974, 0
110.001514, 4.999965, 313407, 199, 1372.2, 969, 3757, 6948, 7942, 12260, 0
115.001569, 5.000055, 311547, 201, 1375.9, 961, 3956, 6931, 7963, 11941, 0
120.001435, 4.999866, 312439, 199, 1374.8, 955, 3955, 6926, 7951, 12723, 0
121.002601, 1.001166, 63136, 212, 1375.4, 953, 3962, 6926, 7951, 12723, 0
