elapsed, window, n, min, mean, median, 95th, 99th, 99_9th, max, errors
5.00043, 5.00043, 14164, 484, 22176.2, 3492, 47649, 48397, 49069, 49429, 0
10.001392, 5.000962, 14056, 496, 22284.9, 3586, 47659, 48354, 49002, 49756, 0
15.001476, 5.000084, 14084, 479, 22214.5, 3554, 47658, 48385, 49118, 49892, 0
20.001388, 4.999912, 14118, 498, 22351.3, 3870, 47644, 48396, 49035, 49572, 0
25.001392, 5.000004, 14113, 494, 22099.1, 3084, 47544, 48326, 48944, 50468, 0
30.001388, 4.999996, 14085, 491, 22664.2, 40910, 47590, 48337, 48987, 49538, 0
35.001388, 5.0, 14050, 488, 22143.5, 3219, 47651, 48266, 48722, 49023, 0
40.001388, 5.0, 14112, 491, 22488.3, 4616, 47637, 48351, 48944, 49976, 0
45.001391, 5.000003, 14126, 491, 22082.5, 1612, 47554, 48351, 48868, 49959, 0
50.001389, 4.999998, 14121, 500, 21749.7, 1417, 47474, 48245, 48882, 49362, 0
55.001398, 5.000009, 14085, 492, 22608.2, 40844, 47616, 48358, 49017, 50128, 0
60.001391, 4.999993, 14091, 478, 22204.0, 3554, 47570, 48260, 48833, 49459, 0
65.001448, 5.000057, 14157, 492, 22114.0, 2215, 47523, 48303, 49017, 49839, 0
70.001389, 4.999941, 14090, 501, 22495.6, 4392, 47609, 48376, 48963, 49649, 0
75.001436, 5.000047, 14098, 496, 22540.7, 4797, 47641, 48317, 48764, 48990, 0
80.001389, 4.999953, 14127, 491, 22174.1, 2340, 47563, 48318, 48866, 50003, 0
85.001389, 5.0, 14113, 490, 22306.8, 3723, 47551, 48405, 49310, 50283, 0
90.001388, 4.999999, 14111, 506, 22226.0, 3337, 47549, 48345, 49101, 50109, 0
95.001389, 5.000001, 14144, 495, 21925.4, 1517, 47567, 48319, 48909, 50791, 0
100.001391, 5.000002, 14181, 501, 22340.7, 4018, 47496, 48344, 48889, 49748, 0
105.001389, 4.999998, 14087, 479, 21844.1, 1461, 47507, 48269, 48847, 49725, 0
110.001389, 5.0, 14117, 485, 22413.2, 4462, 47589, 48313, 48842, 49192, 0
115.001385, 4.999996, 14086, 480, 22546.0, 4803, 47560, 48284, 48755, 49220, 0
120.00139, 5.000005, 14102, 496, 22346.4, 3878, 47617, 48338, 48910, 49619, 0
121.010278, 1.008888, 2837, 496, 22330.6, 3807, 47665, 48369, 48932, 49619, 0
