elapsed, window, total, successful, failed
5.000286, 5.000286, 36670, 36670, 0
10.001089, 5.000803, 36535, 36535, 0
15.001411, 5.000322, 36619, 36619, 0
20.001086, 4.999675, 36633, 36633, 0
25.001081, 4.999995, 36639, 36639, 0
30.00113, 5.000049, 36685, 36685, 0
35.001083, 4.999953, 36614, 36614, 0
40.001177, 5.000094, 36587, 36587, 0
45.001215, 5.000038, 36628, 36628, 0
50.001136, 4.999921, 36616, 36616, 0
55.001083, 4.999947, 36647, 36647, 0
60.001084, 5.000001, 36632, 36632, 0
65.001137, 5.000053, 36592, 36592, 0
70.001089, 4.999952, 36608, 36608, 0
75.001083, 4.999994, 36589, 36589, 0
80.00139, 5.000307, 36580, 36580, 0
85.001262, 4.999872, 36638, 36638, 0
90.001081, 4.999819, 36654, 36654, 0
95.001461, 5.00038, 36676, 36676, 0
100.001133, 4.999672, 36564, 36564, 0
105.001084, 4.999951, 36637, 36637, 0
110.00116, 5.000076, 36579, 36579, 0
115.001088, 4.999928, 36630, 36630, 0
120.001086, 4.999998, 36615, 36615, 0
121.003157, 1.002071, 7346, 7346, 0
