elapsed, window, total, successful, failed
5.000762, 5.000762, 925, 925, 0
10.001782, 5.00102, 284, 284, 0
15.001767, 4.999985, 493, 493, 0
20.001728, 4.999961, 366, 366, 0
25.00173, 5.000002, 542, 541, 1
30.001733, 5.000003, 323, 322, 1
35.001723, 4.99999, 500, 499, 1
40.001727, 5.000004, 420, 419, 1
45.001675, 4.999948, 361, 361, 0
50.001679, 5.000004, 490, 489, 1
55.001726, 5.000047, 427, 426, 1
60.001725, 4.999999, 470, 469, 1
65.001744, 5.000019, 369, 368, 1
70.001677, 4.999933, 480, 478, 2
75.00177, 5.000093, 423, 423, 0
80.001675, 4.999905, 402, 402, 0
85.001679, 5.000004, 460, 460, 0
90.001674, 4.999995, 413, 412, 1
95.001652, 4.999978, 475, 473, 2
100.001786, 5.000134, 409, 409, 0
105.001729, 4.999943, 442, 442, 0
110.001798, 5.000069, 448, 448, 0
115.001733, 4.999935, 411, 411, 0
120.001725, 4.999992, 461, 461, 0
125.001726, 5.000001, 435, 434, 1
130.001687, 4.999961, 464, 464, 0
135.001722, 5.000035, 442, 442, 0
140.0018, 5.000078, 433, 431, 2
145.001728, 4.999928, 443, 443, 0
150.001673, 4.999945, 427, 427, 0
155.001734, 5.000061, 449, 449, 0
160.001722, 4.999988, 420, 419, 1
165.001669, 4.999947, 435, 435, 0
170.001746, 5.000077, 443, 443, 0
175.001755, 5.000009, 401, 401, 0
180.00174, 4.999985, 437, 437, 0
185.001718, 4.999978, 460, 458, 2
190.001729, 5.000011, 490, 487, 3
195.001725, 4.999996, 414, 414, 0
200.001773, 5.000048, 448, 448, 0
205.001688, 4.999915, 450, 449, 1
210.001737, 5.000049, 439, 437, 2
215.001724, 4.999987, 432, 432, 0
220.001674, 4.99995, 439, 438, 1
225.001745, 5.000071, 434, 434, 0
230.001679, 4.999934, 437, 437, 0
235.001726, 5.000047, 452, 452, 0
240.001667, 4.999941, 438, 436, 2
245.001772, 5.000105, 437, 435, 2
250.001725, 4.999953, 420, 420, 0
255.001723, 4.999998, 428, 428, 0
260.00173, 5.000007, 419, 419, 0
265.001731, 5.000001, 444, 444, 0
270.001684, 4.999953, 447, 447, 0
275.001698, 5.000014, 427, 427, 0
280.001678, 4.99998, 451, 451, 0
285.00173, 5.000052, 436, 436, 0
290.001694, 4.999964, 442, 442, 0
295.001769, 5.000075, 443, 443, 0
300.001726, 4.999957, 452, 452, 0
301.034784, 1.033058, 74, 74, 0
