elapsed, window, n, min, mean, median, 95th, 99th, 99_9th, max, errors
5.000143, 5.000143, 91611, 1238, 4172.7, 4094, 5569, 6428, 8073, 13044, 0
10.001214, 5.001071, 89457, 1252, 4171.2, 4092, 5558, 6463, 8978, 13351, 0
15.001095, 4.999881, 90047, 1486, 4159.9, 4083, 5563, 6431, 8178, 14006, 0
20.001165, 5.00007, 90068, 1735, 4148.7, 4077, 5538, 6332, 7587, 12326, 0
25.001143, 4.999978, 90138, 1335, 4143.6, 4069, 5530, 6383, 7683, 13486, 0
30.00116, 5.000017, 90162, 1335, 4153.1, 4069, 5592, 6469, 7886, 13486, 0
35.001178, 5.000018, 89911, 1463, 4159.1, 4081, 5571, 6405, 8014, 13263, 0
40.001152, 4.999974, 90092, 1311, 4149.8, 4074, 5531, 6334, 7597, 13342, 0
45.001102, 4.99995, 90043, 1656, 4156.5, 4076, 5571, 6464, 7690, 12503, 0
50.001093, 4.999991, 90248, 1531, 4144.5, 4071, 5512, 6323, 7860, 12165, 0
55.001097, 5.000004, 90047, 1705, 4153.3, 4074, 5567, 6431, 7666, 10950, 0
60.001301, 5.000204, 90257, 1850, 4144.2, 4071, 5540, 6355, 7530, 9359, 0
65.001113, 4.999812, 90232, 1261, 4148.2, 4070, 5544, 6406, 7747, 10777, 0
70.001164, 5.000051, 90031, 1467, 4147.8, 4069, 5558, 6397, 7767, 13131, 0
75.001089, 4.999925, 90623, 1467, 4129.0, 4052, 5520, 6363, 7658, 10580, 0
80.00114, 5.000051, 90332, 1318, 4140.7, 4064, 5531, 6357, 7547, 13065, 0
85.001153, 5.000013, 90174, 1668, 4149.5, 4067, 5561, 6427, 7845, 12719, 0
90.001094, 4.999941, 90007, 1234, 4151.2, 4081, 5531, 6341, 7614, 11482, 0
95.001251, 5.000157, 91003, 1601, 4118.0, 4044, 5491, 6272, 7510, 14788, 0
100.001176, 4.999925, 90714, 1499, 4119.3, 4045, 5489, 6351, 7713, 13035, 0
105.001182, 5.000006, 90832, 1877, 4116.5, 4047, 5479, 6306, 7573, 10067, 0
110.001305, 5.000123, 90383, 1495, 4138.5, 4061, 5538, 6389, 7852, 12122, 0
115.0011, 4.999795, 91005, 1552, 4118.1, 4049, 5468, 6235, 7492, 12322, 0
120.001242, 5.000142, 90412, 1326, 4125.7, 4050, 5503, 6339, 8096, 12453, 0
121.0034, 1.002158, 18451, 1326, 4129.2, 4052, 5504, 6350, 8096, 12453, 0
