elapsed, window, n, min, mean, median, 95th, 99th, 99_9th, max, errors
5.000794, 5.000794, 6743, 20443, 27863.8, 22742, 42888, 85663, 115606, 139584, 0
10.00177, 5.000976, 7118, 20447, 26145.1, 22484, 41405, 43546, 46596, 49282, 0
15.001746, 4.999976, 7151, 20470, 25942.9, 22311, 41388, 43381, 46562, 48316, 0
20.001797, 5.000051, 7095, 20454, 26181.3, 22528, 41278, 43431, 46188, 49237, 0
25.001801, 5.000004, 7112, 20451, 26174.6, 22440, 41193, 43211, 45227, 48994, 0
30.001747, 4.999946, 7151, 20464, 26074.7, 22500, 41212, 43190, 45666, 47164, 0
35.001795, 5.000048, 7108, 20460, 26239.1, 22406, 41515, 43226, 45929, 48880, 0
40.00175, 4.999955, 7144, 20459, 26065.4, 22444, 41369, 43568, 47076, 50748, 0
45.001748, 4.999998, 7087, 20461, 26151.6, 22509, 41402, 43314, 45418, 49161, 0
50.001749, 5.000001, 7108, 20445, 26225.5, 22438, 41404, 43218, 45427, 48037, 0
55.001917, 5.000168, 7144, 20451, 26129.3, 22517, 41137, 43470, 46359, 47415, 0
60.001798, 4.999881, 7121, 20475, 26216.0, 22426, 41299, 43370, 46542, 51208, 0
65.001749, 4.999951, 7114, 20428, 26202.4, 22522, 41323, 43406, 46307, 49093, 0
70.001797, 5.000048, 7143, 20453, 26130.7, 22351, 41358, 43213, 45660, 48932, 0
75.001789, 4.999992, 7127, 20466, 26124.3, 22399, 41501, 43514, 46151, 52787, 0
80.001798, 5.000009, 7108, 20442, 26150.2, 22584, 41135, 43540, 46761, 48291, 0
85.001797, 4.999999, 7135, 20451, 26144.4, 22506, 41287, 43375, 46935, 49107, 0
90.001748, 4.999951, 7126, 20505, 26186.5, 22473, 41258, 43596, 47128, 52437, 0
95.002092, 5.000344, 7157, 20438, 26132.8, 22363, 41324, 43254, 45903, 49251, 0
100.000803, 4.998711, 7156, 20420, 26060.4, 22483, 41234, 43348, 45826, 50147, 0
105.001748, 5.000945, 7135, 20463, 26149.2, 22409, 41442, 43525, 45971, 47860, 0
110.00189, 5.000142, 7102, 20473, 26258.2, 22442, 41323, 43391, 45903, 49596, 0
115.001796, 4.999906, 7146, 20453, 26099.6, 22462, 41166, 43359, 46125, 49596, 0
120.001792, 4.999996, 7138, 20462, 26026.9, 22354, 41320, 43204, 45819, 48172, 0
121.00184, 1.000048, 1442, 20408, 25932.9, 22314, 41308, 43204, 45988, 48172, 0
