elapsed, window, total, successful, failed
5.000794, 5.000794, 6743, 6743, 0
10.00177, 5.000976, 7118, 7118, 0
15.001746, 4.999976, 7151, 7151, 0
20.001797, 5.000051, 7095, 7095, 0
25.001801, 5.000004, 7112, 7112, 0
30.001747, 4.999946, 7151, 7151, 0
35.001795, 5.000048, 7108, 7108, 0
40.00175, 4.999955, 7144, 7144, 0
45.001748, 4.999998, 7087, 7087, 0
50.001749, 5.000001, 7108, 7108, 0
55.001917, 5.000168, 7144, 7144, 0
60.001798, 4.999881, 7121, 7121, 0
65.001749, 4.999951, 7114, 7114, 0
70.001797, 5.000048, 7143, 7143, 0
75.001789, 4.999992, 7127, 7127, 0
80.001798, 5.000009, 7108, 7108, 0
85.001797, 4.999999, 7135, 7135, 0
90.001748, 4.999951, 7126, 7126, 0
95.002092, 5.000344, 7157, 7157, 0
100.000803, 4.998711, 7156, 7156, 0
105.001748, 5.000945, 7135, 7135, 0
110.00189, 5.000142, 7102, 7102, 0
115.001796, 4.999906, 7146, 7146, 0
120.001792, 4.999996, 7138, 7138, 0
121.00184, 1.000048, 1442, 1442, 0
