elapsed, window, n, min, mean, median, 95th, 99th, 99_9th, max, errors
5.000791, 5.000791, 7661, 20623, 30272.2, 30982, 39351, 101098, 159260, 182541, 0
10.002023, 5.001232, 8256, 20661, 28122.1, 30832, 35836, 38702, 41557, 44621, 0
15.001945, 4.999922, 8276, 20704, 28128.1, 30876, 35929, 38724, 41856, 47387, 0
20.00181, 4.999865, 8316, 20677, 28034.4, 30717, 35798, 38719, 41027, 43565, 0
25.001845, 5.000035, 8319, 20636, 28007.7, 30759, 35779, 38521, 41713, 44154, 0
30.001793, 4.999948, 8319, 20634, 27967.8, 28729, 35783, 38613, 41916, 43491, 0
35.001846, 5.000053, 8303, 20663, 28023.6, 29921, 35976, 39029, 41793, 44941, 0
40.001796, 4.99995, 8298, 20590, 28050.2, 30775, 35777, 38358, 41386, 44431, 0
45.00179, 4.999994, 8282, 20597, 28042.5, 30770, 35921, 39031, 41962, 47935, 0
50.001792, 5.000002, 8296, 20605, 28033.6, 30374, 35766, 38970, 42662, 47935, 0
55.001792, 5.0, 8299, 20652, 28005.8, 30344, 35710, 38483, 41185, 46751, 0
60.002153, 5.000361, 8281, 20604, 28064.7, 30801, 35719, 38836, 41396, 43525, 0
65.000799, 4.998646, 8289, 20624, 27979.7, 29835, 35773, 38843, 42033, 45883, 0
70.001814, 5.001015, 8321, 20646, 27933.4, 28523, 35645, 38523, 42113, 45834, 0
75.001789, 4.999975, 8293, 20585, 28030.5, 30698, 35687, 38616, 41835, 45401, 0
80.001839, 5.00005, 8324, 20607, 27947.6, 29623, 35669, 38705, 41400, 45286, 0
85.001842, 5.000003, 8286, 20611, 28046.7, 30805, 35668, 38383, 41663, 45433, 0
90.001798, 4.999956, 8325, 20588, 27954.1, 29148, 35626, 38690, 41816, 44087, 0
95.001792, 4.999994, 8270, 20606, 28080.0, 30788, 35770, 38573, 41828, 46084, 0
100.001842, 5.00005, 8314, 20638, 27932.3, 29169, 35631, 38705, 41267, 48911, 0
105.001792, 4.99995, 8299, 20625, 28100.7, 30844, 35659, 38583, 41558, 45474, 0
110.001804, 5.000012, 8295, 20617, 28075.9, 30788, 35754, 38861, 41933, 45138, 0
115.001789, 4.999985, 8334, 20601, 27925.0, 29140, 35548, 38627, 42117, 45820, 0
120.001838, 5.000049, 8257, 20607, 28034.3, 30818, 35776, 39037, 42408, 47048, 0
121.001883, 1.000045, 1643, 20607, 28021.0, 30761, 35734, 39154, 42491, 47048, 0
