elapsed, window, n, min, mean, max, errors, median
5.001151, 5.001151,4060, 901,3077.68, 58939,0,1861.96
10.001153, 5.000002,4839, 877,1507.96, 10116,0,1371.82
15.001152, 4.999999,4905, 868,1404.3, 6682,0,1304.29
20.00124, 5.000088,4898, 865,1351.61, 5317,0,1271.99
25.00124, 5.0,4883, 850,1346.02, 6951,0,1268.25
30.001378, 5.000138,4876, 799,1333.6, 7664,0,1243.84
35.001263, 4.999885,4848, 827,1311.74, 14625,0,1229.56
40.001257, 4.999994,4827, 819,1286.56, 4295,0,1219.06
45.001239, 4.999982,4867, 830,1282.2, 4749,0,1210.29
50.001264, 5.000025,4754, 816,1277.71, 5288,0,1208.58
55.001232, 4.999968,4963, 794,1269.14, 5924,0,1201.76
60.001212, 4.99998,4911, 773,1257.01, 9789,0,1192.87
65.001246, 5.000034,4857, 801,1253.45, 4895,0,1189.08
70.001263, 5.000017,4926, 778,1248.46, 3833,0,1186.62
75.001225, 4.999962,4826, 767,1252, 9846,0,1183.55
80.001123, 4.999898,4850, 836,1249.09, 7122,0,1183.8
85.001198, 5.000075,4933, 819,1250.45, 4867,0,1189.73
90.001102, 4.999904,4829, 793,1251.15, 6867,0,1178.36
95.001219, 5.000117,4858, 813,1257.99, 8127,0,1183.97
100.001232, 5.000013,4794, 791,1250.84, 5520,0,1182.35
105.001212, 4.99998,4780, 743,1257.4, 7367,0,1186.36
110.001152, 4.99994,4773, 792,1257.35, 9648,0,1181.62
115.00115, 4.999998,4942, 824,1259.46, 3918,0,1189.78
120.001219, 5.000069,4874, 787,1240.05, 3958,0,1172.84
125.001228, 5.000009,4875, 765,1241.58, 8496,0,1177.03
130.001106, 4.999878,4831, 773,1246.17, 3045,0,1180.05
135.001186, 5.00008,5003, 833,1250.86, 4361,0,1182.64
140.001109, 4.999923,4936, 773,1260.85, 4946,0,1182.88
145.00112, 5.000011,4771, 813,1261.41, 17035,0,1182.98
150.001131, 5.000011,4925, 793,1259.4, 9593,0,1181.08
155.001227, 5.000096,4868, 814,1260.23, 7604,0,1185.99
160.001105, 4.999878,5020, 797,1246.98, 8145,0,1180.57
165.001098, 4.999993,4856, 811,1262.06, 6761,0,1189.17
170.001101, 5.000003,4823, 801,1261.42, 6898,0,1194.09
175.001191, 5.00009,4956, 801,1266.47, 8442,0,1189.6
180.001117, 4.999926,4805, 798,1259.94, 8442,0,1185.55
181.103408, 1.102291,1039, 798,1254.51, 7974,0,1184.02

