elapsed, window, n, min, mean, max, errors, median
5.001151, 5.001151,54920, 498,1804.06, 47185,0,1113.2
10.001153, 5.000002,51242, 469,886.245, 13630,0,788.044
15.001152, 4.999999,51189, 465,822.894, 13630,0,752.874
20.00124, 5.000088,51377, 461,796.212, 5431,0,738.235
25.00124, 5.0,51255, 456,791.311, 10198,0,731.145
30.001378, 5.000138,51451, 460,783.304, 13866,0,725.18
35.001263, 4.999885,51415, 450,775.334, 16718,0,717.753
40.001257, 4.999994,51228, 459,761.599, 6042,0,711.346
45.001239, 4.999982,51661, 430,757.52, 8246,0,708.786
50.001264, 5.000025,51532, 430,757.641, 7031,0,707.256
55.001232, 4.999968,50877, 437,748.151, 4947,0,703.971
60.001212, 4.99998,51171, 423,741.702, 11328,0,698.374
65.001246, 5.000034,51316, 428,743.064, 17051,0,698.31
70.001263, 5.000017,50757, 439,736.824, 5439,0,693.267
75.001225, 4.999962,50965, 430,740.72, 10736,0,694.89
80.001123, 4.999898,51743, 434,737.427, 7231,0,693.629
85.001198, 5.000075,50484, 430,741.791, 7409,0,696.021
90.001102, 4.999904,50878, 445,739.395, 9560,0,691.717
95.001219, 5.000117,51165, 434,740.756, 9114,0,693.363
100.001232, 5.000013,51574, 426,739.039, 8855,0,693.821
105.001212, 4.99998,51047, 423,742.098, 8736,0,695.062
110.001152, 4.99994,50954, 427,740.413, 9324,0,694.285
115.00115, 4.999998,51088, 425,739.139, 18512,0,693.894
120.001219, 5.000069,50650, 420,735.149, 6073,0,690.87
125.001228, 5.000009,51086, 426,735.999, 8123,0,690.88
130.001106, 4.999878,51521, 431,735.953, 8123,0,690.914
135.001186, 5.00008,50550, 433,739.315, 4479,0,693.037
140.001109, 4.999923,50751, 422,743.098, 7518,0,693.822
145.00112, 5.000011,51222, 429,742.368, 11200,0,693.425
150.001131, 5.000011,51092, 414,742.553, 10591,0,692.935
155.001227, 5.000096,50717, 409,743.545, 9474,0,693.127
160.001105, 4.999878,51004, 427,737.467, 5960,0,689.631
165.001098, 4.999993,51239, 432,742.594, 7999,0,693.417
170.001101, 5.000003,51541, 432,743.292, 9065,0,693.725
175.001191, 5.00009,51362, 433,745.15, 11341,0,691.615
180.001117, 4.999926,51518, 425,747.761, 13811,0,692.734
181.103408, 1.102291,11375, 425,742.924, 16861,0,691.459

