elapsed, window, n, min, mean, median, 95th, 99th, 99_9th, max, errors
5.000631, 5.000631, 60, 631, 14379.8, 882, 98047, 131168, 131559, 131559, 0
10.001702, 5.001071, 708, 490, 15652.6, 840, 110748, 194438, 211844, 256143, 0
15.001709, 5.000007, 634, 508, 14137.7, 785, 110655, 204764, 272312, 273373, 0
20.001691, 4.999982, 956, 504, 16176.6, 802, 112363, 161132, 196229, 199286, 0
25.001739, 5.000048, 366, 500, 19764.0, 734, 117927, 193228, 238281, 238281, 0
30.001733, 4.999994, 471, 518, 20400.1, 1052, 147255, 188783, 326877, 326877, 0
35.001732, 4.999999, 105, 533, 12795.1, 1210, 138767, 158496, 191781, 191781, 0
40.001685, 4.999953, 108, 534, 8428.7, 679, 76251, 120126, 135297, 135297, 0
45.001693, 5.000008, 72, 538, 5361.1, 747, 34201, 76251, 90055, 90055, 0
50.00174, 5.000047, 179, 526, 27277.1, 979, 164160, 265456, 291856, 291856, 0
55.001688, 4.999948, 102, 530, 36861.6, 912, 218310, 266682, 274348, 274348, 0
60.00173, 5.000042, 168, 560, 13677.0, 772, 91114, 171092, 250309, 250309, 0
65.00166, 4.99993, 366, 493, 14460.8, 761, 106586, 179822, 199124, 199124, 0
70.001738, 5.000078, 1166, 493, 11837.5, 778, 99315, 179822, 242416, 257573, 0
75.00171, 4.999972, 1297, 496, 7563.4, 782, 53278, 155188, 209393, 252704, 0
80.001735, 5.000025, 715, 480, 1504.5, 738, 1994, 30703, 48574, 56265, 0
85.00168, 4.999945, 307, 507, 5310.1, 726, 32246, 108683, 197237, 197237, 0
90.001739, 5.000059, 338, 509, 1277.8, 715, 1396, 24920, 58545, 58545, 0
95.00165, 4.999911, 545, 482, 940.0, 751, 2074, 4050, 4853, 6371, 0
100.001639, 4.999989, 288, 518, 2898.2, 794, 3084, 69442, 155181, 155181, 0
105.0016, 4.999961, 686, 505, 9062.4, 766, 67030, 133872, 163542, 169040, 0
110.001838, 5.000238, 143, 531, 2515.4, 719, 1815, 54875, 73606, 73606, 0
115.001723, 4.999885, 315, 494, 2016.1, 738, 4065, 38945, 82897, 82897, 0
120.001668, 4.999945, 656, 471, 1564.3, 747, 2303, 14259, 82154, 82897, 0
121.003759, 1.002091, 207, 488, 1401.7, 753, 2297, 7942, 92376, 92875, 0
