elapsed, window, total, successful, failed
5.000725, 5.000725, 6949, 6949, 0
10.001727, 5.001002, 7396, 7396, 0
15.001725, 4.999998, 7415, 7415, 0
20.001729, 5.000004, 7467, 7467, 0
25.001783, 5.000054, 7403, 7403, 0
30.001977, 5.000194, 7465, 7465, 0
35.002049, 5.000072, 7381, 7381, 0
40.000737, 4.998688, 7428, 7428, 0
45.001731, 5.000994, 7461, 7461, 0
50.001724, 4.999993, 7487, 7487, 0
55.001774, 5.00005, 7453, 7453, 0
60.001762, 4.999988, 7414, 7414, 0
65.001806, 5.000044, 7424, 7424, 0
70.001957, 5.000151, 7450, 7450, 0
75.001777, 4.99982, 7454, 7454, 0
80.00183, 5.000053, 7494, 7494, 0
85.001776, 4.999946, 7445, 7445, 0
90.001915, 5.000139, 7445, 7445, 0
95.001796, 4.999881, 7484, 7484, 0
100.00177, 4.999974, 7476, 7476, 0
105.001782, 5.000012, 7449, 7449, 0
110.001781, 4.999999, 7493, 7493, 0
115.001775, 4.999994, 7432, 7432, 0
120.001785, 5.00001, 7429, 7429, 0
121.001817, 1.000032, 1501, 1501, 0
