elapsed, window, n, min, mean, median, 95th, 99th, 99_9th, max, errors
5.000481, 5.000481, 1084, 503, 6193.8, 1141, 21537, 56983, 450142, 522886, 0
10.001446, 5.000965, 538, 495, 61000.1, 1196, 288809, 789336, 2540752, 2956877, 0
15.001492, 5.000046, 41, 545, 337490.6, 694, 2039412, 4685214, 4685214, 4685214, 0
20.001475, 4.999983, 16, 574, 1540946.6, 708, 12233279, 12234977, 12234977, 12234977, 0
25.001434, 4.999959, 11, 636, 1461432.0, 789, 37996, 15993359, 15993359, 15993359, 0
30.001445, 5.000011, 15, 642, 5686789.7, 6855, 22599486, 22685447, 22685447, 22685447, 0
35.001425, 4.99998, 14, 561, 8847531.6, 27117, 26623132, 28841521, 28841521, 28841521, 0
40.001426, 5.000001, 6, 686, 4624550.2, 809, 27631302, 27631302, 27631302, 27631302, 0
45.00147, 5.000044, 22, 562, 8793238.2, 36596, 35910770, 36228955, 36228955, 36228955, 0
50.001486, 5.000016, 8, 730, 15332.6, 818, 68512, 68512, 68512, 68512, 0
55.001416, 4.99993, 17, 576, 16002322.8, 21268, 47762965, 47979128, 47979128, 47979128, 0
60.001425, 5.000009, 19, 576, 13526401.2, 720, 52969331, 53314449, 53314449, 53314449, 0
65.001428, 5.000003, 20, 582, 2588391.4, 15096, 131599, 51224783, 51224783, 51224783, 0
70.001472, 5.000044, 7, 645, 25903887.4, 30393, 62595019, 62595019, 62595019, 62595019, 0
75.001428, 4.999956, 22, 577, 11997661.8, 852, 66207183, 66612055, 66612055, 66612055, 0
80.001492, 5.000064, 0, 0, 0, 0, 0, 0, 0, 0, 0
85.001487, 4.999995, 0, 0, 0, 0, 0, 0, 0, 0, 0
90.00152, 5.000033, 0, 0, 0, 0, 0, 0, 0, 0, 0
95.001483, 4.999963, 14, 890, 29555660.4, 21829, 83407102, 85236721, 85236721, 85236721, 0
100.001482, 4.999999, 12, 624, 7386402.1, 709, 77794, 88504645, 88504645, 88504645, 0
105.001434, 4.999952, 0, 0, 0, 0, 0, 0, 0, 0, 0
110.001489, 5.000055, 0, 0, 0, 0, 0, 0, 0, 0, 0
112.680917, 2.679428, 0, 0, 0, 0, 0, 0, 0, 0, 33
