elapsed, window, total, successful, failed
5.0009, 5.0009, 631, 631, 0
10.001826, 5.000926, 595, 595, 0
15.001873, 5.000047, 649, 649, 0
20.001814, 4.999941, 682, 682, 0
25.001831, 5.000017, 627, 627, 0
30.001872, 5.000041, 677, 677, 0
35.00182, 4.999948, 688, 688, 0
40.001869, 5.000049, 644, 644, 0
45.001871, 5.000002, 614, 614, 0
50.00187, 4.999999, 656, 656, 0
55.001869, 4.999999, 617, 617, 0
60.001831, 4.999962, 702, 702, 0
65.001885, 5.000054, 669, 669, 0
70.001899, 5.000014, 651, 651, 0
75.001829, 4.99993, 682, 682, 0
80.001823, 4.999994, 649, 649, 0
85.001823, 5.0, 647, 647, 0
90.001827, 5.000004, 648, 648, 0
95.00183, 5.000003, 511, 511, 0
100.001877, 5.000047, 644, 644, 0
105.001874, 4.999997, 698, 698, 0
110.001874, 5.0, 647, 647, 0
115.001873, 4.999999, 711, 711, 0
120.001885, 5.000012, 634, 634, 0
121.002939, 1.001054, 146, 146, 0
