elapsed, window, n, min, mean, median, 95th, 99th, 99_9th, max, errors
5.000753, 5.000753, 2215, 91202, 146364.8, 175085, 196063, 228376, 261125, 279313, 2
10.001966, 5.001213, 2167, 91083, 147589.9, 177168, 196121, 232931, 266952, 286017, 1
15.001809, 4.999843, 2197, 91291, 147014.8, 178604, 193257, 210380, 221720, 223960, 3
20.001754, 4.999945, 2158, 91412, 148884.2, 177906, 195599, 277161, 320273, 331400, 4
25.001761, 5.000007, 2204, 91288, 146310.3, 177701, 192877, 204003, 259639, 283992, 1
30.001751, 4.99999, 2143, 91179, 148064.4, 178946, 195333, 235447, 303247, 314671, 3
35.001707, 4.999956, 2159, 91373, 148832.3, 180358, 192902, 216801, 296546, 303247, 3
40.001675, 4.999968, 2173, 91444, 147395.7, 179381, 192843, 201661, 220329, 228411, 3
45.001668, 4.999993, 2184, 91212, 146489.7, 178313, 192145, 195300, 205762, 209753, 4
50.001711, 5.000043, 2172, 91335, 147687.8, 179134, 193397, 211790, 287259, 299159, 2
55.001808, 5.000097, 2177, 91332, 145816.7, 177161, 192364, 198466, 269500, 273206, 4
60.001748, 4.99994, 2031, 91207, 157934.9, 181478, 213702, 468889, 667304, 742459, 3
65.001719, 4.999971, 2170, 91327, 147502.6, 179558, 192955, 202959, 265259, 285345, 1
70.001667, 4.999948, 2168, 91141, 145732.8, 178762, 192104, 195815, 207214, 212840, 2
75.001745, 5.000078, 2155, 91414, 146340.8, 179437, 192289, 196491, 206678, 218706, 5
80.001707, 4.999962, 2161, 91189, 148338.2, 179779, 192421, 202740, 247640, 293301, 5
85.001704, 4.999997, 2173, 91220, 149580.4, 181446, 192495, 204211, 223857, 294471, 1
90.001739, 5.000035, 2160, 91220, 148175.7, 180600, 193067, 211272, 223289, 223857, 5
95.001681, 4.999942, 2171, 91332, 148650.1, 180179, 193128, 209581, 260379, 298315, 0
100.001731, 5.00005, 2090, 91296, 151163.8, 180882, 196839, 272367, 305050, 321342, 3
105.001709, 4.999978, 2134, 91441, 148506.9, 180509, 192615, 218352, 305050, 316079, 4
110.001691, 4.999982, 2170, 91351, 145441.2, 177823, 191928, 194458, 210474, 212362, 3
115.001741, 5.00005, 2149, 91249, 148607.2, 180084, 193842, 238440, 298420, 320823, 2
120.001721, 4.99998, 2185, 91400, 148839.2, 181281, 192163, 195959, 201306, 206431, 3
121.003859, 1.002138, 426, 91449, 148641.0, 181088, 192158, 196496, 222074, 275851, 0
