elapsed, window, n, min, mean, median, 95th, 99th, 99_9th, max, errors
5.000753, 5.000753, 2288, 991, 41610.1, 6940, 102606, 127836, 153578, 183761, 0
10.001966, 5.001213, 2177, 991, 45373.1, 8995, 103137, 126950, 168665, 185041, 0
15.001809, 4.999843, 2170, 1021, 43472.9, 7117, 101584, 114921, 139061, 141489, 0
20.001754, 4.999945, 2250, 989, 43258.5, 6860, 101768, 120620, 208584, 219527, 0
25.001761, 5.000007, 2123, 963, 45482.4, 9035, 101252, 109124, 159200, 199671, 0
30.001751, 4.99999, 2179, 986, 45394.7, 8915, 104134, 136305, 181366, 194173, 0
35.001707, 4.999956, 2173, 1005, 44887.9, 8678, 101337, 116728, 145178, 190546, 0
40.001675, 4.999968, 2130, 1007, 45173.9, 8748, 101087, 107223, 124159, 128266, 0
45.001668, 4.999993, 2245, 955, 43867.4, 7799, 100847, 103356, 111968, 112779, 0
50.001711, 5.000043, 2199, 1021, 46466.1, 10364, 101739, 118571, 196977, 202341, 0
55.001808, 5.000097, 2234, 1001, 44949.1, 8560, 100882, 104586, 165402, 181049, 0
60.001748, 4.99994, 1979, 970, 48749.8, 8896, 106445, 260868, 353828, 447093, 0
65.001719, 4.999971, 2129, 995, 46088.3, 9124, 101147, 108522, 186710, 218878, 0
70.001667, 4.999948, 2269, 950, 44666.5, 7629, 100925, 104586, 118796, 120752, 0
75.001745, 5.000078, 2231, 962, 44884.6, 8096, 100971, 104693, 120946, 126263, 0
80.001707, 4.999962, 2165, 970, 46578.6, 10473, 101209, 111243, 150986, 182908, 0
85.001704, 4.999997, 2141, 968, 44405.1, 7446, 100997, 106147, 134604, 201203, 0
90.001739, 5.000035, 2154, 1001, 45557.2, 9135, 101089, 118729, 137801, 148766, 0
95.001681, 4.999942, 2214, 975, 44877.3, 8370, 101208, 112182, 190764, 207314, 0
100.001731, 5.00005, 2040, 988, 44472.4, 7034, 101777, 144877, 204946, 214310, 0
105.001709, 4.999978, 2173, 950, 47083.0, 10457, 101143, 113161, 201586, 213264, 0
110.001691, 4.999982, 2185, 952, 46391.3, 9360, 100647, 102773, 116943, 122938, 0
115.001741, 5.00005, 2042, 994, 47596.5, 11156, 101157, 115395, 200934, 229712, 0
120.001721, 4.99998, 2080, 1024, 45933.9, 10024, 100791, 102976, 106883, 112569, 0
121.003859, 1.002138, 390, 1024, 46691.0, 10879, 100783, 103064, 127185, 212353, 0
