elapsed, window, total, successful, failed
5.000733, 5.000733, 71348, 71348, 0
10.001559, 5.000826, 44782, 44782, 0
15.001539, 4.99998, 47638, 47638, 0
20.001576, 5.000037, 40248, 40248, 0
25.001573, 4.999997, 45576, 45576, 0
30.001558, 4.999985, 41398, 41398, 0
35.001556, 4.999998, 41919, 41919, 0
40.001529, 4.999973, 42925, 42925, 0
45.001533, 5.000004, 44483, 44483, 0
50.001526, 4.999993, 44284, 44284, 0
55.001551, 5.000025, 45227, 45227, 0
60.001526, 4.999975, 43875, 43875, 0
65.001604, 5.000078, 42132, 42132, 0
70.001568, 4.999964, 44454, 44454, 0
75.001533, 4.999965, 42422, 42422, 0
80.001555, 5.000022, 44543, 44543, 0
85.001541, 4.999986, 42728, 42728, 0
90.001526, 4.999985, 42945, 42945, 0
95.001619, 5.000093, 43842, 43842, 0
100.001531, 4.999912, 42627, 42627, 0
105.001528, 4.999997, 40291, 40291, 0
110.001525, 4.999997, 39216, 39216, 0
115.001598, 5.000073, 41543, 41543, 0
120.001555, 4.999957, 41169, 41169, 0
121.002711, 1.001156, 8705, 8705, 0
