elapsed, window, n, min, mean, median, 95th, 99th, 99_9th, max, errors
5.000888, 5.000888, 120, 706, 15551.9, 1116, 127622, 221053, 331676, 331676, 0
10.001758, 5.00087, 228, 641, 8847.5, 1032, 69878, 151739, 242211, 242211, 0
15.001908, 5.00015, 477, 572, 11190.2, 963, 81705, 184756, 236823, 272423, 0
20.00177, 4.999862, 97, 693, 7692.7, 976, 76117, 117163, 143807, 143807, 0
25.001891, 5.000121, 213, 555, 9798.7, 898, 86794, 131336, 175159, 175159, 0
30.001854, 4.999963, 245, 643, 5596.3, 1324, 16673, 117712, 127557, 127557, 0
35.00186, 5.000006, 525, 611, 2451.7, 950, 2348, 52887, 140413, 204719, 0
40.001874, 5.000014, 23, 658, 1098.1, 974, 1722, 2146, 2146, 2146, 0
45.001894, 5.00002, 128, 711, 7851.1, 1092, 68356, 120832, 148049, 148049, 0
50.001865, 4.999971, 214, 696, 12779.9, 994, 128876, 194934, 212813, 212813, 0
55.001864, 4.999999, 72, 710, 8569.2, 950, 66198, 130256, 166822, 166822, 0
60.001905, 5.000041, 358, 646, 7250.4, 893, 48733, 124922, 227368, 227368, 0
65.001868, 4.999963, 48, 669, 11558.8, 934, 124879, 202286, 202286, 202286, 0
70.001835, 4.999967, 247, 611, 3546.1, 927, 2906, 68587, 153550, 153550, 0
75.001874, 5.000039, 381, 593, 8603.0, 994, 63048, 146596, 254514, 254514, 0
80.001876, 5.000002, 292, 639, 3828.2, 931, 4337, 71060, 116254, 116254, 0
85.001886, 5.00001, 393, 622, 4434.7, 924, 3046, 114408, 137960, 137960, 0
90.001899, 5.000013, 244, 647, 5725.4, 885, 49499, 80168, 109400, 109400, 0
95.0019, 5.000001, 445, 674, 1993.1, 948, 2219, 16727, 174753, 174753, 0
100.001782, 4.999882, 383, 634, 3708.0, 975, 4391, 88869, 132819, 132819, 0
105.001873, 5.000091, 495, 634, 5038.5, 919, 16639, 103457, 170229, 171047, 0
110.001891, 5.000018, 379, 633, 2235.9, 897, 1791, 54751, 149818, 149818, 0
115.001896, 5.000005, 1261, 600, 2276.2, 945, 2428, 48658, 105344, 130940, 0
120.001919, 5.000023, 1002, 627, 1550.3, 1141, 3478, 6215, 18218, 19750, 0
121.004166, 1.002247, 66, 627, 1576.8, 1170, 3502, 5782, 12171, 19750, 0
