elapsed, window, n, min, mean, max, errors, median
5.001016, 5.001016,420, 1559,14017.3, 187994,0,3244.08
10.00206, 5.001044,0, 0,0, 0,0,0
15.000986, 4.998926,0, 0,0, 0,0,0
20.002062, 5.001076,0, 0,0, 0,0,0
25.001085, 4.999023,0, 0,0, 0,0,0
30.001117, 5.000032,557, 0,16068.7, 248104,0,2566.14
35.001086, 4.999969,107, 0,16968.4, 203657,0,2270.81
40.001026, 4.99994,447, 1490,22120.8, 300428,0,2483.26
45.002065, 5.001039,269, 0,10063.9, 204588,0,2419.73
50.001005, 4.99894,585, 1444,17447.6, 331274,0,2304.92
55.001983, 5.000978,832, 0,28983.3, 425540,0,2471.98
60.002019, 5.000036,784, 1468,16272.3, 245318,0,2504.9
65.002069, 5.00005,961, 1414,18922.9, 248795,0,2344.49
70.001065, 4.998996,731, 1345,17510.8, 247917,0,2354.61
75.001009, 4.999944,422, 1335,10652.5, 273067,0,2272.19
80.00208, 5.001071,297, 0,17860.1, 335475,0,2387.94
85.001016, 4.998936,717, 1361,22121.8, 255918,0,2485.79
90.002028, 5.001012,479, 1442,13744.5, 202992,0,2401.33
95.00207, 5.000042,380, 0,31620.8, 544990,0,2444.98
100.001013, 4.998943,348, 0,11928.7, 227161,0,2510.41
105.00202, 5.001007,617, 1461,27370.5, 333369,0,2514.07
110.001076, 4.999056,305, 1443,27834.8, 315576,0,2652.42
115.001059, 4.999983,322, 1369,23930.1, 258762,0,2370.02
120.001095, 5.000036,150, 0,16011, 367898,0,2171.42
121.005263, 1.004168,79, 0,16282.5, 191494,0,4053.54

