elapsed, window, n, min, mean, max, errors, median
5.001016, 5.001016,420, 852,174919, 715038,0,181728
10.00206, 5.001044,0, 0,0, 0,0,0
15.000986, 4.998926,0, 0,0, 0,0,0
20.002062, 5.001076,0, 0,0, 0,0,0
25.001085, 4.999023,0, 0,0, 0,0,0
30.001117, 5.000032,557, 0,268150, 430135,0,277951
35.001086, 4.999969,110, 0,224006, 461919,0,240709
40.001026, 4.99994,442, 884,253372, 472736,0,270036
45.002065, 5.001039,270, 0,185657, 482200,0,164639
50.001005, 4.99894,588, 804,171329, 511081,0,101694
55.001983, 5.000978,828, 0,304708, 641084,0,309022
60.002019, 5.000036,783, 767,216071, 433864,0,196513
65.002069, 5.00005,963, 803,193343, 430657,0,213518
70.001065, 4.998996,730, 773,184465, 534287,0,180555
75.001009, 4.999944,422, 925,66549.7, 443357,0,58857.2
80.00208, 5.001071,316, 0,109916, 452620,0,72994
85.001016, 4.998936,976, 864,228890, 436740,0,231494
90.002028, 5.001012,478, 878,209396, 441922,0,218277
95.00207, 5.000042,380, 0,336296, 671300,0,330235
100.001013, 4.998943,440, 831,168024, 484748,0,176946
105.00202, 5.001007,669, 790,204746, 497879,0,212992
110.001076, 4.999056,307, 885,223168, 460902,0,221618
115.001059, 4.999983,320, 821,172607, 504413,0,163953
120.001095, 5.000036,149, 0,80009, 449878,0,14706.8
121.005263, 1.004168,84, 0,106182, 393008,0,74277.3

