elapsed, window, n, min, mean, median, 95th, 99th, 99_9th, max, errors
5.000862, 5.000862, 0, 0, 0, 0, 0, 0, 0, 0, 0
10.001739, 5.000877, 7, 941, 1174.1, 1207, 1375, 1375, 1375, 1375, 0
15.001841, 5.000102, 38, 986, 1222.4, 1217, 1440, 1628, 1628, 1628, 0
20.001839, 4.999998, 30, 1018, 1257.5, 1222, 1568, 1662, 1662, 1662, 0
25.001838, 4.999999, 27, 1030, 1206.4, 1192, 1369, 1750, 1750, 1750, 0
30.001851, 5.000013, 18, 927, 1216.3, 1204, 1410, 1504, 1504, 1504, 0
35.001842, 4.999991, 44, 962, 1181.1, 1139, 1380, 1488, 1488, 1488, 0
40.001829, 4.999987, 21, 960, 1203.1, 1192, 1350, 1443, 1443, 1443, 0
45.001775, 4.999946, 25, 910, 1190.2, 1148, 1405, 1618, 1618, 1618, 0
50.00184, 5.000065, 38, 995, 1202.2, 1217, 1317, 1595, 1595, 1595, 0
55.001828, 4.999988, 37, 888, 1195.1, 1170, 1458, 1575, 1575, 1575, 0
60.001778, 4.99995, 42, 978, 1186.9, 1179, 1414, 1512, 1512, 1512, 0
65.001845, 5.000067, 31, 973, 1144.3, 1157, 1350, 1370, 1370, 1370, 0
70.001852, 5.000007, 37, 887, 1141.8, 1144, 1349, 1390, 1390, 1390, 0
75.001826, 4.999974, 26, 926, 1144.0, 1128, 1324, 1367, 1367, 1367, 0
80.001866, 5.00004, 37, 987, 1173.2, 1140, 1346, 1414, 1414, 1414, 0
85.001788, 4.999922, 32, 998, 1137.3, 1119, 1283, 1326, 1326, 1326, 0
90.00179, 5.000002, 20, 1037, 1164.5, 1148, 1313, 1404, 1404, 1404, 0
95.00179, 5.0, 32, 941, 1197.7, 1188, 1394, 1638, 1638, 1638, 0
100.001843, 5.000053, 38, 1001, 1175.0, 1174, 1356, 1454, 1454, 1454, 0
105.00183, 4.999987, 34, 970, 1160.8, 1163, 1260, 1464, 1464, 1464, 0
110.001838, 5.000008, 26, 928, 1185.0, 1167, 1363, 1539, 1539, 1539, 0
115.00184, 5.000002, 35, 902, 1143.5, 1128, 1362, 1401, 1401, 1401, 0
120.001883, 5.000043, 20, 932, 1137.6, 1143, 1278, 1281, 1281, 1281, 0
121.024939, 1.023056, 13, 897, 1127.9, 1119, 1357, 1382, 1382, 1382, 0
