elapsed, window, n, min, mean, median, 95th, 99th, 99_9th, max, errors
5.000462, 5.000462, 865, 945, 6116.3, 2095, 22571, 79772, 115520, 149637, 0
10.001593, 5.001131, 384, 945, 17956.2, 1647, 105926, 144475, 222115, 222115, 0
15.001541, 4.999948, 384, 970, 19492.7, 1939, 108086, 158309, 182375, 182375, 0
20.001539, 4.999998, 461, 960, 12377.7, 1468, 107716, 165394, 207811, 207811, 0
25.001548, 5.000009, 367, 949, 10649.0, 1597, 60936, 149452, 221118, 221118, 0
30.001517, 4.999969, 524, 958, 13632.4, 1953, 106840, 129678, 158995, 197933, 0
35.00154, 5.000023, 552, 992, 15242.4, 1794, 105455, 155815, 248803, 249091, 0
40.001558, 5.000018, 424, 939, 15949.9, 2197, 114875, 249091, 276225, 276225, 0
45.001464, 4.999906, 457, 841, 9697.2, 1519, 50335, 174917, 251402, 251402, 0
50.001462, 4.999998, 502, 950, 12922.9, 1648, 107428, 138383, 161304, 221875, 0
55.001543, 5.000081, 660, 893, 8456.1, 1733, 56384, 124671, 144888, 156601, 0
60.001541, 4.999998, 413, 964, 13062.8, 1591, 109927, 146345, 235085, 235085, 0
65.001417, 4.999876, 427, 948, 14830.4, 1499, 106754, 130805, 176825, 176825, 0
70.001559, 5.000142, 498, 923, 8363.8, 1690, 55631, 122877, 139576, 139877, 0
75.001438, 4.999879, 487, 923, 14937.5, 1507, 99342, 180598, 208650, 267168, 0
80.001464, 5.000026, 593, 990, 13945.9, 1694, 94123, 154735, 192310, 214843, 0
85.001498, 5.000034, 545, 908, 10938.0, 1599, 78210, 172317, 205724, 218237, 0
90.001502, 5.000004, 418, 982, 13272.7, 1886, 86483, 208267, 293322, 293322, 0
95.001474, 4.999972, 486, 914, 12054.5, 1707, 82945, 129044, 150995, 220763, 0
100.001429, 4.999955, 421, 882, 9774.8, 1735, 75702, 131919, 156668, 156668, 0
105.001424, 4.999995, 598, 922, 11130.0, 1777, 91654, 147091, 184584, 210322, 0
110.001432, 5.000008, 465, 944, 13529.9, 1683, 98654, 148785, 213956, 213956, 0
115.001553, 5.000121, 505, 962, 18633.5, 1611, 134863, 224733, 235036, 295757, 0
120.001501, 4.999948, 493, 850, 16439.5, 1712, 120715, 168386, 218427, 221706, 0
121.003699, 1.002198, 79, 850, 15342.4, 1598, 122822, 168386, 218427, 221706, 0
