elapsed, window, total, successful, failed
5.000533, 5.000533, 28952, 28952, 0
10.001547, 5.001014, 28545, 28545, 0
15.001425, 4.999878, 28688, 28688, 0
20.001452, 5.000027, 28745, 28745, 0
25.001425, 4.999973, 28474, 28474, 0
30.001424, 4.999999, 28376, 28376, 0
35.001575, 5.000151, 27827, 27827, 0
40.001643, 5.000068, 26518, 26518, 0
45.001398, 4.999755, 28763, 28763, 0
50.00148, 5.000082, 29254, 29254, 0
55.001399, 4.999919, 29479, 29479, 0
60.001411, 5.000012, 29998, 29998, 0
65.001404, 4.999993, 30622, 30622, 0
70.001396, 4.999992, 30104, 30104, 0
75.001516, 5.00012, 30863, 30863, 0
80.0015, 4.999984, 30711, 30711, 0
85.001503, 5.000003, 31376, 31376, 0
90.001473, 4.99997, 31084, 31084, 0
95.001417, 4.999944, 31675, 31675, 0
100.001417, 5.0, 31290, 31290, 0
105.00139, 4.999973, 32012, 32012, 0
110.001422, 5.000032, 32297, 32297, 0
115.001408, 4.999986, 32460, 32460, 0
120.001469, 5.000061, 32774, 32774, 0
125.001411, 4.999942, 32078, 32078, 0
130.001402, 4.999991, 32426, 32426, 0
135.001392, 4.99999, 32853, 32853, 0
140.001538, 5.000146, 33033, 33033, 0
145.001438, 4.9999, 33011, 33011, 0
150.001531, 5.000093, 33382, 33382, 0
155.001524, 4.999993, 33547, 33547, 0
160.001388, 4.999864, 33564, 33564, 0
165.001449, 5.000061, 33850, 33850, 0
170.001521, 5.000072, 33685, 33685, 0
175.001469, 4.999948, 33790, 33790, 0
180.001411, 4.999942, 33885, 33885, 0
185.001448, 5.000037, 34574, 34574, 0
190.001453, 5.000005, 34556, 34556, 0
195.001401, 4.999948, 34273, 34273, 0
200.001685, 5.000284, 34672, 34672, 0
205.001491, 4.999806, 34432, 34432, 0
210.001391, 4.9999, 34893, 34893, 0
215.001413, 5.000022, 35096, 35096, 0
220.001392, 4.999979, 35231, 35231, 0
225.001397, 5.000005, 34849, 34849, 0
230.001471, 5.000074, 35316, 35316, 0
235.001427, 4.999956, 35364, 35364, 0
240.001555, 5.000128, 35521, 35521, 0
245.001564, 5.000009, 35345, 35345, 0
250.001493, 4.999929, 35086, 35086, 0
255.001429, 4.999936, 35460, 35460, 0
260.001429, 5.0, 35574, 35574, 0
265.00141, 4.999981, 35634, 35634, 0
270.001448, 5.000038, 35153, 35153, 0
275.001384, 4.999936, 35453, 35453, 0
280.001398, 5.000014, 36153, 36153, 0
285.001458, 5.00006, 35482, 35482, 0
290.001401, 4.999943, 35626, 35626, 0
295.001461, 5.00006, 36330, 36330, 0
300.001392, 4.999931, 36530, 36530, 0
301.003729, 1.002337, 8582, 8582, 0
