elapsed, window, total, successful, failed
5.001212, 5.001212, 53975, 53975, 0
10.001372, 5.00016, 52361, 52361, 0
15.001419, 5.000047, 51619, 51619, 0
20.001358, 4.999939, 51793, 51793, 0
25.00146, 5.000102, 50896, 50896, 0
30.001421, 4.999961, 50542, 50542, 0
35.001313, 4.999892, 50403, 50403, 0
40.001245, 4.999932, 50021, 50021, 0
45.001393, 5.000148, 49714, 49714, 0
50.001238, 4.999845, 49822, 49822, 0
55.001367, 5.000129, 49882, 49882, 0
60.001214, 4.999847, 49558, 49558, 0
65.001374, 5.00016, 50035, 50035, 0
70.001219, 4.999845, 49711, 49711, 0
75.00128, 5.000061, 49644, 49644, 0
80.001228, 4.999948, 49221, 49221, 0
85.001386, 5.000158, 49230, 49230, 0
90.001334, 4.999948, 49065, 49065, 0
95.001313, 4.999979, 49031, 49031, 0
100.001336, 5.000023, 48570, 48570, 0
105.001363, 5.000027, 48469, 48469, 0
110.001314, 4.999951, 48707, 48707, 0
115.001214, 4.9999, 49118, 49118, 0
120.001208, 4.999994, 48229, 48229, 0
125.0013, 5.000092, 48618, 48618, 0
130.001391, 5.000091, 48324, 48324, 0
135.001305, 4.999914, 48094, 48094, 0
140.001292, 4.999987, 47776, 47776, 0
145.001252, 4.99996, 48129, 48129, 0
150.001216, 4.999964, 47315, 47315, 0
155.001328, 5.000112, 47784, 47784, 0
160.001379, 5.000051, 47403, 47403, 0
165.001205, 4.999826, 47637, 47637, 0
170.001357, 5.000152, 47452, 47452, 0
175.001208, 4.999851, 46613, 46613, 0
180.001253, 5.000045, 47294, 47294, 0
185.001359, 5.000106, 46640, 46640, 0
190.001204, 4.999845, 46992, 46992, 0
195.00123, 5.000026, 47181, 47181, 0
200.001234, 5.000004, 46702, 46702, 0
205.001218, 4.999984, 47018, 47018, 0
210.00121, 4.999992, 46515, 46515, 0
215.001455, 5.000245, 46824, 46824, 0
220.001311, 4.999856, 46190, 46190, 0
225.001212, 4.999901, 46290, 46290, 0
230.001453, 5.000241, 46907, 46907, 0
235.001235, 4.999782, 46400, 46400, 0
240.001314, 5.000079, 45881, 45881, 0
245.001233, 4.999919, 46195, 46195, 0
250.001235, 5.000002, 46339, 46339, 0
255.001295, 5.00006, 46079, 46079, 0
260.001231, 4.999936, 45747, 45747, 0
265.001311, 5.00008, 46010, 46010, 0
270.001286, 4.999975, 45703, 45703, 0
275.0013, 5.000014, 45227, 45227, 0
280.001216, 4.999916, 45764, 45764, 0
285.001342, 5.000126, 45474, 45474, 0
290.001231, 4.999889, 45082, 45082, 0
295.001367, 5.000136, 44994, 44994, 0
300.001242, 4.999875, 45491, 45491, 0
301.071525, 1.070283, 10132, 10132, 0
