elapsed, window, n, min, mean, median, 95th, 99th, 99_9th, max, errors
5.001195, 5.001195, 250, 1036, 3730.4, 2265, 9740, 12729, 12937, 12937, 0
10.001356, 5.000161, 750, 930, 1658.2, 1304, 4276, 6901, 8910, 10247, 0
15.001151, 4.999795, 242, 851, 1223.3, 1194, 1624, 1853, 2243, 2243, 0
20.001225, 5.000074, 508, 851, 1249.4, 1209, 1641, 2022, 2309, 2376, 0
25.001249, 5.000024, 250, 828, 1252.0, 1191, 1681, 2109, 3094, 3094, 0
30.001197, 4.999948, 0, 828, 1236.5, 1171, 1705, 2802, 3094, 3094, 0
35.001203, 5.000006, 0, 0, 0, 0, 0, 0, 0, 0, 0
40.001197, 4.999994, 500, 910, 1317.5, 1217, 1876, 3068, 4313, 4313, 0
45.0012, 5.000003, 500, 916, 1285.4, 1190, 1804, 3218, 5770, 5770, 0
50.00121, 5.00001, 0, 0, 0, 0, 0, 0, 0, 0, 0
55.001223, 5.000013, 250, 822, 1319.5, 1128, 2702, 3846, 3967, 3967, 0
60.001208, 4.999985, 0, 0, 0, 0, 0, 0, 0, 0, 0
65.001249, 5.000041, 250, 933, 1220.8, 1165, 1644, 2029, 2217, 2217, 0
70.001255, 5.000006, 250, 921, 1214.8, 1185, 1531, 1733, 1882, 1882, 0
75.001209, 4.999954, 250, 892, 1213.5, 1185, 1517, 1770, 1953, 1953, 0
80.001248, 5.000039, 250, 909, 1223.7, 1176, 1599, 2053, 2280, 2280, 0
85.001206, 4.999958, 750, 824, 1143.4, 1122, 1389, 1601, 1945, 2113, 0
90.001148, 4.999942, 250, 826, 1208.2, 1167, 1612, 1774, 1926, 1926, 0
95.00109, 4.999942, 0, 0, 0, 0, 0, 0, 0, 0, 0
100.00119, 5.0001, 250, 856, 1168.0, 1131, 1533, 1716, 1788, 1788, 0
105.001234, 5.000044, 750, 879, 1167.3, 1134, 1477, 1677, 2052, 2136, 0
110.001202, 4.999968, 250, 891, 1160.2, 1127, 1450, 1785, 1834, 1834, 0
115.001155, 4.999953, 448, 894, 1286.1, 1189, 1733, 3544, 5563, 5563, 0
120.00121, 5.000055, 552, 806, 1265.7, 1141, 1648, 5022, 5563, 8066, 0
121.009283, 1.008073, 0, 806, 1243.4, 1131, 1509, 5022, 8066, 8066, 0
