elapsed, window, n, min, mean, median, 95th, 99th, 99_9th, max, errors
5.001195, 5.001195, 1250, 488, 2866.5, 835, 8733, 9304, 9636, 9804, 0
10.001356, 5.000161, 250, 513, 680.0, 668, 818, 1193, 1324, 1324, 0
15.001151, 4.999795, 500, 473, 652.6, 644, 784, 880, 1204, 1324, 0
20.001225, 5.000074, 250, 506, 678.0, 669, 833, 927, 1210, 1210, 0
25.001249, 5.000024, 1250, 422, 647.8, 640, 770, 838, 1059, 1402, 0
30.001197, 4.999948, 750, 493, 638.3, 634, 755, 819, 888, 907, 0
35.001203, 5.000006, 1000, 484, 650.2, 644, 759, 848, 970, 1056, 0
40.001197, 4.999994, 295, 476, 743.4, 667, 987, 3318, 4129, 5895, 0
45.0012, 5.000003, 205, 476, 814.2, 651, 2131, 3997, 5895, 5895, 0
50.00121, 5.00001, 1250, 465, 623.6, 619, 734, 789, 859, 869, 0
55.001223, 5.000013, 750, 465, 809.4, 629, 871, 6432, 9115, 10920, 0
60.001208, 4.999985, 750, 465, 636.1, 627, 752, 808, 888, 890, 0
65.001249, 5.000041, 1000, 436, 625.6, 620, 726, 804, 910, 1071, 0
70.001255, 5.000006, 0, 0, 0, 0, 0, 0, 0, 0, 0
75.001209, 4.999954, 500, 464, 606.3, 598, 731, 813, 871, 871, 0
80.001248, 5.000039, 0, 0, 0, 0, 0, 0, 0, 0, 0
85.001206, 4.999958, 499, 500, 620.0, 615, 721, 808, 898, 898, 0
90.001148, 4.999942, 501, 477, 631.5, 623, 751, 829, 988, 1183, 0
95.00109, 4.999942, 0, 0, 0, 0, 0, 0, 0, 0, 0
100.00119, 5.0001, 250, 489, 603.4, 601, 699, 760, 815, 815, 0
105.001234, 5.000044, 250, 485, 628.6, 621, 743, 846, 894, 894, 0
110.001202, 4.999968, 0, 0, 0, 0, 0, 0, 0, 0, 0
115.001155, 4.999953, 250, 458, 623.7, 579, 817, 1510, 2535, 2535, 0
120.00121, 5.000055, 0, 458, 572.7, 563, 702, 792, 808, 808, 0
121.009283, 1.008073, 250, 481, 615.4, 608, 716, 802, 846, 846, 0
