elapsed, window, total, successful, failed
5.000756, 5.000756,999899,999899,0
10.001713, 5.000957,961952,961952,0
15.001719, 5.000006,959604,959604,0
20.001718, 4.999999,954888,954888,0
25.00176, 5.000042,953191,953191,0
30.001721, 4.999961,953318,953318,0
35.001718, 4.999997,945396,945396,0
40.001741, 5.000023,947549,947549,0
45.001736, 4.999995,943856,943856,0
50.001707, 4.999971,942822,942822,0
55.001748, 5.000041,941777,941777,0
60.001768, 5.00002,936330,936330,0
65.001741, 4.999973,935037,935037,0
70.001737, 4.999996,929268,929268,0
75.001719, 4.999982,933710,933710,0
80.001742, 5.000023,930184,930184,0
85.001709, 4.999967,928192,928192,0
90.00172, 5.000011,926920,926920,0
95.001712, 4.999992,922375,922375,0
100.001733, 5.000021,923380,923380,0
105.00176, 5.000027,921364,921364,0
110.001722, 4.999962,919060,919060,0
115.001751, 5.000029,917084,917084,0
120.001711, 4.99996,914802,914802,0
121.005774, 1.004063,188669,188669,0

