elapsed, window, n, min, mean, median, 95th, 99th, 99_9th, max, errors
5.000885, 5.000885, 102, 21309, 48122.6, 46843, 59990, 65874, 79253, 79253, 0
10.001887, 5.001002, 96, 20718, 51254.7, 58763, 59867, 60094, 60250, 60250, 0
15.001885, 4.999998, 100, 20459, 49952.1, 58734, 59875, 60121, 60142, 60142, 0
20.001886, 5.000001, 102, 20845, 48985.1, 56876, 59855, 60064, 60178, 60178, 0
25.001887, 5.000001, 106, 21601, 46565.8, 42521, 59853, 59925, 60122, 60122, 0
30.001885, 4.999998, 108, 20661, 45460.2, 44104, 59915, 60057, 60159, 60159, 0
35.001887, 5.000002, 100, 20790, 47859.5, 46392, 59865, 60058, 60195, 60195, 0
40.001886, 4.999999, 99, 21262, 50494.9, 58391, 59942, 60133, 60171, 60171, 0
45.001886, 5.0, 101, 20411, 49486.2, 57220, 59930, 60018, 60141, 60141, 0
50.001888, 5.000002, 99, 21642, 49967.0, 57714, 59855, 60102, 60303, 60303, 0
55.001886, 4.999998, 98, 20585, 49571.9, 57450, 59911, 60098, 60243, 60243, 0
60.001887, 5.000001, 91, 20585, 54076.3, 59620, 60038, 60125, 60167, 60167, 0
65.001888, 5.000001, 104, 21086, 49052.4, 57520, 59964, 60108, 60167, 60167, 0
70.001888, 5.0, 101, 20644, 48262.2, 45361, 59819, 59863, 59952, 59952, 0
75.001886, 4.999998, 103, 20689, 48046.5, 41597, 59897, 60130, 60145, 60145, 0
80.001886, 5.0, 99, 20380, 50187.7, 57360, 59890, 60319, 60355, 60355, 0
85.001886, 5.0, 102, 23114, 48959.0, 54482, 59830, 59993, 60066, 60066, 0
90.001886, 5.0, 99, 24934, 50964.3, 54520, 59879, 59942, 59943, 59943, 0
95.001885, 4.999999, 100, 24321, 49194.2, 52261, 59836, 60037, 60054, 60054, 0
100.001887, 5.000002, 100, 21260, 50048.4, 51822, 59893, 60039, 80229, 80229, 0
105.001886, 4.999999, 102, 20710, 48895.4, 56958, 59872, 60102, 60161, 60161, 0
110.001886, 5.0, 105, 20667, 47692.0, 41169, 59889, 60055, 60081, 60081, 0
115.001887, 5.000001, 101, 20197, 48702.6, 48469, 59836, 59856, 59918, 59918, 0
120.001925, 5.000038, 101, 20463, 50202.4, 58799, 59983, 60334, 60382, 60382, 0
121.001924, 0.999999, 20, 20463, 48947.8, 56098, 59891, 60108, 60123, 60123, 0
