elapsed, window, n, min, mean, median, 95th, 99th, 99_9th, max, errors
5.001112, 5.001112, 5000, 1258, 3527.2, 2346, 10891, 14591, 16857, 22810, 0
10.000989, 4.999877, 4917, 1425, 3521.9, 2342, 11267, 14579, 16726, 21263, 0
15.002001, 5.001012, 4927, 1388, 3567.8, 2308, 11275, 14708, 18748, 24407, 0
20.001976, 4.999975, 4946, 1445, 3458.5, 2308, 10880, 14244, 16388, 17573, 0
25.00197, 4.999994, 4952, 1434, 3560.4, 2368, 11024, 14130, 16122, 17622, 0
30.00199, 5.00002, 4962, 1399, 3540.9, 2326, 10899, 14711, 16870, 17807, 0
35.002235, 5.000245, 4934, 1423, 3493.1, 2339, 10844, 14353, 16381, 18650, 0
40.000998, 4.998763, 4909, 1415, 3600.4, 2359, 11284, 14628, 17105, 23109, 0
45.002058, 5.00106, 4966, 1452, 3595.4, 2364, 11204, 14413, 16829, 19388, 0
50.001058, 4.999, 4893, 1460, 3499.9, 2371, 10655, 14538, 16620, 20821, 0
55.000984, 4.999926, 4847, 1402, 3513.3, 2358, 10911, 14268, 16707, 18845, 0
60.002084, 5.0011, 4987, 1337, 3567.7, 2341, 10835, 14436, 17369, 19434, 0
65.001022, 4.998938, 4892, 1402, 3598.1, 2378, 11167, 14673, 16868, 17947, 0
70.002118, 5.001096, 4910, 1410, 3471.3, 2332, 10463, 14562, 17383, 22019, 0
75.001043, 4.998925, 4892, 1327, 3461.9, 2348, 10634, 14356, 16495, 17847, 0
80.000984, 4.999941, 4909, 1384, 3532.0, 2342, 10949, 14366, 16374, 20841, 0
85.002082, 5.001098, 4967, 1396, 3592.5, 2353, 11214, 14632, 16495, 18633, 0
90.001048, 4.998966, 4917, 1426, 3607.5, 2352, 11299, 14572, 16905, 18205, 0
95.000984, 4.999936, 4910, 1375, 3621.2, 2358, 11392, 14540, 16643, 19502, 0
100.001973, 5.000989, 4950, 1410, 3578.9, 2349, 11061, 14677, 17173, 19141, 0
105.001973, 5.0, 4870, 1401, 3536.7, 2353, 10897, 14432, 17564, 23479, 0
110.002027, 5.000054, 5029, 1406, 3571.6, 2335, 11030, 14291, 17225, 22788, 0
115.001013, 4.998986, 4981, 1370, 3544.4, 2342, 10931, 14131, 16165, 18075, 0
120.002031, 5.001018, 4792, 1489, 3556.3, 2373, 10897, 14357, 16829, 19555, 0
121.004267, 1.002236, 951, 1402, 3531.7, 2346, 11022, 14265, 16605, 19555, 0
