elapsed, window, n, min, mean, median, 95th, 99th, 99_9th, max, errors
5.000729, 5.000729, 449956, 298, 12100.9, 10066, 28373, 38338, 51939, 81559, 0
10.001874, 5.001145, 416407, 360, 12124.0, 9454, 30598, 44249, 59425, 102747, 0
15.001759, 4.999885, 414984, 356, 12062.5, 9689, 29739, 44138, 59020, 101178, 0
20.00187, 5.000111, 413723, 349, 12107.4, 9499, 30328, 47021, 75779, 155622, 0
25.001991, 5.000121, 414594, 356, 12065.8, 9708, 29265, 44426, 61236, 106830, 0
30.001751, 4.99976, 414486, 326, 12030.8, 9622, 29573, 43200, 73255, 143872, 0
35.001738, 4.999987, 410612, 326, 12112.7, 9408, 30911, 43168, 57888, 88286, 0
40.001922, 5.000184, 415599, 423, 12080.8, 9611, 29826, 41270, 56326, 90927, 0
45.00176, 4.999838, 412823, 417, 12086.4, 9555, 30932, 44504, 60557, 102901, 0
50.001773, 5.000013, 414872, 383, 12043.2, 9678, 29482, 43793, 61329, 108978, 0
55.001743, 4.99997, 413205, 306, 12137.3, 8913, 32186, 47957, 77132, 158260, 0
60.001765, 5.000022, 411427, 335, 12191.9, 9944, 29009, 42016, 73120, 158260, 0
65.001756, 4.999991, 410388, 419, 12169.3, 9616, 30288, 42180, 57641, 95269, 0
70.001737, 4.999981, 409083, 383, 12244.4, 9438, 31716, 46315, 62866, 106881, 0
75.001926, 5.000189, 407518, 383, 12203.0, 9311, 31288, 47105, 62441, 101098, 0
80.001741, 4.999815, 408584, 402, 12197.0, 9940, 29268, 41077, 56781, 94382, 0
85.001833, 5.000092, 405465, 227, 12282.8, 9251, 32532, 46137, 63330, 108861, 0
90.001762, 4.999929, 405875, 217, 12355.4, 9718, 31468, 44511, 60129, 93384, 0
95.001798, 5.000036, 410689, 217, 12276.1, 10079, 29509, 41222, 56171, 93182, 0
100.001746, 4.999948, 412643, 407, 12127.0, 10148, 28333, 38554, 51837, 82153, 0
105.001752, 5.000006, 414338, 425, 12112.0, 9989, 28735, 40223, 56762, 106206, 0
110.001787, 5.000035, 414222, 378, 12018.2, 9881, 28520, 39804, 55534, 96969, 0
115.001732, 4.999945, 413475, 233, 12147.9, 9290, 31477, 46178, 62817, 104039, 0
120.001765, 5.000033, 412638, 233, 12123.8, 8816, 33602, 47728, 65689, 101970, 0
121.029855, 1.02809, 83810, 354, 12115.8, 8939, 32805, 46589, 63655, 101970, 0
