elapsed, window, total, successful, failed
5.00089, 5.00089, 11745, 11745, 0
10.001847, 5.000957, 11737, 11737, 0
15.001785, 4.999938, 11758, 11758, 0
20.001857, 5.000072, 11694, 11694, 0
25.001761, 4.999904, 11660, 11660, 0
30.001782, 5.000021, 11630, 11630, 0
35.001752, 4.99997, 11588, 11588, 0
40.00175, 4.999998, 11555, 11555, 0
45.00178, 5.00003, 11480, 11480, 0
50.001768, 4.999988, 11443, 11443, 0
55.001901, 5.000133, 11417, 11417, 0
60.001798, 4.999897, 11403, 11403, 0
65.00189, 5.000092, 11320, 11320, 0
70.00188, 4.99999, 11247, 11247, 0
75.001756, 4.999876, 11209, 11209, 0
80.001789, 5.000033, 11150, 11150, 0
85.001783, 4.999994, 11092, 11092, 0
90.001836, 5.000053, 11038, 11038, 0
95.001786, 4.99995, 10984, 10984, 0
100.001876, 5.00009, 10922, 10922, 0
105.001802, 4.999926, 10861, 10861, 0
110.001839, 5.000037, 10858, 10858, 0
115.001854, 5.000015, 10799, 10799, 0
120.001774, 4.99992, 10794, 10794, 0
125.001749, 4.999975, 10722, 10722, 0
130.001886, 5.000137, 10230, 10230, 0
135.001749, 4.999863, 10490, 10490, 0
140.001768, 5.000019, 10763, 10763, 0
145.001814, 5.000046, 10813, 10813, 0
150.001781, 4.999967, 10751, 10751, 0
155.001799, 5.000018, 10763, 10763, 0
160.001907, 5.000108, 10784, 10784, 0
165.001775, 4.999868, 10778, 10778, 0
170.001839, 5.000064, 10810, 10810, 0
175.001878, 5.000039, 10805, 10805, 0
180.001791, 4.999913, 10834, 10834, 0
181.00286, 1.001069, 2170, 2170, 0
