elapsed, window, n, min, mean, median, 95th, 99th, 99_9th, max, errors
5.001103, 5.001103, 35, 1068, 3771.6, 3387, 5485, 5810, 5810, 5810, 0
10.001118, 5.000015, 0, 0, 0, 0, 0, 0, 0, 0, 0
15.001015, 4.999897, 70, 2669, 69684.2, 62532, 121403, 124664, 130903, 130903, 0
20.002216, 5.001201, 70, 1797, 67852.7, 58618, 140817, 152767, 168365, 168365, 0
25.000998, 4.998782, 161, 848, 65251.9, 62388, 142510, 166295, 170701, 170701, 0
30.002107, 5.001109, 153, 827, 66960.0, 64530, 167496, 193668, 213803, 213803, 0
35.001105, 4.998998, 71, 827, 34421.6, 6656, 96943, 126903, 149246, 149246, 0
40.00112, 5.000015, 139, 3818, 64998.1, 60308, 125439, 145120, 164814, 164814, 0
45.001145, 5.000025, 85, 1103, 75979.4, 71781, 145120, 154270, 154553, 154553, 0
50.001126, 4.999981, 63, 825, 40548.9, 44422, 83851, 94325, 95932, 95932, 0
55.001008, 4.999882, 28, 976, 68795.9, 60517, 122314, 148561, 148561, 148561, 0
60.00212, 5.001112, 38, 23896, 70930.2, 63750, 129980, 132707, 132707, 132707, 0
65.000988, 4.998868, 109, 1802, 55123.6, 55585, 132982, 187393, 191096, 191096, 0
70.001998, 5.00101, 74, 970, 56993.0, 56447, 107103, 129475, 143345, 143345, 0
75.002111, 5.000113, 59, 926, 35879.6, 34301, 100859, 120874, 123419, 123419, 0
80.001119, 4.999008, 87, 4306, 85363.2, 82662, 139006, 158348, 160171, 160171, 0
85.001018, 4.999899, 87, 3314, 75506.7, 60862, 158348, 198588, 222771, 222771, 0
90.002107, 5.001089, 0, 0, 0, 0, 0, 0, 0, 0, 0
95.001108, 4.999001, 0, 0, 0, 0, 0, 0, 0, 0, 0
100.001073, 4.999965, 52, 2395, 75280.4, 67249, 146541, 176626, 193920, 193920, 0
105.001061, 4.999988, 158, 4209, 85396.9, 78510, 140770, 145235, 167503, 167503, 0
110.001116, 5.000055, 0, 0, 0, 0, 0, 0, 0, 0, 0
115.001124, 5.000008, 70, 2405, 68884.2, 66809, 98872, 104605, 105766, 105766, 0
120.001011, 4.999887, 0, 0, 0, 0, 0, 0, 0, 0, 0
121.004311, 1.0033, 42, 28987, 68371.0, 70551, 95548, 103843, 103843, 103843, 0
