elapsed, window, n, min, mean, median, 95th, 99th, 99_9th, max, errors
5.000812, 5.000812, 28058, 904, 2934.3, 1966, 8916, 11859, 15164, 26394, 0
10.001824, 5.001012, 27520, 998, 2969.2, 2034, 8975, 11694, 14259, 18177, 0
15.001817, 4.999993, 27250, 959, 2985.0, 2057, 8847, 11738, 14895, 26758, 0
20.001818, 5.000001, 27343, 1009, 2988.3, 2049, 8890, 11800, 14339, 18475, 0
25.001865, 5.000047, 27313, 941, 2995.3, 2043, 8954, 11959, 14512, 18066, 0
30.001919, 5.000054, 27312, 941, 2989.1, 2042, 9015, 11933, 14385, 20546, 0
35.001939, 5.00002, 27405, 1010, 2985.1, 2041, 8976, 11932, 14401, 18855, 0
40.001808, 4.999869, 27804, 929, 2942.1, 2012, 8915, 11748, 14246, 18274, 0
45.001803, 4.999995, 27364, 989, 2962.5, 2022, 9013, 11781, 14217, 19182, 0
50.001779, 4.999976, 27469, 990, 2974.1, 2033, 8971, 11963, 14675, 19182, 0
55.001952, 5.000173, 27580, 1003, 2967.0, 2060, 8816, 11739, 14206, 16902, 0
60.001922, 4.99997, 27103, 971, 3002.0, 2073, 8990, 11739, 14094, 17329, 0
65.001862, 4.99994, 27223, 999, 2988.4, 2039, 9002, 11842, 14434, 19203, 0
70.001891, 5.000029, 27281, 1062, 3005.1, 2057, 9088, 12058, 14534, 20076, 0
75.00182, 4.999929, 27649, 944, 2969.1, 2027, 9060, 12044, 14918, 23206, 0
80.001907, 5.000087, 27558, 944, 2954.2, 2010, 8934, 12020, 14587, 18751, 0
85.00179, 4.999883, 27463, 984, 2961.6, 2000, 9066, 12111, 14969, 19956, 0
90.001866, 5.000076, 27541, 984, 2957.2, 2008, 8981, 11787, 14837, 18013, 0
95.001842, 4.999976, 27772, 985, 2939.9, 1990, 9015, 11903, 14360, 18432, 0
100.001816, 4.999974, 27560, 1016, 2960.5, 2005, 9010, 11975, 14560, 18258, 0
105.001785, 4.999969, 27239, 986, 2991.3, 2033, 9101, 11929, 14290, 19368, 0
110.001908, 5.000123, 27116, 951, 2995.1, 2023, 9093, 11929, 14657, 16721, 0
115.001779, 4.999871, 27179, 993, 2993.7, 2014, 9089, 12093, 14855, 18850, 0
120.00177, 4.999991, 27451, 1017, 2994.2, 2056, 9052, 12070, 14730, 17671, 0
121.004005, 1.002235, 5480, 1012, 2986.0, 2049, 9067, 12009, 14578, 17671, 0
