elapsed, window, total, successful, failed
5.001021, 5.001021, 29832, 29832, 0
10.002135, 5.001114, 30821, 30821, 0
15.001069, 4.998934, 30641, 30641, 0
20.001017, 4.999948, 30478, 30478, 0
25.001044, 5.000027, 30875, 30875, 0
30.001071, 5.000027, 30244, 30244, 0
35.001152, 5.000081, 30813, 30813, 0
40.001088, 4.999936, 30627, 30627, 0
45.00103, 4.999942, 30943, 30943, 0
50.001161, 5.000131, 30573, 30573, 0
55.001044, 4.999883, 29959, 29959, 0
60.001018, 4.999974, 30577, 30577, 0
65.00205, 5.001032, 30014, 30014, 0
70.001024, 4.998974, 30701, 30701, 0
75.001058, 5.000034, 29771, 29771, 0
80.001177, 5.000119, 29629, 29629, 0
85.001059, 4.999882, 29898, 29898, 0
90.001049, 4.99999, 30378, 30378, 0
95.001034, 4.999985, 30268, 30268, 0
100.001046, 5.000012, 30435, 30435, 0
105.00106, 5.000014, 29849, 29849, 0
110.001106, 5.000046, 29813, 29813, 0
115.001028, 4.999922, 29449, 29449, 0
120.001018, 4.99999, 29708, 29708, 0
125.001076, 5.000058, 29977, 29977, 0
130.001026, 4.99995, 29903, 29903, 0
135.001033, 5.000007, 29402, 29402, 0
140.001119, 5.000086, 29889, 29889, 0
145.001033, 4.999914, 29293, 29293, 0
150.001195, 5.000162, 28644, 28644, 0
155.001128, 4.999933, 29056, 29056, 0
160.001073, 4.999945, 29327, 29327, 0
165.001033, 4.99996, 30034, 30034, 0
170.00105, 5.000017, 29295, 29295, 0
175.001076, 5.000026, 29528, 29528, 0
180.001027, 4.999951, 29194, 29194, 0
185.001022, 4.999995, 29083, 29083, 0
190.002088, 5.001066, 29471, 29471, 0
195.001018, 4.99893, 29107, 29107, 0
200.00203, 5.001012, 29413, 29413, 0
205.001258, 4.999228, 29342, 29342, 0
210.00103, 4.999772, 29345, 29345, 0
215.001063, 5.000033, 29071, 29071, 0
220.00104, 4.999977, 29313, 29313, 0
225.001081, 5.000041, 29230, 29230, 0
230.001023, 4.999942, 29214, 29214, 0
235.001035, 5.000012, 29578, 29578, 0
240.001061, 5.000026, 29587, 29587, 0
245.001026, 4.999965, 28683, 28683, 0
250.001012, 4.999986, 28659, 28659, 0
255.002045, 5.001033, 28832, 28832, 0
260.001149, 4.999104, 28913, 28913, 0
265.001026, 4.999877, 28825, 28825, 0
270.001024, 4.999998, 29423, 29423, 0
275.001138, 5.000114, 28986, 28986, 0
280.001113, 4.999975, 29155, 29155, 0
285.001073, 4.99996, 28896, 28896, 0
290.001107, 5.000034, 28538, 28538, 0
295.001054, 4.999947, 28139, 28139, 0
300.001044, 4.99999, 28676, 28676, 0
301.003325, 1.002281, 6082, 6082, 0
