elapsed, window, n, min, mean, median, 95th, 99th, 99_9th, max, errors
5.000293, 5.000293, 49477, 1.0, 3.8, 3.0, 9.0, 18.0, 45.0, 182.0, 0
10.001359, 5.001066, 54305, 1.0, 3.8, 3.0, 9.0, 19.0, 41.0, 188.0, 0
15.001286, 4.999927, 53562, 1.0, 3.8, 3.0, 9.0, 18.0, 37.0, 138.0, 0
20.001313, 5.000027, 53009, 1.0, 3.8, 3.0, 9.0, 19.0, 42.0, 277.0, 0
25.001304, 4.999991, 52427, 1.0, 3.8, 3.0, 9.0, 19.0, 41.0, 277.0, 0
30.001447, 5.000143, 54055, 1.0, 3.8, 3.0, 9.0, 18.0, 41.0, 126.0, 0
35.00129, 4.999843, 54820, 1.0, 3.8, 3.0, 9.0, 18.0, 41.0, 173.0, 0
40.001297, 5.000007, 53361, 1.0, 3.8, 3.0, 9.0, 19.0, 45.0, 692.0, 0
45.001287, 4.99999, 54163, 1.0, 3.8, 3.0, 9.0, 19.0, 43.0, 692.0, 0
50.001299, 5.000012, 53954, 1.0, 3.8, 3.0, 9.0, 19.0, 42.0, 155.0, 0
55.001285, 4.999986, 52906, 1.0, 3.8, 3.0, 9.0, 19.0, 42.0, 205.0, 0
60.001299, 5.000014, 53209, 1.0, 3.8, 3.0, 9.0, 19.0, 43.0, 186.0, 0
65.001295, 4.999996, 54370, 1.0, 3.8, 3.0, 9.0, 19.0, 39.0, 148.0, 0
70.00133, 5.000035, 53857, 1.0, 3.8, 3.0, 9.0, 19.0, 40.0, 183.0, 0
75.001292, 4.999962, 54296, 1.0, 3.8, 3.0, 9.0, 18.0, 41.0, 156.0, 0
80.0013, 5.000008, 52911, 1.0, 3.8, 3.0, 9.0, 19.0, 43.0, 134.0, 0
85.00132, 5.00002, 52220, 1.0, 3.8, 3.0, 9.0, 18.0, 44.0, 145.0, 0
90.00136, 5.00004, 54317, 1.0, 3.8, 3.0, 9.0, 18.0, 44.0, 153.0, 0
95.001335, 4.999975, 53868, 1.0, 3.8, 3.0, 9.0, 18.0, 42.0, 217.0, 0
100.001476, 5.000141, 54221, 1.0, 3.8, 3.0, 9.0, 19.0, 40.0, 202.0, 0
105.001367, 4.999891, 53044, 1.0, 3.8, 3.0, 9.0, 18.0, 40.0, 173.0, 0
110.001318, 4.999951, 53486, 1.0, 3.8, 3.0, 9.0, 19.0, 44.0, 205.0, 0
115.001303, 4.999985, 53420, 1.0, 3.8, 3.0, 9.0, 19.0, 44.0, 203.0, 0
120.001315, 5.000012, 54305, 1.0, 3.8, 3.0, 9.0, 19.0, 41.0, 226.0, 0
121.00435, 1.003035, 10883, 1.0, 3.8, 3.0, 9.0, 19.0, 41.0, 226.0, 0
