elapsed, window, n, min, mean, median, 95th, 99th, 99_9th, max, errors
5.000252, 5.000252, 37814, 548, 3639.9, 2498, 8201, 9366, 28401, 81560, 0
10.001269, 5.001017, 37997, 568, 3570.1, 2518, 8165, 9133, 10256, 12557, 0
15.001234, 4.999965, 37793, 568, 3551.4, 2503, 8155, 9043, 10182, 12165, 0
20.001262, 5.000028, 37788, 582, 3600.3, 2526, 8190, 9136, 11033, 18393, 0
25.001294, 5.000032, 37925, 583, 3557.6, 2504, 8152, 9106, 10204, 13916, 0
30.00126, 4.999966, 37988, 548, 3563.8, 2517, 8169, 9150, 10317, 12097, 0
35.001225, 4.999965, 37687, 615, 3554.2, 2497, 8176, 9130, 10151, 14997, 0
40.001271, 5.000046, 37742, 580, 3597.4, 2518, 8201, 9170, 12642, 21456, 0
45.001245, 4.999974, 37883, 580, 3622.5, 2542, 8213, 9211, 11148, 21456, 0
50.001266, 5.000021, 37715, 612, 3615.7, 2536, 8194, 9148, 10300, 11657, 0
55.001243, 4.999977, 37659, 596, 3615.5, 2549, 8237, 9209, 10461, 14325, 0
60.001286, 5.000043, 37537, 616, 3604.5, 2546, 8207, 9113, 10290, 14679, 0
65.001243, 4.999957, 37488, 609, 3604.8, 2548, 8196, 9221, 10322, 12691, 0
70.001233, 4.99999, 37530, 610, 3595.0, 2534, 8175, 9145, 10317, 14664, 0
75.001225, 4.999992, 37506, 550, 3607.8, 2545, 8235, 9219, 10551, 12743, 0
80.001254, 5.000029, 37607, 605, 3603.0, 2546, 8208, 9156, 10290, 13214, 0
85.001234, 4.99998, 37548, 609, 3579.9, 2531, 8202, 9151, 10229, 12939, 0
90.001353, 5.000119, 37710, 603, 3590.8, 2542, 8184, 9179, 10307, 13233, 0
95.001226, 4.999873, 37463, 607, 3637.1, 2576, 8215, 9192, 10823, 14958, 0
100.001263, 5.000037, 37451, 593, 3602.5, 2564, 8201, 9176, 10402, 14958, 0
105.001266, 5.000003, 37545, 609, 3594.6, 2522, 8206, 9147, 10457, 12804, 0
110.001242, 4.999976, 37631, 613, 3631.4, 2556, 8234, 9192, 10448, 12843, 0
115.001237, 4.999995, 37675, 585, 3601.3, 2557, 8227, 9163, 10285, 12668, 0
120.001239, 5.000002, 37654, 625, 3593.0, 2571, 8199, 9200, 10999, 19257, 0
121.002334, 1.001095, 7508, 625, 3595.6, 2565, 8206, 9205, 11053, 19257, 0
