elapsed, window, total, successful, failed
5.001034, 5.001034, 22174, 22174, 0
10.000761, 4.999727, 22224, 22224, 0
15.00208, 5.001319, 22216, 22216, 0
20.00076, 4.99868, 22230, 22230, 0
25.00171, 5.00095, 22261, 22261, 0
30.001758, 5.000048, 22240, 22240, 0
35.001754, 4.999996, 22233, 22233, 0
40.001702, 4.999948, 22227, 22227, 0
45.002032, 5.00033, 22257, 22257, 0
50.000774, 4.998742, 22199, 22199, 0
55.00204, 5.001266, 22221, 22221, 0
60.000713, 4.998673, 22258, 22258, 0
65.001783, 5.00107, 22249, 22249, 0
70.001705, 4.999922, 22214, 22214, 0
75.001705, 5.0, 22301, 22301, 0
80.001744, 5.000039, 22246, 22246, 0
85.001752, 5.000008, 22226, 22226, 0
90.001723, 4.999971, 22242, 22242, 0
95.001706, 4.999983, 22238, 22238, 0
100.00173, 5.000024, 22264, 22264, 0
105.001907, 5.000177, 22254, 22254, 0
110.001702, 4.999795, 22251, 22251, 0
115.001709, 5.000007, 22207, 22207, 0
120.001706, 4.999997, 22268, 22268, 0
121.002808, 1.001102, 4453, 4453, 0
