elapsed, window, total, successful, failed
5.00097, 5.00097, 30629, 30629, 0
10.001948, 5.000978, 30824, 30824, 0
15.00192, 4.999972, 30752, 30752, 0
20.001898, 4.999978, 30794, 30794, 0
25.001918, 5.00002, 30564, 30564, 0
30.001967, 5.000049, 30816, 30816, 0
35.001941, 4.999974, 30518, 30518, 0
40.001914, 4.999973, 30799, 30799, 0
45.00191, 4.999996, 30683, 30683, 0
50.002173, 5.000263, 30245, 30245, 0
55.000896, 4.998723, 30835, 30835, 0
60.00199, 5.001094, 30595, 30595, 0
65.001886, 4.999896, 30676, 30676, 0
70.001894, 5.000008, 30528, 30528, 0
75.002173, 5.000279, 30644, 30644, 0
80.001019, 4.998846, 30193, 30193, 0
85.001921, 5.000902, 30203, 30203, 0
90.001947, 5.000026, 30123, 30123, 0
95.001893, 4.999946, 30709, 30709, 0
100.002031, 5.000138, 30370, 30370, 0
105.001905, 4.999874, 30392, 30392, 0
110.001924, 5.000019, 30414, 30414, 0
115.001991, 5.000067, 30655, 30655, 0
120.001959, 4.999968, 30627, 30627, 0
121.003005, 1.001046, 6205, 6205, 0
