elapsed, window, n, min, mean, median, 95th, 99th, 99_9th, max, errors
5.000793, 5.000793, 4774, 20462, 21439.1, 20676, 24488, 25987, 26161, 26237, 6549
10.00179, 5.000997, 4880, 20450, 21416.8, 20668, 24493, 25972, 26180, 26261, 6427
15.001788, 4.999998, 4931, 20463, 21393.0, 20657, 24447, 25955, 26141, 26258, 6403
20.001785, 4.999997, 4957, 20451, 21383.7, 20654, 24411, 25926, 26190, 26286, 6386
25.00179, 5.000005, 4935, 20463, 21396.8, 20665, 24400, 25935, 26160, 26248, 6402
30.001789, 4.999999, 4918, 20459, 21385.8, 20667, 24393, 25925, 26141, 26248, 6423
35.001788, 4.999999, 4927, 20456, 21404.4, 20665, 24423, 25960, 26174, 26235, 6408
40.001822, 5.000034, 4897, 20464, 21392.3, 20652, 24458, 26001, 26198, 26369, 6427
45.001786, 4.999964, 4885, 20455, 21400.3, 20654, 24427, 25986, 26183, 26277, 6442
50.001789, 5.000003, 4914, 20446, 21402.7, 20658, 24453, 25938, 26170, 26273, 6410
55.001806, 5.000017, 4922, 20444, 21406.1, 20668, 24428, 25969, 26273, 26748, 6402
60.001814, 5.000008, 4920, 20444, 21396.6, 20667, 24466, 25934, 26122, 26226, 6411
65.001814, 5.0, 4918, 20451, 21387.1, 20655, 24425, 25882, 26149, 26180, 6412
70.001787, 4.999973, 4926, 20457, 21389.7, 20654, 24437, 25962, 26139, 26201, 6408
75.001786, 4.999999, 4940, 20466, 21396.3, 20666, 24464, 25972, 26169, 26286, 6395
80.001795, 5.000009, 4917, 20458, 21405.9, 20663, 24459, 25931, 26213, 26314, 6413
85.001788, 4.999993, 4929, 20455, 21396.4, 20666, 24434, 25953, 26168, 26281, 6408
90.001787, 4.999999, 4916, 20442, 21403.2, 20661, 24454, 25958, 26126, 26478, 6409
95.001787, 5.0, 4893, 20454, 21381.6, 20660, 24407, 25954, 26153, 26270, 6445
100.00179, 5.000003, 4933, 20451, 21386.9, 20664, 24353, 25939, 26192, 26270, 6404
105.001787, 4.999997, 4928, 20459, 21383.9, 20655, 24444, 25949, 26138, 26267, 6404
110.001838, 5.000051, 4915, 20448, 21395.2, 20663, 24451, 25980, 26199, 26291, 6417
115.001786, 4.999948, 4893, 20454, 21409.4, 20667, 24457, 25926, 26177, 26448, 6443
120.001788, 5.000002, 4913, 20449, 21404.8, 20659, 24453, 25956, 26192, 26253, 6416
121.001896, 1.000108, 970, 20449, 21397.4, 20657, 24434, 25967, 26196, 26296, 1302
