elapsed, window, total, successful, failed
5.000227, 5.000227, 331860, 331860, 0
10.001144, 5.000917, 317205, 317205, 0
15.001189, 5.000045, 308330, 308330, 0
20.00116, 4.999971, 306804, 306804, 0
25.001178, 5.000018, 310788, 310788, 0
30.001171, 4.999993, 305510, 305510, 0
35.001218, 5.000047, 312319, 312319, 0
40.001197, 4.999979, 316985, 316985, 0
45.001176, 4.999979, 310211, 310211, 0
50.00123, 5.000054, 313181, 313181, 0
55.001158, 4.999928, 306292, 306292, 0
60.001161, 5.000003, 306458, 306458, 0
65.001248, 5.000087, 310855, 310855, 0
70.001231, 4.999983, 317987, 317987, 0
75.001259, 5.000028, 316977, 316977, 0
80.001222, 4.999963, 314884, 314884, 0
85.001194, 4.999972, 304964, 304964, 0
90.00135, 5.000156, 306875, 306875, 0
95.001198, 4.999848, 310622, 310622, 0
100.001172, 4.999974, 305735, 305735, 0
105.001192, 5.00002, 309616, 309616, 0
110.001223, 5.000031, 306095, 306095, 0
115.001185, 4.999962, 312330, 312330, 0
120.001232, 5.000047, 309413, 309413, 0
121.002305, 1.001073, 63819, 63819, 0
