elapsed, window, total, successful, failed
5.000462, 5.000462, 29976, 29976, 0
10.001534, 5.001072, 29726, 29726, 0
15.001465, 4.999931, 29630, 29630, 0
20.001466, 5.000001, 30245, 30245, 0
25.001445, 4.999979, 30230, 30230, 0
30.001448, 5.000003, 30372, 30372, 0
35.001453, 5.000005, 30009, 30009, 0
40.001522, 5.000069, 30142, 30142, 0
45.001653, 5.000131, 29801, 29801, 0
50.001452, 4.999799, 29434, 29434, 0
55.001473, 5.000021, 29991, 29991, 0
60.001435, 4.999962, 30402, 30402, 0
65.001486, 5.000051, 29626, 29626, 0
70.001459, 4.999973, 29101, 29101, 0
75.0016, 5.000141, 29388, 29388, 0
80.001454, 4.999854, 29465, 29465, 0
85.001433, 4.999979, 29263, 29263, 0
90.0016, 5.000167, 28679, 28679, 0
95.001508, 4.999908, 29226, 29226, 0
100.001439, 4.999931, 30176, 30176, 0
105.001435, 4.999996, 29450, 29450, 0
110.001455, 5.00002, 28816, 28816, 0
115.001429, 4.999974, 28511, 28511, 0
120.001462, 5.000033, 29015, 29015, 0
121.005566, 1.004104, 5840, 5840, 0
