elapsed, window, n, min, mean, median, 95th, 99th, 99_9th, max, errors
5.000578, 5.000578, 527768, 172, 779.9, 682, 1517, 2042, 2775, 4075, 0
10.001448, 5.00087, 471958, 177, 785.1, 685, 1533, 2074, 3089, 8212, 0
15.001513, 5.000065, 474185, 178, 782.5, 682, 1534, 2078, 3065, 7277, 0
20.001524, 5.000011, 472034, 177, 780.6, 686, 1510, 2046, 2881, 5123, 0
25.001492, 4.999968, 475832, 179, 779.9, 681, 1516, 2040, 2924, 5811, 0
30.001477, 4.999985, 473689, 179, 783.2, 683, 1531, 2081, 3121, 5811, 0
35.001521, 5.000044, 473834, 179, 780.7, 679, 1536, 2087, 3015, 6100, 0
40.001446, 4.999925, 476034, 175, 779.6, 681, 1519, 2052, 2946, 7354, 0
45.001453, 5.000007, 478622, 176, 775.0, 679, 1502, 2022, 2982, 6742, 0
50.00148, 5.000027, 480718, 179, 773.2, 678, 1501, 2009, 2819, 4726, 0
55.00143, 4.99995, 475697, 178, 777.1, 678, 1514, 2043, 2936, 7432, 0
60.001538, 5.000108, 476921, 181, 776.7, 681, 1495, 2041, 3071, 7432, 0
65.001863, 5.000325, 476386, 176, 776.0, 682, 1494, 2022, 2958, 6340, 0
70.001478, 4.999615, 478789, 182, 775.4, 682, 1494, 2016, 2929, 5425, 0
75.001459, 4.999981, 477033, 178, 776.2, 680, 1503, 2044, 3035, 8352, 0
80.001589, 5.00013, 475800, 177, 777.1, 682, 1497, 2050, 3029, 8044, 0
85.001449, 4.99986, 475554, 177, 778.5, 684, 1492, 2018, 3031, 7727, 0
90.001436, 4.999987, 477984, 186, 776.0, 682, 1493, 2021, 2888, 5398, 0
95.001891, 5.000455, 477845, 162, 776.3, 683, 1492, 2031, 2948, 7397, 0
100.001552, 4.999661, 482164, 180, 771.1, 677, 1484, 1996, 2927, 6756, 0
105.001613, 5.000061, 482459, 181, 770.5, 675, 1483, 2012, 3287, 7100, 0
110.001436, 4.999823, 475307, 172, 776.1, 677, 1515, 2057, 3159, 7608, 0
115.001491, 5.000055, 476640, 174, 778.2, 680, 1519, 2041, 2818, 4375, 0
120.001442, 4.999951, 478448, 171, 774.0, 678, 1507, 2040, 2986, 5668, 0
121.002583, 1.001141, 94532, 171, 773.5, 676, 1510, 2034, 2899, 5668, 0
