elapsed, window, total, successful, failed
5.000787, 5.000787,36446,36446,0
10.001792, 5.001005,36421,36421,0
15.001829, 5.000037,36508,36508,0
20.001738, 4.999909,36479,36479,0
25.001747, 5.000009,36473,36473,0
30.00169, 4.999943,36479,36479,0
35.001701, 5.000011,36478,36478,0
40.001692, 4.999991,36471,36471,0
45.001851, 5.000159,36492,36492,0
50.001691, 4.99984,36499,36499,0
55.001741, 5.00005,36471,36471,0
60.001692, 4.999951,36491,36491,0
65.001927, 5.000235,36491,36491,0
70.001694, 4.999767,36459,36459,0
75.001733, 5.000039,36506,36506,0
80.001742, 5.000009,36466,36466,0
85.001747, 5.000005,36495,36495,0
90.001739, 4.999992,36480,36480,0
95.001868, 5.000129,36485,36485,0
100.001742, 4.999874,36492,36492,0
105.001904, 5.000162,36485,36485,0
110.00169, 4.999786,36480,36480,0
115.00169, 5.0,36482,36482,0
120.001741, 5.000051,36495,36495,0
121.001788, 1.000047,7300,7300,0

