elapsed, window, total, successful, failed
5.000673, 5.000673, 716, 713, 3
10.001688, 5.001015, 219, 213, 6
15.001666, 4.999978, 369, 369, 0
20.001665, 4.999999, 391, 390, 1
25.00167, 5.000005, 506, 504, 2
30.001669, 4.999999, 500, 500, 0
35.001624, 4.999955, 500, 499, 1
40.001672, 5.000048, 442, 442, 0
45.001698, 5.000026, 449, 449, 0
50.001675, 4.999977, 560, 560, 0
55.001681, 5.000006, 417, 414, 3
60.001545, 4.999864, 513, 513, 0
65.001677, 5.000132, 470, 470, 0
70.001661, 4.999984, 504, 502, 2
75.001618, 4.999957, 492, 492, 0
80.001619, 5.000001, 459, 458, 1
85.001671, 5.000052, 477, 477, 0
90.001666, 4.999995, 459, 459, 0
95.001621, 4.999955, 508, 507, 1
100.001642, 5.000021, 459, 459, 0
105.00157, 4.999928, 462, 462, 0
110.001666, 5.000096, 515, 515, 0
115.00162, 4.999954, 459, 459, 0
120.001665, 5.000045, 481, 481, 0
125.001621, 4.999956, 472, 472, 0
130.001619, 4.999998, 464, 464, 0
135.001621, 5.000002, 497, 497, 0
140.001618, 4.999997, 459, 459, 0
145.001648, 5.00003, 483, 483, 0
150.001625, 4.999977, 489, 488, 1
155.001733, 5.000108, 481, 481, 0
160.001687, 4.999954, 460, 460, 0
165.001618, 4.999931, 482, 482, 0
170.00162, 5.000002, 490, 490, 0
175.001629, 5.000009, 483, 481, 2
180.001681, 5.000052, 479, 479, 0
185.00168, 4.999999, 487, 486, 1
190.001755, 5.000075, 485, 485, 0
195.00167, 4.999915, 462, 460, 2
200.00167, 5.0, 477, 476, 1
205.001715, 5.000045, 472, 472, 0
210.001619, 4.999904, 479, 479, 0
215.001665, 5.000046, 466, 466, 0
220.001671, 5.000006, 461, 461, 0
225.001667, 4.999996, 464, 464, 0
230.001671, 5.000004, 477, 476, 1
235.001621, 4.99995, 502, 501, 1
240.001617, 4.999996, 490, 488, 2
245.001784, 5.000167, 475, 474, 1
250.001711, 4.999927, 471, 471, 0
255.001683, 4.999972, 481, 479, 2
260.001673, 4.99999, 478, 478, 0
265.001696, 5.000023, 483, 482, 1
270.001669, 4.999973, 486, 486, 0
275.00167, 5.000001, 461, 460, 1
280.001619, 4.999949, 494, 492, 2
285.001673, 5.000054, 501, 500, 1
290.001669, 4.999996, 470, 469, 1
295.001621, 4.999952, 465, 465, 0
300.001671, 5.00005, 485, 485, 0
301.037869, 1.036198, 97, 97, 0
