elapsed, window, n, min, mean, median, 95th, 99th, 99_9th, max, errors
5.000721, 5.000721, 8930, 1601, 6268.5, 2645, 28257, 37385, 42453, 44942, 0
10.001457, 5.000736, 8694, 1557, 6147.3, 2604, 28447, 37831, 42099, 57431, 0
15.001432, 4.999975, 8609, 1538, 6100.6, 2619, 28380, 38160, 42837, 48360, 0
20.001523, 5.000091, 8688, 1580, 6219.5, 2630, 28062, 37849, 42459, 68496, 0
25.001496, 4.999973, 8475, 1510, 6200.7, 2633, 28625, 37933, 42947, 67218, 0
30.001697, 5.000201, 8612, 1532, 6261.9, 2570, 29051, 38240, 43543, 75595, 0
35.001458, 4.999761, 8517, 1494, 6309.7, 2581, 29250, 38142, 44124, 114481, 0
40.001531, 5.000073, 8624, 1530, 6197.5, 2511, 29526, 37531, 42547, 76844, 0
45.001502, 4.999971, 8633, 1574, 6254.8, 2530, 28917, 38078, 42348, 67481, 0
50.001574, 5.000072, 8541, 1528, 6253.2, 2543, 29242, 38317, 47661, 96535, 0
55.001454, 4.99988, 8573, 1453, 6236.1, 2520, 29136, 37816, 50863, 96535, 0
60.001466, 5.000012, 8617, 1543, 6249.3, 2481, 28719, 38441, 43655, 81095, 0
65.001752, 5.000286, 8542, 1530, 6258.6, 2524, 28956, 38441, 45655, 116131, 0
70.001462, 4.99971, 8610, 1570, 6264.4, 2491, 30043, 38433, 44309, 116131, 0
75.001532, 5.00007, 8535, 1598, 6356.0, 2591, 29383, 38520, 43967, 85762, 0
80.001503, 4.999971, 8484, 1612, 6298.1, 2567, 28677, 38402, 44696, 85762, 0
85.001553, 5.00005, 8414, 1465, 6446.2, 2582, 30057, 38913, 44740, 87432, 0
90.001492, 4.999939, 8405, 1465, 6247.2, 2579, 29147, 38860, 44576, 47087, 0
95.00147, 4.999978, 8360, 1590, 6409.8, 2631, 30183, 39442, 43693, 76794, 0
100.001516, 5.000046, 8290, 1600, 6465.7, 2656, 29877, 39149, 46244, 145383, 0
105.001443, 4.999927, 8288, 1483, 6462.0, 2612, 30225, 39418, 46471, 94591, 0
110.001456, 5.000013, 8452, 1483, 6386.5, 2497, 30510, 39152, 45238, 97993, 0
115.001472, 5.000016, 8455, 1551, 6320.4, 2500, 30208, 38597, 45034, 83399, 0
120.001789, 5.000317, 8265, 1556, 6361.1, 2538, 30168, 39924, 59374, 134590, 0
121.003805, 1.002016, 553, 1556, 7090.1, 2546, 31452, 43174, 186282, 286481, 0
