elapsed, window, n, min, mean, median, 95th, 99th, 99_9th, max, errors
5.000429, 5.000429, 60686, 10609, 18216.3, 20843, 26422, 30048, 44381, 63683, 0
10.001415, 5.000986, 60440, 10536, 18095.1, 20814, 26196, 29314, 32556, 38060, 0
15.001401, 4.999986, 60323, 10555, 18128.2, 20808, 26303, 29310, 32917, 38060, 0
20.001453, 5.000052, 60537, 10555, 18077.6, 20778, 26212, 29235, 32666, 38682, 0
25.001424, 4.999971, 60612, 10582, 18098.2, 20803, 26239, 29260, 33060, 38634, 0
30.001408, 4.999984, 60573, 10623, 18066.0, 20761, 26101, 29131, 32762, 38566, 0
35.001425, 5.000017, 60397, 10568, 18115.2, 20812, 26245, 29308, 32724, 39677, 0
40.001409, 4.999984, 60565, 10565, 18063.5, 20715, 26151, 29269, 32815, 39608, 0
45.001427, 5.000018, 60506, 10622, 18076.0, 20810, 26151, 29160, 32511, 38903, 0
50.001442, 5.000015, 60572, 10612, 18053.2, 20659, 26146, 29190, 33104, 38487, 0
55.001431, 4.999989, 60518, 10607, 18074.6, 20789, 26170, 29291, 32902, 37513, 0
60.001397, 4.999966, 60540, 10598, 18102.2, 20857, 26171, 29201, 32442, 38434, 0
65.001427, 5.00003, 60514, 10609, 18087.7, 20818, 26144, 29307, 32763, 41113, 0
70.001471, 5.000044, 60597, 10581, 18063.2, 20793, 26116, 29114, 32482, 37516, 0
75.00142, 4.999949, 60537, 10560, 18069.1, 20775, 26154, 29137, 32700, 38695, 0
80.001402, 4.999982, 60530, 10606, 18088.5, 20803, 26203, 29328, 32545, 38319, 0
85.001521, 5.000119, 60433, 10531, 18091.6, 20793, 26181, 29250, 32755, 37800, 0
90.001404, 4.999883, 60433, 10573, 18107.4, 20832, 26206, 29230, 33110, 42072, 0
95.001401, 4.999997, 60454, 10627, 18103.2, 20869, 26193, 29204, 32797, 38129, 0
100.001453, 5.000052, 60363, 10573, 18105.8, 20853, 26192, 29232, 32642, 38302, 0
105.00144, 4.999987, 60354, 10549, 18131.9, 20907, 26154, 29153, 32818, 38370, 0
110.001404, 4.999964, 60271, 10615, 18133.3, 20881, 26204, 29213, 32618, 38048, 0
115.001401, 4.999997, 60415, 10543, 18116.6, 20856, 26233, 29153, 32679, 38558, 0
120.001466, 5.000065, 60525, 10543, 18079.4, 20811, 26202, 29227, 32915, 38947, 0
121.004506, 1.00304, 12078, 10567, 18096.2, 20825, 26232, 29302, 32964, 38947, 0
