elapsed, window, n, min, mean, median, 95th, 99th, 99_9th, max, errors
5.000874, 5.000874, 34012, 30910, 35192.7, 34045, 42245, 50157, 64627, 89417, 0
10.001749, 5.000875, 33991, 30976, 35131.9, 34159, 41713, 47425, 58507, 73182, 0
15.001767, 5.000018, 33903, 30811, 35223.3, 34221, 42165, 47854, 55791, 67121, 0
20.001834, 5.000067, 33986, 30974, 35123.8, 34216, 41495, 46668, 54250, 63216, 0
25.001767, 4.999933, 34040, 30904, 35095.5, 34189, 41300, 46171, 54339, 62659, 0
30.001752, 4.999985, 34058, 31017, 35018.6, 34224, 40844, 45448, 51182, 58276, 0
35.001802, 5.00005, 34138, 30991, 35017.6, 34206, 40818, 45020, 51220, 57364, 0
40.001718, 4.999916, 34081, 30995, 35049.8, 34233, 40973, 45422, 51279, 61029, 0
45.001709, 4.999991, 33965, 31017, 35163.5, 34322, 41327, 46038, 52211, 64432, 0
50.001741, 5.000032, 34046, 30925, 35053.7, 34322, 40717, 44542, 50007, 58636, 0
55.001715, 4.999974, 34068, 30903, 35004.1, 34223, 40741, 44562, 50188, 61523, 0
60.001713, 4.999998, 34105, 30963, 35065.0, 34298, 40825, 44879, 50618, 58731, 0
65.001712, 4.999999, 34053, 30944, 35008.6, 34282, 40597, 44477, 49341, 57361, 0
70.001768, 5.000056, 34141, 30985, 35015.5, 34260, 40710, 44822, 50134, 58035, 0
75.001766, 4.999998, 33877, 30973, 35201.8, 34439, 41115, 44820, 49859, 56302, 0
80.001744, 4.999978, 33867, 30930, 35263.9, 34500, 41218, 44973, 50156, 56411, 0
85.001714, 4.99997, 33933, 30938, 35192.7, 34421, 41062, 45041, 50929, 62549, 0
90.001721, 5.000007, 33874, 30938, 35228.2, 34421, 41207, 45647, 54131, 64784, 0
95.001922, 5.000201, 33863, 30989, 35254.1, 34436, 41413, 46172, 52038, 62843, 0
100.001738, 4.999816, 33847, 31007, 35256.0, 34459, 41353, 45547, 50693, 59780, 0
105.001726, 4.999988, 33911, 30970, 35203.3, 34385, 41242, 45539, 51700, 60603, 0
110.001799, 5.000073, 33943, 30935, 35185.8, 34381, 41162, 45285, 50518, 62477, 0
115.001969, 5.00017, 33888, 30935, 35209.4, 34453, 41104, 44976, 49836, 60574, 0
120.001714, 4.999745, 33906, 30998, 35195.7, 34421, 41170, 45247, 50533, 57733, 0
121.003822, 1.002108, 6833, 30941, 35174.1, 34369, 41198, 45363, 50613, 57733, 0
