elapsed, window, n, min, mean, median, 95th, 99th, 99_9th, max, errors
5.00022, 5.00022, 35974, 0, 0.0, 0, 0, 0, 0, 0, 0
10.001234, 5.001014, 35968, 0, 0.0, 0, 0, 0, 0, 0, 0
15.001236, 5.000002, 36045, 0, 0.0, 0, 0, 0, 0, 0, 0
20.001223, 4.999987, 35984, 0, 0.0, 0, 0, 0, 0, 0, 0
25.001363, 5.00014, 36129, 0, 0.0, 0, 0, 0, 0, 0, 0
30.001238, 4.999875, 36141, 0, 0.0, 0, 0, 0, 0, 0, 0
35.001322, 5.000084, 36087, 0, 0.0, 0, 0, 0, 0, 0, 0
40.001261, 4.999939, 36105, 0, 0.0, 0, 0, 0, 0, 0, 0
45.001541, 5.00028, 36089, 0, 0.0, 0, 0, 0, 0, 0, 0
50.00122, 4.999679, 36088, 0, 0.0, 0, 0, 0, 0, 0, 0
55.001268, 5.000048, 36184, 0, 0.0, 0, 0, 0, 0, 0, 0
60.001249, 4.999981, 36121, 0, 0.0, 0, 0, 0, 0, 0, 0
65.001275, 5.000026, 36165, 0, 0.0, 0, 0, 0, 0, 0, 0
70.001258, 4.999983, 36052, 0, 0.0, 0, 0, 0, 0, 0, 0
75.001233, 4.999975, 36139, 0, 0.0, 0, 0, 0, 0, 0, 0
80.001237, 5.000004, 36132, 0, 0.0, 0, 0, 0, 0, 0, 0
85.001217, 4.99998, 36121, 0, 0.0, 0, 0, 0, 0, 0, 0
90.001213, 4.999996, 36094, 0, 0.0, 0, 0, 0, 0, 0, 0
95.001245, 5.000032, 36186, 0, 0.0, 0, 0, 0, 0, 0, 0
100.001339, 5.000094, 36183, 0, 0.0, 0, 0, 0, 0, 0, 0
105.001361, 5.000022, 36166, 0, 0.0, 0, 0, 0, 0, 0, 0
110.001218, 4.999857, 36123, 0, 0.0, 0, 0, 0, 0, 0, 0
115.001248, 5.00003, 36048, 0, 0.0, 0, 0, 0, 0, 0, 0
120.001267, 5.000019, 36130, 0, 0.0, 0, 0, 0, 0, 0, 0
121.003327, 1.00206, 7132, 0, 0.0, 0, 0, 0, 0, 0, 0
