elapsed, window, n, min, mean, max, errors, median
5.001105, 5.001105,15308, 530,4517.36, 176739,0,2217.37
10.001066, 4.999961,10092, 532,1483.26, 53534,0,1067.49
15.001111, 5.000045,10206, 508,1371.49, 23980,0,1030.01
20.001035, 4.999924,9820, 505,3389.35, 429518,0,1097.41
25.001032, 4.999997,10135, 498,2855.99, 413025,0,1151.2
30.001157, 5.000125,10077, 493,1444.59, 22538,0,1064.6
35.001153, 4.999996,9912, 490,1425.24, 24816,0,1046.41
40.001105, 4.999952,10183, 478,1413.5, 29924,0,1054.66
45.00113, 5.000025,10111, 488,1425.82, 82195,0,1050.75
50.001078, 4.999948,10015, 506,1448.22, 25195,0,1084.06
55.001129, 5.000051,10071, 504,1580.87, 39183,0,1124.12
60.00113, 5.000001,9976, 510,1443.3, 26226,0,1074.11
65.001217, 5.000087,9883, 502,1893.96, 282020,0,1160.58
70.001152, 4.999935,9881, 475,1556.31, 34083,0,1096.75
75.001067, 4.999915,9997, 494,1694.96, 71932,0,1122.27
80.001079, 5.000012,9888, 493,1686.86, 65904,0,1177.16
85.001099, 5.00002,10045, 498,1659.85, 67147,0,1177.55
90.001074, 4.999975,10128, 483,1730.49, 70320,0,1205.28
95.001037, 4.999963,10016, 509,1803.34, 39171,0,1206.35
100.001098, 5.000061,9880, 481,1932.67, 70891,0,1270.24
105.001164, 5.000066,10141, 493,1776.95, 33163,0,1223.18
110.001221, 5.000057,9924, 506,1955.23, 52386,0,1279.77
115.001077, 4.999856,9994, 499,2062.95, 76788,0,1356.53
120.001044, 4.999967,10010, 494,2065.19, 76788,0,1338.54
125.001069, 5.000025,10051, 490,1974.16, 61963,0,1292.49
130.001054, 4.999985,9884, 519,2118.3, 74548,0,1393.15
135.001108, 5.000054,9938, 489,2328.65, 69827,0,1481.52
140.00114, 5.000032,9888, 498,2436.31, 100889,0,1505.33
145.001049, 4.999909,10102, 472,2230.2, 66281,0,1431.27
150.001074, 5.000025,9817, 490,2725.25, 122698,0,1493.57
155.001125, 5.000051,9777, 490,3006.96, 158959,0,1581.33
160.001077, 4.999952,9805, 495,7897.69, 1284412,0,1711.87
165.001111, 5.000034,8940, 510,20294.2, 5652416,0,1125.04
170.001051, 4.99994,7847, 506,69767.3, 9159799,0,900.744
175.001125, 5.000074,7571, 479,84823.8, 12941898,0,963.859
180.00113, 5.000005,7471, 483,116007, 15327707,0,916.544
181.119254, 1.118124,1708, 483,119693, 15751722,0,891.612

