elapsed, window, n, min, mean, max, errors, median
5.000449, 5.000449,95904, 0,0, 0,0,0
10.001462, 5.001013,97838, 0,0, 0,0,0
15.00145, 4.999988,98690, 0,0, 0,0,0
20.001466, 5.000016,98156, 0,0, 0,0,0
25.001499, 5.000033,98763, 0,0, 0,0,0
30.001497, 4.999998,98557, 0,0, 0,0,0
35.001633, 5.000136,98962, 0,0, 0,0,0
40.001617, 4.999984,98039, 0,0, 0,0,0
45.001529, 4.999912,99038, 0,0, 0,0,0
50.001497, 4.999968,98164, 0,0, 0,0,0
55.00149, 4.999993,99031, 0,0, 0,0,0
60.001466, 4.999976,97724, 0,0, 0,0,0
65.00151, 5.000044,98298, 0,0, 0,0,0
70.00145, 4.99994,98709, 0,0, 0,0,0
75.001448, 4.999998,98605, 0,0, 0,0,0
80.001448, 5.0,99377, 0,0, 0,0,0
85.001603, 5.000155,98991, 0,0, 0,0,0
90.001762, 5.000159,98127, 0,0, 0,0,0
95.001497, 4.999735,98854, 0,0, 0,0,0
100.001497, 5.0,98551, 0,0, 0,0,0
105.001463, 4.999966,97917, 0,0, 0,0,0
110.001449, 4.999986,98533, 0,0, 0,0,0
115.001501, 5.000052,98355, 0,0, 0,0,0
120.001499, 4.999998,98548, 0,0, 0,0,0
121.002559, 1.00106,20021, 0,0, 0,0,0

