elapsed, window, n, min, mean, median, 95th, 99th, 99_9th, max, errors
5.000459, 5.000459, 62257, 352, 2169.4, 1719, 6551, 7898, 9387, 11973, 0
10.001434, 5.000975, 59011, 351, 2175.3, 1728, 6554, 7935, 9245, 11925, 0
15.001434, 5.0, 58960, 351, 2174.5, 1722, 6539, 7881, 9175, 11974, 0
20.001436, 5.000002, 58595, 366, 2185.3, 1719, 6580, 7909, 9252, 10826, 0
25.001427, 4.999991, 58394, 345, 2188.3, 1718, 6562, 7896, 9315, 11954, 0
30.001448, 5.000021, 58732, 368, 2191.7, 1715, 6564, 7942, 9299, 10736, 0
35.001437, 4.999989, 58729, 331, 2204.8, 1735, 6574, 8003, 9736, 17942, 0
40.00154, 5.000103, 59068, 367, 2194.4, 1741, 6569, 7901, 9253, 11851, 0
45.001512, 4.999972, 57900, 354, 2220.1, 1728, 6612, 7942, 9385, 11655, 0
50.001446, 4.999934, 58522, 371, 2188.4, 1717, 6554, 8005, 9483, 11611, 0
55.00148, 5.000034, 58606, 345, 2177.8, 1724, 6528, 7909, 9267, 11199, 0
60.001438, 4.999958, 58025, 354, 2191.8, 1706, 6591, 8009, 9699, 24466, 0
65.001636, 5.000198, 58809, 354, 2198.5, 1743, 6590, 7925, 9255, 12023, 0
70.001453, 4.999817, 57715, 320, 2213.2, 1746, 6595, 8006, 9879, 24237, 0
75.001431, 4.999978, 58814, 358, 2194.4, 1741, 6585, 7954, 9188, 11926, 0
80.001508, 5.000077, 58327, 336, 2196.7, 1751, 6580, 7957, 9417, 12043, 0
85.00142, 4.999912, 58555, 349, 2202.5, 1761, 6588, 7921, 9213, 13008, 0
90.001434, 5.000014, 58849, 341, 2192.5, 1758, 6560, 7886, 9148, 12063, 0
95.001464, 5.00003, 58595, 362, 2184.6, 1763, 6522, 7933, 9358, 12022, 0
100.001448, 4.999984, 58444, 353, 2207.7, 1761, 6554, 7889, 9303, 11135, 0
105.001525, 5.000077, 58220, 349, 2223.4, 1762, 6610, 7949, 9357, 11161, 0
110.001446, 4.999921, 58377, 362, 2210.8, 1762, 6586, 7905, 9312, 12812, 0
115.001461, 5.000015, 58590, 341, 2216.3, 1750, 6607, 8006, 9371, 11106, 0
120.001487, 5.000026, 58053, 367, 2185.6, 1746, 6538, 7880, 9165, 11063, 0
121.002541, 1.001054, 12033, 367, 2191.9, 1751, 6542, 7893, 9231, 11063, 0
