elapsed, window, total, successful, failed
5.001151, 5.001151, 58618, 58618, 0
10.001202, 5.000051, 57233, 57233, 0
15.001126, 4.999924, 58400, 58400, 0
20.00114, 5.000014, 60917, 60917, 0
25.00125, 5.00011, 59870, 59870, 0
30.001117, 4.999867, 58539, 58539, 0
35.001129, 5.000012, 56453, 56453, 0
40.001153, 5.000024, 60661, 60661, 0
45.001291, 5.000138, 60725, 60725, 0
50.001149, 4.999858, 59987, 59987, 0
55.001252, 5.000103, 60175, 60175, 0
60.001351, 5.000099, 59626, 59626, 0
65.001131, 4.99978, 61187, 61187, 0
70.001114, 4.999983, 57918, 57918, 0
75.001177, 5.000063, 59574, 59574, 0
80.001309, 5.000132, 61053, 61053, 0
85.001124, 4.999815, 60252, 60252, 0
90.001202, 5.000078, 60417, 60417, 0
95.001132, 4.99993, 58359, 58359, 0
100.001248, 5.000116, 60316, 60316, 0
105.001211, 4.999963, 59215, 59215, 0
110.001134, 4.999923, 56956, 56956, 0
115.001155, 5.000021, 61307, 61307, 0
120.001145, 4.99999, 58810, 58810, 0
121.004239, 1.003094, 12952, 12952, 0
