elapsed, window, total, successful, failed
5.000613, 5.000613, 20449, 20449, 0
10.001516, 5.000903, 20881, 20881, 0
15.001578, 5.000062, 20809, 20809, 0
20.001535, 4.999957, 20787, 20787, 0
25.001604, 5.000069, 20679, 20679, 0
30.001516, 4.999912, 20751, 20751, 0
35.001574, 5.000058, 20474, 20474, 0
40.001547, 4.999973, 20698, 20698, 0
45.001538, 4.999991, 20587, 20587, 0
50.001538, 5.0, 20289, 20289, 0
55.00152, 4.999982, 20797, 20797, 0
60.001533, 5.000013, 21097, 21097, 0
65.001639, 5.000106, 21359, 21359, 0
70.001542, 4.999903, 20587, 20587, 0
75.001565, 5.000023, 20075, 20075, 0
80.001538, 4.999973, 20662, 20662, 0
85.001564, 5.000026, 20763, 20763, 0
90.001507, 4.999943, 20707, 20707, 0
95.001507, 5.0, 20748, 20748, 0
100.00158, 5.000073, 20471, 20471, 0
105.001596, 5.000016, 20401, 20401, 0
110.001642, 5.000046, 19785, 19785, 0
115.00154, 4.999898, 20370, 20370, 0
120.001527, 4.999987, 20168, 20168, 0
125.001506, 4.999979, 20653, 20653, 0
130.001536, 5.00003, 19945, 19945, 0
135.00151, 4.999974, 20105, 20105, 0
140.001591, 5.000081, 20615, 20615, 0
145.001542, 4.999951, 20939, 20939, 0
150.001551, 5.000009, 20146, 20146, 0
155.001528, 4.999977, 20159, 20159, 0
160.001574, 5.000046, 20546, 20546, 0
165.001519, 4.999945, 20183, 20183, 0
170.001516, 4.999997, 20429, 20429, 0
175.001508, 4.999992, 20615, 20615, 0
180.001549, 5.000041, 20283, 20283, 0
185.001525, 4.999976, 20756, 20756, 0
190.00153, 5.000005, 20517, 20517, 0
195.001563, 5.000033, 20401, 20401, 0
200.001636, 5.000073, 20225, 20225, 0
205.001506, 4.99987, 20305, 20305, 0
210.001511, 5.000005, 20554, 20554, 0
215.001571, 5.00006, 20024, 20024, 0
220.001553, 4.999982, 20355, 20355, 0
225.001589, 5.000036, 20139, 20139, 0
230.001537, 4.999948, 20027, 20027, 0
235.001515, 4.999978, 20806, 20806, 0
240.00152, 5.000005, 20126, 20126, 0
245.001583, 5.000063, 20187, 20187, 0
250.001521, 4.999938, 20134, 20134, 0
255.001573, 5.000052, 19746, 19746, 0
260.001538, 4.999965, 19668, 19668, 0
265.001556, 5.000018, 19920, 19920, 0
270.001535, 4.999979, 20209, 20209, 0
275.001513, 4.999978, 19789, 19789, 0
280.001613, 5.0001, 20875, 20875, 0
285.001542, 4.999929, 19676, 19676, 0
290.001523, 4.999981, 20215, 20215, 0
295.001582, 5.000059, 19926, 19926, 0
300.001549, 4.999967, 20377, 20377, 0
301.002592, 1.001043, 4284, 4284, 0
