elapsed, window, total, successful, failed
5.000685, 5.000685,835377,835377,0
10.001723, 5.001038,815849,815849,0
15.001687, 4.999964,823073,823073,0
20.001684, 4.999997,819083,819083,0
25.001714, 5.00003,815721,815721,0
30.001691, 4.999977,815705,815705,0
35.00172, 5.000029,810661,810661,0
40.001685, 4.999965,809186,809186,0
45.001744, 5.000059,802578,802578,0
50.001688, 4.999944,802039,802039,0
55.001692, 5.000004,796695,796695,0
60.001779, 5.000087,795322,795322,0
65.001696, 4.999917,792636,792636,0
70.001699, 5.000003,791116,791116,0
75.001704, 5.000005,793607,793607,0
80.001737, 5.000033,790146,790146,0
85.00178, 5.000043,781653,781653,0
90.001695, 4.999915,783950,783950,0
95.001692, 4.999997,781019,781019,0
100.001743, 5.000051,777146,777146,0
105.001701, 4.999958,778419,778419,0
110.001704, 5.000003,773670,773670,0
115.001705, 5.000001,777004,777004,0
120.001683, 4.999978,772016,772016,0
121.002817, 1.001134,164618,164618,0

