elapsed, window, n, min, mean, median, 95th, 99th, 99_9th, max, errors
5.000336, 5.000336, 45157, 33, 2794.5, 2284, 7165, 9796, 12451, 15407, 0
10.001335, 5.000999, 45487, 30, 2721.0, 2248, 6955, 9230, 11669, 16536, 0
15.001544, 5.000209, 45360, 34, 2689.1, 2167, 6954, 9298, 12347, 18889, 0
20.001324, 4.99978, 45501, 29, 2622.1, 2125, 6667, 8875, 11583, 14561, 0
25.001326, 5.000002, 45421, 26, 2657.7, 2190, 6682, 9083, 11925, 15165, 0
30.001332, 5.000006, 45435, 27, 2676.6, 2177, 6820, 9264, 12051, 14107, 0
35.001333, 5.000001, 45443, 30, 2639.0, 2144, 6753, 9143, 12052, 14052, 0
40.001319, 4.999986, 45371, 31, 2693.2, 2203, 6838, 9229, 11804, 15212, 0
45.001376, 5.000057, 45446, 30, 2660.6, 2179, 6800, 9070, 11482, 14234, 0
50.00146, 5.000084, 45472, 35, 2618.5, 2124, 6818, 9138, 11682, 14345, 0
55.001398, 4.999938, 45404, 25, 2670.5, 2177, 6852, 9204, 11916, 14806, 0
60.001397, 4.999999, 45375, 30, 2646.8, 2151, 6888, 9205, 11748, 12923, 0
65.001342, 4.999945, 45524, 30, 2656.5, 2152, 6812, 9339, 12107, 16029, 0
70.001448, 5.000106, 45388, 31, 2655.1, 2183, 6761, 9111, 11362, 16019, 0
75.001378, 4.99993, 45433, 29, 2642.4, 2148, 6811, 9269, 11863, 14456, 0
80.001321, 4.999943, 45416, 29, 2688.0, 2210, 6823, 9185, 11544, 14456, 0
85.001369, 5.000048, 45381, 29, 2672.7, 2185, 6811, 8977, 12028, 15125, 0
90.001362, 4.999993, 45358, 31, 2723.3, 2229, 6904, 9282, 11592, 14821, 0
95.001547, 5.000185, 45377, 31, 2683.3, 2199, 6780, 9012, 11635, 12830, 0
100.001336, 4.999789, 45380, 32, 2703.6, 2208, 6769, 9119, 11518, 14362, 0
105.001386, 5.00005, 45397, 32, 2631.7, 2118, 6825, 9181, 12059, 14232, 0
110.001338, 4.999952, 45385, 33, 2665.2, 2182, 6737, 9026, 11659, 13420, 0
115.001334, 4.999996, 45325, 30, 2689.6, 2210, 6802, 9142, 11724, 14218, 0
120.001323, 4.999989, 45428, 30, 2669.8, 2162, 6755, 9106, 11388, 13323, 0
121.003417, 1.002094, 9067, 34, 2656.6, 2157, 6722, 9061, 11322, 13323, 0
