elapsed, window, n, min, mean, median, 95th, 99th, 99_9th, max, errors
5.0003, 5.0003, 11205, 934, 34762.2, 2858, 223831, 668245, 1181080, 1219588, 0
10.001352, 5.001052, 12303, 921, 32645.7, 2281, 276256, 366083, 443773, 504031, 0
15.001383, 5.000031, 12456, 968, 31372.0, 2105, 275785, 337312, 361117, 380798, 0
20.001327, 4.999944, 11996, 968, 33126.3, 2092, 294739, 352920, 385349, 414206, 0
25.001388, 5.000061, 12128, 941, 32549.7, 2058, 291298, 349116, 427438, 442853, 0
30.001301, 4.999913, 11779, 973, 34291.3, 2066, 284827, 338474, 374600, 385805, 0
35.001443, 5.000142, 12457, 936, 31851.8, 2051, 285488, 352023, 394614, 427822, 0
40.001433, 4.99999, 11893, 964, 34322.8, 2011, 314502, 357453, 393864, 413058, 0
45.001339, 4.999906, 12641, 986, 31550.5, 2147, 281196, 339002, 401733, 426731, 0
50.001437, 5.000098, 13228, 955, 30707.1, 2174, 276027, 337148, 379081, 449679, 0
55.001338, 4.999901, 11680, 949, 34760.4, 1968, 309042, 357546, 401852, 424741, 0
60.001313, 4.999975, 12010, 940, 33526.8, 2061, 285647, 347825, 388628, 417949, 0
65.001334, 5.000021, 11613, 959, 33751.2, 1968, 302655, 365562, 424699, 464996, 0
70.00138, 5.000046, 12282, 945, 32049.7, 2095, 282989, 354640, 387418, 409329, 0
75.001313, 4.999933, 12465, 883, 31662.9, 2090, 277524, 349745, 384077, 408379, 0
80.001319, 5.000006, 13140, 954, 30263.5, 2120, 268985, 327754, 375467, 390504, 0
85.001442, 5.000123, 12225, 956, 34025.8, 2147, 283688, 343190, 371477, 389838, 0
90.001392, 4.99995, 11542, 974, 35096.5, 2358, 296460, 363808, 403642, 422613, 0
95.001425, 5.000033, 12163, 967, 31548.1, 2320, 269800, 336445, 377773, 405227, 0
100.001327, 4.999902, 12894, 957, 30534.9, 2238, 273071, 315025, 351869, 381910, 0
105.001342, 5.000015, 13209, 950, 29656.1, 2148, 269794, 312008, 347428, 386307, 0
110.001316, 4.999974, 12362, 933, 32892.9, 2188, 290669, 343739, 386307, 458100, 0
115.001375, 5.000059, 11696, 950, 33231.3, 2286, 295944, 344905, 379039, 413376, 0
120.001419, 5.000044, 12459, 981, 32175.4, 2533, 280924, 344910, 401388, 450276, 0
121.004958, 1.003539, 3227, 981, 31454.4, 2561, 277387, 337200, 368639, 421459, 0
