elapsed, window, n, min, mean, median, 95th, 99th, 99_9th, max, errors
5.000828, 5.000828, 122735, 300, 615.3, 606, 763, 924, 2364, 5800, 0
10.001783, 5.000955, 119155, 299, 621.1, 614, 760, 895, 1851, 5856, 0
15.001728, 4.999945, 119244, 301, 621.5, 613, 764, 947, 1727, 5856, 0
20.00175, 5.000022, 118804, 314, 620.7, 613, 765, 966, 1624, 3567, 0
25.001765, 5.000015, 118059, 318, 627.7, 614, 786, 1126, 1904, 4644, 0
30.001698, 4.999933, 122787, 303, 607.5, 600, 754, 912, 1424, 4074, 0
35.001723, 5.000025, 120567, 310, 608.3, 599, 763, 1008, 1764, 5263, 0
40.001828, 5.000105, 117945, 311, 628.4, 617, 778, 1045, 1818, 4412, 0
45.001842, 5.000014, 119952, 311, 623.0, 609, 792, 1115, 1558, 2983, 0
50.00171, 4.999868, 120327, 317, 617.4, 610, 767, 886, 1262, 2721, 0
55.001835, 5.000125, 119602, 309, 621.5, 612, 769, 962, 1393, 4629, 0
60.001707, 4.999872, 122624, 331, 608.3, 603, 753, 867, 1255, 2397, 0
65.001793, 5.000086, 120132, 307, 618.1, 613, 759, 853, 1161, 5448, 0
70.001787, 4.999994, 120509, 320, 616.7, 612, 752, 841, 1149, 5899, 0
75.001753, 4.999966, 120679, 353, 615.2, 613, 754, 832, 954, 4527, 0
80.001857, 5.000104, 118799, 321, 624.0, 617, 766, 887, 1273, 5415, 0
85.001714, 4.999857, 124490, 321, 596.2, 592, 746, 833, 1011, 5602, 0
90.001807, 5.000093, 121118, 303, 610.5, 606, 750, 833, 963, 6021, 0
95.001777, 4.99997, 120888, 318, 614.1, 609, 760, 850, 1014, 5970, 0
100.001821, 5.000044, 119858, 353, 619.3, 616, 760, 845, 974, 2211, 0
105.001745, 4.999924, 120705, 334, 615.5, 611, 762, 851, 1030, 5446, 0
110.001706, 4.999961, 123378, 338, 604.0, 600, 751, 839, 1010, 5243, 0
115.001794, 5.000088, 120105, 295, 617.5, 614, 753, 831, 966, 1672, 0
120.001859, 5.000065, 119350, 312, 621.0, 616, 755, 838, 1126, 5023, 0
121.0019, 1.000041, 25975, 312, 611.1, 608, 752, 838, 1098, 5023, 0
