elapsed, window, n, min, mean, median, 95th, 99th, 99_9th, max, errors
5.000533, 5.000533, 3784, 1134, 1310.6, 1290, 1491, 1623, 1849, 3204, 0
10.00153, 5.000997, 3760, 1140, 1317.2, 1296, 1496, 1626, 1795, 1932, 0
15.001476, 4.999946, 3757, 1126, 1319.0, 1298, 1493, 1634, 1778, 2303, 0
20.00163, 5.000154, 3769, 1129, 1314.1, 1293, 1498, 1622, 1744, 1871, 0
25.001479, 4.999849, 3781, 1127, 1310.8, 1290, 1491, 1611, 1772, 1834, 0
30.001477, 4.999998, 3756, 1131, 1319.3, 1299, 1496, 1611, 1752, 1948, 0
35.001476, 4.999999, 3748, 1143, 1322.5, 1301, 1506, 1621, 1800, 1949, 0
40.001514, 5.000038, 3727, 1142, 1328.8, 1307, 1513, 1621, 1767, 1819, 0
45.001655, 5.000141, 3724, 1128, 1330.9, 1310, 1527, 1635, 1777, 1872, 0
50.001563, 4.999908, 3715, 1140, 1334.2, 1312, 1531, 1668, 1848, 1924, 0
55.001476, 4.999913, 3731, 1142, 1327.7, 1305, 1512, 1626, 1790, 1899, 0
60.001546, 5.00007, 3715, 1163, 1333.9, 1312, 1519, 1612, 1765, 1788, 0
65.001493, 4.999947, 3716, 1132, 1333.8, 1313, 1515, 1632, 1765, 1826, 0
70.001529, 5.000036, 3679, 1161, 1347.0, 1326, 1529, 1663, 1784, 1832, 0
75.001491, 4.999962, 3688, 1167, 1344.3, 1323, 1521, 1663, 1807, 1985, 0
80.001476, 4.999985, 3687, 1171, 1344.0, 1322, 1527, 1663, 1863, 2077, 0
85.001476, 5.0, 3699, 1151, 1340.3, 1320, 1515, 1648, 1784, 2303, 0
90.001767, 5.000291, 3688, 1157, 1344.3, 1322, 1533, 1663, 1836, 3228, 0
95.001473, 4.999706, 3674, 1130, 1349.1, 1326, 1544, 1669, 1815, 1893, 0
100.001564, 5.000091, 3675, 1168, 1349.9, 1326, 1540, 1663, 1821, 1941, 0
105.00153, 4.999966, 3689, 1150, 1343.8, 1323, 1535, 1657, 1830, 2429, 0
110.001476, 4.999946, 3671, 1158, 1350.1, 1328, 1538, 1655, 1787, 2162, 0
115.001476, 5.0, 3677, 1170, 1347.6, 1326, 1535, 1662, 1817, 1885, 0
120.001473, 4.999997, 3666, 1179, 1353.0, 1330, 1540, 1655, 1782, 1855, 0
121.001568, 1.000095, 734, 1181, 1353.1, 1332, 1534, 1653, 1780, 1855, 0
