elapsed, window, n, min, mean, median, 95th, 99th, 99_9th, max, errors
5.000237, 5.000237, 6827, 1502, 4056.9, 2800, 11844, 16487, 22121, 27756, 0
10.001259, 5.001022, 6666, 1471, 3970.1, 2772, 11585, 15834, 21905, 37272, 0
15.001432, 5.000173, 6728, 1338, 4010.7, 2781, 11678, 15367, 19353, 23547, 0
20.001294, 4.999862, 6672, 1494, 3989.1, 2753, 11744, 15851, 20224, 27557, 0
25.001271, 4.999977, 6741, 1466, 3975.9, 2749, 11519, 15403, 19599, 35127, 0
30.001357, 5.000086, 6567, 1510, 4010.1, 2798, 11603, 15364, 19615, 21963, 0
35.001243, 4.999886, 6605, 1429, 4082.1, 2849, 11665, 15272, 19885, 33221, 0
40.001328, 5.000085, 6660, 1363, 3980.3, 2766, 11750, 15585, 19115, 26247, 0
45.001228, 4.9999, 6722, 1445, 3956.1, 2732, 11759, 15640, 19779, 33289, 0
50.001252, 5.000024, 6728, 1364, 3994.2, 2737, 11862, 15639, 20232, 28835, 0
55.00138, 5.000128, 6908, 1389, 3871.6, 2632, 11484, 15055, 20740, 55693, 0
60.001348, 4.999968, 6830, 1435, 3839.0, 2686, 11144, 14657, 18946, 47194, 0
65.001286, 4.999938, 6953, 1478, 3839.1, 2611, 11456, 15115, 18631, 24687, 0
70.001249, 4.999963, 6929, 1499, 3899.1, 2672, 11641, 14800, 18625, 21017, 0
75.001288, 5.000039, 6700, 1418, 3937.3, 2730, 11378, 14986, 18501, 36741, 0
80.001263, 4.999975, 6921, 1393, 3793.5, 2611, 11261, 14826, 18901, 22014, 0
85.001393, 5.00013, 6797, 1412, 3949.9, 2684, 11725, 15668, 20375, 101771, 0
90.001372, 4.999979, 6787, 1437, 3942.8, 2676, 11617, 15188, 19161, 23063, 0
95.001242, 4.99987, 6591, 1427, 4088.7, 2810, 11998, 15564, 19975, 81505, 0
100.001235, 4.999993, 6950, 1427, 3901.2, 2597, 11756, 15393, 19330, 77511, 0
105.00127, 5.000035, 6821, 1435, 3954.9, 2663, 11638, 15670, 20806, 93358, 0
110.001348, 5.000078, 6703, 1355, 3957.8, 2693, 11740, 15324, 18523, 62066, 0
115.001238, 4.99989, 6907, 1398, 3832.4, 2649, 11398, 14853, 18921, 39793, 0
120.001301, 5.000063, 7028, 1448, 3892.6, 2650, 11567, 15060, 18604, 43230, 0
121.00344, 1.002139, 1400, 1448, 3874.8, 2629, 11566, 15136, 18621, 43230, 0
