elapsed, window, n, min, mean, median, 95th, 99th, 99_9th, max, errors
5.000693, 5.000693, 4007, 1323, 3195.3, 1970, 11279, 13833, 16344, 23920, 0
10.001715, 5.001022, 3943, 1272, 3104.5, 1947, 10982, 13644, 15713, 20160, 0
15.001818, 5.000103, 4007, 1272, 3205.0, 1951, 11371, 13890, 15898, 24813, 0
20.001724, 4.999906, 4004, 1279, 3141.7, 1942, 11066, 13665, 15799, 21102, 0
25.001692, 4.999968, 4039, 1276, 3125.5, 1881, 11117, 13792, 15939, 23706, 0
30.001705, 5.000013, 4010, 1322, 3214.6, 1904, 11341, 14131, 16114, 21934, 0
35.001691, 4.999986, 4021, 1281, 3164.7, 1907, 11293, 14204, 15542, 16668, 0
40.001707, 5.000016, 3943, 1298, 3376.2, 2013, 11615, 14196, 15858, 21549, 0
45.001924, 5.000217, 3965, 1308, 3336.3, 1998, 11463, 13837, 15477, 21549, 0
50.00172, 4.999796, 3895, 1280, 3180.4, 1943, 11328, 13966, 15745, 16303, 0
55.001736, 5.000016, 3963, 1378, 3281.7, 2012, 11388, 13973, 15902, 17088, 0
60.001701, 4.999965, 4029, 1229, 3235.5, 1928, 11206, 13714, 15571, 17088, 0
65.001737, 5.000036, 3990, 1297, 3113.5, 1906, 10974, 13587, 15707, 16914, 0
70.001727, 4.99999, 3981, 1291, 3133.0, 1902, 11040, 13813, 15740, 22536, 0
75.001741, 5.000014, 4011, 1281, 3180.6, 1893, 11346, 13979, 15865, 19282, 0
80.001674, 4.999933, 4049, 1289, 3250.4, 1902, 11384, 13964, 15835, 18912, 0
85.001727, 5.000053, 3993, 1243, 3238.3, 1886, 11218, 13923, 15640, 19451, 0
90.001671, 4.999944, 3970, 1266, 3209.0, 1909, 11423, 14210, 16082, 19921, 0
95.001665, 4.999994, 4006, 1266, 3224.2, 1904, 11312, 13843, 15898, 26665, 0
100.00171, 5.000045, 4039, 1322, 3243.6, 1898, 11355, 14018, 16001, 21273, 0
105.001685, 4.999975, 4076, 1301, 3187.7, 1881, 11195, 14302, 15936, 18281, 0
110.001709, 5.000024, 3969, 1301, 3134.0, 1890, 10965, 13730, 15658, 18281, 0
115.001713, 5.000004, 3987, 1274, 3188.1, 1910, 11123, 13921, 16172, 17171, 0
120.001712, 4.999999, 3939, 1274, 3210.0, 1974, 11318, 13982, 15963, 21997, 0
121.003027, 1.001315, 814, 1345, 3201.9, 1972, 11305, 13809, 15963, 21997, 0
