elapsed, window, n, min, mean, median, 95th, 99th, 99_9th, max, errors
5.000616, 5.000616, 46277, 1.0, 4.4, 4.0, 11.0, 18.0, 31.0, 71.0, 0
10.001436, 5.00082, 46556, 1.0, 4.4, 4.0, 11.0, 18.0, 30.0, 84.0, 0
15.001352, 4.999916, 46508, 1.0, 4.4, 4.0, 11.0, 18.0, 30.0, 171.0, 0
20.001307, 4.999955, 46490, 1.0, 4.3, 3.0, 11.0, 18.0, 30.0, 56.0, 0
25.001459, 5.000152, 46559, 2.0, 4.3, 3.0, 11.0, 17.0, 31.0, 479.0, 0
30.001308, 4.999849, 46571, 1.0, 4.3, 3.0, 11.0, 17.0, 29.0, 46.0, 0
35.001299, 4.999991, 46573, 1.0, 4.3, 3.0, 11.0, 18.0, 29.0, 44.0, 0
40.001321, 5.000022, 46564, 1.0, 4.3, 3.0, 11.0, 18.0, 29.0, 63.0, 0
45.001334, 5.000013, 46593, 1.0, 4.3, 3.0, 11.0, 18.0, 30.0, 53.0, 0
50.001311, 4.999977, 46575, 1.0, 4.3, 3.0, 11.0, 18.0, 31.0, 74.0, 0
55.001316, 5.000005, 46525, 1.0, 4.3, 3.0, 11.0, 18.0, 30.0, 47.0, 0
60.001328, 5.000012, 46630, 2.0, 4.3, 3.0, 11.0, 18.0, 30.0, 65.0, 0
65.001628, 5.0003, 46506, 1.0, 4.3, 3.0, 11.0, 18.0, 29.0, 77.0, 0
70.001319, 4.999691, 46547, 1.0, 4.3, 3.0, 11.0, 18.0, 29.0, 77.0, 0
75.001314, 4.999995, 46623, 1.0, 4.3, 3.0, 11.0, 18.0, 29.0, 53.0, 0
80.001384, 5.00007, 46505, 1.0, 4.3, 3.0, 11.0, 18.0, 31.0, 60.0, 0
85.001302, 4.999918, 46552, 1.0, 4.3, 3.0, 11.0, 18.0, 31.0, 71.0, 0
90.001318, 5.000016, 46543, 1.0, 4.3, 3.0, 11.0, 18.0, 31.0, 70.0, 0
95.001319, 5.000001, 46539, 2.0, 4.3, 3.0, 11.0, 18.0, 30.0, 63.0, 0
100.001325, 5.000006, 46496, 1.0, 4.3, 3.0, 11.0, 18.0, 30.0, 55.0, 0
105.00131, 4.999985, 46565, 1.0, 4.3, 3.0, 11.0, 18.0, 30.0, 82.0, 0
110.001305, 4.999995, 46542, 1.0, 4.3, 3.0, 11.0, 18.0, 30.0, 73.0, 0
115.001307, 5.000002, 46542, 1.0, 4.3, 3.0, 11.0, 18.0, 30.0, 57.0, 0
120.001306, 4.999999, 46543, 1.0, 4.3, 3.0, 11.0, 18.0, 30.0, 58.0, 0
121.003416, 1.00211, 9311, 1.0, 4.3, 3.0, 11.0, 18.0, 31.0, 58.0, 0
