elapsed, window, n, min, mean, median, 95th, 99th, 99_9th, max, errors
5.000916, 5.000916, 46610, 89, 1567.2, 426, 6284, 9374, 13492, 20918, 0
10.001761, 5.000845, 46796, 83, 1563.5, 418, 6206, 9386, 13660, 22307, 0
15.001758, 4.999997, 46851, 88, 1534.4, 411, 6153, 9241, 13368, 19170, 0
20.00204, 5.000282, 46877, 84, 1549.0, 414, 6154, 9381, 12822, 19260, 0
25.00076, 4.99872, 46719, 89, 1547.1, 416, 6130, 9377, 13251, 19878, 0
30.001767, 5.001007, 46799, 86, 1568.6, 429, 6235, 9293, 12948, 20244, 0
35.001773, 5.000006, 46677, 90, 1585.4, 435, 6294, 9391, 12829, 18273, 0
40.001759, 4.999986, 46727, 90, 1572.0, 423, 6244, 9667, 13318, 18492, 0
45.001773, 5.000014, 46747, 88, 1546.0, 416, 6186, 9464, 13773, 21537, 0
50.00176, 4.999987, 46761, 88, 1573.8, 422, 6267, 9517, 13391, 16348, 0
55.001759, 4.999999, 46728, 91, 1546.3, 427, 6108, 9444, 13155, 18595, 0
60.001813, 5.000054, 46673, 90, 1566.3, 429, 6228, 9351, 13163, 20780, 0
65.001764, 4.999951, 46446, 88, 1569.4, 431, 6247, 9471, 13284, 20390, 0
70.001776, 5.000012, 46533, 88, 1564.7, 432, 6251, 9348, 13239, 20051, 0
75.001761, 4.999985, 46233, 91, 1599.7, 447, 6379, 9725, 13945, 23154, 0
80.001766, 5.000005, 46366, 85, 1575.9, 439, 6205, 9599, 13456, 18850, 0
85.001764, 4.999998, 46326, 89, 1586.9, 439, 6354, 9801, 13849, 18586, 0
90.001792, 5.000028, 46497, 88, 1566.3, 440, 6194, 9359, 13072, 17694, 0
95.001805, 5.000013, 46390, 90, 1564.1, 444, 6218, 9399, 13419, 18128, 0
100.00176, 4.999955, 46327, 89, 1582.3, 448, 6297, 9251, 13048, 19449, 0
105.001801, 5.000041, 46343, 88, 1576.2, 437, 6331, 9418, 13210, 19486, 0
110.001852, 5.000051, 46417, 87, 1559.6, 439, 6231, 9452, 13619, 18157, 0
115.001754, 4.999902, 46481, 87, 1575.3, 440, 6300, 9490, 13878, 20702, 0
120.001758, 5.000004, 46370, 88, 1554.0, 437, 6236, 9273, 12700, 19573, 0
121.004878, 1.00312, 9295, 88, 1550.3, 436, 6201, 9281, 12691, 16520, 0
