elapsed, window, n, min, mean, median, 95th, 99th, 99_9th, max, errors
5.000238, 5.000238, 56261, 20310, 26264.3, 23356, 40471, 82782, 138821, 211882, 0
10.001209, 5.000971, 60707, 20323, 24250.5, 23516, 28697, 34896, 87604, 106882, 0
15.001225, 5.000016, 59873, 20324, 24549.3, 23304, 29418, 49778, 146776, 210405, 0
20.001348, 5.000123, 61455, 20338, 23905.7, 23344, 28570, 33224, 52863, 78849, 0
25.001236, 4.999888, 60827, 20309, 24105.5, 23362, 28535, 35265, 80200, 113294, 0
30.001248, 5.000012, 61061, 20345, 24117.2, 23337, 28876, 36145, 70100, 94690, 0
35.001226, 4.999978, 60088, 20350, 24423.0, 23278, 29139, 50551, 88994, 132514, 0
40.001363, 5.000137, 60801, 20336, 24177.7, 23495, 28828, 36213, 74212, 126791, 0
45.001194, 4.999831, 60380, 20357, 24312.8, 23456, 28860, 38227, 88277, 116160, 0
50.001206, 5.000012, 61010, 20360, 24082.2, 23455, 28719, 33901, 72148, 101213, 0
55.001202, 4.999996, 60144, 20308, 24438.0, 22901, 30332, 59925, 92768, 109439, 0
60.001197, 4.999995, 60698, 20327, 24184.8, 23592, 28728, 32084, 59750, 94530, 0
65.001207, 5.00001, 60771, 20343, 24170.5, 23439, 28616, 34751, 75377, 120428, 0
70.001203, 4.999996, 58454, 20321, 25094.1, 23107, 31322, 72390, 150518, 180353, 0
75.0012, 4.999997, 60809, 20368, 24156.4, 23793, 28699, 31787, 40754, 67370, 0
80.001269, 5.000069, 59735, 20348, 24586.8, 23216, 29769, 59340, 96655, 154404, 0
85.001195, 4.999926, 60382, 20328, 24337.8, 23374, 29336, 42482, 82178, 109925, 0
90.001258, 5.000063, 59748, 20331, 24569.3, 23352, 29579, 46901, 119317, 161842, 0
95.001198, 4.99994, 60712, 20362, 24205.9, 23885, 28742, 31444, 39226, 56700, 0
100.001207, 5.000009, 60184, 20325, 24421.4, 23356, 29273, 46731, 92809, 160879, 0
105.001204, 4.999997, 60526, 20329, 24262.5, 23485, 28901, 34443, 81394, 104562, 0
110.001202, 4.999998, 59967, 20368, 24479.9, 23792, 29256, 34574, 78024, 93564, 0
115.001211, 5.000009, 60276, 20375, 24381.3, 24129, 29172, 31974, 38835, 54977, 0
120.001258, 5.000047, 60260, 20382, 24368.8, 23767, 29137, 32030, 74565, 86678, 0
121.006315, 1.005057, 11976, 20382, 24418.1, 23793, 29254, 32258, 74571, 86678, 0
