elapsed, window, n, min, mean, median, 95th, 99th, 99_9th, max, errors
5.0007, 5.0007, 29803, 20745, 29212.0, 31144, 39100, 44663, 62086, 77354, 0
10.001692, 5.000992, 29930, 20671, 29027.0, 31116, 38647, 42925, 48887, 60895, 0
15.001686, 4.999994, 29871, 20688, 29038.9, 31131, 38689, 42961, 48991, 56917, 0
20.001737, 5.000051, 30008, 20752, 29000.8, 31107, 38637, 42815, 48060, 56838, 0
25.001745, 5.000008, 30008, 20733, 29016.7, 31110, 38571, 43162, 48867, 56838, 0
30.001692, 4.999947, 30029, 20697, 28963.2, 31088, 38607, 42864, 48560, 57620, 0
35.001694, 5.000002, 30033, 20692, 28917.9, 31061, 38580, 42850, 48435, 52811, 0
40.001761, 5.000067, 29980, 20708, 28997.1, 31097, 38579, 43017, 49056, 62926, 0
45.001684, 4.999923, 30042, 20692, 28973.1, 31084, 38730, 43036, 48618, 53671, 0
50.001685, 5.000001, 30000, 20684, 28993.3, 31099, 38622, 42920, 48719, 54779, 0
55.002015, 5.00033, 30086, 20700, 28944.3, 31087, 38610, 42878, 48151, 55128, 0
60.000736, 4.998721, 30078, 20703, 28935.0, 31084, 38551, 43204, 49050, 57181, 0
65.001779, 5.001043, 30099, 20700, 28954.6, 31089, 38501, 42962, 48859, 58551, 0
70.001685, 4.999906, 29939, 20679, 28979.0, 31096, 38638, 42995, 48266, 59410, 0
75.001962, 5.000277, 30107, 20679, 28930.9, 31088, 38435, 42646, 48341, 53547, 0
80.001684, 4.999722, 30055, 20710, 28921.0, 31069, 38525, 42950, 48280, 59937, 0
85.001752, 5.000068, 30007, 20701, 28928.1, 31077, 38528, 42744, 48353, 59937, 0
90.001769, 5.000017, 30049, 20740, 28959.0, 31095, 38494, 42692, 47533, 53789, 0
95.001898, 5.000129, 29900, 20744, 29062.3, 31155, 38693, 43030, 48867, 57154, 0
100.001687, 4.999789, 30014, 20700, 28948.7, 31103, 38560, 42975, 48946, 56130, 0
105.002036, 5.000349, 30028, 20708, 28972.2, 31126, 38484, 42809, 47827, 56130, 0
110.00081, 4.998774, 29915, 20748, 29008.6, 31119, 38505, 43082, 48910, 57283, 0
115.001686, 5.000876, 30007, 20651, 28986.5, 31100, 38685, 43059, 49415, 61400, 0
120.001736, 5.00005, 29957, 20736, 28989.1, 31114, 38574, 43124, 48950, 57210, 0
121.003787, 1.002051, 6009, 20736, 28980.0, 31108, 38592, 43063, 48534, 55913, 0
