elapsed, window, total, successful, failed
5.000762, 5.000762, 15833, 15833, 0
10.001746, 5.000984, 15686, 15686, 0
15.001764, 5.000018, 15671, 15671, 0
20.001708, 4.999944, 15633, 15633, 0
25.001712, 5.000004, 15668, 15668, 0
30.001932, 5.00022, 15690, 15690, 0
35.00171, 4.999778, 15733, 15733, 0
40.001711, 5.000001, 15676, 15676, 0
45.001903, 5.000192, 15669, 15669, 0
50.001842, 4.999939, 15687, 15687, 0
55.001727, 4.999885, 15647, 15647, 0
60.001709, 4.999982, 15642, 15642, 0
65.001826, 5.000117, 15642, 15642, 0
70.001711, 4.999885, 15611, 15611, 0
75.001918, 5.000207, 15579, 15579, 0
80.001959, 5.000041, 15599, 15599, 0
85.002008, 5.000049, 15566, 15566, 0
90.001792, 4.999784, 15611, 15611, 0
95.001781, 4.999989, 15593, 15593, 0
100.001711, 4.99993, 15582, 15582, 0
105.00202, 5.000309, 15595, 15595, 0
110.00071, 4.99869, 15552, 15552, 0
115.001948, 5.001238, 15613, 15613, 0
120.001708, 4.99976, 15619, 15619, 0
121.003812, 1.002104, 3135, 3135, 0
