elapsed, window, n, min, mean, median, 95th, 99th, 99_9th, max, errors
5.000628, 5.000628, 40, 1746, 7900.4, 7728, 14645, 16272, 16272, 16272, 0
10.001642, 5.001014, 40, 1691, 5184.1, 3596, 12255, 34987, 34987, 34987, 0
15.001632, 4.99999, 40, 1439, 5062.4, 4259, 10058, 15709, 34987, 34987, 0
20.001587, 4.999955, 40, 1723, 4377.0, 4612, 7837, 12198, 12198, 12198, 0
25.001662, 5.000075, 78, 1476, 4669.1, 3792, 7478, 9562, 47065, 47065, 0
30.001597, 4.999935, 42, 1476, 4577.0, 3703, 7201, 31171, 47065, 47065, 0
35.001597, 5.0, 0, 0, 0, 0, 0, 0, 0, 0, 0
40.001647, 5.00005, 40, 1920, 4347.4, 3905, 6573, 7286, 7286, 7286, 0
45.00156, 4.999913, 0, 0, 0, 0, 0, 0, 0, 0, 0
50.001641, 5.000081, 120, 1518, 4015.1, 3368, 6769, 7619, 37034, 37034, 0
55.001619, 4.999978, 41, 1605, 3494.6, 3308, 5697, 9344, 9344, 9344, 0
60.00158, 4.999961, 80, 1655, 4178.2, 3650, 6428, 24021, 24586, 24586, 0
65.001666, 5.000086, 120, 1461, 4833.4, 4552, 8588, 11842, 19361, 19361, 0
70.001647, 4.999981, 79, 1809, 5393.4, 4444, 10486, 16804, 39890, 39890, 0
75.001645, 4.999998, 80, 1654, 4373.0, 3659, 6399, 17088, 38180, 38180, 0
80.001509, 4.999864, 0, 1935, 4309.7, 3725, 6721, 17088, 17088, 17088, 0
85.001634, 5.000125, 77, 1432, 3764.4, 3433, 7560, 8542, 10070, 10070, 0
90.001606, 4.999972, 58, 1515, 5427.4, 3500, 8298, 12812, 135111, 135111, 0
95.001631, 5.000025, 135, 1720, 6663.2, 3907, 9957, 81090, 135111, 135111, 0
100.001638, 5.000007, 80, 1567, 5335.2, 3860, 9841, 44869, 65041, 65041, 0
105.00165, 5.000012, 124, 1272, 6124.8, 3821, 7187, 65041, 166616, 166616, 0
110.001521, 4.999871, 58, 1575, 4223.7, 3814, 7553, 9312, 10484, 10484, 0
115.001573, 5.000052, 59, 1471, 7090.9, 4062, 21781, 39430, 85870, 85870, 0
120.001648, 5.000075, 129, 1471, 5279.1, 4282, 9688, 25892, 43394, 43394, 0
121.002707, 1.001059, 11, 1657, 4981.4, 4251, 8304, 31180, 43394, 43394, 0
