elapsed, window, total, successful, failed
5.000941, 5.000941, 13132, 13132, 0
10.002019, 5.001078, 13489, 13489, 0
15.001797, 4.999778, 13485, 13485, 0
20.001876, 5.000079, 13119, 13119, 0
25.001904, 5.000028, 13218, 13218, 0
30.001794, 4.99989, 13076, 13076, 0
35.00197, 5.000176, 13119, 13119, 0
40.001808, 4.999838, 13149, 13149, 0
45.001835, 5.000027, 13033, 13033, 0
50.001876, 5.000041, 13533, 13533, 0
55.001823, 4.999947, 13042, 13042, 0
60.001829, 5.000006, 12671, 12671, 0
65.001808, 4.999979, 13330, 13330, 0
70.001802, 4.999994, 12907, 12907, 0
75.001865, 5.000063, 13414, 13414, 0
80.001873, 5.000008, 13537, 13537, 0
85.001874, 5.000001, 13260, 13260, 0
90.001802, 4.999928, 12964, 12964, 0
95.00196, 5.000158, 13174, 13174, 0
100.001828, 4.999868, 13310, 13310, 0
105.001787, 4.999959, 13579, 13579, 0
110.001898, 5.000111, 13260, 13260, 0
115.001848, 4.99995, 13395, 13395, 0
120.001955, 5.000107, 13091, 13091, 0
125.001852, 4.999897, 13087, 13087, 0
130.001791, 4.999939, 12752, 12752, 0
135.00179, 4.999999, 13144, 13144, 0
140.00186, 5.00007, 13072, 13072, 0
145.001789, 4.999929, 13397, 13397, 0
150.001939, 5.00015, 12841, 12841, 0
155.001826, 4.999887, 13310, 13310, 0
160.001817, 4.999991, 13043, 13043, 0
165.001787, 4.99997, 12479, 12479, 0
170.001925, 5.000138, 12971, 12971, 0
175.001837, 4.999912, 13391, 13391, 0
180.001799, 4.999962, 13361, 13361, 0
181.003099, 1.0013, 2691, 2691, 0
