elapsed, window, total, successful, failed
5.000769, 5.000769, 316, 316, 0
10.00174, 5.000971, 138, 136, 2
15.001775, 5.000035, 175, 175, 0
20.001776, 5.000001, 175, 175, 0
25.001742, 4.999966, 224, 224, 0
30.001768, 5.000026, 106, 106, 0
35.001673, 4.999905, 195, 195, 0
40.00172, 5.000047, 188, 187, 1
45.001726, 5.000006, 145, 145, 0
50.001725, 4.999999, 197, 197, 0
55.001788, 5.000063, 176, 175, 1
60.001679, 4.999891, 164, 164, 0
65.001737, 5.000058, 176, 176, 0
70.001729, 4.999992, 179, 179, 0
75.00173, 5.000001, 192, 192, 0
80.001741, 5.000011, 150, 150, 0
85.001729, 4.999988, 187, 187, 0
90.00173, 5.000001, 167, 167, 0
95.001726, 4.999996, 165, 165, 0
100.001684, 4.999958, 168, 168, 0
105.001729, 5.000045, 158, 158, 0
110.001736, 5.000007, 183, 183, 0
115.001728, 4.999992, 165, 165, 0
120.001679, 4.999951, 177, 177, 0
125.001724, 5.000045, 175, 175, 0
130.001733, 5.000009, 165, 165, 0
135.001679, 4.999946, 177, 177, 0
140.001676, 4.999997, 168, 168, 0
145.001677, 5.000001, 186, 186, 0
150.001731, 5.000054, 172, 172, 0
155.001772, 5.000041, 178, 178, 0
160.001687, 4.999915, 176, 176, 0
165.001725, 5.000038, 170, 170, 0
170.001723, 4.999998, 181, 181, 0
175.00175, 5.000027, 165, 165, 0
180.001722, 4.999972, 169, 168, 1
185.001676, 4.999954, 172, 172, 0
190.001731, 5.000055, 165, 165, 0
195.001611, 4.99988, 177, 176, 1
200.001681, 5.00007, 162, 162, 0
205.001675, 4.999994, 170, 170, 0
210.001679, 5.000004, 173, 173, 0
215.001687, 5.000008, 185, 184, 1
220.00177, 5.000083, 159, 159, 0
225.001674, 4.999904, 173, 173, 0
230.001676, 5.000002, 183, 183, 0
235.00168, 5.000004, 161, 161, 0
240.00168, 5.0, 173, 172, 1
245.001728, 5.000048, 180, 180, 0
250.001729, 5.000001, 162, 162, 0
255.001726, 4.999997, 167, 167, 0
260.001733, 5.000007, 172, 172, 0
265.001674, 4.999941, 187, 187, 0
270.001681, 5.000007, 168, 168, 0
275.001683, 5.000002, 179, 179, 0
280.001678, 4.999995, 187, 187, 0
285.001686, 5.000008, 175, 175, 0
290.001677, 4.999991, 177, 177, 0
295.001725, 5.000048, 167, 167, 0
300.001682, 4.999957, 175, 175, 0
301.012855, 1.011173, 32, 32, 0
