elapsed, window, n, min, mean, median, 95th, 99th, 99_9th, max, errors
5.000276, 5.000276, 49667, 84, 166.2, 140, 307, 515, 916, 1887, 0
10.001271, 5.000995, 53124, 80, 165.0, 142, 297, 447, 712, 1333, 0
15.001325, 5.000054, 52960, 80, 166.5, 142, 303, 476, 790, 1644, 0
20.00129, 4.999965, 52965, 85, 167.6, 143, 308, 472, 747, 3140, 0
25.001293, 5.000003, 53116, 83, 167.2, 143, 304, 454, 783, 4473, 0
30.001282, 4.999989, 52535, 84, 164.1, 142, 296, 435, 673, 1196, 0
35.001302, 5.00002, 53137, 84, 164.5, 142, 296, 432, 655, 3827, 0
40.001247, 4.999945, 53102, 81, 165.8, 143, 301, 439, 692, 4867, 0
45.001244, 4.999997, 52823, 84, 163.8, 142, 293, 421, 640, 1030, 0
50.001234, 4.99999, 52656, 83, 165.2, 143, 294, 432, 704, 4535, 0
55.001247, 5.000013, 53270, 83, 165.3, 143, 298, 441, 690, 2797, 0
60.001261, 5.000014, 53007, 81, 164.3, 141, 299, 443, 702, 2120, 0
65.001526, 5.000265, 53052, 81, 167.1, 143, 304, 453, 733, 4863, 0
70.001256, 4.99973, 53032, 84, 167.0, 145, 301, 435, 651, 990, 0
75.001421, 5.000165, 53065, 80, 168.9, 146, 306, 454, 695, 5197, 0
80.001235, 4.999814, 50345, 81, 163.2, 141, 296, 437, 676, 1307, 0
85.001254, 5.000019, 53115, 81, 167.4, 144, 308, 460, 698, 1100, 0
90.001259, 5.000005, 52837, 82, 168.2, 144, 309, 459, 704, 1488, 0
95.001261, 5.000002, 52961, 82, 172.0, 148, 315, 470, 717, 1404, 0
100.001249, 4.999988, 53150, 80, 172.1, 149, 317, 458, 710, 1248, 0
105.001267, 5.000018, 53058, 84, 169.0, 144, 310, 471, 748, 5337, 0
110.001298, 5.000031, 53032, 79, 167.0, 143, 304, 447, 700, 1336, 0
115.001236, 4.999938, 53026, 78, 168.0, 146, 303, 447, 686, 5086, 0
120.001268, 5.000032, 53093, 78, 170.0, 147, 310, 449, 685, 1277, 0
121.005365, 1.004097, 10632, 80, 169.6, 146, 310, 453, 692, 1238, 0
