elapsed, window, total, successful, failed
5.000288, 5.000288, 22035, 22035, 0
10.001294, 5.001006, 22271, 22271, 0
15.001301, 5.000007, 22317, 22317, 0
20.001285, 4.999984, 22193, 22193, 0
25.001297, 5.000012, 22266, 22266, 0
30.001454, 5.000157, 22249, 22249, 0
35.001292, 4.999838, 22239, 22239, 0
40.00129, 4.999998, 22164, 22164, 0
45.001469, 5.000179, 22241, 22241, 0
50.001292, 4.999823, 22160, 22160, 0
55.001337, 5.000045, 22248, 22248, 0
60.001337, 5.0, 22231, 22231, 0
65.001528, 5.000191, 22191, 22191, 0
70.001288, 4.99976, 22151, 22151, 0
75.001337, 5.000049, 22173, 22173, 0
80.001303, 4.999966, 22139, 22139, 0
85.001358, 5.000055, 22132, 22132, 0
90.001314, 4.999956, 22154, 22154, 0
95.001398, 5.000084, 22208, 22208, 0
100.001317, 4.999919, 22268, 22268, 0
105.001411, 5.000094, 22061, 22061, 0
110.00138, 4.999969, 22189, 22189, 0
115.001313, 4.999933, 22210, 22210, 0
120.001286, 4.999973, 22251, 22251, 0
121.011389, 1.010103, 4480, 4480, 0
