elapsed, window, n, min, mean, max, errors, median
5.000969, 5.000969,3176, 857,2165.17, 29613,0,1568.79
10.000895, 4.999926,3855, 853,1342.18, 10666,0,1249.57
15.000958, 5.000063,3949, 873,1277.74, 6280,0,1218.03
20.001968, 5.00101,3935, 826,1239.34, 3631,0,1187.54
25.000962, 4.998994,3934, 822,1227.46, 3327,0,1177.1
30.000964, 5.000002,3994, 815,1208.78, 3195,0,1164.64
35.000967, 5.000003,3891, 803,1191.44, 3571,0,1150.12
40.00095, 4.999983,3870, 819,1199.7, 9551,0,1147.88
45.000955, 5.000005,3922, 819,1181.4, 2782,0,1142.95
50.00096, 5.000005,3931, 821,1183.71, 2543,0,1144.03
55.00183, 5.00087,3884, 784,1171.55, 2519,0,1135.16
60.00084, 4.99901,3859, 822,1170.08, 2563,0,1135.11
65.001966, 5.001126,3964, 791,1162.4, 2715,0,1126.8
70.00083, 4.998864,3963, 770,1170.2, 7879,0,1130.98
75.001973, 5.001143,3868, 781,1163.8, 2911,0,1125.59
80.001929, 4.999956,3850, 781,1155.35, 3715,0,1118.25
85.001986, 5.000057,3870, 761,1158.72, 10805,0,1118.58
90.001959, 4.999973,3911, 809,1148.73, 3563,0,1117.18
95.001843, 4.999884,3939, 799,1156.87, 7059,0,1118.69
100.001943, 5.0001,3984, 815,1160.9, 8480,0,1121.67
105.001873, 4.99993,3879, 789,1156.47, 4974,0,1118.7
110.001891, 5.000018,3870, 763,1148.47, 6219,0,1114.3
115.001954, 5.000063,3815, 778,1341.14, 103717,0,1112.21
120.001962, 5.000008,3838, 794,1150.34, 8564,0,1113.84
125.001991, 5.000029,3889, 764,1152.81, 7557,0,1116
130.001833, 4.999842,3868, 798,1147.74, 4706,0,1111.79
135.00193, 5.000097,3934, 766,1149.37, 2716,0,1114.06
140.001952, 5.000022,3924, 807,1151.46, 10227,0,1110.92
145.001856, 4.999904,3899, 761,1168.41, 6051,0,1120.13
150.001956, 5.0001,3788, 779,1156.7, 4235,0,1115.21
155.001934, 4.999978,3927, 790,1147.27, 2774,0,1109.76
160.001902, 4.999968,3975, 781,1154.82, 8406,0,1111.88
165.001838, 4.999936,3880, 783,1157.46, 6026,0,1115.78
170.001947, 5.000109,3827, 776,1155.88, 2697,0,1116.01
175.001908, 4.999961,3980, 804,1154.61, 10428,0,1110.21
180.001959, 5.000051,3809, 804,7923.45, 590625,0,1137.57
181.092075, 1.090116,851, 822,8260.02, 590625,0,1135.46

