elapsed, window, n, min, mean, median, 95th, 99th, 99_9th, max, errors
5.000791, 5.000791, 129, 20449, 38246.6, 39854, 58863, 59898, 60024, 60024, 0
10.001794, 5.001003, 126, 20459, 39746.8, 39874, 59735, 60008, 60155, 60155, 0
15.001794, 5.0, 125, 20660, 39745.3, 39863, 42264, 60340, 60381, 60381, 0
20.001794, 5.0, 125, 20900, 40033.3, 39879, 59209, 59918, 59988, 59988, 0
25.001798, 5.000004, 133, 20568, 37425.4, 39844, 41819, 58311, 58936, 58936, 0
30.001797, 4.999999, 131, 20306, 37579.0, 39834, 47164, 59909, 59938, 59938, 0
35.001796, 4.999999, 131, 20306, 38089.0, 39857, 41135, 59920, 59995, 59995, 0
40.001797, 5.000001, 131, 20567, 37709.3, 39844, 40905, 59910, 59932, 59932, 0
45.001796, 4.999999, 128, 20389, 38787.3, 39854, 59732, 60129, 60426, 60426, 0
50.001798, 5.000002, 134, 20454, 36948.9, 39838, 40592, 58870, 59155, 59155, 0
55.001796, 4.999998, 132, 20449, 37194.1, 39757, 49735, 59996, 60001, 60001, 0
60.001796, 5.0, 122, 20310, 40315.6, 39859, 40899, 60110, 60255, 60255, 0
65.001796, 5.0, 129, 20547, 38605.3, 39853, 41620, 59918, 60032, 60032, 0
70.001794, 4.999998, 130, 20678, 38216.0, 39838, 58761, 59922, 79605, 79605, 0
75.001794, 5.0, 125, 20580, 39605.9, 39865, 57888, 59834, 59902, 59902, 0
80.001795, 5.000001, 130, 20481, 38746.2, 39856, 58667, 59797, 59920, 59920, 0
85.001795, 5.0, 130, 20736, 38396.9, 39842, 56181, 59920, 59937, 59937, 0
90.001795, 5.0, 132, 24222, 37996.4, 39847, 54536, 59939, 60003, 60003, 0
95.001794, 4.999999, 138, 21926, 36342.3, 39741, 46529, 53673, 59892, 59892, 0
100.001797, 5.000003, 129, 20670, 38960.1, 39863, 52362, 59953, 59953, 59953, 0
105.001795, 4.999998, 129, 21052, 38312.4, 39847, 42992, 58089, 58375, 58375, 0
110.001795, 5.0, 129, 20689, 38769.0, 39846, 40976, 59776, 59858, 59858, 0
115.001795, 5.0, 129, 20552, 38486.1, 39844, 59015, 59852, 60265, 60265, 0
120.001795, 5.0, 133, 20430, 37817.7, 39854, 40623, 59367, 59769, 59769, 0
121.001835, 1.00004, 27, 20430, 37316.1, 39832, 40623, 59769, 60434, 60434, 0
