elapsed, window, total, successful, failed
5.000195, 5.000195,196229,196229,0
10.001174, 5.000979,182315,182315,0
15.001159, 4.999985,179782,179782,0
20.001133, 4.999974,179038,179038,0
25.001152, 5.000019,179494,179494,0
30.00125, 5.000098,178204,178204,0
35.001207, 4.999957,176748,176748,0
40.001132, 4.999925,177678,177678,0
45.001183, 5.000051,177815,177815,0
50.00118, 4.999997,175647,175647,0
55.00113, 4.99995,174775,174775,0
60.001176, 5.000046,175383,175383,0
65.001136, 4.99996,174396,174396,0
70.001182, 5.000046,175264,175264,0
75.001201, 5.000019,175906,175906,0
80.001213, 5.000012,175775,175775,0
85.001189, 4.999976,173860,173860,0
90.00118, 4.999991,174365,174365,0
95.001182, 5.000002,175160,175160,0
100.00118, 4.999998,174512,174512,0
105.00116, 4.99998,176102,176102,0
110.001288, 5.000128,176026,176026,0
115.001172, 4.999884,175486,175486,0
120.001146, 4.999974,175759,175759,0
121.002274, 1.001128,35260,35260,0

