elapsed, window, total, successful, failed
5.0007, 5.0007, 3251, 3251, 0
10.001668, 5.000968, 3215, 3215, 0
15.001665, 4.999997, 3259, 3259, 0
20.001614, 4.999949, 3157, 3157, 0
25.001662, 5.000048, 3193, 3193, 0
30.00161, 4.999948, 3195, 3195, 0
35.001645, 5.000035, 3163, 3163, 0
40.001667, 5.000022, 3146, 3146, 0
45.001653, 4.999986, 3091, 3091, 0
50.001771, 5.000118, 2944, 2944, 0
55.001653, 4.999882, 2915, 2915, 0
60.001703, 5.00005, 2869, 2869, 0
65.001752, 5.000049, 2821, 2821, 0
70.001695, 4.999943, 2782, 2782, 0
75.001729, 5.000034, 2778, 2778, 0
80.001729, 5.0, 2733, 2733, 0
85.00172, 4.999991, 2706, 2706, 0
90.00172, 5.0, 2711, 2711, 0
95.001732, 5.000012, 2736, 2736, 0
100.001708, 4.999976, 2723, 2723, 0
105.001797, 5.000089, 2901, 2901, 0
110.001662, 4.999865, 3180, 3180, 0
115.001607, 4.999945, 3265, 3265, 0
120.001718, 5.000111, 3318, 3318, 0
125.001731, 5.000013, 3536, 3536, 0
130.001753, 5.000022, 3795, 3795, 0
135.001618, 4.999865, 4099, 4099, 0
140.001644, 5.000026, 4069, 4069, 0
145.001614, 4.99997, 4073, 4073, 0
150.001636, 5.000022, 4026, 4026, 0
155.001621, 4.999985, 4022, 4022, 0
160.001684, 5.000063, 3831, 3831, 0
165.00164, 4.999956, 3592, 3592, 0
170.001675, 5.000035, 3524, 3524, 0
175.001609, 4.999934, 3515, 3515, 0
180.001683, 5.000074, 3390, 3390, 0
185.001637, 4.999954, 3319, 3319, 0
190.001669, 5.000032, 3343, 3343, 0
195.001631, 4.999962, 3346, 3346, 0
200.001726, 5.000095, 3390, 3390, 0
205.001695, 4.999969, 3376, 3376, 0
210.001684, 4.999989, 3398, 3398, 0
215.001639, 4.999955, 3361, 3361, 0
220.001646, 5.000007, 3344, 3344, 0
225.001675, 5.000029, 3416, 3416, 0
230.001631, 4.999956, 3334, 3334, 0
235.00169, 5.000059, 3300, 3300, 0
240.001759, 5.000069, 3312, 3312, 0
245.001675, 4.999916, 3380, 3380, 0
250.001616, 4.999941, 3268, 3268, 0
255.001618, 5.000002, 3292, 3292, 0
260.001691, 5.000073, 3249, 3249, 0
265.001722, 5.000031, 3292, 3292, 0
270.001774, 5.000052, 3266, 3266, 0
275.001737, 4.999963, 3412, 3412, 0
280.001654, 4.999917, 3417, 3417, 0
285.001643, 4.999989, 3322, 3322, 0
290.001712, 5.000069, 3342, 3342, 0
295.001646, 4.999934, 3342, 3342, 0
300.001629, 4.999983, 3316, 3316, 0
301.027859, 1.02623, 688, 688, 0
