elapsed, window, n, min, mean, max, errors, median
5.000492, 5.000492,56083, 936,1062.6, 2797,0,1058.8
10.001437, 5.000945,55879, 903,1065.4, 2460,0,1061.11
15.001436, 4.999999,56137, 931,1060.92, 1999,0,1056.27
20.001432, 4.999996,55964, 917,1062.87, 2367,0,1058.77
25.001444, 5.000012,55936, 944,1064.58, 2410,0,1060.31
30.001433, 4.999989,55990, 940,1064.15, 2238,0,1059.97
35.001434, 5.000001,55806, 945,1066.94, 2081,0,1062.79
40.001439, 5.000005,56009, 933,1063.2, 2282,0,1058.98
45.001437, 4.999998,55952, 937,1064.8, 2455,0,1060.29
50.001439, 5.000002,56206, 914,1059.36, 2043,0,1055.16
55.001452, 5.000013,56179, 933,1059.69, 2004,0,1055.33
60.001465, 5.000013,56075, 933,1061.21, 1984,0,1056.5
65.00143, 4.999965,56288, 935,1058.12, 1985,0,1053.65
70.001451, 5.000021,56423, 935,1055.67, 1863,0,1051.49
75.001471, 5.00002,56360, 939,1056.41, 1936,0,1052.49
80.001435, 4.999964,56354, 934,1056.25, 1867,0,1052.15
85.001466, 5.000031,56345, 936,1056.39, 2741,0,1052.15
90.001439, 4.999973,56190, 933,1059.05, 1937,0,1054.8
95.001434, 4.999995,56325, 942,1057.31, 2267,0,1053.29
100.001434, 5.0,56338, 929,1056.48, 2163,0,1052.63
105.001431, 4.999997,56202, 928,1059.69, 2274,0,1055.8
110.001496, 5.000065,56321, 931,1057.32, 1998,0,1053.59
115.001432, 4.999936,56238, 930,1058.2, 1929,0,1054.28
120.001452, 5.00002,56274, 934,1058.01, 1981,0,1054.1
121.001527, 1.000075,11254, 927,1057.76, 1841,0,1053.95

