elapsed, window, total, successful, failed
5.000978, 5.000978, 958, 958, 0
10.002018, 5.00104, 975, 975, 0
15.001899, 4.999881, 912, 912, 0
20.001978, 5.000079, 994, 994, 0
25.00195, 4.999972, 970, 970, 0
30.001944, 4.999994, 900, 900, 0
35.001932, 4.999988, 942, 942, 0
40.001994, 5.000062, 961, 961, 0
45.001889, 4.999895, 955, 955, 0
50.001946, 5.000057, 1002, 1002, 0
55.001975, 5.000029, 900, 900, 0
60.001968, 4.999993, 1025, 1025, 0
65.001902, 4.999934, 939, 939, 0
70.001997, 5.000095, 994, 994, 0
75.001977, 4.99998, 921, 921, 0
80.001928, 4.999951, 982, 982, 0
85.001929, 5.000001, 911, 911, 0
90.002022, 5.000093, 919, 919, 0
95.001933, 4.999911, 1009, 1009, 0
100.001936, 5.000003, 1019, 1019, 0
105.001955, 5.000019, 905, 905, 0
110.001933, 4.999978, 925, 925, 0
115.001931, 4.999998, 991, 991, 0
120.001938, 5.000007, 975, 975, 0
125.00194, 5.000002, 963, 963, 0
130.001933, 4.999993, 1007, 1007, 0
135.00189, 4.999957, 928, 928, 0
140.001938, 5.000048, 1008, 1008, 0
145.001932, 4.999994, 905, 905, 0
150.001931, 4.999999, 852, 852, 0
155.001934, 5.000003, 967, 967, 0
160.001981, 5.000047, 960, 960, 0
165.001982, 5.000001, 999, 999, 0
170.001993, 5.000011, 1032, 1032, 0
175.001992, 4.999999, 1074, 1074, 0
180.001936, 4.999944, 1129, 1129, 0
185.002021, 5.000085, 1251, 1251, 0
190.001929, 4.999908, 1144, 1144, 0
195.001934, 5.000005, 1144, 1144, 0
200.001904, 4.99997, 1173, 1173, 0
205.001948, 5.000044, 1307, 1307, 0
210.001977, 5.000029, 1251, 1251, 0
215.001978, 5.000001, 1071, 1071, 0
220.001857, 4.999879, 1158, 1158, 0
225.001941, 5.000084, 1180, 1180, 0
230.001973, 5.000032, 1211, 1211, 0
235.00198, 5.000007, 1225, 1225, 0
240.001863, 4.999883, 1339, 1339, 0
245.00194, 5.000077, 1060, 1060, 0
250.002027, 5.000087, 1201, 1201, 0
255.00201, 4.999983, 1220, 1220, 0
260.002003, 4.999993, 1050, 1050, 0
265.002035, 5.000032, 1095, 1095, 0
270.001992, 4.999957, 1190, 1190, 0
275.001999, 5.000007, 1188, 1187, 1
280.001978, 4.999979, 1064, 1064, 0
285.001984, 5.000006, 1031, 1031, 0
290.001934, 4.99995, 1152, 1152, 0
295.001926, 4.999992, 1161, 1161, 0
300.001931, 5.000005, 1204, 1203, 1
301.003075, 1.001144, 273, 273, 0
