elapsed, window, n, min, mean, median, 95th, 99th, 99_9th, max, errors
5.000745, 5.000745, 82551, 372, 7531.3, 2504, 16250, 133102, 452664, 678815, 0
10.00181, 5.001065, 84705, 386, 7444.6, 2443, 16793, 134188, 392685, 664965, 0
15.001759, 4.999949, 84795, 389, 7372.0, 2474, 23964, 120853, 326754, 622649, 0
20.001699, 4.99994, 82629, 381, 7421.1, 2408, 13438, 135203, 473900, 941057, 0
25.0017, 5.000001, 81337, 384, 7695.1, 2470, 22744, 118027, 447498, 1004169, 0
30.001736, 5.000036, 83168, 381, 7569.0, 2441, 18447, 132095, 446144, 872232, 0
35.001716, 4.99998, 83564, 384, 7505.8, 2448, 12089, 154993, 364302, 625843, 0
40.001789, 5.000073, 81639, 373, 7647.9, 2484, 20667, 142733, 361265, 688301, 0
45.001693, 4.999904, 79218, 380, 7871.6, 2538, 24242, 128847, 412235, 789190, 0
50.001726, 5.000033, 80433, 383, 7768.4, 2529, 22826, 140605, 332869, 565210, 0
55.001685, 4.999959, 82815, 373, 7426.7, 2405, 9507, 146624, 636194, 930824, 0
60.001689, 5.000004, 82888, 383, 7600.1, 2409, 9185, 136188, 647462, 1059625, 0
65.001738, 5.000049, 82197, 374, 7533.0, 2375, 10901, 136670, 593772, 899618, 0
70.001738, 5.0, 76851, 372, 7966.7, 2422, 9779, 182904, 736299, 1148650, 0
75.001706, 4.999968, 81041, 373, 7920.9, 2422, 10225, 137920, 797717, 1148650, 0
80.001691, 4.999985, 79114, 371, 8025.5, 2464, 11876, 169391, 492436, 934852, 0
85.001709, 5.000018, 80363, 384, 7817.4, 2425, 13294, 161287, 420936, 669058, 0
90.001695, 4.999986, 79593, 367, 7814.3, 2453, 14691, 153756, 413752, 870941, 0
95.001695, 5.0, 77703, 369, 7916.6, 2479, 14807, 155125, 482654, 820414, 0
100.001694, 4.999999, 81837, 375, 7657.9, 2407, 8972, 122875, 810083, 1155715, 0
105.001691, 4.999997, 78901, 373, 7900.3, 2388, 9719, 124717, 820189, 1186591, 0
110.001687, 4.999996, 74390, 373, 8379.6, 2436, 10439, 158857, 886859, 1237690, 0
115.001696, 5.000009, 77070, 369, 8122.4, 2416, 10950, 132976, 838962, 1170465, 0
120.001714, 5.000018, 74628, 373, 8230.1, 2481, 11599, 146465, 738961, 1246428, 0
121.003806, 1.002092, 14634, 373, 8323.3, 2477, 11691, 143774, 815285, 1246428, 0
