elapsed, window, n, min, mean, median, 95th, 99th, 99_9th, max, errors
5.000754, 5.000754, 10839, 1.0, 3.2, 3.0, 4.0, 10.0, 16.0, 20.0, 0
10.001629, 5.000875, 10842, 1.0, 3.2, 3.0, 4.0, 10.0, 16.0, 32.0, 0
15.001548, 4.999919, 10856, 1.0, 3.1, 3.0, 4.0, 10.0, 15.0, 22.0, 0
20.001503, 4.999955, 10857, 1.0, 3.1, 3.0, 4.0, 9.0, 14.0, 20.0, 0
25.001565, 5.000062, 10839, 1.0, 3.1, 3.0, 4.0, 10.0, 16.0, 29.0, 0
30.001513, 4.999948, 10861, 1.0, 3.1, 3.0, 4.0, 10.0, 15.0, 18.0, 0
35.001503, 4.99999, 10848, 1.0, 3.1, 3.0, 4.0, 10.0, 16.0, 26.0, 0
40.0015, 4.999997, 10850, 1.0, 3.1, 3.0, 4.0, 10.0, 15.0, 23.0, 0
45.001507, 5.000007, 10855, 1.0, 3.1, 3.0, 4.0, 10.0, 15.0, 28.0, 0
50.001553, 5.000046, 10855, 1.0, 3.1, 3.0, 4.0, 10.0, 14.0, 20.0, 0
55.001529, 4.999976, 10841, 1.0, 3.1, 3.0, 4.0, 10.0, 16.0, 28.0, 0
60.001527, 4.999998, 10862, 1.0, 3.0, 3.0, 5.0, 10.0, 15.0, 25.0, 0
65.001501, 4.999974, 10836, 1.0, 3.0, 3.0, 4.0, 10.0, 14.0, 29.0, 0
70.001553, 5.000052, 10863, 1.0, 3.0, 3.0, 4.0, 10.0, 14.0, 21.0, 0
75.001555, 5.000002, 10858, 1.0, 3.0, 3.0, 4.0, 10.0, 15.0, 34.0, 0
80.001549, 4.999994, 10862, 1.0, 3.0, 3.0, 5.0, 10.0, 15.0, 21.0, 0
85.00156, 5.000011, 10853, 1.0, 3.0, 3.0, 4.0, 10.0, 16.0, 36.0, 0
90.001552, 4.999992, 10847, 1.0, 3.0, 3.0, 4.0, 10.0, 16.0, 22.0, 0
95.0015, 4.999948, 10835, 1.0, 2.9, 3.0, 4.0, 10.0, 15.0, 29.0, 0
100.001505, 5.000005, 10866, 1.0, 3.1, 3.0, 4.0, 10.0, 15.0, 27.0, 0
105.001501, 4.999996, 10848, 1.0, 3.1, 3.0, 4.0, 10.0, 15.0, 27.0, 0
110.001552, 5.000051, 10870, 1.0, 3.0, 3.0, 4.0, 10.0, 15.0, 20.0, 0
115.00155, 4.999998, 10856, 1.0, 3.0, 3.0, 4.0, 10.0, 15.0, 22.0, 0
120.001549, 4.999999, 10843, 1.0, 3.0, 3.0, 4.0, 10.0, 15.0, 149.0, 0
121.001604, 1.000055, 2166, 1.0, 3.0, 3.0, 4.0, 10.0, 15.0, 149.0, 0
