elapsed, window, n, min, mean, median, 95th, 99th, 99_9th, max, errors
5.000978, 5.000978, 93422, 355, 6729.6, 3406, 12842, 88430, 346572, 603800, 0
10.001963, 5.000985, 90966, 364, 6811.2, 3327, 13052, 90209, 372199, 644278, 0
15.00192, 4.999957, 87644, 347, 7125.6, 3440, 13673, 101147, 373227, 668453, 0
20.001915, 4.999995, 89388, 339, 7048.1, 3422, 14002, 98065, 383294, 600363, 0
25.001916, 5.000001, 90284, 369, 6808.8, 3379, 12782, 91490, 385504, 746167, 0
30.001963, 5.000047, 88984, 348, 6952.7, 3393, 13767, 82762, 415562, 821589, 0
35.001948, 4.999985, 86943, 352, 7103.0, 3452, 13150, 82017, 457526, 726810, 0
40.001919, 4.999971, 85327, 363, 7392.6, 3495, 13840, 90509, 448579, 852603, 0
45.001946, 5.000027, 85212, 358, 7301.4, 3475, 13351, 90607, 427443, 558208, 0
50.001968, 5.000022, 87830, 363, 7088.5, 3439, 13076, 74494, 447431, 834322, 0
55.002113, 5.000145, 86445, 352, 7213.8, 3501, 13474, 86127, 461449, 800353, 0
60.000922, 4.998809, 89805, 362, 7106.7, 3568, 14580, 92444, 305305, 800353, 0
65.001911, 5.000989, 88404, 367, 7056.8, 3646, 17043, 90976, 210995, 502516, 0
70.001928, 5.000017, 89303, 364, 6995.3, 3550, 13599, 88696, 326499, 766470, 0
75.001949, 5.000021, 86785, 348, 7197.2, 3554, 13468, 103008, 378228, 665558, 0
80.001932, 4.999983, 86497, 348, 7352.2, 3574, 13978, 110644, 369633, 633515, 0
85.00191, 4.999978, 86626, 368, 7323.3, 3625, 14461, 100349, 334574, 838293, 0
90.001967, 5.000057, 86414, 362, 7245.8, 3607, 13656, 94150, 368220, 838293, 0
95.00191, 4.999943, 85821, 356, 7187.4, 3494, 12858, 91240, 437739, 709182, 0
100.001931, 5.000021, 87384, 368, 7162.9, 3497, 13103, 95420, 390954, 709182, 0
105.001913, 4.999982, 85566, 380, 7257.0, 3675, 14487, 92333, 367052, 577018, 0
110.001917, 5.000004, 87120, 371, 7165.1, 3600, 13836, 98773, 351688, 577018, 0
115.001919, 5.000002, 87780, 382, 7164.1, 3609, 14967, 91190, 324015, 725443, 0
120.001916, 4.999997, 86635, 395, 7180.9, 3731, 19069, 87710, 197239, 572386, 0
121.002966, 1.00105, 16246, 379, 7201.4, 3696, 17216, 87953, 242973, 572386, 0
