elapsed, window, n, min, mean, median, 95th, 99th, 99_9th, max, errors
5.001005, 5.001005, 471251, 316, 11629.3, 7691, 35942, 53291, 72566, 127194, 0
10.002044, 5.001039, 426957, 292, 11732.8, 6826, 37669, 53870, 77144, 135395, 0
15.001017, 4.998973, 427097, 281, 11659.0, 7399, 35346, 50133, 68723, 112505, 0
20.002002, 5.000985, 422568, 279, 11807.1, 6973, 36955, 57027, 88884, 168927, 0
25.002009, 5.000007, 421159, 285, 11834.6, 7127, 37591, 53359, 72783, 117160, 0
30.002101, 5.000092, 420709, 261, 11860.7, 7328, 36921, 54273, 74742, 138903, 0
35.00106, 4.998959, 425022, 308, 11776.3, 6916, 37453, 56450, 76792, 138903, 0
40.001014, 4.999954, 426952, 286, 11777.8, 7305, 35869, 50969, 72249, 133174, 0
45.001014, 5.0, 423843, 299, 11748.5, 7160, 36244, 53346, 71620, 121921, 0
50.001055, 5.000041, 422878, 301, 11800.4, 8178, 34542, 50899, 70303, 121921, 0
55.001089, 5.000034, 424488, 304, 11788.1, 8876, 31203, 44790, 59728, 100180, 0
60.00102, 4.999931, 429902, 320, 11688.9, 8473, 31835, 44536, 61730, 103814, 0
65.001137, 5.000117, 426470, 375, 11728.7, 8894, 31495, 45512, 66963, 120129, 0
70.001042, 4.999905, 433565, 335, 11551.2, 9393, 27937, 38610, 52060, 87417, 0
75.001036, 4.999994, 425933, 341, 11660.4, 9283, 28920, 40482, 55737, 103972, 0
80.001028, 4.999992, 428117, 346, 11643.6, 8399, 31803, 44254, 60237, 101380, 0
85.001047, 5.000019, 429308, 354, 11649.7, 8485, 31802, 43587, 61539, 108232, 0
90.001012, 4.999965, 425184, 347, 11717.3, 8138, 33670, 50154, 66855, 113830, 0
95.001008, 4.999996, 428012, 343, 11686.7, 8082, 32557, 48080, 66584, 121370, 0
100.00217, 5.001162, 434428, 382, 11624.6, 8490, 31093, 42349, 57976, 88068, 0
105.001027, 4.998857, 420279, 329, 11744.1, 7957, 33310, 53440, 79174, 144018, 0
110.001007, 4.99998, 426449, 351, 11713.3, 7887, 33767, 51268, 70066, 120598, 0
115.002037, 5.00103, 425334, 351, 11711.4, 7824, 33690, 47308, 65447, 118622, 0
120.001006, 4.998969, 428117, 364, 11701.4, 7973, 33493, 53321, 72292, 130840, 0
121.021157, 1.020151, 84770, 363, 11697.6, 8104, 32377, 51954, 71599, 130840, 0
