elapsed, window, total, successful, failed
5.001209, 5.001209, 25487, 25487, 0
10.001052, 4.999843, 25738, 25738, 0
15.001139, 5.000087, 24871, 24871, 0
20.001172, 5.000033, 23635, 23635, 0
25.001119, 4.999947, 22377, 22377, 0
30.001066, 4.999947, 21536, 21536, 0
35.001097, 5.000031, 22853, 22853, 0
40.001054, 4.999957, 22435, 22435, 0
45.001068, 5.000014, 22555, 22555, 0
50.00107, 5.000002, 22702, 22702, 0
55.001079, 5.000009, 21620, 21620, 0
60.001053, 4.999974, 22110, 22110, 0
65.001059, 5.000006, 21207, 21207, 0
70.001111, 5.000052, 22678, 22678, 0
75.001203, 5.000092, 23319, 23319, 0
80.001085, 4.999882, 23657, 23657, 0
85.001138, 5.000053, 23278, 23278, 0
90.001066, 4.999928, 23676, 23676, 0
95.001049, 4.999983, 23384, 23384, 0
100.00115, 5.000101, 24612, 24612, 0
105.001052, 4.999902, 24593, 24593, 0
110.001052, 5.0, 23135, 23135, 0
115.001044, 4.999992, 23618, 23618, 0
120.001108, 5.000064, 22446, 22446, 0
125.001138, 5.00003, 25113, 25113, 0
130.001132, 4.999994, 24832, 24832, 0
135.001125, 4.999993, 24915, 24915, 0
140.001052, 4.999927, 25265, 25265, 0
145.00111, 5.000058, 24843, 24843, 0
150.001061, 4.999951, 24468, 24468, 0
155.001102, 5.000041, 23894, 23894, 0
160.001113, 5.000011, 24827, 24827, 0
165.001047, 4.999934, 24931, 24931, 0
170.001075, 5.000028, 24639, 24639, 0
175.001106, 5.000031, 26043, 26043, 0
180.001128, 5.000022, 25257, 25257, 0
185.001055, 4.999927, 25048, 25048, 0
190.001062, 5.000007, 24959, 24959, 0
195.001059, 4.999997, 23774, 23774, 0
200.001077, 5.000018, 23118, 23118, 0
205.001104, 5.000027, 22728, 22728, 0
210.001048, 4.999944, 23275, 23275, 0
215.001077, 5.000029, 24238, 24238, 0
220.001079, 5.000002, 23836, 23836, 0
225.001102, 5.000023, 24399, 24399, 0
230.001047, 4.999945, 23487, 23487, 0
235.00107, 5.000023, 24675, 24675, 0
240.001289, 5.000219, 24715, 24715, 0
245.001079, 4.99979, 23982, 23982, 0
250.00116, 5.000081, 24569, 24569, 0
255.001107, 4.999947, 23741, 23741, 0
260.001133, 5.000026, 24254, 24254, 0
265.001037, 4.999904, 24943, 24943, 0
270.001061, 5.000024, 24713, 24713, 0
275.001041, 4.99998, 24542, 24542, 0
280.001054, 5.000013, 23277, 23277, 0
285.001058, 5.000004, 24130, 24130, 0
290.001124, 5.000066, 23637, 23637, 0
295.001093, 4.999969, 23978, 23978, 0
300.00104, 4.999947, 21627, 21627, 0
301.003298, 1.002258, 4820, 4820, 0
