elapsed, window, n, min, mean, median, 95th, 99th, 99_9th, max, errors
5.000294, 5.000294, 42768, 83, 149.8, 129, 238, 384, 2220, 2746, 0
10.00137, 5.001076, 45434, 82, 141.7, 128, 223, 311, 528, 3334, 0
15.001491, 5.000121, 45473, 79, 141.2, 128, 224, 310, 486, 4560, 0
20.00153, 5.000039, 45380, 81, 140.3, 127, 223, 301, 488, 1332, 0
25.001295, 4.999765, 45202, 84, 140.5, 127, 221, 301, 465, 3762, 0
30.001472, 5.000177, 45432, 83, 141.2, 128, 221, 298, 477, 4039, 0
35.00134, 4.999868, 45381, 83, 140.7, 128, 221, 303, 469, 4305, 0
40.001398, 5.000058, 45325, 84, 140.6, 128, 223, 301, 473, 2438, 0
45.001301, 4.999903, 45142, 84, 140.4, 127, 222, 300, 469, 4908, 0
50.001342, 5.000041, 45481, 81, 139.1, 127, 220, 290, 423, 912, 0
55.001297, 4.999955, 44859, 82, 139.4, 127, 220, 299, 438, 4717, 0
60.001296, 4.999999, 45281, 82, 142.0, 129, 223, 303, 481, 3602, 0
65.00131, 5.000014, 45077, 78, 140.6, 127, 222, 303, 505, 5206, 0
70.001293, 4.999983, 45330, 80, 140.8, 128, 222, 298, 464, 4907, 0
75.001294, 5.000001, 45462, 84, 141.3, 129, 224, 298, 461, 1122, 0
80.001308, 5.000014, 45340, 81, 140.3, 127, 223, 298, 439, 5203, 0
85.001393, 5.000085, 45155, 83, 140.8, 128, 224, 303, 452, 831, 0
90.001299, 4.999906, 45454, 83, 142.7, 130, 227, 307, 460, 626, 0
95.001485, 5.000186, 45095, 82, 141.6, 129, 224, 297, 453, 4784, 0
100.001295, 4.99981, 45279, 83, 143.0, 130, 227, 310, 457, 3934, 0
105.001336, 5.000041, 45440, 81, 144.4, 132, 230, 302, 444, 3934, 0
110.001325, 4.999989, 45582, 81, 143.5, 131, 228, 305, 459, 4018, 0
115.001292, 4.999967, 45498, 82, 145.1, 131, 234, 316, 469, 1104, 0
120.001289, 4.999997, 45508, 81, 143.0, 130, 228, 315, 488, 4153, 0
121.004397, 1.003108, 9087, 81, 142.8, 130, 227, 314, 487, 4153, 0
