elapsed, window, n, min, mean, median, 95th, 99th, 99_9th, max, errors
5.001085, 5.001085, 541182, 284, 10299.4, 7392, 28052, 39657, 55364, 88538, 0
10.001067, 4.999982, 495778, 284, 10159.8, 7339, 26936, 36917, 50325, 80486, 0
15.001028, 4.999961, 485556, 299, 10278.3, 7320, 28416, 40681, 55127, 90788, 0
20.001018, 4.99999, 483521, 310, 10316.3, 7268, 28325, 40554, 55155, 85169, 0
25.001022, 5.000004, 489315, 309, 10254.4, 7398, 27648, 38767, 53450, 93284, 0
30.001011, 4.999989, 489005, 310, 10236.6, 7235, 28001, 39510, 55458, 99748, 0
35.002016, 5.001005, 489232, 310, 10174.9, 7282, 27479, 39422, 57281, 115480, 0
40.001008, 4.998992, 486783, 348, 10212.9, 7297, 27791, 38087, 52298, 90904, 0
45.002016, 5.001008, 483572, 314, 10308.4, 7529, 27600, 39471, 54423, 89500, 0
50.001019, 4.999003, 480120, 308, 10341.5, 7077, 29770, 42077, 58238, 102515, 0
55.001129, 5.00011, 488475, 341, 10325.8, 7333, 28685, 41758, 56261, 91698, 0
60.001045, 4.999916, 481107, 306, 10311.0, 7483, 27683, 39768, 52837, 88422, 0
65.001017, 4.999972, 481694, 322, 10358.2, 7259, 28733, 42885, 57693, 97528, 0
70.001001, 4.999984, 491118, 329, 10194.6, 7194, 28089, 41617, 57027, 100639, 0
75.002031, 5.00103, 482233, 318, 10338.0, 7190, 28559, 42113, 61706, 110021, 0
80.001057, 4.999026, 476715, 321, 10394.0, 6804, 30329, 42857, 59111, 107050, 0
85.001096, 5.000039, 482416, 277, 10418.9, 6704, 29907, 43143, 59968, 110985, 0
90.001009, 4.999913, 479652, 270, 10472.2, 6636, 30692, 52028, 70000, 124982, 0
95.002019, 5.00101, 471402, 271, 10486.1, 6781, 30483, 48026, 70933, 137985, 0
100.001027, 4.999008, 477873, 246, 10508.0, 6955, 29651, 45215, 74212, 137175, 0
105.001006, 4.999979, 475679, 307, 10427.5, 7116, 29403, 43333, 60068, 108459, 0
110.002027, 5.001021, 476706, 292, 10476.0, 7193, 29211, 41266, 56622, 99524, 0
115.00102, 4.998993, 472566, 312, 10552.9, 6835, 30875, 44639, 61288, 103008, 0
120.001025, 5.000005, 473683, 333, 10508.7, 6910, 30442, 44703, 64589, 118664, 0
121.015107, 1.014082, 125450, 333, 10516.9, 6984, 30132, 43838, 64154, 118664, 0
