elapsed, window, n, min, mean, median, 95th, 99th, 99_9th, max, errors
5.000378, 5.000378, 0, 0, 0, 0, 0, 0, 0, 0, 0
10.001389, 5.001011, 200, 151920, 157780.3, 157476, 162200, 163117, 185744, 185744, 0
15.001379, 4.99999, 0, 0, 0, 0, 0, 0, 0, 0, 0
20.001395, 5.000016, 100, 152924, 158672.8, 158484, 164645, 165710, 167235, 167235, 0
25.001463, 5.000068, 100, 151906, 155244.0, 154298, 156566, 187604, 200215, 200215, 0
30.001438, 4.999975, 0, 0, 0, 0, 0, 0, 0, 0, 0
35.001439, 5.000001, 0, 0, 0, 0, 0, 0, 0, 0, 0
40.001428, 4.999989, 200, 151826, 155713.9, 155101, 160713, 164720, 167331, 167331, 0
45.001373, 4.999945, 100, 152237, 161625.6, 155589, 197338, 211889, 223796, 223796, 0
50.001438, 5.000065, 100, 151156, 152847.1, 152724, 153655, 154628, 163959, 163959, 0
55.001326, 4.999888, 100, 151419, 152821.9, 152725, 153834, 156043, 157543, 157543, 0
60.00143, 5.000104, 0, 0, 0, 0, 0, 0, 0, 0, 0
65.001432, 5.000002, 100, 151239, 153702.5, 153036, 156383, 162298, 173642, 173642, 0
70.001375, 4.999943, 100, 151540, 153969.0, 153024, 156705, 168885, 168967, 168967, 0
75.001257, 4.999882, 0, 0, 0, 0, 0, 0, 0, 0, 0
80.00137, 5.000113, 200, 151312, 153234.2, 153018, 154839, 158203, 163641, 163641, 0
85.001375, 5.000005, 106, 151578, 155770.2, 153149, 180856, 201466, 207795, 207795, 0
90.001418, 5.000043, 194, 151367, 153089.5, 152901, 154849, 158240, 162016, 162016, 0
95.001446, 5.000028, 0, 0, 0, 0, 0, 0, 0, 0, 0
100.001333, 4.999887, 100, 151481, 154782.4, 152931, 166646, 173869, 179293, 179293, 0
105.001443, 5.00011, 0, 0, 0, 0, 0, 0, 0, 0, 0
110.001383, 4.99994, 100, 151754, 155073.6, 152937, 169217, 178895, 179963, 179963, 0
115.001385, 5.000002, 0, 0, 0, 0, 0, 0, 0, 0, 0
120.001336, 4.999951, 292, 151029, 158345.7, 153088, 201790, 238074, 242274, 242274, 0
121.004515, 1.003179, 5, 151254, 154132.6, 152935, 158228, 166214, 242274, 242274, 0
