elapsed, window, n, min, mean, median, 95th, 99th, 99_9th, max, errors
5.000283, 5.000283, 490786, 265, 11206.2, 9448, 25672, 37284, 52573, 87514, 0
10.001285, 5.001002, 450302, 340, 11210.9, 8907, 27997, 38770, 53789, 85402, 0
15.001268, 4.999983, 444149, 342, 11216.4, 9108, 27474, 38077, 52674, 90022, 0
20.001275, 5.000007, 439348, 325, 11370.5, 8720, 29107, 42069, 56712, 95662, 0
25.001281, 5.000006, 442114, 361, 11310.1, 8961, 28089, 42181, 59381, 105399, 0
30.001262, 4.999981, 442675, 345, 11334.3, 8505, 30400, 43829, 61168, 108728, 0
35.001264, 5.000002, 443009, 280, 11266.1, 8701, 28899, 40560, 57408, 108728, 0
40.001294, 5.00003, 438861, 280, 11334.9, 8444, 30421, 42585, 58305, 99036, 0
45.001351, 5.000057, 444310, 361, 11288.1, 8588, 29512, 44929, 63045, 119860, 0
50.001266, 4.999915, 447094, 361, 11200.1, 9083, 27060, 38271, 51341, 85788, 0
55.001267, 5.000001, 436803, 367, 11373.1, 8607, 29990, 43801, 64597, 125692, 0
60.001268, 5.000001, 432343, 318, 11521.4, 8320, 31460, 46084, 65156, 125692, 0
65.001269, 5.000001, 432485, 352, 11541.2, 9187, 28290, 46182, 66470, 125096, 0
70.001283, 5.000014, 434486, 327, 11490.1, 8838, 29274, 45290, 64770, 123711, 0
75.001269, 4.999986, 433158, 382, 11537.9, 9096, 28966, 41090, 59494, 111373, 0
80.001302, 5.000033, 430695, 390, 11591.0, 9258, 28702, 41161, 56069, 100695, 0
85.001382, 5.00008, 429816, 368, 11614.2, 9296, 28884, 42340, 57469, 99772, 0
90.001283, 4.999901, 433983, 368, 11562.5, 9102, 29593, 42078, 62050, 121080, 0
95.001334, 5.000051, 431565, 351, 11569.0, 8761, 30927, 44313, 60975, 107304, 0
100.001265, 4.999931, 432519, 321, 11589.4, 8971, 29659, 43710, 60087, 102025, 0
105.00126, 4.999995, 429607, 364, 11591.9, 9227, 28436, 41443, 58263, 106374, 0
110.001266, 5.000006, 434002, 400, 11560.7, 9170, 28544, 40659, 56641, 98963, 0
115.001359, 5.000093, 432725, 434, 11522.7, 9267, 27958, 41888, 58413, 105301, 0
120.001282, 4.999923, 434267, 368, 11530.4, 9628, 26856, 36734, 49421, 83232, 0
121.025425, 1.024143, 88289, 368, 11530.1, 9582, 27114, 37502, 50194, 83232, 0
