elapsed, window, n, min, mean, median, 95th, 99th, 99_9th, max, errors
5.000269, 5.000269, 73247, 367, 1506.0, 1292, 3089, 4044, 5595, 7461, 0
10.001271, 5.001002, 69236, 379, 1503.1, 1305, 3028, 3954, 5229, 7459, 0
15.001291, 5.00002, 68097, 378, 1506.3, 1296, 3074, 4051, 5599, 10139, 0
20.001377, 5.000086, 68080, 368, 1515.0, 1310, 3054, 3984, 5394, 8285, 0
25.001291, 4.999914, 68670, 372, 1512.8, 1309, 3067, 4039, 5540, 9284, 0
30.001373, 5.000082, 68562, 356, 1505.7, 1304, 3055, 4020, 5684, 9747, 0
35.001252, 4.999879, 68340, 363, 1511.1, 1305, 3077, 4022, 5511, 7944, 0
40.001262, 5.00001, 68317, 367, 1515.0, 1299, 3131, 4120, 5720, 8723, 0
45.001295, 5.000033, 67576, 330, 1512.4, 1314, 3075, 4069, 5664, 11997, 0
50.001254, 4.999959, 68018, 364, 1512.7, 1305, 3098, 4066, 5523, 8777, 0
55.001267, 5.000013, 68621, 335, 1512.2, 1311, 3074, 4046, 5473, 8254, 0
60.001261, 4.999994, 67769, 346, 1521.0, 1309, 3125, 4102, 5633, 8914, 0
65.001398, 5.000137, 68028, 384, 1519.2, 1308, 3103, 4071, 5494, 8934, 0
70.001317, 4.999919, 67811, 351, 1524.6, 1306, 3137, 4125, 5651, 10023, 0
75.001425, 5.000108, 67598, 343, 1524.2, 1304, 3135, 4137, 5589, 8420, 0
80.001311, 4.999886, 67253, 342, 1532.1, 1311, 3180, 4188, 5737, 8420, 0
85.001273, 4.999962, 67079, 335, 1525.0, 1297, 3170, 4195, 5733, 9508, 0
90.001263, 4.99999, 66805, 356, 1542.5, 1309, 3223, 4260, 5712, 9155, 0
95.001255, 4.999992, 66753, 346, 1549.8, 1314, 3257, 4293, 5940, 10346, 0
100.001263, 5.000008, 65943, 336, 1556.0, 1314, 3272, 4359, 6049, 9185, 0
105.001301, 5.000038, 67039, 358, 1548.8, 1316, 3249, 4296, 5772, 7948, 0
110.001328, 5.000027, 66931, 363, 1548.6, 1307, 3267, 4344, 5891, 8408, 0
115.00131, 4.999982, 67217, 371, 1532.4, 1317, 3166, 4149, 5542, 9532, 0
120.001323, 5.000013, 66110, 335, 1554.8, 1321, 3271, 4316, 5921, 8120, 0
121.002359, 1.001036, 13377, 335, 1550.7, 1317, 3266, 4309, 5917, 8120, 0
