elapsed, window, total, successful, failed
5.000467, 5.000467, 27560, 27560, 0
10.001434, 5.000967, 27561, 27561, 0
15.001464, 5.00003, 27194, 27194, 0
20.001419, 4.999955, 27200, 27200, 0
25.001394, 4.999975, 27250, 27250, 0
30.001468, 5.000074, 27037, 27037, 0
35.001394, 4.999926, 27002, 27002, 0
40.00138, 4.999986, 26396, 26396, 0
45.001379, 4.999999, 26845, 26845, 0
50.001379, 5.0, 27138, 27138, 0
55.001375, 4.999996, 26898, 26898, 0
60.0014, 5.000025, 26509, 26509, 0
65.001429, 5.000029, 26579, 26579, 0
70.001408, 4.999979, 26743, 26743, 0
75.001408, 5.0, 26865, 26865, 0
80.001382, 4.999974, 26540, 26540, 0
85.001399, 5.000017, 26406, 26406, 0
90.001387, 4.999988, 26445, 26445, 0
95.001423, 5.000036, 26072, 26072, 0
100.001463, 5.00004, 26212, 26212, 0
105.001576, 5.000113, 26257, 26257, 0
110.001543, 4.999967, 26291, 26291, 0
115.001394, 4.999851, 26849, 26849, 0
120.001448, 5.000054, 26390, 26390, 0
125.001499, 5.000051, 25919, 25919, 0
130.001388, 4.999889, 26119, 26119, 0
135.001393, 5.000005, 25507, 25507, 0
140.001424, 5.000031, 25596, 25596, 0
145.001383, 4.999959, 25817, 25817, 0
150.001387, 5.000004, 25820, 25820, 0
155.001449, 5.000062, 25499, 25499, 0
160.001529, 5.00008, 25599, 25599, 0
165.001393, 4.999864, 25415, 25415, 0
170.001374, 4.999981, 25246, 25246, 0
175.001508, 5.000134, 25114, 25114, 0
180.00141, 4.999902, 25072, 25072, 0
185.001498, 5.000088, 25575, 25575, 0
190.001369, 4.999871, 22714, 22714, 0
195.001443, 5.000074, 25563, 25563, 0
200.001397, 4.999954, 24696, 24696, 0
205.00146, 5.000063, 25017, 25017, 0
210.00139, 4.99993, 24995, 24995, 0
215.001461, 5.000071, 24564, 24564, 0
220.00138, 4.999919, 25244, 25244, 0
225.001439, 5.000059, 24535, 24535, 0
230.001394, 4.999955, 24632, 24632, 0
235.001489, 5.000095, 24226, 24226, 0
240.001374, 4.999885, 23899, 23899, 0
245.001381, 5.000007, 24819, 24819, 0
250.001385, 5.000004, 24538, 24538, 0
255.001394, 5.000009, 24078, 24078, 0
260.001382, 4.999988, 24108, 24108, 0
265.001405, 5.000023, 23604, 23604, 0
270.001381, 4.999976, 23777, 23777, 0
275.001433, 5.000052, 24077, 24077, 0
280.001376, 4.999943, 24216, 24216, 0
285.001372, 4.999996, 23613, 23613, 0
290.001412, 5.00004, 24197, 24197, 0
295.001412, 5.0, 23451, 23451, 0
300.001446, 5.000034, 23507, 23507, 0
301.003614, 1.002168, 4705, 4705, 0
