elapsed, window, n, min, mean, median, 95th, 99th, 99_9th, max, errors
5.000705, 5.000705, 8264, 525, 9388.1, 691, 44524, 47856, 48612, 1000913, 0
10.001713, 5.001008, 8213, 517, 9178.2, 689, 44451, 47716, 48553, 48847, 0
15.001678, 4.999965, 8227, 527, 9145.3, 684, 44389, 47648, 48420, 48831, 0
20.00169, 5.000012, 8225, 525, 9304.4, 688, 44438, 47693, 48477, 48657, 0
25.001685, 4.999995, 8236, 513, 9457.3, 683, 44460, 47704, 48492, 48730, 0
30.001774, 5.000089, 8206, 495, 9538.8, 689, 44492, 47769, 48519, 48857, 0
35.001766, 4.999992, 8196, 519, 9498.6, 691, 44590, 47750, 48515, 48633, 0
40.002043, 5.000277, 8176, 525, 9340.8, 686, 44759, 47753, 48549, 48810, 0
45.000769, 4.998726, 8201, 505, 9333.6, 682, 44487, 47759, 48524, 48865, 0
50.001885, 5.001116, 8196, 493, 9504.4, 646, 44721, 47889, 48545, 51146, 0
55.001744, 4.999859, 8218, 493, 9492.7, 644, 44763, 47897, 48470, 48762, 0
60.001723, 4.999979, 8187, 489, 9251.2, 648, 44675, 47885, 48538, 50175, 0
65.001754, 5.000031, 8238, 490, 9636.3, 644, 44493, 47839, 48517, 48919, 0
70.001682, 4.999928, 8207, 494, 8869.6, 641, 44515, 47851, 48531, 48993, 0
75.001687, 5.000005, 8207, 497, 9448.6, 652, 44669, 47800, 48528, 48683, 0
80.001701, 5.000014, 8209, 485, 9346.3, 645, 44864, 47947, 48468, 48863, 0
85.001712, 5.000011, 8206, 495, 9373.4, 651, 44566, 47751, 48537, 48863, 0
90.001714, 5.000002, 8213, 483, 9532.9, 657, 44512, 47820, 48506, 49117, 0
95.00168, 4.999966, 8216, 492, 9104.4, 654, 44593, 47881, 48506, 48664, 0
100.001754, 5.000074, 8234, 492, 9120.5, 653, 44475, 47735, 48459, 48822, 0
105.001731, 4.999977, 8190, 493, 9196.3, 657, 44604, 47806, 48512, 48793, 0
110.001697, 4.999966, 8206, 496, 9379.2, 652, 44543, 47957, 48559, 48723, 0
115.001752, 5.000055, 8215, 499, 9340.2, 648, 44528, 47822, 48610, 49559, 0
120.001681, 4.999929, 8229, 492, 9054.2, 648, 44546, 47803, 48442, 48908, 0
121.006871, 1.00519, 1650, 492, 9163.1, 647, 44504, 47694, 48408, 48908, 0
