elapsed, window, total, successful, failed
5.000429, 5.000429, 28818, 28818, 0
10.00148, 5.001051, 29645, 29645, 0
15.001585, 5.000105, 29570, 29570, 0
20.001491, 4.999906, 29609, 29609, 0
25.001669, 5.000178, 29607, 29607, 0
30.001443, 4.999774, 29558, 29558, 0
35.001433, 4.99999, 29635, 29635, 0
40.001473, 5.00004, 29544, 29544, 0
45.001471, 4.999998, 29636, 29636, 0
50.001475, 5.000004, 29636, 29636, 0
55.001459, 4.999984, 29604, 29604, 0
60.00142, 4.999961, 29636, 29636, 0
65.001727, 5.000307, 29641, 29641, 0
70.001665, 4.999938, 29620, 29620, 0
75.001505, 4.99984, 29654, 29654, 0
80.001488, 4.999983, 29595, 29595, 0
85.001623, 5.000135, 29644, 29644, 0
90.001422, 4.999799, 29626, 29626, 0
95.00143, 5.000008, 29619, 29619, 0
100.001592, 5.000162, 29595, 29595, 0
105.001441, 4.999849, 29588, 29588, 0
110.001432, 4.999991, 29562, 29562, 0
115.001465, 5.000033, 29619, 29619, 0
120.001519, 5.000054, 29664, 29664, 0
121.002485, 1.000966, 5931, 5931, 0
