elapsed, window, n, min, mean, max, errors, median
5.000492, 5.000492,7386, 89770,117209, 3005917,6,95516.6
10.001497, 5.001005,3201, 89833,309266, 3752565,6,155791
15.001479, 4.999982,4719, 89743,211409, 2116278,5,97830.2
20.001456, 4.999977,5069, 89743,195871, 1950577,8,98115.2
25.001461, 5.000005,5187, 89714,194794, 2013756,9,97312.6
30.001521, 5.00006,5005, 89778,197949, 2033651,4,97695.8
35.001476, 4.999955,5053, 89941,197817, 2057594,7,97230.6
40.001542, 5.000066,5093, 89912,190534, 1961223,7,96983.7
45.001435, 4.999893,5080, 89931,199754, 1965147,13,97380.1
50.001476, 5.000041,5196, 89930,197643, 2057239,7,96785.4
55.001449, 4.999973,4883, 89935,203999, 2081826,5,97389.1
60.001522, 5.000073,4892, 89954,197566, 1965381,6,97070.5
65.001424, 4.999902,4429, 89965,212887, 2546038,8,97271.9
70.00146, 5.000036,4048, 89946,240135, 2548203,6,96730.6
75.001498, 5.000038,3811, 89776,259837, 2695786,3,97586.9
80.001534, 5.000036,4033, 89721,247410, 2401326,5,97470.9
85.001439, 4.999905,4504, 89763,223993, 2395915,9,97263.8
90.001451, 5.000012,3017, 89797,222040, 5195378,3,103205
95.001491, 5.00004,2612, 89229,493494, 5239254,2,124152
100.001478, 4.999987,3112, 89258,238020, 5367285,5,118672
105.001532, 5.000054,2119, 89316,498596, 8577797,5,136143
110.001505, 4.999973,4027, 89274,314851, 8862790,10,140844
115.001428, 4.999923,5520, 89297,179331, 1733608,8,131247
120.0015, 5.000072,5868, 89238,162742, 2182786,3,126641
125.001419, 4.999919,5729, 89169,162474, 2890930,17,114262
130.001425, 5.000006,5705, 88733,175465, 3762504,18,106122
135.001425, 5.0,4670, 88656,204365, 3921110,20,116939
140.001435, 5.00001,3538, 88637,247032, 3762218,8,198297
145.001439, 5.000004,3279, 88545,348742, 6396780,10,211056
150.00147, 5.000031,2321, 88583,408110, 5993337,3,160713
155.001423, 4.999953,2896, 88586,345781, 5252083,5,160572
160.001417, 4.999994,3963, 88560,273841, 4559992,6,138198
165.001415, 4.999998,5978, 88547,163318, 2467969,12,112335
170.001427, 5.000012,6112, 88554,154689, 2617931,10,107107
175.001435, 5.000008,3360, 88966,237318, 3775213,3,115685
180.001429, 4.999994,4200, 0,184114, 3997472,8,96441.4
181.002604, 1.001175,318, 0,149817, 2784082,2,96353.3

