elapsed, window, n, min, mean, median, 95th, 99th, 99_9th, max, errors
5.000681, 5.000681, 28, 168706, 255535.1, 239321, 383570, 407305, 407305, 407305, 135
10.001661, 5.00098, 31, 153888, 270771.1, 261892, 360910, 473937, 473937, 473937, 125
15.00158, 4.999919, 39, 153313, 269897.6, 261254, 384087, 496095, 496095, 496095, 164
20.00159, 5.00001, 44, 152189, 283558.8, 276419, 490863, 520150, 520150, 520150, 135
25.001696, 5.000106, 40, 153179, 289599.7, 290516, 414734, 490863, 520150, 520150, 151
30.001596, 4.9999, 50, 152983, 294097.3, 285883, 463221, 523820, 525142, 525142, 112
35.001712, 5.000116, 47, 152658, 279375.0, 263188, 426112, 560201, 563899, 563899, 124
40.00165, 4.999938, 40, 153627, 293285.6, 246817, 590122, 859909, 859909, 859909, 108
45.001586, 4.999936, 43, 153930, 289148.2, 283102, 429599, 581215, 590122, 590122, 109
50.001605, 5.000019, 53, 152373, 258299.4, 259516, 391655, 421959, 423569, 423569, 111
55.001573, 4.999968, 61, 152571, 270568.5, 250597, 433211, 541433, 566117, 566117, 105
60.001762, 5.000189, 61, 152571, 245916.1, 240197, 431122, 446338, 472765, 472765, 96
65.001604, 4.999842, 70, 152935, 262095.2, 252001, 446338, 529747, 639188, 639188, 105
70.001591, 4.999987, 58, 152817, 276624.9, 249490, 454300, 610426, 639188, 639188, 112
75.001561, 4.99997, 66, 152976, 265908.9, 263968, 449986, 478569, 519161, 519161, 90
80.001603, 5.000042, 66, 152258, 255864.6, 250234, 370752, 405571, 478569, 478569, 118
85.001617, 5.000014, 60, 152258, 255296.9, 249894, 369248, 416116, 446464, 446464, 113
90.001569, 4.999952, 71, 153606, 258699.2, 240020, 404252, 588036, 592532, 592532, 87
95.001632, 5.000063, 67, 152014, 255753.8, 245719, 380172, 404252, 404493, 404493, 105
100.001579, 4.999947, 79, 153438, 260183.8, 251459, 385925, 441324, 489504, 489504, 106
105.001613, 5.000034, 71, 152644, 249694.2, 246477, 405260, 441324, 447018, 447018, 105
110.00158, 4.999967, 73, 152711, 261728.3, 258993, 388497, 447848, 449553, 449553, 100
115.001579, 4.999999, 64, 152805, 266734.1, 257379, 398614, 449553, 555402, 555402, 99
120.001575, 4.999996, 72, 152752, 243709.6, 249065, 385406, 436401, 454299, 454299, 98
121.007767, 1.006192, 22, 152752, 235057.7, 235050, 335983, 436401, 454299, 454299, 35
