elapsed, window, n, min, mean, median, 95th, 99th, 99_9th, max, errors
5.000916, 5.000916, 52027, 20502, 24215.4, 22396, 33240, 66887, 93917, 111051, 0
10.001865, 5.000949, 55764, 20567, 22433.0, 22268, 24379, 25510, 26941, 30076, 0
15.001861, 4.999996, 55500, 20571, 22486.0, 22289, 24556, 26051, 28510, 33761, 0
20.001853, 4.999992, 55606, 20544, 22435.0, 22259, 24401, 25617, 28039, 33761, 0
25.00191, 5.000057, 55679, 20562, 22443.1, 22264, 24438, 25628, 27854, 34702, 0
30.001914, 5.000004, 55804, 20579, 22398.2, 22205, 24409, 25756, 29097, 34702, 0
35.00188, 4.999966, 54696, 20547, 22736.7, 22221, 24633, 29302, 90764, 115997, 0
40.001869, 4.999989, 55663, 20586, 22431.5, 22232, 24430, 25826, 29860, 41772, 0
45.001892, 5.000023, 55788, 20558, 22396.9, 22213, 24369, 25740, 27704, 31268, 0
50.001864, 4.999972, 55685, 20596, 22412.4, 22235, 24360, 25529, 27243, 30214, 0
55.001861, 4.999997, 55617, 20570, 22443.3, 22280, 24379, 25459, 27028, 29310, 0
60.001854, 4.999993, 55710, 20565, 22416.9, 22230, 24387, 25651, 27682, 31217, 0
65.001868, 5.000014, 55663, 20595, 22427.6, 22243, 24386, 25693, 27970, 34297, 0
70.001851, 4.999983, 55678, 20586, 22435.0, 22272, 24342, 25427, 26881, 30585, 0
75.001887, 5.000036, 55720, 20577, 22402.1, 22219, 24359, 25613, 27781, 30340, 0
80.001895, 5.000008, 55742, 20592, 22420.0, 22254, 24342, 25458, 27129, 30340, 0
85.001864, 4.999969, 55651, 20592, 22414.6, 22256, 24289, 25300, 26770, 29973, 0
90.001909, 5.000045, 55786, 20591, 22396.8, 22214, 24362, 25649, 27907, 34355, 0
95.001858, 4.999949, 55835, 20594, 22382.0, 22203, 24333, 25548, 27586, 31114, 0
100.001887, 5.000029, 55649, 20594, 22435.7, 22241, 24475, 25985, 29026, 32879, 0
105.001855, 4.999968, 55756, 20575, 22399.3, 22211, 24346, 25701, 28246, 32879, 0
110.001863, 5.000008, 55666, 20581, 22455.1, 22257, 24523, 25906, 28453, 32175, 0
115.001854, 4.999991, 55660, 20575, 22409.1, 22235, 24354, 25556, 27584, 31258, 0
120.001878, 5.000024, 55577, 20594, 22469.2, 22294, 24434, 25687, 27978, 32112, 0
121.004966, 1.003088, 11155, 20594, 22462.4, 22290, 24421, 25618, 27816, 32112, 0
