elapsed, window, n, min, mean, median, 95th, 99th, 99_9th, max, errors
5.000583, 5.000583, 113598, 5188, 12701.5, 12434, 15946, 16375, 17236, 22646, 0
10.001575, 5.000992, 111246, 4956, 12728.0, 12459, 15980, 16424, 16972, 20905, 0
15.00159, 5.000015, 111386, 5824, 12719.7, 12475, 15932, 16387, 16924, 17882, 0
20.00163, 5.00004, 110664, 5210, 12767.6, 12535, 16046, 16530, 17139, 20262, 0
25.001548, 4.999918, 106991, 5252, 13148.6, 12919, 16256, 16756, 17582, 20334, 0
30.001615, 5.000067, 105806, 5555, 13350.3, 13186, 16390, 16902, 17456, 18713, 0
35.001613, 4.999998, 107387, 5796, 13216.4, 12941, 16197, 16661, 17302, 21018, 0
40.00156, 4.999947, 106776, 4949, 13235.7, 12912, 16188, 16583, 17090, 18711, 0
45.001563, 5.000003, 109544, 5232, 12893.9, 12534, 16111, 16427, 16785, 18221, 0
50.001597, 5.000034, 109866, 5449, 12867.0, 12522, 16042, 16337, 16687, 18133, 0
55.001553, 4.999956, 110967, 5421, 12793.4, 12500, 16068, 16461, 16927, 18709, 0
60.001542, 4.999989, 110221, 5555, 12817.1, 12531, 16075, 16456, 16883, 17977, 0
65.00158, 5.000038, 109795, 5552, 12834.3, 12550, 16099, 16496, 17010, 18218, 0
70.001545, 4.999965, 109933, 5206, 12869.9, 12614, 16058, 16582, 17491, 21720, 0
75.001555, 5.00001, 111960, 5262, 12611.7, 12425, 15989, 16474, 17129, 19532, 0
80.001585, 5.00003, 111910, 5247, 12601.9, 12383, 16044, 16457, 16994, 19726, 0
85.001591, 5.000006, 106878, 5690, 13087.0, 12829, 16207, 16647, 17410, 21816, 0
90.001582, 4.999991, 108622, 5439, 13022.3, 12789, 16286, 16760, 17484, 19012, 0
95.001555, 4.999973, 109166, 5489, 12967.0, 12674, 16330, 16891, 17697, 22086, 0
100.001569, 5.000014, 104966, 5766, 13460.7, 13355, 16399, 16876, 17447, 18496, 0
105.00155, 4.999981, 104561, 5282, 13531.6, 13565, 16446, 16940, 17561, 20095, 0
110.001583, 5.000033, 104410, 5282, 13573.5, 13697, 16503, 17043, 17657, 18743, 0
115.001582, 4.999999, 105160, 5598, 13418.1, 13163, 16302, 16856, 17517, 18992, 0
120.001594, 5.000012, 103280, 6118, 13680.8, 13652, 16339, 16909, 18071, 20732, 0
121.013895, 1.012301, 18021, 6157, 13702.0, 13706, 16357, 16961, 18311, 22566, 0
