elapsed, window, n, min, mean, median, 95th, 99th, 99_9th, max, errors
5.000364, 5.000364, 1601, 91692, 155259.9, 161306, 272149, 377765, 449760, 457637, 0
10.001377, 5.001013, 1493, 91282, 170548.6, 166493, 288838, 559054, 697012, 744038, 0
15.001326, 4.999949, 1549, 91275, 162035.5, 165009, 276636, 295308, 313876, 324630, 0
20.001253, 4.999927, 1561, 91357, 160908.7, 163143, 278842, 300408, 314752, 321863, 0
25.001266, 5.000013, 1614, 91653, 155574.6, 162515, 264685, 289559, 307287, 324642, 0
30.001425, 5.000159, 1593, 91506, 159476.8, 163591, 267966, 298143, 324853, 352631, 0
35.001332, 4.999907, 1547, 91522, 162891.9, 165229, 283233, 317916, 346805, 359223, 0
40.001322, 4.99999, 1446, 91540, 170957.4, 167548, 297857, 319091, 340558, 359223, 0
45.001256, 4.999934, 1594, 91447, 160908.3, 165376, 283003, 306739, 325408, 334083, 0
50.001256, 5.0, 1534, 91641, 166164.6, 167404, 286042, 305412, 321859, 345095, 0
55.001326, 5.00007, 1525, 91403, 166631.4, 166730, 291510, 312480, 339385, 342621, 0
60.001246, 4.99992, 1469, 91535, 165251.2, 166026, 292833, 312288, 332969, 335878, 0
65.00125, 5.000004, 1521, 91886, 163333.9, 163460, 293951, 310275, 322833, 348274, 0
70.001285, 5.000035, 1574, 91545, 161604.0, 163743, 282324, 299701, 310664, 321904, 0
75.001323, 5.000038, 1574, 91579, 163041.4, 166519, 285716, 301940, 317021, 322194, 0
80.001377, 5.000054, 1535, 91624, 167693.1, 168719, 291559, 307559, 322194, 338022, 0
85.001379, 5.000002, 1584, 91422, 159692.9, 165330, 278226, 299765, 315068, 331930, 0
90.001329, 4.99995, 1451, 91549, 170469.8, 166348, 303143, 326513, 360600, 374380, 0
95.001243, 4.999914, 1635, 91473, 160926.2, 166186, 283707, 297767, 314174, 328310, 0
100.001261, 5.000018, 1549, 91391, 161977.5, 166340, 284787, 302617, 325414, 342404, 0
105.001308, 5.000047, 1534, 91579, 161972.1, 164643, 284038, 301069, 318588, 344562, 0
110.00132, 5.000012, 1519, 91379, 162723.7, 163854, 290739, 308362, 321332, 330250, 0
115.001346, 5.000026, 1569, 91309, 160209.6, 164304, 285304, 299763, 310490, 324141, 0
120.001346, 5.0, 1586, 91289, 160102.9, 164193, 276837, 295633, 308323, 334866, 0
121.004345, 1.002999, 338, 91289, 159866.9, 164239, 279488, 295633, 308323, 334866, 0
