elapsed, window, n, min, mean, max, errors, median
5.00162, 5.00162,1919, 62719,77114.2, 190421,23,75376.1
10.001605, 4.999985,2232, 63021,76469.6, 192287,21,75198.2
15.00151, 4.999905,2242, 62657,76914.1, 196603,29,75434.6
20.000601, 4.999091,2326, 63003,76760.3, 196603,28,75180.1
25.001593, 5.000992,2243, 62667,76140, 189809,17,74992.4
30.001603, 5.00001,2206, 62667,76463.2, 188049,18,75067.9
35.001589, 4.999986,2274, 62747,76724.1, 371340,15,75432.7
40.000597, 4.999008,2210, 62875,75966.7, 190642,14,74769.7
45.000466, 4.999869,2201, 62921,76172.4, 188571,13,75058.4
50.000588, 5.000122,2222, 63097,76202.4, 215178,14,75078.2
55.000557, 4.999969,2240, 62817,76557.8, 188958,14,75500.6
60.000604, 5.000047,2261, 62881,75965.1, 218347,18,74690.9
65.001597, 5.000993,2217, 62914,75633.2, 218347,15,74472.2
70.000602, 4.999005,2281, 62865,76125.7, 190027,11,75033.2
75.001613, 5.001011,2250, 62759,76102.8, 191124,9,75005.2
80.001608, 4.999995,2206, 62912,76151.1, 189465,20,74779.2
85.001586, 4.999978,2167, 62835,75991.5, 187942,14,74870
90.001591, 5.000005,2272, 62746,76066.5, 195835,16,75042.5
95.001602, 5.000011,2131, 62896,75722.8, 190393,11,74732.5
100.0016, 4.999998,2181, 63011,76521, 196640,20,75243.8
105.0016, 5.0,2154, 62965,75890.8, 185418,14,74933
110.001483, 4.999883,2197, 62779,75765.1, 190139,14,74617.1
115.001557, 5.000074,2174, 62671,76783.7, 187108,14,75481.8
120.001537, 4.99998,2232, 62671,76314.5, 200020,16,74937
125.001595, 5.000058,2228, 62975,75981.1, 189521,17,74772.3
130.001551, 4.999956,2255, 63000,75927, 188118,14,75050.5
135.001493, 4.999942,2186, 62955,75670.5, 190763,12,74773.3
140.001609, 5.000116,2241, 62518,75942, 190659,18,74766
145.001551, 4.999942,2225, 62635,76017, 187323,15,74788.2
150.001482, 4.999931,2260, 62926,76080.7, 188333,16,74827
155.001553, 5.000071,2205, 62897,76368.1, 189080,9,75426
160.001605, 5.000052,2310, 62814,76173.1, 193853,14,75100.9
165.001515, 4.99991,2260, 62823,75673.6, 190221,10,74805.2
170.001623, 5.000108,2297, 62811,76187.3, 188145,8,75417.5
175.00159, 4.999967,2193, 62652,75581.9, 196181,13,74483.5
180.001556, 4.999966,2300, 62828,75513.5, 186568,11,74561.5
181.046686, 1.04513,496, 62828,76157.4, 186568,4,75135.7

