elapsed, window, total, successful, failed
5.000171, 5.000171,1161508,1161508,0
10.001221, 5.00105,1035497,1035497,0
15.001177, 4.999956,1035798,1035798,0
20.001185, 5.000008,1027830,1027830,0
25.0012, 5.000015,1030692,1030692,0
30.001329, 5.000129,1031702,1031702,0
35.001164, 4.999835,1028930,1028930,0
40.001188, 5.000024,1030193,1030193,0
45.001177, 4.999989,1028083,1028083,0
50.001226, 5.000049,1025764,1025764,0
55.001179, 4.999953,1029062,1029062,0
60.001253, 5.000074,1019740,1019740,0
65.001167, 4.999914,1025624,1025624,0
70.001186, 5.000019,1022608,1022608,0
75.001169, 4.999983,1020526,1020526,0
80.001191, 5.000022,1022709,1022709,0
85.001358, 5.000167,1027329,1027329,0
90.001242, 4.999884,1009702,1009702,0
95.001182, 4.99994,1018009,1018009,0
100.001219, 5.000037,1016502,1016502,0
105.001226, 5.000007,1017898,1017898,0
110.001169, 4.999943,1016033,1016033,0
115.00118, 5.000011,1016889,1016889,0
120.001191, 5.000011,1018369,1018369,0
121.002314, 1.001123,206181,206181,0

