elapsed, window, n, min, mean, median, 95th, 99th, 99_9th, max, errors
5.00064, 5.00064, 40536, 957, 2572.4, 1490, 8750, 12631, 15172, 27138, 0
10.001483, 5.000843, 40430, 877, 2524.3, 1463, 8612, 12668, 14988, 20339, 0
15.001569, 5.000086, 40021, 944, 2543.9, 1484, 8691, 12710, 15170, 20339, 0
20.001487, 4.999918, 40195, 912, 2545.2, 1474, 8753, 12808, 15074, 22233, 0
25.001487, 5.0, 40076, 940, 2547.8, 1485, 8719, 12688, 15147, 24063, 0
30.00171, 5.000223, 40295, 920, 2543.6, 1477, 8656, 12738, 15042, 17026, 0
35.001582, 4.999872, 40126, 923, 2546.3, 1477, 8722, 12712, 14965, 18757, 0
40.001668, 5.000086, 38597, 935, 2640.9, 1521, 8868, 12869, 15143, 19440, 0
45.001478, 4.99981, 40522, 933, 2547.6, 1468, 8788, 12793, 14965, 19440, 0
50.001627, 5.000149, 39947, 923, 2555.2, 1473, 8781, 12810, 15041, 17033, 0
55.0015, 4.999873, 38913, 949, 2605.0, 1501, 8791, 12800, 15239, 22699, 0
60.001639, 5.000139, 39574, 933, 2586.1, 1489, 8838, 12787, 15194, 21351, 0
65.001493, 4.999854, 40608, 908, 2532.9, 1448, 8761, 12757, 15207, 26825, 0
70.001529, 5.000036, 39766, 918, 2567.4, 1462, 8873, 12941, 15186, 25769, 0
75.001559, 5.00003, 39490, 949, 2586.0, 1483, 8801, 12891, 15225, 20944, 0
80.001484, 4.999925, 39692, 928, 2573.1, 1501, 8749, 12825, 15158, 18768, 0
85.001626, 5.000142, 39962, 928, 2558.1, 1483, 8785, 12846, 15209, 16832, 0
90.001477, 4.999851, 39801, 928, 2561.7, 1495, 8760, 12684, 15191, 19274, 0
95.001544, 5.000067, 39341, 905, 2590.2, 1493, 8853, 12937, 15132, 19274, 0
100.001565, 5.000021, 39059, 909, 2618.5, 1492, 8933, 13014, 15251, 20747, 0
105.001543, 4.999978, 40121, 922, 2581.3, 1511, 8798, 12814, 15357, 20747, 0
110.001657, 5.000114, 39238, 945, 2597.0, 1515, 8867, 12956, 15248, 17123, 0
115.001566, 4.999909, 39796, 944, 2596.2, 1475, 8889, 13039, 15283, 17363, 0
120.001528, 4.999962, 39956, 889, 2564.1, 1481, 8814, 12860, 15181, 17824, 0
121.002699, 1.001171, 7992, 889, 2563.0, 1475, 8801, 12877, 15193, 17824, 0
