elapsed, window, total, successful, failed
5.000536, 5.000536, 488173, 488173, 0
10.001434, 5.000898, 450478, 450478, 0
15.001482, 5.000048, 443522, 443522, 0
20.001436, 4.999954, 447224, 447224, 0
25.001621, 5.000185, 447164, 447164, 0
30.001472, 4.999851, 445588, 445588, 0
35.001493, 5.000021, 448720, 448720, 0
40.001468, 4.999975, 441562, 441562, 0
45.001509, 5.000041, 444285, 444285, 0
50.001507, 4.999998, 444877, 444877, 0
55.001442, 4.999935, 446926, 446926, 0
60.001498, 5.000056, 435377, 435377, 0
65.001573, 5.000075, 444070, 444070, 0
70.001444, 4.999871, 444036, 444036, 0
75.001436, 4.999992, 438345, 438345, 0
80.00149, 5.000054, 436676, 436676, 0
85.001463, 4.999973, 435951, 435951, 0
90.001487, 5.000024, 438810, 438810, 0
95.001433, 4.999946, 438646, 438646, 0
100.001441, 5.000008, 436942, 436942, 0
105.001512, 5.000071, 435710, 435710, 0
110.001498, 4.999986, 437242, 437242, 0
115.001462, 4.999964, 436181, 436181, 0
120.001455, 4.999993, 436963, 436963, 0
121.018578, 1.017123, 87678, 87678, 0
