elapsed, window, total, successful, failed
5.000306, 5.000306, 16669, 16669, 0
10.001363, 5.001057, 16925, 16925, 0
15.001205, 4.999842, 16660, 16660, 0
20.001323, 5.000118, 16495, 16495, 0
25.00124, 4.999917, 16370, 16370, 0
30.001243, 5.000003, 16559, 16559, 0
35.001225, 4.999982, 16927, 16927, 0
40.001275, 5.00005, 18099, 18099, 0
45.001285, 5.00001, 19713, 19713, 0
50.001275, 4.99999, 21503, 21503, 0
55.001438, 5.000163, 22785, 22785, 0
60.001206, 4.999768, 24096, 24096, 0
65.001289, 5.000083, 25821, 25821, 0
70.001242, 4.999953, 26714, 26714, 0
75.001231, 4.999989, 28381, 28381, 0
80.001226, 4.999995, 29366, 29366, 0
85.001195, 4.999969, 30208, 30208, 0
90.001247, 5.000052, 29969, 29969, 0
95.001206, 4.999959, 30763, 30763, 0
100.001204, 4.999998, 31103, 31103, 0
105.001217, 5.000013, 32469, 32469, 0
110.001306, 5.000089, 33284, 33284, 0
115.001206, 4.9999, 33494, 33494, 0
120.001251, 5.000045, 33801, 33801, 0
125.001278, 5.000027, 34062, 34062, 0
130.001309, 5.000031, 33559, 33559, 0
135.001242, 4.999933, 33502, 33502, 0
140.001214, 4.999972, 32929, 32929, 0
145.001207, 4.999993, 32553, 32553, 0
150.001208, 5.000001, 32682, 32682, 0
155.001222, 5.000014, 32270, 32270, 0
160.001245, 5.000023, 31670, 31670, 0
165.001205, 4.99996, 27807, 27807, 0
170.001303, 5.000098, 31161, 31161, 0
175.001299, 4.999996, 31150, 31150, 0
180.001206, 4.999907, 31499, 31499, 0
185.00124, 5.000034, 31959, 31959, 0
190.00125, 5.00001, 31668, 31668, 0
195.001234, 4.999984, 31061, 31061, 0
200.00135, 5.000116, 30790, 30790, 0
205.001237, 4.999887, 30857, 30857, 0
210.001286, 5.000049, 30650, 30650, 0
215.001225, 4.999939, 29995, 29995, 0
220.001281, 5.000056, 30283, 30283, 0
225.001256, 4.999975, 29548, 29548, 0
230.001228, 4.999972, 29691, 29691, 0
235.001327, 5.000099, 29448, 29448, 0
240.001218, 4.999891, 29943, 29943, 0
245.001202, 4.999984, 29578, 29578, 0
250.00139, 5.000188, 29482, 29482, 0
255.001214, 4.999824, 29229, 29229, 0
260.001286, 5.000072, 29393, 29393, 0
265.001327, 5.000041, 28716, 28716, 0
270.001258, 4.999931, 29354, 29354, 0
275.001251, 4.999993, 28669, 28669, 0
280.001251, 5.0, 28253, 28253, 0
285.001246, 4.999995, 27929, 27929, 0
290.001203, 4.999957, 27549, 27549, 0
295.001235, 5.000032, 27047, 27047, 0
300.001257, 5.000022, 27212, 27212, 0
301.003453, 1.002196, 4889, 4889, 0
