elapsed, window, n, min, mean, median, 95th, 99th, 99_9th, max, errors
5.000785, 5.000785, 6696, 1474, 4109.8, 2823, 11864, 15755, 20131, 29236, 0
10.001816, 5.001031, 6558, 1533, 4042.0, 2783, 11708, 15937, 21209, 34397, 0
15.001838, 5.000022, 6680, 1540, 4022.1, 2823, 11653, 15321, 18721, 26216, 0
20.001745, 4.999907, 6611, 1515, 4016.5, 2822, 11595, 15712, 19626, 25917, 0
25.001945, 5.0002, 6570, 1502, 4028.6, 2839, 11678, 16131, 19778, 27308, 0
30.001886, 4.999941, 6504, 1523, 4055.1, 2862, 11455, 15456, 19713, 30959, 0
35.001786, 4.9999, 6705, 1485, 4017.6, 2807, 11570, 15428, 19913, 30473, 0
40.001827, 5.000041, 6615, 1513, 3983.4, 2765, 11548, 15165, 19304, 26757, 0
45.002048, 5.000221, 6690, 1469, 4026.0, 2790, 11689, 15399, 20643, 34178, 0
50.000822, 4.998774, 6586, 1475, 4129.3, 2874, 11745, 15616, 23669, 47391, 0
55.001822, 5.001, 6636, 1445, 4063.1, 2764, 11711, 15645, 19717, 44978, 0
60.001782, 4.99996, 6775, 1401, 3907.4, 2714, 11663, 15304, 20260, 72064, 0
65.00174, 4.999958, 6885, 1485, 3816.5, 2625, 11221, 14839, 17683, 26341, 0
70.001795, 5.000055, 6941, 1441, 3918.8, 2711, 11513, 14929, 18110, 28635, 0
75.001982, 5.000187, 6701, 1487, 3961.5, 2750, 11511, 15037, 18800, 51068, 0
80.001821, 4.999839, 6869, 1467, 3846.4, 2651, 11332, 14909, 18930, 60409, 0
85.00177, 4.999949, 6734, 1399, 3898.8, 2701, 11547, 14941, 18393, 36988, 0
90.001756, 4.999986, 6907, 1462, 3872.7, 2624, 11623, 15343, 21003, 25271, 0
95.001754, 4.999998, 6608, 1472, 4076.5, 2819, 11810, 15238, 20260, 83928, 0
100.00181, 5.000056, 6853, 1395, 3931.2, 2661, 11576, 15134, 20231, 73071, 0
105.00177, 4.99996, 6746, 1395, 4000.4, 2714, 11829, 15718, 19606, 59046, 0
110.001844, 5.000074, 6673, 1398, 4000.2, 2747, 11671, 15137, 19319, 63808, 0
115.001757, 4.999913, 6846, 1398, 3899.6, 2684, 11472, 14970, 18859, 37477, 0
120.001784, 5.000027, 6952, 1482, 3928.0, 2698, 11715, 15322, 18573, 31511, 0
121.003089, 1.001305, 1467, 1482, 3853.0, 2649, 11472, 15094, 18565, 31511, 0
