elapsed, window, total, successful, failed
5.000172, 5.000172,1219432,1219432,0
10.001255, 5.001083,1085606,1085606,0
15.001176, 4.999921,1069946,1069946,0
20.001216, 5.00004,1072546,1072546,0
25.001222, 5.000006,1074008,1074008,0
30.001233, 5.000011,1070415,1070415,0
35.001427, 5.000194,1069897,1069897,0
40.001241, 4.999814,1073657,1073657,0
45.001238, 4.999997,1070067,1070067,0
50.001172, 4.999934,1070503,1070503,0
55.001175, 5.000003,1068789,1068789,0
60.001238, 5.000063,1060819,1060819,0
65.001186, 4.999948,1054670,1054670,0
70.001194, 5.000008,1060682,1060682,0
75.001178, 4.999984,1060399,1060399,0
80.00119, 5.000012,1065578,1065578,0
85.001257, 5.000067,1057016,1057016,0
90.001235, 4.999978,1056232,1056232,0
95.001196, 4.999961,1058790,1058790,0
100.001207, 5.000011,1061529,1061529,0
105.001222, 5.000015,1054240,1054240,0
110.001255, 5.000033,1056076,1056076,0
115.001261, 5.000006,1059459,1059459,0
120.001201, 4.99994,1056564,1056564,0
121.004299, 1.003098,216948,216948,0

