elapsed, window, total, successful, failed
5.000206, 5.000206, 2458, 2458, 0
10.001204, 5.000998, 2479, 2479, 0
15.001125, 4.999921, 2221, 2221, 0
20.001155, 5.00003, 2545, 2545, 0
25.001161, 5.000006, 2537, 2537, 0
30.001158, 4.999997, 2576, 2576, 0
35.001233, 5.000075, 2599, 2599, 0
40.001248, 5.000015, 2648, 2648, 0
45.001223, 4.999975, 2566, 2566, 0
50.001174, 4.999951, 2659, 2659, 0
55.001159, 4.999985, 2575, 2575, 0
60.001173, 5.000014, 2586, 2586, 0
65.001255, 5.000082, 2569, 2569, 0
70.001165, 4.99991, 2577, 2577, 0
75.001167, 5.000002, 2564, 2564, 0
80.001158, 4.999991, 2655, 2655, 0
85.001213, 5.000055, 2571, 2571, 0
90.001159, 4.999946, 2618, 2618, 0
95.001159, 5.0, 2711, 2711, 0
100.001176, 5.000017, 2604, 2604, 0
105.001158, 4.999982, 2555, 2555, 0
110.001204, 5.000046, 2597, 2597, 0
115.001235, 5.000031, 2486, 2486, 0
120.001178, 4.999943, 2616, 2616, 0
125.00116, 4.999982, 2634, 2634, 0
130.001212, 5.000052, 2597, 2597, 0
135.001137, 4.999925, 2398, 2398, 0
140.001203, 5.000066, 2416, 2416, 0
145.001178, 4.999975, 2564, 2564, 0
150.001204, 5.000026, 2489, 2489, 0
155.00118, 4.999976, 2519, 2519, 0
160.001175, 4.999995, 2556, 2556, 0
165.001166, 4.999991, 2600, 2600, 0
170.001157, 4.999991, 2555, 2555, 0
175.001138, 4.999981, 2449, 2449, 0
180.001223, 5.000085, 2565, 2565, 0
185.001181, 4.999958, 2461, 2461, 0
190.001216, 5.000035, 2514, 2514, 0
195.0012, 4.999984, 2610, 2610, 0
200.001159, 4.999959, 2471, 2471, 0
205.001196, 5.000037, 2494, 2494, 0
210.001229, 5.000033, 2508, 2508, 0
215.001217, 4.999988, 2544, 2544, 0
220.001125, 4.999908, 2519, 2519, 0
225.00117, 5.000045, 2522, 2522, 0
230.001129, 4.999959, 2520, 2520, 0
235.001171, 5.000042, 2529, 2529, 0
240.001155, 4.999984, 2478, 2478, 0
245.001237, 5.000082, 2511, 2511, 0
250.001206, 4.999969, 2514, 2514, 0
255.001206, 5.0, 2472, 2472, 0
260.001159, 4.999953, 2440, 2440, 0
265.001237, 5.000078, 2452, 2452, 0
270.001224, 4.999987, 2432, 2432, 0
275.001204, 4.99998, 2515, 2515, 0
280.001162, 4.999958, 2433, 2433, 0
285.001165, 5.000003, 2587, 2587, 0
290.001195, 5.00003, 2597, 2597, 0
295.001156, 4.999961, 2557, 2557, 0
300.001149, 4.999993, 2463, 2463, 0
301.002311, 1.001162, 498, 498, 0
