elapsed, window, n, min, mean, median, 95th, 99th, 99_9th, max, errors
5.000189, 5.000189, 163642, 471, 6955.8, 4946, 15571, 50619, 114083, 235055, 0
10.001195, 5.001006, 158466, 459, 6977.0, 4953, 16053, 48509, 97873, 186590, 0
15.001222, 5.000027, 155640, 505, 7088.5, 5030, 15832, 50618, 116908, 241456, 0
20.001193, 4.999971, 157500, 476, 7010.3, 4988, 16085, 46878, 109771, 186951, 0
25.001241, 5.000048, 155270, 474, 7139.6, 4989, 16140, 51713, 131748, 312847, 0
30.001237, 4.999996, 156063, 478, 7048.4, 5012, 15650, 48489, 120960, 230142, 0
35.001194, 4.999957, 151974, 459, 7282.5, 5194, 16272, 50291, 120883, 230128, 0
40.001184, 4.99999, 154940, 492, 7109.1, 5015, 15587, 50659, 119679, 252816, 0
45.001206, 5.000022, 153336, 463, 7244.0, 5166, 16216, 49189, 115374, 243570, 0
50.0012, 4.999994, 153426, 478, 7205.0, 5077, 15912, 53516, 120243, 243570, 0
55.001255, 5.000055, 155059, 471, 7141.7, 5126, 15967, 46986, 117756, 249435, 0
60.001187, 4.999932, 151881, 478, 7249.2, 5084, 16336, 51546, 131085, 235941, 0
65.001183, 4.999996, 149540, 467, 7337.7, 5135, 16762, 52955, 124836, 232063, 0
70.001209, 5.000026, 151008, 481, 7373.1, 5140, 16658, 54504, 117502, 189357, 0
75.001199, 4.99999, 150380, 519, 7299.7, 5059, 16119, 54793, 138644, 267713, 0
80.001194, 4.999995, 150660, 482, 7335.8, 5125, 16594, 53909, 118588, 222851, 0
85.001215, 5.000021, 148100, 493, 7429.9, 5136, 16673, 55490, 133959, 230436, 0
90.001182, 4.999967, 150769, 477, 7374.5, 5156, 16694, 54100, 124733, 245930, 0
95.001242, 5.00006, 150276, 484, 7378.8, 5139, 16374, 54457, 130739, 313641, 0
100.001232, 4.99999, 149575, 499, 7355.9, 5145, 16666, 52932, 127756, 213848, 0
105.001197, 4.999965, 147522, 468, 7452.9, 5276, 16459, 52602, 132631, 252338, 0
110.001216, 5.000019, 149098, 467, 7417.9, 5191, 16591, 52516, 126241, 263567, 0
115.001236, 5.00002, 152629, 509, 7252.1, 5029, 15345, 56415, 147845, 259582, 0
120.00119, 4.999954, 149459, 517, 7413.1, 5231, 16349, 53086, 125559, 226819, 0
121.005283, 1.004093, 27807, 491, 7479.8, 5233, 16703, 54068, 125694, 255259, 0
