elapsed, window, n, min, mean, median, 95th, 99th, 99_9th, max, errors
5.000721, 5.000721, 35, 1590, 3264.3, 3226, 4655, 5116, 5116, 5116, 0
10.001666, 5.000945, 0, 0, 0, 0, 0, 0, 0, 0, 0
15.001694, 5.000028, 70, 1413, 3188.1, 2240, 4143, 26022, 36826, 36826, 0
20.001661, 4.999967, 35, 1413, 3053.7, 2315, 4174, 26022, 36826, 36826, 0
25.001669, 5.000008, 70, 1344, 4203.4, 2599, 16484, 30497, 32143, 32143, 0
30.001643, 4.999974, 175, 1392, 6219.8, 2427, 22285, 72945, 105230, 105230, 0
35.001686, 5.000043, 140, 1531, 3097.6, 2321, 5760, 18993, 29422, 29422, 0
40.001762, 5.000076, 35, 1579, 3648.5, 2268, 16302, 16615, 17879, 17879, 0
45.001672, 4.99991, 105, 1568, 6934.2, 2569, 32162, 92820, 102128, 102128, 0
50.001741, 5.000069, 77, 1398, 7736.5, 2283, 43522, 88796, 95637, 95637, 0
55.001705, 4.999964, 63, 1541, 2797.5, 2297, 5717, 6611, 7202, 7202, 0
60.00166, 4.999955, 35, 1479, 2780.9, 2504, 4200, 7109, 7109, 7109, 0
65.001729, 5.000069, 35, 1586, 2902.4, 2116, 6243, 13597, 13597, 13597, 0
70.001697, 4.999968, 70, 1479, 4329.8, 2434, 17264, 25747, 44223, 44223, 0
75.001718, 5.000021, 70, 1478, 5653.8, 2171, 7880, 91833, 123546, 123546, 0
80.001731, 5.000013, 68, 1452, 4532.6, 2308, 22962, 27860, 33935, 33935, 0
85.001652, 4.999921, 37, 1556, 6654.6, 2495, 27258, 38355, 67580, 67580, 0
90.001753, 5.000101, 47, 1523, 4091.6, 2212, 11814, 35021, 35021, 35021, 0
95.0017, 4.999947, 58, 1740, 5426.0, 2568, 27987, 36288, 49239, 49239, 0
100.00171, 5.00001, 0, 0, 0, 0, 0, 0, 0, 0, 0
105.001716, 5.000006, 0, 0, 0, 0, 0, 0, 0, 0, 0
110.001741, 5.000025, 139, 1536, 2880.3, 2216, 4529, 15479, 40784, 40784, 0
115.001659, 4.999918, 71, 1460, 4038.6, 2277, 7653, 40784, 43718, 43718, 0
120.001652, 4.999993, 70, 1578, 2589.2, 2246, 4378, 9254, 10150, 10150, 0
121.002835, 1.001183, 0, 1578, 2589.2, 2246, 4378, 9254, 10150, 10150, 0
