elapsed, window, total, successful, failed
5.000685, 5.000685, 18976, 18976, 0
10.001672, 5.000987, 19030, 19030, 0
15.00167, 4.999998, 19061, 19061, 0
20.00169, 5.00002, 19063, 19063, 0
25.001673, 4.999983, 19046, 19046, 0
30.001977, 5.000304, 19080, 19080, 0
35.001671, 4.999694, 19075, 19075, 0
40.001666, 4.999995, 19056, 19056, 0
45.001721, 5.000055, 19053, 19053, 0
50.001671, 4.99995, 19068, 19068, 0
55.001669, 4.999998, 19076, 19076, 0
60.001943, 5.000274, 19039, 19039, 0
65.00167, 4.999727, 19071, 19071, 0
70.001683, 5.000013, 19040, 19040, 0
75.00167, 4.999987, 19057, 19057, 0
80.00198, 5.00031, 19006, 19006, 0
85.002012, 5.000032, 19023, 19023, 0
90.000673, 4.998661, 19057, 19057, 0
95.001693, 5.00102, 19064, 19064, 0
100.001671, 4.999978, 19073, 19073, 0
105.001667, 4.999996, 19060, 19060, 0
110.00167, 5.000003, 19053, 19053, 0
115.00174, 5.00007, 19068, 19068, 0
120.001666, 4.999926, 19050, 19050, 0
121.00299, 1.001324, 3816, 3816, 0
