elapsed, window, total, successful, failed
5.00078, 5.00078, 21647, 21647, 0
10.001701, 5.000921, 18952, 18952, 0
15.001852, 5.000151, 224, 224, 0
20.001773, 4.999921, 270, 270, 0
25.001815, 5.000042, 363, 363, 0
30.001786, 4.999971, 511, 511, 0
35.001803, 5.000017, 7087, 7087, 0
40.001761, 4.999958, 37, 37, 0
45.001805, 5.000044, 341, 341, 0
50.001808, 5.000003, 241, 241, 0
55.001838, 5.00003, 129, 129, 0
60.0018, 4.999962, 479, 479, 0
65.001852, 5.000052, 50, 50, 0
70.001752, 4.9999, 240, 240, 0
75.001822, 5.00007, 2212, 2212, 0
80.001776, 4.999954, 1895, 1895, 0
85.001805, 5.000029, 411, 411, 0
90.001791, 4.999986, 345, 345, 0
95.001851, 5.00006, 212, 212, 0
100.001828, 4.999977, 167, 167, 0
105.001854, 5.000026, 58, 58, 0
110.001814, 4.99996, 309, 309, 0
115.001857, 5.000043, 188, 188, 0
120.001811, 4.999954, 356, 356, 0
125.001683, 4.999872, 308, 308, 0
130.001822, 5.000139, 14266, 14266, 0
135.001819, 4.999997, 184, 184, 0
140.001822, 5.000003, 57, 57, 0
145.001809, 4.999987, 0, 0, 0
150.00182, 5.000011, 165, 165, 0
155.001797, 4.999977, 412, 412, 0
160.001821, 5.000024, 0, 0, 0
165.001857, 5.000036, 201, 201, 0
170.001815, 4.999958, 33, 33, 0
175.001846, 5.000031, 238, 238, 0
180.001852, 5.000006, 422, 422, 0
181.004946, 1.003094, 0, 0, 0
