elapsed, window, n, min, mean, median, 95th, 99th, 99_9th, max, errors
5.00036, 5.00036, 6050, 4, 7.6, 7, 13, 20, 32, 56, 0
10.001496, 5.001136, 6049, 4, 7.8, 7, 13, 20, 35, 56, 0
15.001412, 4.999916, 6060, 4, 7.9, 7, 14, 21, 38, 48, 0
20.00141, 4.999998, 6054, 4, 7.9, 7, 13, 21, 41, 49, 0
25.001412, 5.000002, 6059, 4, 7.7, 7, 13, 20, 41, 50, 0
30.001362, 4.99995, 6058, 4, 7.7, 7, 13, 20, 32, 59, 0
35.00141, 5.000048, 6053, 4, 7.7, 7, 13, 21, 34, 62, 0
40.001359, 4.999949, 6057, 4, 7.7, 7, 13, 21, 35, 57, 0
45.00136, 5.000001, 6055, 4, 7.7, 7, 13, 20, 34, 153, 0
50.001411, 5.000051, 6053, 4, 7.6, 7, 13, 19, 37, 52, 0
55.001362, 4.999951, 6056, 4, 7.6, 7, 13, 20, 31, 44, 0
60.001412, 5.00005, 6060, 4, 7.6, 7, 13, 20, 34, 171, 0
65.001748, 5.000336, 6065, 4, 7.5, 7, 13, 19, 34, 59, 0
70.001361, 4.999613, 6052, 4, 7.6, 7, 13, 20, 39, 52, 0
75.001411, 5.00005, 6064, 4, 7.6, 7, 13, 20, 44, 55, 0
80.001359, 4.999948, 6065, 4, 7.8, 7, 14, 22, 42, 50, 0
85.001408, 5.000049, 6062, 4, 7.7, 7, 13, 19, 38, 48, 0
90.001362, 4.999954, 6059, 4, 7.7, 7, 13, 20, 39, 210, 0
95.001399, 5.000037, 6063, 4, 7.6, 7, 13, 20, 39, 59, 0
100.0015, 5.000101, 6063, 4, 7.7, 7, 13, 22, 46, 59, 0
105.001411, 4.999911, 6058, 4, 7.6, 7, 13, 20, 32, 58, 0
110.001715, 5.000304, 6056, 4, 7.6, 7, 13, 22, 36, 60, 0
115.001408, 4.999693, 6060, 4, 7.6, 7, 13, 20, 37, 53, 0
120.001358, 4.99995, 6059, 4, 7.6, 7, 13, 20, 39, 55, 0
121.00146, 1.000102, 1210, 4, 7.6, 7, 13, 20, 40, 151, 0
