elapsed, window, n, min, mean, median, 95th, 99th, 99_9th, max, errors
5.00036, 5.00036, 6050, 76, 113.5, 100, 155, 222, 1763, 1809, 0
10.001496, 5.001136, 6049, 74, 104.0, 98, 143, 184, 259, 360, 0
15.001412, 4.999916, 6060, 74, 102.0, 97, 134, 170, 245, 386, 0
20.00141, 4.999998, 6054, 74, 102.8, 98, 137, 169, 273, 387, 0
25.001412, 5.000002, 6059, 74, 104.1, 99, 139, 176, 298, 387, 0
30.001362, 4.99995, 6058, 73, 102.5, 98, 136, 172, 262, 374, 0
35.00141, 5.000048, 6053, 73, 104.2, 99, 142, 179, 270, 391, 0
40.001359, 4.999949, 6057, 75, 103.9, 99, 139, 181, 249, 466, 0
45.00136, 5.000001, 6055, 76, 104.0, 99, 141, 174, 237, 389, 0
50.001411, 5.000051, 6053, 73, 103.4, 98, 137, 171, 232, 431, 0
55.001362, 4.999951, 6056, 74, 102.9, 98, 135, 171, 282, 445, 0
60.001412, 5.00005, 6060, 71, 102.0, 97, 135, 170, 231, 445, 0
65.001748, 5.000336, 6065, 71, 102.4, 97, 137, 173, 236, 675, 0
70.001361, 4.999613, 6052, 74, 102.4, 98, 135, 171, 264, 425, 0
75.001411, 5.00005, 6064, 73, 101.7, 97, 134, 171, 231, 396, 0
80.001359, 4.999948, 6065, 74, 100.7, 96, 132, 163, 227, 377, 0
85.001408, 5.000049, 6062, 74, 100.9, 97, 132, 161, 224, 495, 0
90.001362, 4.999954, 6059, 72, 101.0, 97, 132, 162, 253, 399, 0
95.001399, 5.000037, 6063, 74, 100.7, 96, 131, 165, 225, 538, 0
100.0015, 5.000101, 6063, 69, 101.4, 97, 134, 172, 242, 294, 0
105.001411, 4.999911, 6058, 69, 102.7, 98, 138, 176, 250, 331, 0
110.001715, 5.000304, 6056, 73, 103.1, 98, 139, 177, 248, 396, 0
115.001408, 4.999693, 6060, 73, 102.2, 98, 136, 168, 245, 363, 0
120.001358, 4.99995, 6059, 74, 103.3, 98, 140, 184, 247, 317, 0
121.00146, 1.000102, 1210, 74, 103.1, 98, 140, 186, 243, 317, 0
