elapsed, window, n, min, mean, median, 95th, 99th, 99_9th, max, errors
5.000747, 5.000747, 39760, 84, 735.1, 310, 2714, 4426, 8820, 31233, 0
10.001741, 5.000994, 41264, 87, 711.5, 305, 2654, 4147, 5939, 9228, 0
15.001736, 4.999995, 41292, 89, 719.4, 309, 2694, 4142, 5847, 8042, 0
20.001807, 5.000071, 41268, 85, 721.7, 316, 2680, 4185, 5969, 8539, 0
25.002131, 5.000324, 41393, 85, 715.4, 311, 2667, 4048, 5871, 8215, 0
30.000743, 4.998612, 41353, 85, 709.4, 307, 2621, 4123, 6069, 9178, 0
35.001759, 5.001016, 41330, 85, 718.8, 317, 2633, 4232, 6069, 8966, 0
40.00174, 4.999981, 41378, 81, 715.0, 311, 2659, 4180, 6010, 9103, 0
45.001774, 5.000034, 41332, 90, 726.0, 314, 2701, 4176, 6124, 8690, 0
50.001958, 5.000184, 41280, 84, 714.5, 310, 2678, 4086, 5906, 9773, 0
55.001771, 4.999813, 41308, 85, 718.6, 310, 2682, 4027, 5809, 8808, 0
60.001749, 4.999978, 41246, 89, 722.3, 316, 2681, 4179, 5952, 9044, 0
65.001743, 4.999994, 41286, 86, 718.8, 312, 2655, 4104, 5933, 7964, 0
70.001761, 5.000018, 41264, 84, 724.0, 316, 2673, 4208, 6174, 8900, 0
75.001757, 4.999996, 41320, 88, 720.4, 313, 2672, 4094, 5910, 8317, 0
80.001752, 4.999995, 41379, 85, 713.8, 309, 2613, 4006, 5815, 8753, 0
85.001745, 4.999993, 41275, 87, 716.9, 312, 2633, 4111, 5990, 9604, 0
90.001758, 5.000013, 41264, 86, 720.3, 312, 2660, 4161, 6370, 9005, 0
95.001742, 4.999984, 41285, 88, 720.1, 313, 2663, 4159, 5854, 9005, 0
100.001891, 5.000149, 41340, 88, 719.4, 312, 2644, 4073, 5903, 8259, 0
105.00175, 4.999859, 41361, 88, 712.6, 308, 2628, 4056, 5829, 9640, 0
110.001748, 4.999998, 41387, 86, 722.2, 311, 2670, 4110, 6062, 9640, 0
115.001748, 5.0, 41380, 86, 721.3, 312, 2659, 4138, 6090, 9288, 0
120.001739, 4.999991, 41303, 88, 726.8, 315, 2667, 4122, 5925, 8789, 0
121.003809, 1.00207, 8303, 88, 725.7, 316, 2668, 4105, 5697, 8789, 0
