elapsed, window, n, min, mean, median, 95th, 99th, 99_9th, max, errors
5.000861, 5.000861, 4008, 20581, 61973.9, 59075, 103182, 124821, 156359, 178479, 0
10.001855, 5.000994, 4027, 20602, 62004.3, 59501, 101465, 122566, 172943, 324785, 0
15.001854, 4.999999, 4092, 20580, 61050.9, 57830, 102371, 119808, 149106, 200317, 0
20.001855, 5.000001, 4015, 20603, 62218.4, 59086, 103553, 123737, 150570, 211508, 0
25.001807, 4.999952, 4030, 20603, 61974.1, 58793, 103316, 128324, 147873, 158041, 0
30.001837, 5.00003, 4058, 20632, 61779.7, 58972, 102074, 125254, 153121, 170406, 0
35.001804, 4.999967, 4041, 20723, 61833.9, 58500, 103952, 125296, 162283, 210587, 0
40.001805, 5.000001, 4043, 20675, 61913.2, 59288, 103245, 121626, 154252, 250165, 0
45.001805, 5.0, 4036, 20736, 61902.3, 59601, 102391, 125089, 151681, 192447, 0
50.001855, 5.00005, 4073, 20711, 61419.6, 58762, 101853, 124203, 150296, 173351, 0
55.001805, 4.99995, 4052, 20750, 61772.5, 59313, 101800, 124164, 156513, 180572, 0
60.001807, 5.000002, 4035, 20776, 61873.3, 58328, 102608, 124658, 153945, 160443, 0
65.001805, 4.999998, 4011, 20765, 62232.0, 59374, 103099, 122828, 143993, 159521, 0
70.001804, 4.999999, 4036, 20805, 62011.9, 58880, 101825, 126272, 147770, 159521, 0
75.001804, 5.0, 4028, 20627, 61918.4, 58875, 102876, 126788, 154307, 194267, 0
80.001805, 5.000001, 4039, 20669, 61789.2, 59132, 99813, 122177, 153122, 200212, 0
85.001805, 5.0, 3980, 20791, 62771.8, 59906, 105543, 122936, 152380, 169914, 0
90.001803, 4.999998, 4023, 20668, 62304.3, 59026, 103969, 124017, 150802, 171453, 0
95.001805, 5.000002, 4032, 20787, 62068.4, 59151, 103596, 121212, 141691, 153270, 0
100.001807, 5.000002, 3943, 20922, 63248.4, 60643, 103613, 126978, 156381, 174870, 0
105.001805, 4.999998, 4014, 20800, 62033.9, 59634, 102452, 124194, 150633, 174310, 0
110.001807, 5.000002, 3988, 20792, 62590.1, 59937, 103230, 124878, 151589, 197155, 0
115.001804, 4.999997, 3995, 21029, 62625.0, 59802, 103609, 124692, 154496, 219073, 0
120.001805, 5.000001, 3994, 20999, 62776.5, 59951, 104013, 124912, 156733, 219073, 0
121.001913, 1.000108, 785, 20999, 62726.4, 60106, 103477, 122364, 146565, 166672, 0
