elapsed, window, n, min, mean, median, 95th, 99th, 99_9th, max, errors
5.000298, 5.000298, 45, 151772, 202819.1, 178654, 286977, 303974, 303974, 303974, 239
10.001231, 5.000933, 65, 152037, 201461.4, 175682, 270728, 296364, 316524, 316524, 219
15.001214, 4.999983, 53, 151971, 204995.2, 195494, 279962, 296828, 342334, 342334, 239
20.001275, 5.000061, 61, 151518, 200174.8, 197122, 262004, 269324, 275292, 275292, 224
25.001242, 4.999967, 53, 152003, 207969.2, 222236, 269710, 272161, 282383, 282383, 214
30.001248, 5.000006, 61, 152439, 215398.8, 233617, 270538, 306569, 311194, 311194, 221
35.001222, 4.999974, 66, 151614, 204709.2, 213891, 261047, 281662, 288286, 288286, 258
40.001305, 5.000083, 77, 151779, 204634.7, 220715, 253670, 264543, 356666, 356666, 236
45.001355, 5.00005, 69, 151847, 204335.2, 222140, 255689, 256363, 268333, 268333, 207
50.001232, 4.999877, 66, 151760, 203107.4, 216837, 257979, 264188, 274758, 274758, 242
55.001233, 5.000001, 82, 151727, 197894.6, 176965, 261720, 267975, 269046, 269046, 235
60.00122, 4.999987, 66, 151668, 208827.6, 225972, 278268, 299658, 320077, 320077, 232
65.00122, 5.0, 64, 151469, 210285.0, 225199, 273778, 282555, 285894, 285894, 191
70.001357, 5.000137, 73, 151632, 197247.0, 173001, 256911, 278418, 279064, 279064, 192
75.00135, 4.999993, 86, 151721, 211088.2, 231838, 264191, 279861, 296365, 296365, 222
80.00137, 5.00002, 96, 151608, 200938.9, 221395, 252975, 264661, 274731, 274731, 209
85.001235, 4.999865, 78, 151570, 199360.0, 177568, 265947, 279659, 282849, 282849, 221
90.001232, 4.999997, 74, 151882, 203068.2, 220691, 256621, 286343, 307834, 307834, 212
95.001311, 5.000079, 72, 151607, 201995.2, 199560, 254572, 269990, 273697, 273697, 226
100.001295, 4.999984, 104, 151732, 197771.7, 180843, 252190, 285722, 351268, 351268, 188
105.001358, 5.000063, 79, 151635, 200117.2, 175400, 285108, 328352, 397323, 397323, 193
110.001312, 4.999954, 93, 151349, 194692.3, 167664, 252943, 289015, 304459, 304459, 183
115.001329, 5.000017, 92, 151993, 202666.2, 198142, 252977, 297610, 526677, 526677, 206
120.001386, 5.000057, 99, 151718, 208208.1, 226922, 261768, 284772, 336549, 336549, 198
121.004487, 1.003101, 20, 151918, 205366.5, 226922, 252897, 266367, 268220, 268220, 41
