elapsed, window, total, successful, failed
5.001851, 5.001851, 73552, 73552, 0
10.001216, 4.999365, 72223, 72223, 0
15.001253, 5.000037, 73586, 73586, 0
20.001239, 4.999986, 72509, 72509, 0
25.001396, 5.000157, 71676, 71676, 0
30.001421, 5.000025, 26352, 26352, 0
35.001273, 4.999852, 47050, 47050, 0
40.001198, 4.999925, 27112, 27112, 0
45.00138, 5.000182, 28765, 28765, 0
50.001394, 5.000014, 45988, 45988, 0
55.00135, 4.999956, 49570, 49570, 0
60.001341, 4.999991, 25593, 25593, 0
65.00137, 5.000029, 64928, 64928, 0
70.001314, 4.999944, 32114, 32114, 0
75.001374, 5.00006, 70891, 70891, 0
80.001311, 4.999937, 70149, 70149, 0
85.001276, 4.999965, 70472, 70472, 0
90.001395, 5.000119, 67262, 67262, 0
95.001354, 4.999959, 68388, 68388, 0
100.001393, 5.000039, 69928, 69928, 0
105.001271, 4.999878, 68106, 68106, 0
110.00125, 4.999979, 67989, 67989, 0
115.001215, 4.999965, 46758, 46758, 0
120.001365, 5.00015, 48488, 48488, 0
121.004335, 1.00297, 6561, 6561, 0
