elapsed, window, n, min, mean, median, 95th, 99th, 99_9th, max, errors
5.000368, 5.000368, 300, 2084, 9113.9, 8986, 12555, 14360, 14646, 14646, 0
10.001301, 5.000933, 300, 531, 703.7, 699, 808, 875, 1005, 1005, 0
15.001317, 5.000016, 0, 0, 0, 0, 0, 0, 0, 0, 0
20.001425, 5.000108, 300, 505, 844.4, 674, 1010, 7315, 8141, 8141, 0
25.001404, 4.999979, 600, 488, 645.7, 635, 746, 829, 953, 2287, 0
30.00142, 5.000016, 300, 510, 710.4, 691, 928, 990, 1056, 1056, 0
35.001408, 4.999988, 300, 504, 665.0, 657, 771, 858, 959, 959, 0
40.001379, 4.999971, 600, 485, 657.3, 650, 776, 845, 900, 952, 0
45.001319, 4.99994, 0, 566, 659.1, 648, 743, 744, 744, 744, 0
50.001385, 5.000066, 300, 517, 83274.8, 88246, 183420, 192122, 209532, 209532, 0
55.001419, 5.000034, 300, 542, 704.2, 697, 842, 932, 1086, 1086, 0
60.001418, 4.999999, 300, 545, 715.5, 684, 1006, 1286, 1533, 1533, 0
65.001381, 4.999963, 0, 0, 0, 0, 0, 0, 0, 0, 0
70.001373, 4.999992, 0, 0, 0, 0, 0, 0, 0, 0, 0
75.001389, 5.000016, 300, 509, 665.5, 658, 788, 836, 866, 866, 0
80.001331, 4.999942, 0, 0, 0, 0, 0, 0, 0, 0, 0
85.001319, 4.999988, 576, 504, 664.0, 656, 797, 868, 1006, 1031, 0
90.001412, 5.000093, 24, 527, 651.7, 641, 762, 785, 817, 817, 0
95.001285, 4.999873, 0, 0, 0, 0, 0, 0, 0, 0, 0
100.001387, 5.000102, 300, 508, 635.3, 633, 733, 781, 844, 844, 0
105.001652, 5.000265, 300, 509, 665.2, 654, 810, 940, 1281, 1281, 0
110.001363, 4.999711, 0, 0, 0, 0, 0, 0, 0, 0, 0
115.001413, 5.00005, 300, 515, 652.3, 645, 763, 857, 959, 959, 0
120.001245, 4.999832, 0, 0, 0, 0, 0, 0, 0, 0, 0
121.010553, 1.009308, 68, 501, 8828.6, 670, 63313, 86158, 88293, 88293, 0
