elapsed, window, total, successful, failed
5.000385, 5.000385, 473330, 473330, 0
10.001401, 5.001016, 428845, 428845, 0
15.001404, 5.000003, 427955, 427955, 0
20.001562, 5.000158, 428126, 428126, 0
25.001463, 4.999901, 424744, 424744, 0
30.001392, 4.999929, 427081, 427081, 0
35.001397, 5.000005, 431370, 431370, 0
40.001421, 5.000024, 426592, 426592, 0
45.001454, 5.000033, 425508, 425508, 0
50.001413, 4.999959, 428690, 428690, 0
55.001385, 4.999972, 428190, 428190, 0
60.001447, 5.000062, 422497, 422497, 0
65.001391, 4.999944, 428064, 428064, 0
70.001427, 5.000036, 423837, 423837, 0
75.001427, 5.0, 423110, 423110, 0
80.001388, 4.999961, 417127, 417127, 0
85.001422, 5.000034, 420345, 420345, 0
90.001392, 4.99997, 417547, 417547, 0
95.001423, 5.000031, 417695, 417695, 0
100.001385, 4.999962, 420390, 420390, 0
105.001411, 5.000026, 421273, 421273, 0
110.001462, 5.000051, 420335, 420335, 0
115.001406, 4.999944, 420982, 420982, 0
120.001726, 5.00032, 419372, 419372, 0
121.017459, 1.015733, 88006, 88006, 0
