elapsed, window, total, successful, failed
5.000265, 5.000265, 312, 312, 0
10.001312, 5.001047, 110, 110, 0
15.001311, 4.999999, 194, 193, 1
20.0013, 4.999989, 182, 182, 0
25.001319, 5.000019, 171, 171, 0
30.001316, 4.999997, 145, 145, 0
35.001261, 4.999945, 182, 182, 0
40.001216, 4.999955, 181, 181, 0
45.001311, 5.000095, 152, 152, 0
50.001371, 5.00006, 209, 209, 0
55.001319, 4.999948, 174, 174, 0
60.001313, 4.999994, 157, 157, 0
65.001367, 5.000054, 171, 170, 1
70.001335, 4.999968, 176, 176, 0
75.001321, 4.999986, 180, 180, 0
80.001311, 4.99999, 165, 165, 0
85.001311, 5.0, 189, 189, 0
90.001222, 4.999911, 160, 160, 0
95.00126, 5.000038, 168, 168, 0
100.001274, 5.000014, 183, 183, 0
105.001308, 5.000034, 176, 176, 0
110.001314, 5.000006, 160, 160, 0
115.00126, 4.999946, 167, 167, 0
120.00134, 5.00008, 181, 181, 0
125.001313, 4.999973, 174, 174, 0
130.001263, 4.99995, 163, 163, 0
135.001266, 5.000003, 182, 182, 0
140.001311, 5.000045, 170, 170, 0
145.001311, 5.0, 180, 180, 0
150.001312, 5.000001, 177, 177, 0
155.001313, 5.000001, 180, 180, 0
160.001312, 4.999999, 180, 180, 0
165.001315, 5.000003, 154, 153, 1
170.001263, 4.999948, 172, 172, 0
175.00131, 5.000047, 173, 173, 0
180.001266, 4.999956, 177, 177, 0
185.001311, 5.000045, 164, 164, 0
190.001265, 4.999954, 189, 189, 0
195.001267, 5.000002, 180, 180, 0
200.001265, 4.999998, 163, 163, 0
205.001341, 5.000076, 165, 165, 0
210.001257, 4.999916, 177, 177, 0
215.001315, 5.000058, 180, 180, 0
220.001195, 4.99988, 168, 168, 0
225.001261, 5.000066, 177, 177, 0
230.001255, 4.999994, 182, 182, 0
235.00126, 5.000005, 172, 172, 0
240.00126, 5.0, 175, 174, 1
245.001302, 5.000042, 170, 170, 0
250.001352, 5.00005, 180, 180, 0
255.001291, 4.999939, 163, 163, 0
260.00131, 5.000019, 168, 168, 0
265.001262, 4.999952, 170, 170, 0
270.001262, 5.0, 176, 176, 0
275.001261, 4.999999, 182, 182, 0
280.001261, 5.0, 163, 163, 0
285.001261, 5.0, 172, 172, 0
290.001337, 5.000076, 183, 183, 0
295.00126, 4.999923, 158, 158, 0
300.001259, 4.999999, 179, 179, 0
301.013428, 1.012169, 36, 36, 0
