elapsed, window, n, min, mean, median, 95th, 99th, 99_9th, max, errors
5.00027, 5.00027, 563, 634, 1746.9, 1156, 3532, 11201, 42535, 49238, 0
10.001254, 5.000984, 552, 600, 1465.9, 991, 2740, 7917, 36868, 55266, 0
15.001308, 5.000054, 262, 594, 1604.1, 969, 2546, 20749, 35823, 35823, 0
20.001263, 4.999955, 371, 655, 2037.8, 970, 3514, 28527, 48463, 48463, 0
25.001242, 4.999979, 560, 594, 2401.1, 975, 8710, 37150, 50586, 61052, 0
30.001371, 5.000129, 543, 620, 2516.4, 1006, 11233, 36747, 63372, 66699, 0
35.001265, 4.999894, 753, 636, 2861.5, 983, 9022, 51717, 92568, 93996, 0
40.001358, 5.000093, 1258, 613, 1798.9, 1012, 2495, 24250, 66477, 87908, 0
45.001286, 4.999928, 791, 593, 2160.4, 949, 2572, 43194, 66140, 91119, 0
50.001389, 5.000103, 984, 560, 1972.1, 965, 2591, 34440, 66578, 66681, 0
55.001252, 4.999863, 513, 637, 1568.2, 925, 1996, 20310, 49800, 52677, 0
60.001375, 5.000123, 559, 605, 1756.0, 966, 2512, 31424, 57127, 68302, 0
65.001384, 5.000009, 595, 601, 1673.3, 1013, 2925, 16920, 36304, 39980, 0
70.00144, 5.000056, 782, 608, 2485.0, 982, 3940, 43930, 127646, 195931, 0
75.001257, 4.999817, 575, 591, 2280.2, 970, 4518, 31459, 46641, 195931, 0
80.001387, 5.00013, 210, 617, 2463.0, 987, 8706, 34659, 60819, 60819, 0
85.001379, 4.999992, 252, 635, 2298.1, 968, 8227, 32956, 60819, 60819, 0
90.001382, 5.000003, 428, 608, 2544.1, 970, 3051, 45773, 97683, 97683, 0
95.001336, 4.999954, 428, 620, 2213.6, 965, 3907, 36645, 63579, 66678, 0
100.001395, 5.000059, 479, 620, 2622.5, 1032, 8176, 42107, 70688, 75372, 0
105.00136, 4.999965, 736, 604, 2034.7, 981, 2545, 28929, 70688, 80752, 0
110.001298, 4.999938, 1125, 544, 1597.7, 954, 2073, 21389, 60019, 80752, 0
115.001386, 5.000088, 1385, 544, 1964.6, 999, 3582, 27981, 56789, 92970, 0
120.001248, 4.999862, 1038, 558, 1831.0, 994, 3336, 22654, 54726, 92970, 0
121.003568, 1.00232, 125, 558, 1651.0, 988, 2845, 22588, 44559, 54726, 0
