elapsed, window, total, successful, failed
5.001018, 5.001018, 612975, 612975, 0
10.000797, 4.999779, 547730, 547730, 0
15.001806, 5.001009, 541984, 541984, 0
20.001811, 5.000005, 543055, 543055, 0
25.001812, 5.000001, 544432, 544432, 0
30.001778, 4.999966, 544233, 544233, 0
35.001802, 5.000024, 539987, 539987, 0
40.001899, 5.000097, 551337, 551337, 0
45.001824, 4.999925, 544424, 544424, 0
50.001925, 5.000101, 542947, 542947, 0
55.001872, 4.999947, 544552, 544552, 0
60.0018, 4.999928, 544058, 544058, 0
65.00183, 5.00003, 541932, 541932, 0
70.001786, 4.999956, 546479, 546479, 0
75.001897, 5.000111, 549560, 549560, 0
80.001781, 4.999884, 544172, 544172, 0
85.00186, 5.000079, 534192, 534192, 0
90.001825, 4.999965, 535094, 535094, 0
95.001946, 5.000121, 540023, 540023, 0
100.001802, 4.999856, 541042, 541042, 0
105.001838, 5.000036, 535372, 535372, 0
110.001785, 4.999947, 535372, 535372, 0
115.001859, 5.000074, 538902, 538902, 0
120.001799, 4.99994, 536441, 536441, 0
121.024899, 1.0231, 110372, 110372, 0
