elapsed, window, n, min, mean, median, 95th, 99th, 99_9th, max, errors
5.000555, 5.000555, 211468, 374, 3075.0, 2803, 5818, 7506, 10540, 45707, 0
10.001566, 5.001011, 206117, 379, 3040.6, 2799, 5747, 7291, 9306, 14007, 0
15.001555, 4.999989, 202282, 363, 3066.7, 2826, 5781, 7340, 9374, 12859, 0
20.001553, 4.999998, 203990, 378, 3054.4, 2814, 5763, 7325, 9342, 13208, 0
25.001572, 5.000019, 204516, 363, 3042.1, 2799, 5736, 7310, 9313, 13612, 0
30.001544, 4.999972, 203080, 376, 3058.7, 2815, 5791, 7365, 9408, 13765, 0
35.001529, 4.999985, 203631, 371, 3067.6, 2820, 5807, 7397, 9406, 12579, 0
40.001527, 4.999998, 200375, 367, 3090.5, 2824, 5838, 7483, 10148, 47030, 0
45.001671, 5.000144, 203917, 380, 3064.9, 2819, 5815, 7362, 9321, 14419, 0
50.001549, 4.999878, 202699, 400, 3079.0, 2838, 5826, 7417, 9427, 12722, 0
55.001538, 4.999989, 202051, 370, 3075.5, 2829, 5834, 7412, 9431, 13050, 0
60.001626, 5.000088, 201688, 369, 3097.2, 2853, 5879, 7496, 9578, 13371, 0
65.001584, 4.999958, 201501, 374, 3095.2, 2854, 5860, 7452, 9433, 13173, 0
70.001538, 4.999954, 199726, 382, 3105.9, 2861, 5870, 7420, 9359, 14400, 0
75.001556, 5.000018, 200979, 367, 3112.6, 2871, 5871, 7454, 9496, 13827, 0
80.001535, 4.999979, 198815, 376, 3124.7, 2879, 5891, 7499, 9651, 14151, 0
85.001548, 5.000013, 199267, 375, 3133.8, 2891, 5912, 7535, 9511, 13847, 0
90.001603, 5.000055, 196340, 369, 3159.6, 2891, 5946, 7586, 10409, 46952, 0
95.001632, 5.000029, 197944, 369, 3168.6, 2902, 5954, 7615, 10103, 46952, 0
100.001566, 4.999934, 198590, 370, 3149.7, 2903, 5946, 7593, 9638, 14397, 0
105.001545, 4.999979, 197207, 370, 3158.9, 2908, 5981, 7633, 9671, 14903, 0
110.001682, 5.000137, 197434, 378, 3159.9, 2916, 5977, 7616, 9680, 13728, 0
115.001558, 4.999876, 197335, 374, 3154.5, 2902, 5983, 7635, 9746, 13759, 0
120.001546, 4.999988, 195983, 360, 3182.3, 2925, 6061, 7722, 9765, 13702, 0
121.002678, 1.001132, 39018, 360, 3180.1, 2925, 6055, 7715, 9777, 13702, 0
