elapsed, window, n, min, mean, max, errors, median
5.001046, 5.001046,110, 487,40943.2, 96537,0,53872.5
10.001089, 5.000043,116, 551,41880.6, 96085,0,43479.5
15.001059, 4.99997,125, 534,38825.2, 96897,0,49918.6
20.001045, 4.999986,134, 466,40144.3, 96797,0,52157.6
25.001075, 5.00003,122, 527,41334.4, 96966,0,59765.2
30.001088, 5.000013,122, 552,36662, 96966,0,55408
35.000996, 4.999908,113, 505,39004.4, 96557,0,54066.2
40.001995, 5.000999,117, 540,34661.8, 96606,0,45349.3
45.002001, 5.000006,114, 501,36349.7, 96376,0,48439.7
50.002065, 5.000064,111, 523,39171.2, 96124,0,47966.6
55.00102, 4.998955,105, 551,43495, 96041,0,52859.8
60.001999, 5.000979,112, 581,39020.9, 96089,0,55425.1
65.001954, 4.999955,96, 565,38665.4, 96354,0,54507.5
70.001996, 5.000042,107, 572,49783.2, 96597,0,54639.5
75.001999, 5.000003,112, 496,46083, 96597,0,57381.5
80.001996, 4.999997,120, 537,45978.9, 96866,0,57772.8
85.00196, 4.999964,102, 576,38833.6, 96866,0,51389.5
90.001997, 5.000037,116, 576,40415.4, 96765,0,49453.3
95.00207, 5.000073,113, 546,38957, 96809,0,47105
100.000999, 4.998929,99, 586,40242, 96450,0,47914.3
105.002125, 5.001126,121, 543,38640.5, 96673,0,47687.7
110.001044, 4.998919,113, 511,39030.8, 96711,0,51980.4
115.001031, 4.999987,92, 553,44880, 96913,0,51672.9
120.001054, 5.000023,108, 630,40007.8, 96811,0,46960.1
121.002159, 1.001105,21, 586,54179, 96843,0,64398.1

