elapsed, window, n, min, mean, median, 95th, 99th, 99_9th, max, errors
5.000463, 5.000463, 40944, 20547, 24558.6, 23604, 32376, 45297, 54485, 57038, 0
10.001313, 5.00085, 43055, 20633, 23205.9, 23026, 25455, 26799, 28144, 29759, 0
15.001357, 5.000044, 42586, 20652, 23423.5, 23281, 25641, 27022, 28470, 33983, 0
20.001348, 4.999991, 42428, 20638, 23548.0, 23352, 26100, 27437, 29311, 32175, 0
25.001327, 4.999979, 42632, 20646, 23434.6, 23266, 25840, 27115, 28310, 31011, 0
30.001361, 5.000034, 42391, 20601, 23590.8, 23417, 26178, 27301, 28798, 30940, 0
35.001325, 4.999964, 40642, 20652, 24533.3, 23691, 31500, 46469, 56747, 58611, 0
40.001324, 4.999999, 43017, 20643, 23285.4, 23082, 25679, 27163, 28594, 30964, 0
45.001312, 4.999988, 42350, 20620, 23582.0, 23441, 25961, 27095, 28231, 30872, 0
50.00132, 5.000008, 42007, 20650, 23774.4, 23505, 26477, 31628, 34158, 35458, 0
55.001311, 4.999991, 42451, 20606, 23528.4, 23314, 25977, 27483, 28831, 30025, 0
60.001414, 5.000103, 42467, 20594, 23554.1, 23394, 25937, 27259, 28923, 31404, 0
65.001362, 4.999948, 42394, 20604, 23563.0, 23318, 26075, 29561, 32224, 33001, 0
70.001352, 4.99999, 42085, 20665, 23746.2, 23559, 26331, 27348, 28285, 29707, 0
75.001335, 4.999983, 42057, 20632, 23769.1, 23575, 26498, 28181, 30215, 30964, 0
80.001307, 4.999972, 42909, 20632, 23284.4, 23068, 25755, 27305, 31776, 35887, 0
85.001312, 5.000005, 42786, 20630, 23329.4, 23128, 25705, 26797, 27839, 28885, 0
90.001323, 5.000011, 42423, 20673, 23558.2, 23362, 25959, 27065, 29571, 37577, 0
95.001348, 5.000025, 42567, 20607, 23462.2, 23280, 25836, 27029, 28330, 31571, 0
100.001359, 5.000011, 42444, 20585, 23539.0, 23317, 26102, 27235, 28506, 31381, 0
105.001383, 5.000024, 42380, 20678, 23554.0, 23306, 26305, 27850, 30128, 35639, 0
110.001315, 4.999932, 41867, 20639, 23864.4, 23585, 26786, 29331, 35840, 48572, 0
115.001353, 5.000038, 42650, 20635, 23444.5, 23270, 25770, 27107, 28423, 29524, 0
120.001312, 4.999959, 43040, 20632, 23213.3, 23016, 25506, 26816, 28325, 34051, 0
121.004384, 1.003072, 8683, 20629, 23121.8, 22934, 25317, 26656, 28125, 34051, 0
