elapsed, window, total, successful, failed
5.000522, 5.000522,93536,93536,0
10.001652, 5.00113,93470,93470,0
15.001508, 4.999856,94691,94691,0
20.001565, 5.000057,92456,92456,0
25.001576, 5.000011,93562,93562,0
30.001514, 4.999938,93650,93650,0
35.001524, 5.00001,93969,93969,0
40.001548, 5.000024,94110,94110,0
45.001604, 5.000056,92261,92261,0
50.001532, 4.999928,92473,92473,0
55.001515, 4.999983,93650,93650,0
60.001514, 4.999999,93034,93034,0
65.001515, 5.000001,93233,93233,0
70.001549, 5.000034,92856,92856,0
75.001551, 5.000002,93291,93291,0
80.001514, 4.999963,93093,93093,0
85.001536, 5.000022,93820,93820,0
90.001561, 5.000025,92701,92701,0
95.001511, 4.99995,94142,94142,0
100.001542, 5.000031,92614,92614,0
105.00152, 4.999978,93491,93491,0
110.001532, 5.000012,93430,93430,0
115.00152, 4.999988,92964,92964,0
120.001592, 5.000072,93523,93523,0
121.0016, 1.000008,18655,18655,0

