elapsed, window, total, successful, failed
5.000694, 5.000694,61053,61053,0
10.001681, 5.000987,53786,53786,0
15.001608, 4.999927,59627,59627,0
20.001675, 5.000067,53262,53262,0
25.001684, 5.000009,57709,57709,0
30.001539, 4.999855,65828,65828,0
35.001682, 5.000143,65429,65429,0
40.001656, 4.999974,66887,66887,0
45.001588, 4.999932,59399,59399,0
50.001649, 5.000061,71809,71809,0
55.001619, 4.99997,54870,54870,0
60.001604, 4.999985,53662,53662,0
65.001546, 4.999942,59640,59640,0
70.001685, 5.000139,51767,51767,0
75.001603, 4.999918,56230,56230,0
80.001614, 5.000011,49837,49837,0
85.001659, 5.000045,65556,65556,0
90.001669, 5.00001,54110,54110,0
95.001672, 5.000003,50820,50820,0
100.001784, 5.000112,75087,75087,0
105.001679, 4.999895,63543,63543,0
110.001603, 4.999924,69668,69668,0
115.001669, 5.000066,69489,69489,0
120.001617, 4.999948,60159,60159,0
125.001658, 5.000041,62486,62486,0
130.001689, 5.000031,53981,53981,0
135.001661, 4.999972,51499,51499,0
140.001646, 4.999985,53986,53986,0
145.001658, 5.000012,53305,53305,0
150.001606, 4.999948,61635,61635,0
155.001605, 4.999999,64462,64462,0
160.001618, 5.000013,57303,57303,0
165.001659, 5.000041,57130,57130,0
170.001666, 5.000007,58435,58435,0
175.001557, 4.999891,66138,66138,0
180.001629, 5.000072,77185,77185,0
185.001619, 4.99999,78029,78029,0
190.001686, 5.000067,70006,70006,0
195.001673, 4.999987,73742,73742,0
200.001703, 5.00003,70495,70495,0
205.001673, 4.99997,76447,76447,0
210.00168, 5.000007,69564,69564,0
215.001606, 4.999926,59737,59737,0
220.001681, 5.000075,56975,56975,0
225.001732, 5.000051,64100,64100,0
230.001675, 4.999943,76839,76839,0
235.001687, 5.000012,62473,62473,0
240.001687, 5.0,44834,44834,0
245.001673, 4.999986,59561,59561,0
250.00166, 4.999987,50006,50006,0
255.001657, 4.999997,67924,67924,0
260.001661, 5.000004,51947,51947,0
265.001661, 5.0,43214,43214,0
270.001666, 5.000005,61949,61949,0
275.001684, 5.000018,63982,63982,0
280.001675, 4.999991,66729,66729,0
285.001538, 4.999863,61273,61273,0
290.001679, 5.000141,59838,59838,0
295.001678, 4.999999,56532,56532,0
300.001625, 4.999947,62679,62679,0
301.003704, 1.002079,15883,15883,0

