elapsed, window, n, min, mean, median, 95th, 99th, 99_9th, max, errors
5.00068, 5.00068, 150, 161521, 225541.6, 175271, 478600, 526457, 529281, 529281, 0
10.001681, 5.001001, 127, 161248, 246115.8, 174795, 508997, 536531, 537179, 537179, 0
15.001677, 4.999996, 182, 160882, 235663.2, 182507, 434034, 530519, 537179, 537179, 0
20.001677, 5.0, 45, 160924, 280605.0, 199292, 566359, 595808, 603663, 603663, 0
25.001781, 5.000104, 101, 160815, 289764.7, 180038, 802336, 840133, 858219, 858219, 0
30.00163, 4.999849, 89, 160739, 372364.0, 175489, 995929, 1120671, 1241351, 1241351, 0
35.001678, 5.000048, 64, 160739, 306393.2, 172108, 953585, 970529, 1241351, 1241351, 0
40.001629, 4.999951, 122, 160798, 238187.3, 172092, 660137, 932578, 942262, 942262, 0
45.001626, 4.999997, 134, 160890, 194392.6, 176905, 285701, 330187, 350511, 350511, 0
50.00168, 5.000054, 181, 160771, 210087.3, 185358, 306427, 325391, 335019, 335019, 0
55.001676, 4.999996, 184, 160771, 231591.9, 193000, 517674, 703167, 719155, 719155, 0
60.001735, 5.000059, 152, 160745, 220594.7, 175160, 561553, 670730, 719155, 719155, 0
65.001721, 4.999986, 112, 160734, 243800.3, 172911, 635676, 684974, 708722, 708722, 0
70.001629, 4.999908, 150, 160739, 307666.6, 178945, 846749, 969936, 988910, 988910, 0
75.001672, 5.000043, 135, 160966, 274639.7, 175659, 893784, 984210, 1017574, 1017574, 0
80.001641, 4.999969, 106, 161031, 213442.3, 172376, 413005, 447912, 450437, 450437, 0
85.001922, 5.000281, 158, 160873, 191414.3, 172019, 332167, 392562, 413005, 413005, 0
90.001678, 4.999756, 144, 160805, 180261.5, 168101, 243552, 331867, 338786, 338786, 0
95.001972, 5.000294, 171, 160732, 227961.7, 178633, 463493, 530532, 550336, 550336, 0
100.001679, 4.999707, 236, 160836, 185297.0, 171724, 271287, 366270, 463493, 463493, 0
105.00163, 4.999951, 214, 160897, 222221.0, 177789, 474790, 647328, 660617, 660617, 0
110.001635, 5.000005, 106, 160801, 332825.5, 177749, 888587, 941627, 960379, 960379, 0
115.001625, 4.99999, 173, 160695, 220933.3, 172689, 669537, 814314, 829093, 829093, 0
120.001679, 5.000054, 91, 160730, 231954.5, 168282, 598716, 866481, 895682, 895682, 0
121.001672, 0.999993, 16, 160807, 264941.5, 168831, 866481, 975787, 994003, 994003, 0
