elapsed, window, n, min, mean, median, 95th, 99th, 99_9th, max, errors
5.000807, 5.000807, 89369, 365, 6867.0, 2183, 11247, 140087, 570998, 905041, 0
10.001839, 5.001032, 85403, 360, 7259.7, 2049, 8502, 147443, 691062, 1014145, 0
15.001918, 5.000079, 79274, 367, 7551.1, 2059, 10897, 157481, 740806, 1431448, 0
20.0018, 4.999882, 59763, 355, 9872.8, 1977, 28660, 163763, 941680, 2411273, 0
25.001803, 5.000003, 56910, 355, 10837.4, 1994, 33838, 180933, 1084507, 2411273, 0
30.001815, 5.000012, 68924, 332, 9594.7, 2057, 20909, 160940, 1058853, 2400146, 0
35.001808, 4.999993, 70573, 360, 8449.1, 2087, 15430, 154169, 895344, 1961695, 0
40.001847, 5.000039, 76328, 344, 8355.9, 2053, 14227, 147922, 954932, 1818602, 0
45.001799, 4.999952, 70559, 366, 8733.4, 2061, 19203, 179237, 967900, 1608985, 0
50.001804, 5.000005, 72930, 358, 8589.9, 2016, 19047, 150372, 919247, 1651103, 0
55.001799, 4.999995, 76351, 356, 8285.8, 2040, 15287, 134633, 906878, 1673768, 0
60.001801, 5.000002, 62749, 373, 9457.8, 2023, 26423, 135672, 1152705, 2122509, 0
65.00181, 5.000009, 63993, 358, 9998.8, 2016, 25796, 139157, 1103530, 2500907, 0
70.001801, 4.999991, 60422, 364, 9759.6, 2040, 25480, 155207, 1378697, 1989919, 0
75.001817, 5.000016, 60451, 357, 10450.6, 2056, 30331, 144838, 1594208, 2214573, 0
80.001851, 5.000034, 56269, 353, 10407.5, 1987, 32208, 128401, 1788527, 3657662, 0
85.001844, 4.999993, 43119, 359, 14555.4, 1986, 40857, 169254, 3356178, 4157102, 0
90.001848, 5.000004, 51348, 354, 12646.1, 2038, 39826, 179312, 1487949, 3681819, 0
95.001798, 4.99995, 48944, 348, 12894.8, 2050, 39085, 231292, 1467813, 3418581, 0
100.001803, 5.000005, 73422, 362, 8988.1, 2030, 18303, 104832, 1114099, 2134987, 0
105.0018, 4.999997, 68874, 361, 9023.7, 2063, 17819, 172003, 1010180, 1645742, 0
110.001827, 5.000027, 75606, 356, 8340.9, 2050, 15822, 173766, 873161, 1265859, 0
115.001815, 4.999988, 76499, 365, 8165.5, 2131, 13677, 183704, 781257, 1166972, 0
120.001807, 4.999992, 61044, 353, 10026.4, 2076, 24371, 225689, 1041009, 2053573, 0
121.002876, 1.001069, 15936, 353, 9656.1, 2069, 23872, 200724, 1001243, 2053573, 0
