elapsed, window, total, successful, failed
5.000672, 5.000672, 120795, 120795, 0
10.00167, 5.000998, 120953, 120953, 0
15.001681, 5.000011, 121465, 121465, 0
20.001673, 4.999992, 122992, 122992, 0
25.001672, 4.999999, 122375, 122375, 0
30.001758, 5.000086, 122070, 122070, 0
35.001686, 4.999928, 121839, 121839, 0
40.001661, 4.999975, 121980, 121980, 0
45.001715, 5.000054, 121954, 121954, 0
50.001672, 4.999957, 121378, 121378, 0
55.001711, 5.000039, 122002, 122002, 0
60.001669, 4.999958, 122095, 122095, 0
65.001687, 5.000018, 120454, 120454, 0
70.001686, 4.999999, 121333, 121333, 0
75.001778, 5.000092, 121825, 121825, 0
80.001783, 5.000005, 121397, 121397, 0
85.001679, 4.999896, 121367, 121367, 0
90.001762, 5.000083, 121218, 121218, 0
95.001667, 4.999905, 121339, 121339, 0
100.001672, 5.000005, 121274, 121274, 0
105.001665, 4.999993, 121104, 121104, 0
110.001685, 5.00002, 120844, 120844, 0
115.001674, 4.999989, 121569, 121569, 0
120.001663, 4.999989, 121799, 121799, 0
121.002775, 1.001112, 24903, 24903, 0
