elapsed, window, n, min, mean, median, 95th, 99th, 99_9th, max, errors
5.000379, 5.000379, 23209, 920, 2691.0, 1395, 10534, 13348, 15852, 17313, 0
10.001252, 5.000873, 23387, 961, 2645.8, 1342, 10540, 13446, 15886, 25412, 0
15.001234, 4.999982, 22862, 942, 2690.9, 1398, 10652, 13400, 15632, 17485, 0
20.001256, 5.000022, 23023, 972, 2697.1, 1386, 10585, 13598, 15821, 18600, 0
25.001239, 4.999983, 22895, 965, 2686.5, 1401, 10546, 13458, 15870, 21180, 0
30.001238, 4.999999, 22800, 958, 2700.6, 1427, 10599, 13546, 15724, 17304, 0
35.001213, 4.999975, 22739, 965, 2721.8, 1428, 10670, 13767, 16022, 18420, 0
40.001271, 5.000058, 22675, 992, 2717.7, 1402, 10773, 13665, 16005, 17479, 0
45.001238, 4.999967, 22652, 966, 2701.1, 1410, 10681, 13584, 15699, 19529, 0
50.001367, 5.000129, 23532, 951, 2637.0, 1376, 10584, 13399, 16203, 21759, 0
55.001283, 4.999916, 22532, 971, 2727.3, 1396, 10731, 13505, 16073, 21461, 0
60.001324, 5.000041, 22433, 993, 2733.7, 1441, 10663, 13432, 16427, 19458, 0
65.001242, 4.999918, 22757, 964, 2732.5, 1431, 10732, 13652, 16660, 18965, 0
70.001225, 4.999983, 22787, 912, 2708.5, 1395, 10729, 13906, 16721, 27284, 0
75.001248, 5.000023, 22998, 896, 2692.6, 1392, 10602, 13473, 16422, 22457, 0
80.001266, 5.000018, 22875, 946, 2692.3, 1351, 10701, 14077, 15964, 22005, 0
85.001284, 5.000018, 22704, 957, 2706.5, 1391, 10736, 13843, 16836, 27567, 0
90.001246, 4.999962, 22662, 961, 2716.9, 1392, 10802, 14185, 16551, 18156, 0
95.001257, 5.000011, 22306, 949, 2762.7, 1420, 10873, 14061, 16448, 18205, 0
100.001309, 5.000052, 22165, 953, 2763.6, 1402, 10887, 14241, 16661, 18122, 0
105.001242, 4.999933, 22455, 958, 2741.2, 1393, 10799, 14394, 16747, 17693, 0
110.00127, 5.000028, 22833, 956, 2711.1, 1413, 10763, 13819, 16254, 19859, 0
115.001366, 5.000096, 22991, 964, 2683.9, 1380, 10753, 13907, 16530, 20675, 0
120.001344, 4.999978, 22710, 959, 2735.8, 1358, 10797, 14130, 16667, 22883, 0
121.003576, 1.002232, 4564, 959, 2716.0, 1355, 10724, 14061, 16541, 22883, 0
