elapsed, window, total, successful, failed
5.000372, 5.000372, 25700, 25700, 0
10.001376, 5.001004, 26735, 26735, 0
15.001363, 4.999987, 26934, 26934, 0
20.001323, 4.99996, 26780, 26780, 0
25.00128, 4.999957, 26892, 26892, 0
30.001253, 4.999973, 27307, 27307, 0
35.001388, 5.000135, 27083, 27083, 0
40.001474, 5.000086, 27826, 27826, 0
45.001307, 4.999833, 28252, 28252, 0
50.001229, 4.999922, 28888, 28888, 0
55.001261, 5.000032, 28577, 28577, 0
60.001282, 5.000021, 29050, 29050, 0
65.001355, 5.000073, 29800, 29800, 0
70.001242, 4.999887, 30195, 30195, 0
75.001236, 4.999994, 29993, 29993, 0
80.001238, 5.000002, 30386, 30386, 0
85.001235, 4.999997, 30771, 30771, 0
90.001254, 5.000019, 30677, 30677, 0
95.00126, 5.000006, 30671, 30671, 0
100.001259, 4.999999, 31016, 31016, 0
105.001293, 5.000034, 30986, 30986, 0
110.001327, 5.000034, 30462, 30462, 0
115.00127, 4.999943, 30765, 30765, 0
120.001297, 5.000027, 30994, 30994, 0
125.001285, 4.999988, 31221, 31221, 0
130.001296, 5.000011, 31775, 31775, 0
135.001245, 4.999949, 31431, 31431, 0
140.001248, 5.000003, 30976, 30976, 0
145.001389, 5.000141, 31353, 31353, 0
150.001289, 4.9999, 31253, 31253, 0
155.001242, 4.999953, 31090, 31090, 0
160.00134, 5.000098, 31152, 31152, 0
165.001295, 4.999955, 31491, 31491, 0
170.001297, 5.000002, 30744, 30744, 0
175.001409, 5.000112, 30366, 30366, 0
180.001368, 4.999959, 30524, 30524, 0
185.001271, 4.999903, 30666, 30666, 0
190.001281, 5.00001, 30546, 30546, 0
195.001245, 4.999964, 30370, 30370, 0
200.001381, 5.000136, 29928, 29928, 0
205.001296, 4.999915, 29902, 29902, 0
210.001254, 4.999958, 29651, 29651, 0
215.001237, 4.999983, 29803, 29803, 0
220.001269, 5.000032, 29915, 29915, 0
225.001319, 5.00005, 29144, 29144, 0
230.001277, 4.999958, 29489, 29489, 0
235.001384, 5.000107, 28438, 28438, 0
240.001275, 4.999891, 28840, 28840, 0
245.001265, 4.99999, 28817, 28817, 0
250.001231, 4.999966, 28715, 28715, 0
255.001323, 5.000092, 28454, 28454, 0
260.00128, 4.999957, 27774, 27774, 0
265.001283, 5.000003, 28228, 28228, 0
270.001369, 5.000086, 28006, 28006, 0
275.00123, 4.999861, 28269, 28269, 0
280.001251, 5.000021, 27726, 27726, 0
285.001249, 4.999998, 27874, 27874, 0
290.001289, 5.00004, 27271, 27271, 0
295.001327, 5.000038, 27469, 27469, 0
300.001227, 4.9999, 27332, 27332, 0
301.003343, 1.002116, 5597, 5597, 0
