elapsed, window, n, min, mean, median, 95th, 99th, 99_9th, max, errors
5.000332, 5.000332, 35, 1899, 6955.0, 3417, 27754, 48591, 48591, 48591, 0
10.001259, 5.000927, 0, 0, 0, 0, 0, 0, 0, 0, 0
15.001345, 5.000086, 0, 0, 0, 0, 0, 0, 0, 0, 0
20.001309, 4.999964, 55, 1646, 16054.6, 2688, 91371, 134035, 174822, 174822, 0
25.001312, 5.000003, 15, 1646, 15186.9, 2469, 48448, 77837, 77837, 77837, 0
30.001322, 5.00001, 37, 1504, 11003.6, 2757, 51865, 85874, 85874, 85874, 0
35.001332, 5.00001, 90, 1536, 8670.3, 2495, 37739, 125122, 127619, 127619, 0
40.001328, 4.999996, 153, 1485, 10182.5, 2713, 69098, 100850, 113940, 113940, 0
45.001255, 4.999927, 96, 1516, 11506.3, 2483, 94138, 134538, 145689, 145689, 0
50.001351, 5.000096, 48, 1758, 19191.3, 2577, 102059, 133306, 133306, 133306, 0
55.001306, 4.999955, 31, 1544, 3670.8, 3232, 7799, 9523, 9523, 9523, 0
60.001321, 5.000015, 96, 1411, 14768.3, 2767, 86545, 123503, 125891, 125891, 0
65.001313, 4.999992, 69, 1593, 10471.1, 3320, 55111, 61016, 112047, 112047, 0
70.001338, 5.000025, 71, 1534, 5883.7, 2602, 19936, 55513, 62057, 62057, 0
75.001324, 4.999986, 20, 1576, 17046.6, 2633, 64318, 96434, 96434, 96434, 0
80.001375, 5.000051, 24, 1712, 15666.3, 2348, 85076, 91390, 91390, 91390, 0
85.001332, 4.999957, 32, 1600, 7812.0, 2361, 39994, 55606, 55606, 55606, 0
90.001325, 4.999993, 39, 1605, 14065.8, 2491, 69806, 100100, 100100, 100100, 0
95.001319, 4.999994, 39, 1625, 16696.1, 3039, 96511, 104416, 104416, 104416, 0
100.001309, 4.99999, 65, 1570, 12914.7, 2540, 81236, 115326, 147225, 147225, 0
105.001272, 4.999963, 35, 1579, 7388.0, 2714, 16769, 94916, 94916, 94916, 0
110.001298, 5.000026, 35, 1647, 11232.6, 2666, 43431, 118823, 118823, 118823, 0
115.001252, 4.999954, 34, 1681, 14366.5, 3067, 95595, 144086, 144086, 144086, 0
120.001234, 4.999982, 37, 1574, 25928.1, 2817, 145198, 163024, 163024, 163024, 0
121.003491, 1.002257, 8, 1574, 24090.3, 3090, 145198, 163024, 163024, 163024, 0
