elapsed, window, n, min, mean, median, 95th, 99th, 99_9th, max, errors
5.000701, 5.000701, 442885, 309, 12304.6, 7307, 39034, 59300, 83043, 152234, 0
10.001753, 5.001052, 399488, 262, 12429.4, 6724, 41269, 61518, 86213, 150839, 0
15.00187, 5.000117, 414020, 278, 12144.0, 7343, 37836, 54239, 72805, 118827, 0
20.001731, 4.999861, 410460, 298, 12138.6, 7240, 39345, 59255, 78819, 142336, 0
25.001744, 5.000013, 412299, 280, 12115.2, 7466, 37676, 52650, 70911, 108470, 0
30.001701, 4.999957, 408411, 297, 12195.2, 7288, 39427, 54947, 75200, 112817, 0
35.001712, 5.000011, 408166, 285, 12284.6, 6993, 40334, 63192, 86441, 150512, 0
40.001757, 5.000045, 409836, 263, 12193.8, 7188, 38755, 54373, 76916, 138026, 0
45.001742, 4.999985, 405738, 313, 12248.5, 7364, 38823, 57506, 78612, 142091, 0
50.001713, 4.999971, 411510, 283, 12233.3, 6809, 40370, 60258, 81772, 145027, 0
55.001794, 5.000081, 407507, 280, 12192.2, 7686, 37702, 53479, 74016, 113343, 0
60.001713, 4.999919, 411449, 370, 12197.0, 8009, 35841, 52262, 70981, 120847, 0
65.001728, 5.000015, 408153, 332, 12195.7, 8336, 34752, 48655, 66696, 110199, 0
70.001749, 5.000021, 408993, 354, 12224.6, 8009, 35288, 55158, 76742, 130221, 0
75.001757, 5.000008, 407250, 343, 12209.6, 8152, 35139, 53323, 73903, 136040, 0
80.001708, 4.999951, 408636, 353, 12318.6, 7823, 38094, 56995, 97609, 179734, 0
85.001708, 5.0, 407415, 317, 12277.6, 8166, 35644, 54112, 73298, 120445, 0
90.001696, 4.999988, 405992, 346, 12279.7, 8328, 35482, 51967, 70166, 115424, 0
95.001701, 5.000005, 407237, 358, 12307.6, 8034, 35985, 53745, 72305, 121622, 0
100.001761, 5.00006, 410145, 315, 12163.9, 8053, 34886, 50341, 67967, 124035, 0
105.001827, 5.000066, 413227, 333, 12183.0, 8184, 35230, 52903, 73147, 135395, 0
110.001755, 4.999928, 408248, 285, 12158.1, 8320, 34274, 49408, 70104, 134881, 0
115.001708, 4.999953, 404442, 311, 12338.1, 8053, 36722, 57409, 78474, 139327, 0
120.001696, 4.999988, 411628, 315, 12137.9, 8206, 35828, 51607, 70074, 115079, 0
121.017593, 1.015897, 139177, 315, 11857.2, 7847, 35329, 52619, 71192, 115079, 0
