elapsed, window, total, successful, failed
5.001022, 5.001022, 456453, 456453, 0
10.001078, 5.000056, 421026, 421026, 0
15.001023, 4.999945, 410773, 410773, 0
20.001017, 4.999994, 416963, 416963, 0
25.001041, 5.000024, 413224, 413224, 0
30.00103, 4.999989, 416589, 416589, 0
35.001022, 4.999992, 414286, 414286, 0
40.001066, 5.000044, 417644, 417644, 0
45.00103, 4.999964, 417659, 417659, 0
50.001046, 5.000016, 412647, 412647, 0
55.001019, 4.999973, 422928, 422928, 0
60.001038, 5.000019, 410949, 410949, 0
65.001018, 4.99998, 410981, 410981, 0
70.001088, 5.00007, 414322, 414322, 0
75.001059, 4.999971, 413509, 413509, 0
80.001023, 4.999964, 416628, 416628, 0
85.00102, 4.999997, 417207, 417207, 0
90.001025, 5.000005, 416070, 416070, 0
95.001017, 4.999992, 416405, 416405, 0
100.001032, 5.000015, 415058, 415058, 0
105.001097, 5.000065, 414720, 414720, 0
110.001073, 4.999976, 415114, 415114, 0
115.001018, 4.999945, 415291, 415291, 0
120.001046, 5.000028, 417639, 417639, 0
121.042172, 1.041126, 78594, 78594, 0
