elapsed, window, n, min, mean, max, errors, median
5.001064, 5.001064,12156, 90045,237465, 1302581,5,198742
10.001213, 5.000149,10532, 90133,282884, 1646347,4,231464
15.001029, 4.999816,10650, 90111,279904, 1647392,4,225909
20.001196, 5.000167,10560, 90067,284951, 1925487,3,218839
25.001158, 4.999962,10949, 90068,280586, 1888997,9,227879
30.001113, 4.999955,10972, 90420,271466, 749089,6,275078
35.001095, 4.999982,10866, 90420,275374, 750721,2,282735
40.001197, 5.000102,10891, 90489,275385, 815631,5,270644
45.001139, 4.999942,10962, 90319,273865, 876694,4,266663
50.001106, 4.999967,10851, 90597,275488, 895429,3,267476
55.00107, 4.999964,10812, 90664,277488, 817134,9,278382
60.001057, 4.999987,10782, 90782,277758, 851297,7,252280
65.001135, 5.000078,10759, 90509,278616, 981886,8,243229
70.00114, 5.000005,10825, 90550,275928, 856161,6,265343
75.001106, 4.999966,11126, 90397,270735, 999673,7,245404
80.001148, 5.000042,10826, 90254,275719, 999673,5,247463
85.001155, 5.000007,10590, 90278,281358, 1218895,5,219081
90.001193, 5.000038,11207, 90133,270287, 1218895,10,217672
95.00115, 4.999957,10751, 90144,276034, 1117540,11,216126
100.001134, 4.999984,10789, 90186,278501, 1167208,2,215030
105.00115, 5.000016,10786, 90176,276514, 1242686,6,215080
110.001141, 4.999991,10932, 90531,275991, 1548072,3,212802
115.001047, 4.999906,10684, 90218,278115, 1589094,8,211017
120.001154, 5.000107,10783, 90167,279373, 1527570,9,213589
125.001206, 5.000052,10415, 90069,286803, 1336924,12,216955
130.001169, 4.999963,10567, 90125,282384, 1323549,4,217136
135.0011, 4.999931,10193, 90126,290791, 1615549,8,215291
140.001144, 5.000044,10405, 90009,289121, 1758635,7,211657
145.001098, 4.999954,10246, 90065,292024, 1807171,5,212033
150.001169, 5.000071,10181, 90038,290750, 2274245,8,205934
155.001135, 4.999966,10405, 90088,295925, 2275106,8,208235
160.001141, 5.000006,11802, 89987,252326, 1120671,6,209491
165.001147, 5.000006,11083, 90187,271053, 1152970,7,211976
170.001149, 5.000002,10956, 90082,271387, 1231402,15,210684
175.001155, 5.000006,10664, 90070,280589, 1294006,7,212464
180.00117, 5.000015,11024, 90150,272456, 1294006,4,210690
181.009298, 1.008128,2404, 90191,277432, 1291311,2,216874

