elapsed, window, n, min, mean, median, 95th, 99th, 99_9th, max, errors
5.00021, 5.00021, 112168, 322, 895.6, 817, 1523, 2009, 2717, 5685, 0
10.001222, 5.001012, 90453, 342, 1087.4, 987, 1942, 2571, 3610, 7438, 0
15.001253, 5.000031, 87059, 329, 1136.7, 1019, 2116, 2848, 3975, 6727, 0
20.001322, 5.000069, 84449, 329, 1173.1, 1047, 2201, 2986, 4327, 8046, 0
25.001298, 4.999976, 82817, 299, 1197.4, 1054, 2323, 3223, 4692, 11616, 0
30.001326, 5.000028, 81680, 326, 1212.6, 1057, 2393, 3334, 5766, 12162, 0
35.001235, 4.999909, 81011, 323, 1223.8, 1061, 2449, 3410, 5556, 14990, 0
40.001199, 4.999964, 80415, 315, 1230.1, 1060, 2472, 3503, 5592, 13840, 0
45.001204, 5.000005, 79287, 324, 1251.8, 1076, 2534, 3616, 5889, 21286, 0
50.001239, 5.000035, 79151, 315, 1251.1, 1067, 2560, 3677, 7009, 15503, 0
55.001217, 4.999978, 79054, 294, 1253.1, 1070, 2552, 3678, 6655, 20420, 0
60.001212, 4.999995, 78682, 305, 1257.6, 1069, 2614, 3791, 6201, 11637, 0
65.00123, 5.000018, 76739, 298, 1287.5, 1084, 2681, 4179, 7515, 12527, 0
70.00122, 4.99999, 76051, 290, 1299.3, 1086, 2749, 4224, 7748, 28368, 0
75.001233, 5.000013, 76802, 308, 1287.1, 1083, 2689, 4085, 7282, 14856, 0
80.0012, 4.999967, 77528, 313, 1277.4, 1079, 2638, 4016, 9079, 21556, 0
85.001288, 5.000088, 75637, 319, 1304.0, 1083, 2761, 4354, 8879, 31757, 0
90.001234, 4.999946, 76336, 311, 1299.5, 1082, 2758, 4224, 8298, 20799, 0
95.001288, 5.000054, 76397, 313, 1292.2, 1075, 2721, 4336, 9451, 18929, 0
100.001224, 4.999936, 74059, 311, 1329.8, 1094, 2799, 5010, 10089, 23606, 0
105.00121, 4.999986, 74009, 293, 1339.1, 1083, 2867, 5604, 10851, 24771, 0
110.001203, 4.999993, 76819, 300, 1288.0, 1081, 2699, 4180, 7838, 22152, 0
115.001226, 5.000023, 73467, 308, 1338.7, 1088, 2933, 5169, 8181, 14994, 0
120.001249, 5.000023, 75702, 307, 1313.9, 1081, 2817, 4811, 8688, 17440, 0
121.002271, 1.001022, 14203, 307, 1321.5, 1079, 2874, 4842, 9076, 17440, 0
