elapsed, window, n, min, mean, median, 95th, 99th, 99_9th, max, errors
5.000174, 5.000174, 111968, 411, 3433.9, 2916, 8013, 9590, 11454, 15627, 0
10.001126, 5.000952, 109793, 461, 3442.4, 2931, 8012, 9622, 11489, 15905, 0
15.001188, 5.000062, 109308, 437, 3444.8, 2932, 7994, 9641, 11512, 15601, 0
20.001231, 5.000043, 108098, 432, 3463.9, 2943, 8054, 9679, 11528, 14626, 0
25.00112, 4.999889, 109410, 456, 3452.6, 2942, 8018, 9621, 11410, 17290, 0
30.001163, 5.000043, 108714, 422, 3465.5, 2943, 8053, 9623, 11518, 15162, 0
35.001184, 5.000021, 108064, 434, 3482.0, 2962, 8057, 9685, 11807, 18343, 0
40.001113, 4.999929, 108108, 436, 3474.9, 2962, 8050, 9672, 11610, 15325, 0
45.001122, 5.000009, 108186, 452, 3476.8, 2969, 8051, 9646, 11506, 15118, 0
50.001117, 4.999995, 108297, 464, 3474.9, 2952, 8069, 9678, 11411, 15118, 0
55.001131, 5.000014, 108408, 417, 3479.6, 2967, 8078, 9635, 11402, 14847, 0
60.001124, 4.999993, 108604, 417, 3472.4, 2968, 8039, 9675, 11373, 14927, 0
65.001166, 5.000042, 107572, 470, 3496.9, 2982, 8075, 9745, 11634, 21092, 0
70.001131, 4.999965, 107418, 466, 3496.8, 2989, 8069, 9691, 11450, 15852, 0
75.00117, 5.000039, 108463, 457, 3490.7, 2980, 8092, 9740, 11446, 14239, 0
80.00114, 4.99997, 107144, 371, 3491.7, 2992, 8070, 9683, 11524, 16360, 0
85.001132, 4.999992, 107827, 403, 3505.0, 2998, 8082, 9789, 12730, 24623, 0
90.001112, 4.99998, 107466, 467, 3516.9, 3009, 8112, 9807, 12024, 19638, 0
95.001174, 5.000062, 107515, 406, 3503.0, 2998, 8086, 9698, 11653, 16890, 0
100.001168, 4.999994, 107396, 448, 3504.5, 2998, 8090, 9712, 11475, 14060, 0
105.00113, 4.999962, 106872, 470, 3505.7, 3005, 8077, 9681, 11490, 16070, 0
110.001157, 5.000027, 107384, 464, 3511.5, 3005, 8080, 9699, 11572, 17317, 0
115.001164, 5.000007, 106742, 444, 3516.6, 3000, 8112, 9732, 11498, 15227, 0
120.001148, 4.999984, 106801, 452, 3526.7, 3017, 8130, 9749, 11439, 14504, 0
121.004235, 1.003087, 21114, 452, 3527.0, 3021, 8120, 9733, 11443, 14504, 0
