elapsed, window, n, min, mean, median, 95th, 99th, 99_9th, max, errors
5.001063, 5.001063, 0, 0, 0, 0, 0, 0, 0, 0, 0
10.001076, 5.000013, 0, 0, 0, 0, 0, 0, 0, 0, 0
15.001054, 4.999978, 0, 0, 0, 0, 0, 0, 0, 0, 0
20.000937, 4.999883, 16, 1115, 1658.9, 1501, 2310, 2377, 2377, 2377, 0
25.002076, 5.001139, 6, 1462, 1719.5, 1550, 2100, 2100, 2100, 2100, 0
30.001058, 4.998982, 10, 699, 1555.7, 1491, 2100, 2404, 2404, 2404, 0
35.001065, 5.000007, 12, 853, 1481.7, 1388, 1971, 2016, 2016, 2016, 0
40.001065, 5.0, 8, 649, 1407.8, 1299, 1853, 1853, 1853, 1853, 0
45.001059, 4.999994, 7, 659, 1581.0, 1763, 2094, 2094, 2094, 2094, 0
50.001016, 4.999957, 11, 1051, 1555.2, 1510, 1984, 2170, 2170, 2170, 0
55.00207, 5.001054, 6, 982, 1520.4, 1530, 2170, 2170, 2170, 2170, 0
60.001081, 4.999011, 11, 1072, 1680.0, 1609, 2294, 2395, 2395, 2395, 0
65.001104, 5.000023, 7, 1285, 1671.0, 1604, 2274, 2274, 2274, 2274, 0
70.001108, 5.000004, 11, 872, 1355.6, 1408, 1588, 1867, 1867, 1867, 0
75.001064, 4.999956, 11, 1087, 1452.3, 1355, 1752, 2198, 2198, 2198, 0
80.001071, 5.000007, 12, 1023, 1525.4, 1471, 2177, 2304, 2304, 2304, 0
85.001027, 4.999956, 9, 1026, 1508.9, 1433, 2034, 2034, 2034, 2034, 0
90.002061, 5.001034, 9, 997, 1648.7, 1964, 2188, 2188, 2188, 2188, 0
95.001044, 4.998983, 12, 1154, 1740.8, 1801, 2121, 2432, 2432, 2432, 0
100.001103, 5.000059, 12, 1106, 1647.3, 1499, 2024, 2550, 2550, 2550, 0
105.001049, 4.999946, 11, 955, 1538.0, 1387, 2281, 2299, 2299, 2299, 0
110.001128, 5.000079, 9, 688, 1549.3, 1673, 1920, 1920, 1920, 1920, 0
115.001057, 4.999929, 9, 718, 1642.6, 1899, 2175, 2175, 2175, 2175, 0
120.001084, 5.000027, 11, 926, 1401.6, 1294, 1889, 1913, 1913, 1913, 0
121.025181, 1.024097, 2, 687, 1246.4, 1176, 1913, 1913, 1913, 1913, 0
