elapsed, window, total, successful, failed
5.000528, 5.000528, 504928, 504928, 0
10.0015, 5.000972, 465691, 465691, 0
15.001529, 5.000029, 459770, 459770, 0
20.001506, 4.999977, 457968, 457968, 0
25.00152, 5.000014, 459530, 459530, 0
30.001524, 5.000004, 453962, 453962, 0
35.001493, 4.999969, 459226, 459226, 0
40.001497, 5.000004, 462933, 462933, 0
45.001528, 5.000031, 456890, 456890, 0
50.001496, 4.999968, 458631, 458631, 0
55.001539, 5.000043, 463697, 463697, 0
60.001494, 4.999955, 457050, 457050, 0
65.001507, 5.000013, 455407, 455407, 0
70.001492, 4.999985, 451272, 451272, 0
75.001513, 5.000021, 455954, 455954, 0
80.001515, 5.000002, 452957, 452957, 0
85.001527, 5.000012, 448717, 448717, 0
90.001497, 4.99997, 457918, 457918, 0
95.001541, 5.000044, 452347, 452347, 0
100.001543, 5.000002, 450745, 450745, 0
105.00154, 4.999997, 450716, 450716, 0
110.001498, 4.999958, 454040, 454040, 0
115.001553, 5.000055, 450547, 450547, 0
120.001491, 4.999938, 459271, 459271, 0
121.02559, 1.024099, 89617, 89617, 0
