elapsed, window, n, min, mean, median, 95th, 99th, 99_9th, max, errors
5.000513, 5.000513, 487167, 181, 559.3, 522, 892, 1195, 1878, 4667, 0
10.001418, 5.000905, 440793, 177, 557.0, 520, 889, 1195, 2030, 5779, 0
15.001363, 4.999945, 446068, 181, 554.8, 520, 874, 1153, 1758, 4525, 0
20.001319, 4.999956, 438703, 174, 557.2, 521, 883, 1187, 1924, 6840, 0
25.00138, 5.000061, 438099, 174, 561.9, 523, 901, 1219, 2005, 7553, 0
30.001344, 4.999964, 440816, 177, 559.4, 521, 894, 1212, 2087, 5341, 0
35.001425, 5.000081, 440932, 184, 560.8, 522, 896, 1207, 2127, 5208, 0
40.00139, 4.999965, 441371, 164, 555.9, 519, 890, 1183, 1720, 5738, 0
45.001303, 4.999913, 441027, 183, 557.3, 520, 895, 1186, 1766, 3522, 0
50.001438, 5.000135, 438271, 177, 558.1, 520, 894, 1206, 2030, 7031, 0
55.001471, 5.000033, 442472, 174, 558.0, 519, 899, 1204, 1952, 7043, 0
60.001343, 4.999872, 437916, 175, 560.9, 523, 899, 1201, 1915, 5388, 0
65.001339, 4.999996, 441220, 172, 557.8, 520, 897, 1188, 1743, 6043, 0
70.001333, 4.999994, 442486, 181, 554.6, 517, 896, 1178, 1685, 4475, 0
75.001291, 4.999958, 434360, 175, 567.4, 530, 909, 1219, 1845, 4860, 0
80.00134, 5.000049, 439880, 184, 558.8, 521, 902, 1201, 1825, 8036, 0
85.001295, 4.999955, 438494, 173, 562.0, 522, 909, 1235, 1956, 6184, 0
90.001373, 5.000078, 438631, 186, 560.7, 524, 896, 1183, 1892, 4854, 0
95.001315, 4.999942, 436229, 174, 563.8, 524, 909, 1228, 1865, 5392, 0
100.001365, 5.00005, 440283, 180, 559.3, 522, 898, 1190, 1751, 4576, 0
105.001342, 4.999977, 436225, 176, 562.0, 525, 900, 1185, 1822, 5387, 0
110.001384, 5.000042, 442227, 178, 558.8, 520, 902, 1201, 1913, 5913, 0
115.001322, 4.999938, 441514, 178, 559.2, 521, 896, 1190, 1811, 6883, 0
120.001349, 5.000027, 446522, 176, 552.4, 515, 885, 1164, 1705, 6672, 0
121.00246, 1.001111, 86817, 176, 553.2, 515, 889, 1177, 1768, 6672, 0
