elapsed, window, n, min, mean, median, 95th, 99th, 99_9th, max, errors
5.001006, 5.001006, 38062, 84, 1858.5, 295, 7809, 11749, 17119, 24616, 0
10.00171, 5.000704, 38257, 84, 1817.1, 271, 7663, 11559, 16328, 22011, 0
15.002048, 5.000338, 38320, 84, 1806.4, 269, 7588, 11546, 17126, 31543, 0
20.000844, 4.998796, 38293, 84, 1780.4, 267, 7512, 11338, 15945, 20500, 0
25.001759, 5.000915, 38363, 83, 1797.2, 271, 7672, 11378, 16160, 23399, 0
30.001709, 4.99995, 38347, 84, 1806.2, 263, 7665, 11624, 16244, 25009, 0
35.00173, 5.000021, 38371, 86, 1781.6, 259, 7639, 11438, 16525, 20811, 0
40.001707, 4.999977, 38268, 86, 1827.6, 279, 7701, 11343, 15945, 20959, 0
45.001713, 5.000006, 38366, 84, 1778.4, 262, 7561, 11291, 15863, 19204, 0
50.001724, 5.000011, 38203, 84, 1828.2, 284, 7687, 11553, 16346, 20537, 0
55.001824, 5.0001, 38389, 81, 1791.7, 279, 7509, 11204, 15337, 19085, 0
60.001708, 4.999884, 38220, 86, 1848.7, 292, 7775, 11605, 17173, 24572, 0
65.001815, 5.000107, 38274, 81, 1792.8, 260, 7563, 11313, 15926, 24851, 0
70.001757, 4.999942, 38089, 82, 1826.7, 268, 7785, 11559, 16325, 27275, 0
75.001711, 4.999954, 38099, 82, 1824.8, 289, 7733, 11511, 15903, 28837, 0
80.001777, 5.000066, 38210, 83, 1811.1, 276, 7663, 11368, 15793, 23793, 0
85.001739, 4.999962, 38047, 80, 1850.2, 294, 7681, 11661, 15900, 23004, 0
90.001707, 4.999968, 38115, 80, 1815.7, 274, 7627, 11324, 16109, 21383, 0
95.001714, 5.000007, 38144, 85, 1788.5, 268, 7552, 11452, 16581, 23689, 0
100.001743, 5.000029, 38158, 79, 1816.2, 267, 7625, 11395, 16343, 23689, 0
105.001744, 5.000001, 38113, 84, 1793.9, 258, 7626, 11335, 15088, 23861, 0
110.00171, 4.999966, 38007, 84, 1866.0, 293, 7775, 11740, 16343, 24452, 0
115.001707, 4.999997, 38157, 85, 1821.9, 284, 7712, 11552, 16443, 21465, 0
120.001788, 5.000081, 38127, 85, 1812.0, 273, 7616, 11339, 16519, 22506, 0
121.003801, 1.002013, 7613, 83, 1813.8, 271, 7638, 11544, 16697, 22506, 0
