elapsed, window, n, min, mean, median, 95th, 99th, 99_9th, max, errors
5.000544, 5.000544, 0, 0, 0, 0, 0, 0, 0, 0, 0
10.001534, 5.00099, 0, 0, 0, 0, 0, 0, 0, 0, 0
15.00141, 4.999876, 0, 0, 0, 0, 0, 0, 0, 0, 0
20.00143, 5.00002, 0, 0, 0, 0, 0, 0, 0, 0, 0
25.001464, 5.000034, 36, 1344, 27757.6, 5603, 114543, 372363, 372363, 372363, 0
30.001529, 5.000065, 31, 2074, 68537.3, 5365, 150757, 804897, 804897, 804897, 0
35.001478, 4.999949, 22, 2101, 211891.4, 11556, 1369613, 1505088, 1505088, 1505088, 0
40.00148, 5.000002, 35, 1762, 709585.5, 16111, 3270662, 4567654, 4567654, 4567654, 0
45.001468, 4.999988, 30, 2912, 112402.8, 9146, 617396, 1971484, 1971484, 1971484, 0
50.001477, 5.000009, 27, 2091, 19844.1, 9781, 42705, 135075, 135075, 135075, 0
55.001706, 5.000229, 33, 3714, 71484.4, 30192, 294466, 394816, 394816, 394816, 0
60.001468, 4.999762, 28, 2604, 48285.9, 9721, 313224, 465296, 465296, 465296, 0
65.001487, 5.000019, 25, 3488, 196005.3, 30549, 1017632, 1032648, 1032648, 1032648, 0
70.001524, 5.000037, 26, 5390, 236487.3, 27551, 1164757, 1248400, 1248400, 1248400, 0
75.001484, 4.99996, 24, 2660, 224121.7, 8572, 1249854, 2414750, 2414750, 2414750, 0
80.001536, 5.000052, 17, 3682, 1495770.2, 9974, 4226402, 4357202, 4357202, 4357202, 0
85.001518, 4.999982, 17, 6571, 678391.1, 15339, 5379687, 5897559, 5897559, 5897559, 0
85.722129, 0.720611, 1, 6571, 641234.4, 15326, 5379687, 5897559, 5897559, 5897559, 0
