elapsed, window, n, min, mean, median, 95th, 99th, 99_9th, max, errors
5.000062, 5.000062, 151574, 7851, 18616.0, 18207, 24209, 27626, 32427, 43527, 0
10.001055, 5.000993, 135998, 5462, 19822.8, 18257, 31680, 51140, 82999, 116575, 0
15.001056, 5.000001, 133221, 5462, 20453.8, 18321, 35911, 55798, 84989, 129667, 0
20.001054, 4.999998, 128617, 6208, 20815.2, 18489, 36462, 62031, 103407, 168687, 0
25.001085, 5.000031, 132438, 5948, 21183.0, 18543, 39141, 67757, 104845, 168687, 0
30.001085, 5.0, 122688, 5789, 21525.1, 18629, 40697, 71109, 119132, 201489, 0
35.001086, 5.000001, 134736, 5391, 20556.3, 18501, 35557, 55755, 85026, 151350, 0
40.001084, 4.999998, 131670, 5502, 20677.1, 18615, 35961, 60628, 94041, 144561, 0
45.001148, 5.000064, 145880, 5517, 18824.4, 17373, 27517, 50237, 85561, 130310, 0
50.00107, 4.999922, 139908, 5484, 19544.4, 16584, 39063, 64062, 103584, 162687, 0
55.001069, 4.999999, 138216, 5484, 19560.3, 16750, 36839, 56064, 87454, 127685, 0
60.001184, 5.000115, 77470, 4561, 27040.6, 15831, 38009, 82324, 1019744, 1060351, 0
65.001062, 4.999878, 99165, 4561, 33074.6, 15960, 21632, 1013152, 2014350, 2039995, 0
70.001108, 5.000046, 144527, 5882, 16655.0, 16409, 20925, 23726, 31259, 60373, 0
75.001069, 4.999961, 154198, 4969, 19936.2, 16413, 21075, 24538, 1015902, 1047042, 0
80.001057, 4.999988, 130503, 6638, 20220.1, 16583, 21140, 24427, 1017888, 1050137, 0
85.00105, 4.999993, 141442, 4538, 20615.0, 16104, 20686, 24159, 1018522, 1050137, 0
90.001102, 5.000052, 150594, 4538, 19602.1, 16198, 20884, 24259, 1016394, 1057335, 0
95.001067, 4.999965, 142057, 5070, 19853.7, 16422, 21098, 24558, 1016032, 1049916, 0
100.001076, 5.000009, 131482, 5013, 20145.8, 16546, 20999, 23804, 1015816, 1054207, 0
105.001111, 5.000035, 133182, 4848, 19853.7, 16518, 20985, 23918, 1015527, 1027247, 0
110.001051, 4.99994, 162740, 4949, 19620.7, 16574, 21178, 24051, 1015254, 1027247, 0
115.001055, 5.000004, 163114, 7625, 16914.5, 16675, 21263, 23861, 27363, 35264, 0
120.001063, 5.000008, 159234, 7520, 17108.6, 16804, 21726, 24503, 28440, 37159, 0
121.017227, 1.016164, 25232, 7520, 17122.9, 16815, 21738, 24503, 28561, 37159, 0
