elapsed, window, total, successful, failed
5.000325, 5.000325, 555733, 555733, 0
10.001349, 5.001024, 500271, 500271, 0
15.001283, 4.999934, 494689, 494689, 0
20.001281, 4.999998, 497458, 497458, 0
25.001343, 5.000062, 497864, 497864, 0
30.001438, 5.000095, 492820, 492820, 0
35.0013, 4.999862, 493147, 493147, 0
40.001298, 4.999998, 496942, 496942, 0
45.001466, 5.000168, 495366, 495366, 0
50.001317, 4.999851, 492005, 492005, 0
55.00128, 4.999963, 500180, 500180, 0
60.001282, 5.000002, 498162, 498162, 0
65.00133, 5.000048, 499689, 499689, 0
70.00133, 5.0, 492764, 492764, 0
75.001282, 4.999952, 495362, 495362, 0
80.001331, 5.000049, 485690, 485690, 0
85.001287, 4.999956, 486033, 486033, 0
90.001285, 4.999998, 487752, 487752, 0
95.001343, 5.000058, 489077, 489077, 0
100.001339, 4.999996, 490714, 490714, 0
105.00131, 4.999971, 488446, 488446, 0
110.001281, 4.999971, 485340, 485340, 0
115.001318, 5.000037, 487956, 487956, 0
120.001336, 5.000018, 491747, 491747, 0
121.010382, 1.009046, 98526, 98526, 0
