elapsed, window, n, min, mean, median, 95th, 99th, 99_9th, max, errors
5.000229, 5.000229, 571, 1355, 33185.6, 5051, 117360, 153521, 173505, 201625, 0
10.001307, 5.001078, 591, 1302, 30014.2, 2426, 113174, 128728, 138046, 170734, 0
15.001279, 4.999972, 636, 1284, 27679.7, 1908, 110551, 128988, 150849, 160810, 0
20.001297, 5.000018, 573, 1303, 31668.8, 2208, 112764, 132731, 146880, 153415, 0
25.001229, 4.999932, 589, 1303, 27377.9, 1949, 110564, 132731, 153509, 156548, 0
30.001177, 4.999948, 550, 1255, 27014.3, 1992, 109530, 128390, 157022, 158575, 0
35.001157, 4.99998, 587, 1255, 30105.5, 2418, 117028, 133256, 144392, 145425, 0
40.001234, 5.000077, 604, 1338, 27878.1, 1918, 110987, 131087, 139397, 141376, 0
45.001262, 5.000028, 608, 1339, 30311.7, 2448, 114833, 134606, 147110, 150745, 0
50.001267, 5.000005, 593, 1309, 29474.0, 3718, 109433, 127175, 150745, 155110, 0
55.001162, 4.999895, 584, 1369, 29311.2, 2250, 113688, 142150, 153771, 155177, 0
60.001311, 5.000149, 579, 1356, 31324.0, 3594, 115675, 146556, 161135, 169162, 0
65.001289, 4.999978, 557, 1300, 28273.7, 2217, 110042, 126972, 151085, 159133, 0
70.001269, 4.99998, 612, 1341, 29603.1, 3438, 110577, 138748, 147749, 159356, 0
75.001391, 5.000122, 605, 1280, 29662.2, 2111, 113554, 131124, 159356, 161402, 0
80.001234, 4.999843, 579, 1273, 30079.6, 2015, 114815, 145702, 161402, 165915, 0
85.001149, 4.999915, 571, 1350, 30556.2, 3284, 112964, 137228, 175277, 177579, 0
90.001211, 5.000062, 546, 1302, 34129.7, 3642, 129403, 189821, 275560, 278018, 0
95.001292, 5.000081, 615, 1336, 28935.9, 2077, 111131, 131196, 149219, 162937, 0
100.001172, 4.99988, 568, 1351, 30797.4, 2183, 119085, 140058, 163106, 169291, 0
105.001238, 5.000066, 614, 1328, 29351.4, 2413, 116255, 142545, 155203, 163106, 0
110.001234, 4.999996, 567, 1353, 30374.7, 2377, 115479, 142758, 159590, 162527, 0
115.001223, 4.999989, 572, 1416, 33739.9, 4228, 122549, 150672, 179508, 187283, 0
120.00116, 4.999937, 604, 1370, 30635.6, 2145, 113797, 137153, 160252, 161842, 0
121.00424, 1.00308, 154, 1332, 28302.7, 1922, 106796, 135379, 160252, 161842, 0
