elapsed, window, n, min, mean, median, 95th, 99th, 99_9th, max, errors
5.000903, 5.000903, 531, 151301, 357477.6, 229738, 953550, 1349840, 1793924, 1854960, 0
10.001928, 5.001025, 279, 151418, 639062.9, 256399, 1778456, 2519694, 3118223, 3118223, 0
15.001905, 4.999977, 196, 151633, 821741.7, 298948, 2331683, 4019705, 4078546, 4078546, 0
20.001896, 4.999991, 147, 151869, 1080117.8, 330470, 2840437, 4580059, 4748444, 4748444, 0
25.001896, 5.0, 95, 152058, 1531292.3, 509801, 3972066, 6066180, 7205498, 7205498, 0
30.001898, 5.000002, 61, 151616, 1707298.7, 593025, 5246295, 5756791, 7205498, 7205498, 0
35.001906, 5.000008, 101, 151932, 3043739.8, 1015980, 13049505, 18205684, 20373954, 20373954, 0
40.001911, 5.000005, 88, 151817, 2046707.2, 755454, 4299120, 19650633, 20023669, 20023669, 0
45.001916, 5.000005, 91, 152031, 1979276.5, 911754, 4947902, 7812943, 7992945, 7992945, 0
50.001913, 4.999997, 94, 152721, 2175612.4, 906738, 7776268, 8537423, 8917759, 8917759, 0
55.001903, 4.99999, 81, 152524, 2490116.2, 1113270, 5933391, 9223337, 9552562, 9552562, 0
60.001926, 5.000023, 75, 151862, 2329513.2, 1176586, 5682501, 9552562, 9816707, 9816707, 0
65.001903, 4.999977, 87, 152602, 2976768.7, 1480528, 6227205, 6854639, 10856546, 10856546, 0
70.001895, 4.999992, 69, 152722, 2700436.4, 1227403, 6179792, 7724781, 10698412, 10698412, 0
75.001898, 5.000003, 62, 151845, 2297487.0, 665914, 6951797, 10984247, 11258154, 11258154, 0
80.001933, 5.000035, 105, 151767, 2282287.2, 1150334, 5725343, 6555207, 9037794, 9037794, 0
85.001911, 4.999978, 77, 152472, 1613682.2, 856809, 4610553, 5678281, 9528248, 9528248, 0
90.001899, 4.999988, 80, 152743, 2277509.7, 938520, 5962649, 8974979, 9161912, 9161912, 0
95.001899, 5.0, 54, 153113, 2328678.1, 948767, 6122472, 6440290, 9161912, 9161912, 0
100.00186, 4.999961, 104, 153537, 2655267.5, 1135779, 6672058, 10255282, 10267464, 10267464, 0
105.001857, 4.999997, 94, 151723, 1715836.8, 804967, 4864244, 6672058, 6672849, 6672849, 0
110.001915, 5.000058, 83, 151887, 2023690.9, 630916, 4927422, 7594792, 7958234, 7958234, 0
115.001889, 4.999974, 74, 151943, 2823767.8, 812635, 6142700, 9520966, 9692506, 9692506, 0
120.001869, 4.99998, 81, 154436, 2098546.2, 1085113, 6115933, 10078044, 10499518, 10499518, 0
121.006004, 1.004135, 7, 153095, 2087718.7, 1051764, 6115933, 10078044, 10499518, 10499518, 0
