elapsed, window, total, successful, failed
5.000763, 5.000763, 481482, 481482, 0
10.001745, 5.000982, 434275, 434275, 0
15.001749, 5.000004, 436928, 436928, 0
20.001799, 5.00005, 442192, 442192, 0
25.00181, 5.000011, 434672, 434672, 0
30.001761, 4.999951, 442116, 442116, 0
35.001778, 5.000017, 438415, 438415, 0
40.001748, 4.99997, 435985, 435985, 0
45.001766, 5.000018, 438844, 438844, 0
50.001745, 4.999979, 435811, 435811, 0
55.001814, 5.000069, 426748, 426748, 0
60.001754, 4.99994, 427441, 427441, 0
65.001747, 4.999993, 430921, 430921, 0
70.001817, 5.00007, 425503, 425503, 0
75.001771, 4.999954, 428877, 428877, 0
80.001759, 4.999988, 429774, 429774, 0
85.001754, 4.999995, 432961, 432961, 0
90.001745, 4.999991, 428429, 428429, 0
95.001771, 5.000026, 425629, 425629, 0
100.001819, 5.000048, 429709, 429709, 0
105.001799, 4.99998, 427053, 427053, 0
110.001769, 4.99997, 433206, 433206, 0
115.001747, 4.999978, 430384, 430384, 0
120.001769, 5.000022, 431367, 431367, 0
121.017822, 1.016053, 90733, 90733, 0
