elapsed, window, n, min, mean, median, 95th, 99th, 99_9th, max, errors
5.000909, 5.000909, 38339, 20782, 29271.3, 31274, 38444, 42574, 49524, 58374, 0
10.001875, 5.000966, 38226, 20793, 29217.5, 31266, 38463, 42297, 46962, 55485, 0
15.001952, 5.000077, 38178, 20809, 29216.0, 31307, 38383, 42144, 46676, 54138, 0
20.001872, 4.99992, 38142, 20785, 29229.3, 31302, 38405, 42233, 46646, 54245, 0
25.001858, 4.999986, 38253, 20828, 29196.6, 31280, 38388, 42106, 46460, 55451, 0
30.0019, 5.000042, 38155, 20774, 29224.3, 31269, 38402, 42405, 47059, 55451, 0
35.001846, 4.999946, 38255, 20817, 29205.6, 31267, 38307, 41983, 46694, 53487, 0
40.001849, 5.000003, 38179, 20814, 29216.7, 31282, 38478, 42212, 46730, 53257, 0
45.002213, 5.000364, 38219, 20746, 29192.3, 31234, 38386, 42266, 46451, 52898, 0
50.000931, 4.998718, 38261, 20762, 29210.2, 31262, 38336, 42168, 47095, 53369, 0
55.001851, 5.00092, 38294, 20734, 29157.1, 31239, 38142, 42076, 46910, 52971, 0
60.001846, 4.999995, 38211, 20763, 29201.0, 31238, 38286, 42017, 46666, 53719, 0
65.001854, 5.000008, 38248, 20905, 29225.4, 31244, 38250, 42171, 46828, 54826, 0
70.001896, 5.000042, 38118, 20830, 29269.0, 31253, 38255, 42073, 46704, 54162, 0
75.001846, 4.99995, 38244, 20765, 29231.3, 31268, 38180, 41863, 46529, 53983, 0
80.001848, 5.000002, 38166, 20748, 29230.3, 31214, 38170, 41994, 47085, 56684, 0
85.00188, 5.000032, 38084, 20748, 29290.3, 31273, 38220, 42238, 46647, 56684, 0
90.001897, 5.000017, 37918, 20825, 29372.2, 31360, 38488, 42320, 46732, 55305, 0
95.001868, 4.999971, 38058, 20827, 29353.6, 31310, 38403, 42204, 46948, 52683, 0
100.001851, 4.999983, 38124, 20779, 29301.6, 31286, 38351, 42183, 47165, 54208, 0
105.001849, 4.999998, 37987, 20800, 29359.8, 31315, 38403, 42350, 47267, 54558, 0
110.001899, 5.00005, 38174, 20808, 29290.2, 31257, 38257, 41943, 46134, 56226, 0
115.001846, 4.999947, 38119, 20848, 29284.9, 31269, 38258, 42031, 46557, 53014, 0
120.001901, 5.000055, 38087, 20853, 29303.4, 31284, 38330, 42182, 46489, 53014, 0
121.003955, 1.002054, 7603, 20844, 29308.1, 31291, 38333, 42218, 46387, 52245, 0
