elapsed, window, total, successful, failed
5.000494, 5.000494, 30318, 30318, 0
10.001459, 5.000965, 30533, 30533, 0
15.001431, 4.999972, 30628, 30628, 0
20.001437, 5.000006, 30574, 30574, 0
25.001465, 5.000028, 30638, 30638, 0
30.001435, 4.99997, 30579, 30579, 0
35.001548, 5.000113, 30616, 30616, 0
40.001434, 4.999886, 30633, 30633, 0
45.001436, 5.000002, 30601, 30601, 0
50.001437, 5.000001, 30577, 30577, 0
55.001454, 5.000017, 30619, 30619, 0
60.001537, 5.000083, 30606, 30606, 0
65.001432, 4.999895, 30609, 30609, 0
70.001432, 5.0, 30599, 30599, 0
75.001601, 5.000169, 30599, 30599, 0
80.001431, 4.99983, 30565, 30565, 0
85.001541, 5.00011, 30614, 30614, 0
90.001431, 4.99989, 30579, 30579, 0
95.001438, 5.000007, 30564, 30564, 0
100.001431, 4.999993, 30640, 30640, 0
105.001436, 5.000005, 30590, 30590, 0
110.001436, 5.0, 30618, 30618, 0
115.001433, 4.999997, 30607, 30607, 0
120.001458, 5.000025, 30690, 30690, 0
121.004539, 1.003081, 6107, 6107, 0
