elapsed, window, n, min, mean, median, 95th, 99th, 99_9th, max, errors
5.000456, 5.000456, 129, 21359, 38103.0, 39699, 47325, 63547, 84669, 84669, 0
10.001457, 5.001001, 124, 20291, 40182.4, 39731, 59734, 59960, 59963, 59963, 0
15.001456, 4.999999, 123, 20290, 40178.7, 39745, 59202, 60122, 61319, 61319, 0
20.001409, 4.999953, 127, 20712, 39326.0, 39726, 41795, 59765, 59785, 59785, 0
25.001459, 5.00005, 134, 20539, 37170.0, 39697, 44585, 59691, 59755, 59755, 0
30.00146, 5.000001, 129, 20403, 37929.4, 39710, 53121, 59736, 59771, 59771, 0
35.001456, 4.999996, 130, 20406, 38219.1, 39718, 43949, 59733, 59767, 59767, 0
40.001407, 4.999951, 129, 20395, 38419.8, 39722, 41159, 59990, 60152, 60152, 0
45.001456, 5.000049, 126, 20363, 39332.6, 39749, 59033, 59774, 59845, 59845, 0
50.001408, 4.999952, 132, 20490, 37443.3, 39693, 40873, 59715, 59821, 59821, 0
55.001406, 4.999998, 133, 20281, 37184.1, 39687, 40534, 59747, 59758, 59758, 0
60.001455, 5.000049, 121, 39104, 40763.3, 39725, 40500, 60041, 60215, 60215, 0
65.001456, 5.000001, 129, 21072, 38447.0, 39679, 41475, 59416, 59714, 59714, 0
70.001456, 5.0, 130, 20557, 37794.9, 39689, 40541, 59416, 59696, 59696, 0
75.001456, 5.0, 124, 20573, 39988.2, 39712, 59284, 59782, 59803, 59803, 0
80.001458, 5.000002, 128, 20452, 38717.9, 39691, 51318, 59716, 59742, 59742, 0
85.001407, 4.999949, 131, 22036, 38355.5, 39687, 56283, 59772, 59814, 59814, 0
90.001456, 5.000049, 136, 20453, 36677.1, 39606, 54263, 59705, 59726, 59726, 0
95.001455, 4.999999, 135, 23712, 36708.3, 39638, 46910, 53646, 59782, 59782, 0
100.001458, 5.000003, 128, 20527, 39078.1, 39703, 57986, 59722, 59782, 59782, 0
105.001455, 4.999997, 129, 20612, 38462.9, 39696, 57356, 59143, 59624, 59624, 0
110.001455, 5.0, 127, 20426, 39034.3, 39697, 41110, 59584, 59677, 59677, 0
115.001456, 5.000001, 132, 20364, 37422.4, 39668, 40914, 59095, 59842, 59842, 0
120.001455, 4.999999, 133, 20372, 37679.1, 39654, 40357, 59539, 59842, 59842, 0
121.001492, 1.000037, 25, 20372, 37414.4, 39639, 40357, 59539, 59587, 59587, 0
