elapsed, window, total, successful, failed
5.000456, 5.000456, 129, 129, 0
10.001457, 5.001001, 124, 124, 0
15.001456, 4.999999, 123, 123, 0
20.001409, 4.999953, 127, 127, 0
25.001459, 5.00005, 134, 134, 0
30.00146, 5.000001, 129, 129, 0
35.001456, 4.999996, 130, 130, 0
40.001407, 4.999951, 129, 129, 0
45.001456, 5.000049, 126, 126, 0
50.001408, 4.999952, 132, 132, 0
55.001406, 4.999998, 133, 133, 0
60.001455, 5.000049, 121, 121, 0
65.001456, 5.000001, 129, 129, 0
70.001456, 5.0, 130, 130, 0
75.001456, 5.0, 124, 124, 0
80.001458, 5.000002, 128, 128, 0
85.001407, 4.999949, 131, 131, 0
90.001456, 5.000049, 136, 136, 0
95.001455, 4.999999, 135, 135, 0
100.001458, 5.000003, 128, 128, 0
105.001455, 4.999997, 129, 129, 0
110.001455, 5.0, 127, 127, 0
115.001456, 5.000001, 132, 132, 0
120.001455, 4.999999, 133, 133, 0
121.001492, 1.000037, 25, 25, 0
