elapsed, window, n, min, mean, median, 95th, 99th, 99_9th, max, errors
5.000528, 5.000528, 360, 489, 3123.4, 792, 12387, 40222, 56310, 56310, 0
10.001713, 5.001185, 416, 513, 5399.3, 742, 36258, 58712, 62416, 62416, 0
15.001513, 4.9998, 94, 528, 3475.1, 757, 22146, 38374, 58314, 58314, 0
20.001495, 4.999982, 75, 528, 5353.5, 734, 42043, 54575, 54835, 54835, 0
25.001469, 4.999974, 330, 483, 3223.2, 702, 16086, 48678, 66438, 66438, 0
30.001417, 4.999948, 602, 488, 3241.4, 691, 18193, 49918, 52655, 68616, 0
35.001456, 5.000039, 201, 492, 3099.4, 695, 16057, 44165, 62689, 62689, 0
40.001514, 5.000058, 242, 479, 7162.8, 735, 39002, 58478, 62464, 62464, 0
45.001399, 4.999885, 158, 531, 5382.3, 730, 36268, 45040, 50417, 50417, 0
50.001525, 5.000126, 430, 492, 3353.3, 700, 20299, 48738, 66193, 66193, 0
55.001516, 4.999991, 287, 518, 5122.6, 693, 36803, 57069, 61930, 61930, 0
60.001452, 4.999936, 117, 524, 4247.2, 713, 28514, 41978, 62762, 62762, 0
65.001514, 5.000062, 80, 548, 3149.1, 741, 20629, 26061, 27987, 27987, 0
70.001383, 4.999869, 426, 491, 4238.1, 735, 28434, 54218, 60781, 60781, 0
75.001404, 5.000021, 700, 471, 5809.9, 714, 40490, 56465, 61927, 63796, 0
80.00145, 5.000046, 793, 499, 4556.1, 708, 28460, 54104, 62063, 62254, 0
85.001392, 4.999942, 655, 485, 4276.8, 691, 32241, 54705, 62254, 66537, 0
90.00153, 5.000138, 336, 493, 3524.8, 705, 27661, 40411, 53938, 53938, 0
95.001513, 4.999983, 372, 469, 5742.3, 717, 39031, 58267, 62612, 62612, 0
100.001474, 4.999961, 302, 472, 4915.2, 680, 34226, 54283, 59886, 59886, 0
105.001423, 4.999949, 587, 472, 2983.9, 669, 16364, 48166, 58791, 65867, 0
110.001478, 5.000055, 154, 519, 6346.6, 727, 36201, 50468, 58542, 58542, 0
115.001416, 4.999938, 393, 515, 2933.6, 695, 16314, 46026, 58234, 58234, 0
120.001471, 5.000055, 277, 510, 4683.2, 687, 34805, 58280, 60400, 60400, 0
121.003667, 1.002196, 113, 452, 6633.2, 697, 39898, 58280, 60400, 60400, 0
