elapsed, window, n, min, mean, median, 95th, 99th, 99_9th, max, errors
5.000333, 5.000333, 46584, 20546, 23641.5, 22255, 30188, 35324, 60274, 70820, 0
10.001335, 5.001002, 46832, 20555, 23460.4, 22177, 29710, 33767, 38310, 44460, 0
15.00129, 4.999955, 46705, 20531, 23480.3, 22198, 29742, 33872, 38622, 46696, 0
20.001329, 5.000039, 46742, 20548, 23457.4, 22197, 29686, 33653, 38118, 45802, 0
25.001336, 5.000007, 46756, 20499, 23477.8, 22204, 29703, 33831, 38725, 46067, 0
30.00139, 5.000054, 46674, 20499, 23497.6, 22219, 29724, 33910, 38239, 46572, 0
35.001308, 4.999918, 46763, 20542, 23465.2, 22206, 29680, 33522, 38397, 43298, 0
40.001597, 5.000289, 46800, 20529, 23450.1, 22200, 29613, 33720, 38482, 43120, 0
45.001281, 4.999684, 46649, 20520, 23484.4, 22229, 29687, 33781, 38672, 45779, 0
50.001402, 5.000121, 46856, 20545, 23461.0, 22198, 29658, 33727, 38525, 43955, 0
55.001304, 4.999902, 46787, 20532, 23479.9, 22214, 29661, 33632, 38743, 43615, 0
60.00128, 4.999976, 46864, 20501, 23446.4, 22211, 29488, 33587, 38371, 44619, 0
65.001318, 5.000038, 46808, 20524, 23443.6, 22214, 29551, 33494, 38106, 44355, 0
70.001302, 4.999984, 46889, 20492, 23452.5, 22207, 29556, 33614, 38524, 47340, 0
75.00162, 5.000318, 46851, 20503, 23472.6, 22222, 29656, 33666, 38723, 49246, 0
80.001276, 4.999656, 46752, 20524, 23465.3, 22185, 29679, 33730, 38369, 42611, 0
85.001287, 5.000011, 46689, 20519, 23482.3, 22193, 29770, 33762, 38597, 43553, 0
90.001596, 5.000309, 46824, 20522, 23448.6, 22212, 29516, 33673, 38192, 42909, 0
95.001283, 4.999687, 46719, 20507, 23482.2, 22225, 29628, 33774, 38180, 43703, 0
100.001496, 5.000213, 46801, 20522, 23472.9, 22210, 29657, 33883, 38702, 47430, 0
105.001398, 4.999902, 46718, 20503, 23458.8, 22208, 29603, 33701, 38291, 44670, 0
110.001283, 4.999885, 46655, 20499, 23489.0, 22205, 29746, 33797, 38475, 45487, 0
115.001368, 5.000085, 46817, 20528, 23457.8, 22208, 29662, 33649, 38844, 43247, 0
120.0013, 4.999932, 46882, 20526, 23444.0, 22195, 29622, 33600, 38216, 45172, 0
121.004373, 1.003073, 9300, 20526, 23460.4, 22209, 29647, 33682, 38398, 45172, 0
