elapsed, window, n, min, mean, median, 95th, 99th, 99_9th, max, errors
5.000333, 5.000333, 46584, 20813, 26959.6, 26029, 35415, 41707, 64052, 75540, 0
10.001335, 5.001002, 46832, 20789, 26717.3, 25946, 34850, 39279, 44244, 51321, 0
15.00129, 4.999955, 46705, 20803, 26738.3, 25970, 34986, 39403, 44640, 50983, 0
20.001329, 5.000039, 46742, 20788, 26709.0, 25890, 34931, 39349, 44504, 56452, 0
25.001336, 5.000007, 46756, 20785, 26748.7, 25932, 35015, 39624, 45146, 53322, 0
30.00139, 5.000054, 46674, 20785, 26775.2, 25964, 35106, 39725, 45034, 51354, 0
35.001308, 4.999918, 46763, 20782, 26734.0, 25955, 34917, 39403, 44898, 52280, 0
40.001597, 5.000289, 46800, 20782, 26684.1, 25871, 34858, 39402, 44366, 52280, 0
45.001281, 4.999684, 46649, 20785, 26763.9, 25935, 35067, 39686, 45455, 51988, 0
50.001402, 5.000121, 46856, 20780, 26662.4, 25848, 34836, 39291, 44647, 51920, 0
55.001304, 4.999902, 46787, 20780, 26706.8, 25919, 34837, 39400, 44217, 51599, 0
60.00128, 4.999976, 46864, 20716, 26666.8, 25895, 34750, 39152, 44059, 58655, 0
65.001318, 5.000038, 46808, 20797, 26672.0, 25881, 34722, 38984, 44075, 55324, 0
70.001302, 4.999984, 46889, 20807, 26673.0, 25908, 34783, 39163, 44330, 53151, 0
75.00162, 5.000318, 46851, 20765, 26687.9, 25918, 34851, 39427, 44419, 52992, 0
80.001276, 4.999656, 46752, 20831, 26691.9, 25902, 34841, 39218, 44426, 57484, 0
85.001287, 5.000011, 46689, 20744, 26754.3, 25950, 35001, 39520, 45324, 54636, 0
90.001596, 5.000309, 46824, 20803, 26696.6, 25948, 34772, 39185, 44565, 51419, 0
95.001283, 4.999687, 46719, 20743, 26740.6, 25961, 34954, 39288, 44204, 51622, 0
100.001496, 5.000213, 46801, 20803, 26718.5, 25924, 34950, 39432, 43938, 50857, 0
105.001398, 4.999902, 46718, 20736, 26716.2, 25942, 34891, 39232, 44898, 53330, 0
110.001283, 4.999885, 46655, 20817, 26768.7, 25997, 34991, 39433, 44758, 55278, 0
115.001368, 5.000085, 46817, 20789, 26701.3, 25917, 34904, 39319, 44353, 52889, 0
120.0013, 4.999932, 46882, 20804, 26646.4, 25880, 34739, 39106, 44033, 49888, 0
121.004373, 1.003073, 9300, 20804, 26679.0, 25909, 34808, 39120, 44043, 54372, 0
