elapsed, window, total, successful, failed
5.000942, 5.000942, 42393, 42393, 0
10.001908, 5.000966, 45380, 45380, 0
15.001856, 4.999948, 45551, 45551, 0
20.001849, 4.999993, 45343, 45343, 0
25.001862, 5.000013, 45468, 45468, 0
30.001921, 5.000059, 44985, 44985, 0
35.001846, 4.999925, 45177, 45177, 0
40.001856, 5.00001, 45063, 45063, 0
45.001875, 5.000019, 45228, 45228, 0
50.001851, 4.999976, 44656, 44656, 0
55.00189, 5.000039, 44802, 44802, 0
60.001874, 4.999984, 45260, 45260, 0
65.001844, 4.99997, 44876, 44876, 0
70.00184, 4.999996, 44566, 44566, 0
75.001857, 5.000017, 43929, 43929, 0
80.001874, 5.000017, 43988, 43988, 0
85.001915, 5.000041, 44108, 44108, 0
90.001843, 4.999928, 44240, 44240, 0
95.00185, 5.000007, 43779, 43779, 0
100.001873, 5.000023, 43891, 43891, 0
105.00185, 4.999977, 43764, 43764, 0
110.001842, 4.999992, 44010, 44010, 0
115.001858, 5.000016, 43681, 43681, 0
120.001928, 5.00007, 43839, 43839, 0
121.004902, 1.002974, 8646, 8646, 0
