elapsed, window, total, successful, failed
5.000245, 5.000245, 30203, 30203, 0
10.001195, 5.00095, 30969, 30969, 0
15.001141, 4.999946, 31070, 31070, 0
20.001161, 5.00002, 30927, 30927, 0
25.00116, 4.999999, 30522, 30522, 0
30.001213, 5.000053, 30724, 30724, 0
35.001154, 4.999941, 30472, 30472, 0
40.001136, 4.999982, 30700, 30700, 0
45.001141, 5.000005, 30828, 30828, 0
50.001192, 5.000051, 29825, 29825, 0
55.001177, 4.999985, 30770, 30770, 0
60.001168, 4.999991, 31019, 31019, 0
65.001164, 4.999996, 30971, 30971, 0
70.001284, 5.00012, 29956, 29956, 0
75.001159, 4.999875, 29986, 29986, 0
80.001363, 5.000204, 30031, 30031, 0
85.00115, 4.999787, 30263, 30263, 0
90.001122, 4.999972, 30149, 30149, 0
95.001191, 5.000069, 30882, 30882, 0
100.001232, 5.000041, 30940, 30940, 0
105.001155, 4.999923, 30689, 30689, 0
110.001164, 5.000009, 30338, 30338, 0
115.001138, 4.999974, 29691, 29691, 0
120.001226, 5.000088, 30374, 30374, 0
121.002436, 1.00121, 5929, 5929, 0
