elapsed, window, total, successful, failed
5.000874, 5.000874, 31547, 31547, 0
10.001852, 5.000978, 32167, 32167, 0
15.00195, 5.000098, 31650, 31650, 0
20.000957, 4.999007, 32173, 32173, 0
25.00186, 5.000903, 32289, 32289, 0
30.001838, 4.999978, 31875, 31875, 0
35.001829, 4.999991, 32867, 32867, 0
40.001835, 5.000006, 32148, 32148, 0
45.00192, 5.000085, 32800, 32800, 0
50.001819, 4.999899, 32612, 32612, 0
55.001801, 4.999982, 32734, 32734, 0
60.00184, 5.000039, 32226, 32226, 0
65.001855, 5.000015, 32432, 32432, 0
70.001959, 5.000104, 32196, 32196, 0
75.001857, 4.999898, 32688, 32688, 0
80.001828, 4.999971, 32339, 32339, 0
85.00187, 5.000042, 32794, 32794, 0
90.001791, 4.999921, 33065, 33065, 0
95.001843, 5.000052, 32113, 32113, 0
100.00184, 4.999997, 32869, 32869, 0
105.001867, 5.000027, 32983, 32983, 0
110.001897, 5.00003, 33328, 33328, 0
115.001944, 5.000047, 32652, 32652, 0
120.000822, 4.998878, 32928, 32928, 0
125.001989, 5.001167, 32511, 32511, 0
130.001795, 4.999806, 32791, 32791, 0
135.001828, 5.000033, 32568, 32568, 0
140.001807, 4.999979, 32691, 32691, 0
145.001919, 5.000112, 32942, 32942, 0
150.001803, 4.999884, 32330, 32330, 0
155.001816, 5.000013, 32662, 32662, 0
160.001868, 5.000052, 32186, 32186, 0
165.001961, 5.000093, 32699, 32699, 0
170.002057, 5.000096, 32647, 32647, 0
175.001937, 4.99988, 32445, 32445, 0
180.001998, 5.000061, 33010, 33010, 0
185.001841, 4.999843, 32477, 32477, 0
190.00081, 4.998969, 32508, 32508, 0
195.001867, 5.001057, 32411, 32411, 0
200.001795, 4.999928, 32545, 32545, 0
205.001833, 5.000038, 32501, 32501, 0
210.001841, 5.000008, 32863, 32863, 0
215.001795, 4.999954, 33128, 33128, 0
220.001792, 4.999997, 32696, 32696, 0
225.001922, 5.00013, 32666, 32666, 0
230.001798, 4.999876, 32365, 32365, 0
235.001808, 5.00001, 32308, 32308, 0
240.001815, 5.000007, 32555, 32555, 0
245.001963, 5.000148, 32507, 32507, 0
250.001894, 4.999931, 32729, 32729, 0
255.00183, 4.999936, 32992, 32992, 0
260.001922, 5.000092, 32397, 32397, 0
265.001814, 4.999892, 32205, 32205, 0
270.001814, 5.0, 32772, 32772, 0
275.001806, 4.999992, 32856, 32856, 0
280.00182, 5.000014, 32375, 32375, 0
285.00187, 5.00005, 33028, 33028, 0
290.00181, 4.99994, 31957, 31957, 0
295.001944, 5.000134, 32604, 32604, 0
300.001872, 4.999928, 32812, 32812, 0
301.044135, 1.042263, 6896, 6896, 0
