elapsed, window, n, min, mean, median, 95th, 99th, 99_9th, max, errors
5.00077, 5.00077, 30, 150965, 159781.4, 152176, 194207, 283584, 283584, 283584, 0
10.001761, 5.000991, 61, 151115, 161705.1, 152421, 189441, 252662, 261672, 261672, 0
15.001808, 5.000047, 102, 150839, 158072.1, 152347, 187218, 214575, 238331, 238331, 0
20.001759, 4.999951, 97, 151245, 168931.7, 152484, 229779, 247978, 251706, 251706, 0
25.001798, 5.000039, 85, 151139, 161153.3, 152599, 197609, 245321, 285192, 285192, 0
30.001761, 4.999963, 49, 151150, 159499.2, 152703, 185777, 211483, 211483, 211483, 0
35.001763, 5.000002, 45, 150960, 191924.5, 171941, 253163, 265376, 265376, 265376, 0
40.001772, 5.000009, 60, 151369, 200290.5, 183125, 272023, 296800, 298852, 298852, 0
45.001736, 4.999964, 65, 151307, 181986.4, 153568, 259139, 305731, 311991, 311991, 0
50.001779, 5.000043, 61, 150842, 162359.5, 152584, 191589, 204332, 212386, 212386, 0
55.001763, 4.999984, 24, 151163, 159606.8, 152723, 192181, 196964, 196964, 196964, 0
60.001759, 4.999996, 83, 150954, 185079.6, 158477, 265015, 273517, 274750, 274750, 0
65.001721, 4.999962, 68, 151173, 162725.5, 152432, 231019, 240776, 247446, 247446, 0
70.001732, 5.000011, 60, 150909, 176812.4, 152602, 274427, 315964, 317209, 317209, 0
75.001724, 4.999992, 40, 151164, 205356.2, 162770, 382695, 401610, 401610, 401610, 0
80.001718, 4.999994, 54, 150983, 174686.2, 153295, 213857, 241505, 276634, 276634, 0
85.001716, 4.999998, 50, 151161, 159445.4, 152445, 181799, 198930, 199549, 199549, 0
90.001795, 5.000079, 82, 150947, 169649.7, 152744, 213287, 221475, 277230, 277230, 0
95.001688, 4.999893, 95, 151160, 180288.7, 153595, 250051, 275138, 289777, 289777, 0
100.001808, 5.00012, 26, 151171, 162627.9, 152456, 202831, 229852, 229852, 229852, 0
105.001787, 4.999979, 28, 151216, 152491.6, 152125, 154204, 158832, 158832, 158832, 0
110.001714, 4.999927, 33, 151216, 183388.7, 160525, 226422, 243345, 243345, 243345, 0
115.001777, 5.000063, 38, 151036, 157511.3, 152382, 178457, 215504, 215504, 215504, 0
120.001778, 5.000001, 29, 151389, 166144.6, 152378, 235412, 253268, 253268, 253268, 0
121.002923, 1.001145, 7, 151389, 162513.8, 152396, 212477, 235412, 235412, 235412, 0
