elapsed, window, total, successful, failed
5.000076, 5.000076, 200548, 200548, 0
10.001062, 5.000986, 195140, 195140, 0
15.001148, 5.000086, 195169, 195169, 0
20.001064, 4.999916, 194916, 194916, 0
25.001075, 5.000011, 195384, 195384, 0
30.00112, 5.000045, 194047, 194047, 0
35.001091, 4.999971, 196078, 196078, 0
40.001091, 5.0, 195154, 195154, 0
45.001125, 5.000034, 195084, 195084, 0
50.001096, 4.999971, 194063, 194063, 0
55.001111, 5.000015, 195672, 195672, 0
60.00116, 5.000049, 194853, 194853, 0
65.001142, 4.999982, 194314, 194314, 0
70.001068, 4.999926, 195377, 195377, 0
75.001126, 5.000058, 194947, 194947, 0
80.001069, 4.999943, 193203, 193203, 0
85.001059, 4.99999, 194894, 194894, 0
90.00106, 5.000001, 195726, 195726, 0
95.001062, 5.000002, 195515, 195515, 0
100.001116, 5.000054, 196074, 196074, 0
105.001091, 4.999975, 194359, 194359, 0
110.001075, 4.999984, 195463, 195463, 0
115.001103, 5.000028, 195562, 195562, 0
120.001099, 4.999996, 194161, 194161, 0
121.002176, 1.001077, 38368, 38368, 0
