elapsed, window, n, min, mean, median, 95th, 99th, 99_9th, max, errors
5.000518, 5.000518, 22178, 20531, 21932.4, 21362, 25239, 29137, 36769, 61181, 0
10.001348, 5.00083, 22215, 20522, 21869.5, 21361, 25069, 27697, 30808, 33188, 0
15.001332, 4.999984, 22244, 20536, 21861.2, 21354, 25021, 27700, 30783, 33905, 0
20.001332, 5.0, 22262, 20496, 21847.9, 21344, 25019, 27817, 30693, 33594, 0
25.001396, 5.000064, 22247, 20496, 21864.0, 21350, 25073, 27877, 30717, 33105, 0
30.001325, 4.999929, 22258, 20517, 21851.2, 21345, 25014, 27974, 31000, 34085, 0
35.001343, 5.000018, 22223, 20537, 21866.8, 21354, 25056, 27777, 30752, 33669, 0
40.001395, 5.000052, 22236, 20542, 21866.3, 21353, 25060, 27752, 30606, 32896, 0
45.001336, 4.999941, 22224, 20548, 21879.1, 21361, 25077, 27872, 30982, 34527, 0
50.00133, 4.999994, 22228, 20548, 21889.2, 21360, 25198, 27807, 30664, 33618, 0
55.001336, 5.000006, 22210, 20518, 21884.4, 21365, 25151, 27728, 30556, 33618, 0
60.001357, 5.000021, 22258, 20517, 21858.2, 21361, 24984, 27545, 30646, 32286, 0
65.001366, 5.000009, 22250, 20496, 21871.2, 21360, 25079, 27635, 30573, 34689, 0
70.001327, 4.999961, 22252, 20496, 21862.3, 21353, 25040, 27575, 30415, 32864, 0
75.001361, 5.000034, 22241, 20540, 21861.4, 21359, 25041, 27528, 30842, 35770, 0
80.001352, 4.999991, 22200, 20526, 21892.1, 21364, 25148, 27802, 30983, 34547, 0
85.001381, 5.000029, 22221, 20520, 21895.5, 21353, 25222, 27982, 31122, 33984, 0
90.001333, 4.999952, 22233, 20542, 21893.5, 21355, 25201, 27872, 30731, 34182, 0
95.00133, 4.999997, 22221, 20493, 21894.4, 21361, 25136, 27804, 30854, 35150, 0
100.001392, 5.000062, 22224, 20494, 21886.2, 21357, 25145, 27864, 31234, 34940, 0
105.001387, 4.999995, 22282, 20494, 21832.8, 21343, 24930, 27582, 30689, 34940, 0
110.001332, 4.999945, 22235, 20532, 21850.2, 21353, 25007, 27621, 30391, 34357, 0
115.00134, 5.000008, 22252, 20535, 21848.6, 21352, 25015, 27723, 30747, 36688, 0
120.00133, 4.99999, 22243, 20555, 21856.2, 21360, 25006, 27502, 30463, 33415, 0
121.002384, 1.001054, 4456, 20555, 21851.7, 21355, 24998, 27545, 30415, 33415, 0
