elapsed, window, n, min, mean, median, 95th, 99th, 99_9th, max, errors
5.000896, 5.000896, 277, 513, 1312.4, 971, 3389, 4614, 10007, 10007, 0
10.001799, 5.000903, 403, 484, 1245.6, 841, 2994, 7297, 10553, 10553, 0
15.001825, 5.000026, 90, 543, 1008.5, 748, 2346, 2996, 5828, 5828, 0
20.001886, 5.000061, 67, 500, 1023.0, 714, 1974, 4265, 4859, 4859, 0
25.00189, 5.000004, 73, 489, 852.3, 689, 1651, 2753, 3545, 3545, 0
30.001893, 5.000003, 211, 486, 894.2, 782, 1661, 2527, 3087, 3087, 0
35.001813, 4.99992, 314, 481, 948.3, 756, 1960, 3109, 5306, 5306, 0
40.00184, 5.000027, 175, 508, 1005.8, 736, 2218, 4316, 9278, 9278, 0
45.001931, 5.000091, 246, 495, 885.9, 688, 1948, 2696, 4701, 4701, 0
50.001903, 4.999972, 279, 492, 974.5, 757, 2021, 3451, 5854, 5854, 0
55.001891, 4.999988, 97, 510, 1036.6, 857, 1966, 3968, 5854, 5854, 0
60.001915, 5.000024, 222, 468, 966.9, 781, 2032, 3925, 4623, 4623, 0
65.001891, 4.999976, 276, 472, 885.2, 751, 1526, 3345, 3794, 3794, 0
70.001895, 5.000004, 78, 510, 872.2, 693, 1810, 2905, 2996, 2996, 0
75.001823, 4.999928, 138, 524, 895.0, 727, 2086, 3141, 3986, 3986, 0
80.001813, 4.99999, 102, 501, 871.3, 709, 1643, 2390, 4444, 4444, 0
85.001901, 5.000088, 379, 510, 891.8, 708, 1762, 3367, 5083, 5083, 0
90.001907, 5.000006, 381, 499, 965.5, 798, 1991, 3252, 3985, 4194, 0
95.001892, 4.999985, 393, 477, 949.3, 748, 2090, 3128, 6678, 6678, 0
100.001905, 5.000013, 415, 449, 937.4, 773, 1867, 2617, 4070, 4070, 0
105.001774, 4.999869, 225, 511, 864.8, 737, 1762, 2561, 3406, 3406, 0
110.001883, 5.000109, 217, 498, 855.9, 719, 1531, 2561, 3424, 3424, 0
115.001797, 4.999914, 286, 501, 920.2, 754, 1780, 2592, 4017, 4017, 0
120.001885, 5.000088, 194, 500, 924.7, 773, 1885, 3049, 4043, 4043, 0
121.003009, 1.001124, 73, 494, 893.5, 750, 1787, 3049, 4043, 4043, 0
