elapsed, window, n, min, mean, median, 95th, 99th, 99_9th, max, errors
5.000677, 5.000677, 5899, 1442, 5397.2, 3624, 16560, 23184, 32841, 43446, 0
10.001569, 5.000892, 5406, 1513, 5618.5, 3602, 18427, 26071, 37852, 53616, 0
15.001718, 5.000149, 5620, 1429, 5544.2, 3640, 17266, 25921, 40291, 67730, 0
20.00173, 5.000012, 4934, 1429, 5448.3, 3641, 16689, 25766, 40291, 67730, 0
25.001723, 4.999993, 3286, 1532, 7022.7, 3725, 17946, 26203, 408582, 2049251, 0
30.001719, 4.999996, 151, 1465, 40846.1, 3484, 22398, 1785391, 2824446, 2824446, 0
35.001586, 4.999867, 2215, 1507, 17972.6, 3572, 19216, 36998, 2724857, 2936905, 0
40.001658, 5.000072, 5082, 1413, 9798.2, 3503, 19141, 31639, 2660762, 2724857, 0
45.001542, 4.999884, 1972, 1375, 13899.7, 3462, 22680, 39356, 3032133, 3051802, 0
50.001606, 5.000064, 5019, 1370, 6248.6, 3476, 22753, 35240, 49132, 60807, 0
55.001563, 4.999957, 5382, 1426, 5624.8, 3515, 18723, 27902, 42005, 49396, 0
60.00167, 5.000107, 2947, 1426, 5643.4, 3497, 19217, 30352, 40159, 46013, 0
65.001529, 4.999859, 4977, 1423, 7314.0, 3555, 19062, 29285, 62697, 2593485, 0
70.001576, 5.000047, 5387, 1324, 5758.6, 3513, 18917, 29842, 45019, 65683, 0
75.001536, 4.99996, 5316, 1460, 5710.7, 3509, 18904, 28598, 49672, 81834, 0
80.001714, 5.000178, 5175, 1460, 5677.1, 3584, 18059, 28118, 45411, 81834, 0
85.00153, 4.999816, 1289, 1510, 20639.1, 3665, 19237, 31503, 4076692, 4091477, 0
90.001712, 5.000182, 4117, 1478, 5577.5, 3561, 17800, 27061, 43627, 67134, 0
95.001578, 4.999866, 2375, 1465, 12812.3, 3591, 17792, 29131, 4233339, 4244681, 0
100.001702, 5.000124, 3227, 1403, 5464.7, 3435, 17590, 25836, 37124, 46710, 0
105.001703, 5.000001, 0, 0, 0, 0, 0, 0, 0, 0, 0
110.001542, 4.999839, 3801, 1463, 14713.2, 3391, 18108, 27365, 208295, 8782333, 0
115.001535, 4.999993, 5299, 1414, 5691.8, 3489, 19311, 29460, 43563, 65445, 0
120.001568, 5.000033, 5493, 1490, 5490.4, 3495, 18090, 26562, 36296, 41193, 0
121.004874, 1.003306, 1055, 1490, 5422.2, 3456, 17750, 26238, 35528, 40658, 0
