elapsed, window, n, min, mean, median, 95th, 99th, 99_9th, max, errors
5.001234, 5.001234, 23872, 0, 0.0, 0, 0, 0, 0, 0, 0
10.000935, 4.999701, 26037, 0, 0.0, 0, 0, 0, 0, 0, 0
15.001903, 5.000968, 26050, 0, 0.0, 0, 0, 0, 0, 0, 0
20.001848, 4.999945, 26072, 0, 0.0, 0, 0, 0, 0, 0, 0
25.002074, 5.000226, 26133, 0, 0.0, 0, 0, 0, 0, 0, 0
30.000899, 4.998825, 26120, 0, 0.0, 0, 0, 0, 0, 0, 0
35.001904, 5.001005, 26091, 0, 0.0, 0, 0, 0, 0, 0, 0
40.001906, 5.000002, 26120, 0, 0.0, 0, 0, 0, 0, 0, 0
45.001898, 4.999992, 26254, 0, 0.0, 0, 0, 0, 0, 0, 0
50.002089, 5.000191, 26147, 0, 0.0, 0, 0, 0, 0, 0, 0
55.00085, 4.998761, 26135, 0, 0.0, 0, 0, 0, 0, 0, 0
60.002012, 5.001162, 26202, 0, 0.0, 0, 0, 0, 0, 0, 0
65.000872, 4.99886, 26130, 0, 0.0, 0, 0, 0, 0, 0, 0
70.001899, 5.001027, 26150, 0, 0.0, 0, 0, 0, 0, 0, 0
75.001902, 5.000003, 26126, 0, 0.0, 0, 0, 0, 0, 0, 0
80.001862, 4.99996, 26208, 0, 0.0, 0, 0, 0, 0, 0, 0
85.001912, 5.00005, 26047, 0, 0.0, 0, 0, 0, 0, 0, 0
90.001859, 4.999947, 26066, 0, 0.0, 0, 0, 0, 0, 0, 0
95.001848, 4.999989, 26104, 0, 0.0, 0, 0, 0, 0, 0, 0
100.001905, 5.000057, 26039, 0, 0.0, 0, 0, 0, 0, 0, 0
105.001904, 4.999999, 26281, 0, 0.0, 0, 0, 0, 0, 0, 0
110.001859, 4.999955, 26035, 0, 0.0, 0, 0, 0, 0, 0, 0
115.001847, 4.999988, 26197, 0, 0.0, 0, 0, 0, 0, 0, 0
120.001907, 5.00006, 26176, 0, 0.0, 0, 0, 0, 0, 0, 0
121.001928, 1.000021, 5211, 0, 0.0, 0, 0, 0, 0, 0, 0
