elapsed, window, total, successful, failed
5.000956, 5.000956, 476115, 476115, 0
10.001965, 5.001009, 433206, 433206, 0
15.001982, 5.000017, 438722, 438722, 0
20.002005, 5.000023, 432521, 432521, 0
25.00205, 5.000045, 432136, 432136, 0
30.001004, 4.998954, 432877, 432877, 0
35.001987, 5.000983, 433703, 433703, 0
40.00214, 5.000153, 437676, 437676, 0
45.001029, 4.998889, 434279, 434279, 0
50.000995, 4.999966, 436423, 436423, 0
55.002007, 5.001012, 430312, 430312, 0
60.001962, 4.999955, 436565, 436565, 0
65.001975, 5.000013, 432320, 432320, 0
70.001964, 4.999989, 429959, 429959, 0
75.001964, 5.0, 423130, 423130, 0
80.001966, 5.000002, 425873, 425873, 0
85.001967, 5.000001, 427879, 427879, 0
90.002005, 5.000038, 430397, 430397, 0
95.002095, 5.00009, 422914, 422914, 0
100.000983, 4.998888, 423125, 423125, 0
105.001947, 5.000964, 421360, 421360, 0
110.001975, 5.000028, 425994, 425994, 0
115.001951, 4.999976, 424519, 424519, 0
120.001948, 4.999997, 424422, 424422, 0
121.01804, 1.016092, 86172, 86172, 0
