elapsed, window, n, min, mean, median, 95th, 99th, 99_9th, max, errors
5.000992, 5.000992, 38494, 83, 424.9, 325, 1005, 1730, 4163, 13836, 0
10.001741, 5.000749, 44156, 84, 397.9, 323, 908, 1279, 1691, 2079, 0
15.001726, 4.999985, 43952, 84, 422.9, 331, 1011, 1502, 2797, 6031, 0
20.001744, 5.000018, 43993, 82, 415.9, 327, 986, 1511, 2470, 3221, 0
25.001734, 4.99999, 44169, 83, 389.1, 316, 898, 1331, 1825, 4291, 0
30.001726, 4.999992, 44172, 88, 404.7, 325, 940, 1357, 2090, 4291, 0
35.001726, 5.0, 44051, 88, 409.3, 324, 961, 1495, 2327, 3816, 0
40.001735, 5.000009, 44118, 85, 401.2, 319, 950, 1394, 1830, 2491, 0
45.001734, 4.999999, 44012, 86, 414.3, 328, 991, 1500, 2353, 5686, 0
50.00172, 4.999986, 44001, 86, 405.8, 324, 958, 1379, 2020, 2434, 0
55.001728, 5.000008, 44007, 89, 408.0, 325, 963, 1434, 1943, 2516, 0
60.001747, 5.000019, 44001, 87, 420.0, 327, 993, 1512, 3225, 6755, 0
65.001731, 4.999984, 43986, 89, 412.3, 330, 951, 1403, 3225, 6755, 0
70.001832, 5.000101, 44130, 88, 412.8, 331, 964, 1473, 2294, 2833, 0
75.001723, 4.999891, 44052, 87, 402.7, 328, 911, 1327, 3142, 5855, 0
80.001731, 5.000008, 44021, 85, 403.8, 325, 946, 1368, 1834, 3153, 0
85.001794, 5.000063, 43920, 87, 428.3, 338, 1028, 1538, 2198, 5872, 0
90.00173, 4.999936, 43848, 89, 438.7, 338, 1063, 1686, 3273, 6442, 0
95.001739, 5.000009, 43861, 86, 437.2, 338, 1062, 1682, 3355, 6442, 0
100.00173, 4.999991, 43855, 89, 433.2, 336, 1028, 1665, 3417, 6241, 0
105.001743, 5.000013, 43959, 88, 419.3, 336, 985, 1470, 2175, 2919, 0
110.001778, 5.000035, 43969, 90, 416.1, 334, 955, 1453, 2157, 2680, 0
115.001722, 4.999944, 44002, 87, 411.7, 335, 957, 1390, 1851, 2614, 0
120.001743, 5.000021, 43960, 90, 423.6, 335, 1007, 1501, 2361, 3298, 0
121.004845, 1.003102, 8779, 90, 426.2, 335, 1020, 1538, 2364, 3298, 0
