elapsed, window, n, min, mean, median, 95th, 99th, 99_9th, max, errors
5.000944, 5.000944, 478561, 341, 11458.2, 8604, 30151, 44196, 59993, 104857, 0
10.001923, 5.000979, 437155, 352, 11513.5, 7944, 32398, 46499, 61692, 109743, 0
15.001947, 5.000024, 432230, 384, 11548.0, 8555, 30844, 42594, 59316, 108526, 0
20.002092, 5.000145, 434739, 289, 11517.0, 8463, 30670, 43879, 59089, 100133, 0
25.000925, 4.998833, 435768, 349, 11501.1, 8385, 31588, 45658, 63379, 107123, 0
30.001938, 5.001013, 434141, 357, 11511.7, 8316, 31494, 45161, 61576, 96611, 0
35.001996, 5.000058, 429072, 327, 11574.8, 8336, 32442, 48584, 65663, 105706, 0
40.001966, 4.99997, 433482, 270, 11556.1, 8045, 32481, 53645, 74128, 141469, 0
45.002004, 5.000038, 427571, 319, 11648.2, 8559, 30879, 48652, 64057, 113524, 0
50.001974, 4.99997, 420131, 348, 11793.2, 7741, 34378, 57777, 75690, 141056, 0
55.002254, 5.00028, 424926, 345, 11816.0, 9019, 30787, 44962, 59264, 105345, 0
60.000956, 4.998702, 422673, 345, 11830.5, 9202, 30340, 44249, 57583, 103495, 0
65.00193, 5.000974, 422892, 364, 11805.0, 9553, 28740, 40722, 55693, 96156, 0
70.001976, 5.000046, 421178, 444, 11835.6, 9362, 30191, 42923, 57828, 96234, 0
75.001957, 4.999981, 421197, 382, 11830.9, 9060, 30750, 44442, 62118, 109433, 0
80.001953, 4.999996, 426536, 267, 11788.4, 8992, 30488, 44219, 63075, 114096, 0
85.001947, 4.999994, 425401, 395, 11731.3, 9297, 29619, 41364, 55979, 86157, 0
90.001956, 5.000009, 426877, 399, 11753.3, 9426, 29088, 40768, 56895, 103034, 0
95.001927, 4.999971, 421442, 373, 11806.3, 8682, 31832, 44945, 60306, 101301, 0
100.001966, 5.000039, 424023, 347, 11841.4, 8861, 31559, 44867, 60722, 102190, 0
105.001921, 4.999955, 423681, 387, 11793.5, 9341, 29772, 41548, 55322, 88144, 0
110.001932, 5.000011, 426765, 358, 11720.5, 8961, 30284, 49721, 70698, 137297, 0
115.001933, 5.000001, 423144, 409, 11814.4, 9291, 29332, 45370, 70197, 137297, 0
120.001934, 5.000001, 422954, 404, 11823.5, 9235, 29679, 45399, 62181, 117594, 0
121.02202, 1.020086, 84383, 404, 11829.2, 9169, 29991, 45682, 62436, 117594, 0
