elapsed, window, n, min, mean, median, 95th, 99th, 99_9th, max, errors
5.000956, 5.000956, 23997, 272, 2705.1, 426, 6351, 6523, 11754, 12439, 0
10.001979, 5.001023, 23813, 273, 2682.0, 438, 6370, 6544, 11867, 12434, 0
15.00192, 4.999941, 23774, 277, 2677.9, 443, 6369, 6534, 11740, 12412, 0
20.001934, 5.000014, 23718, 272, 2670.3, 431, 6360, 6520, 11769, 12395, 0
25.001932, 4.999998, 23607, 271, 2689.6, 441, 6370, 6526, 11855, 12458, 0
30.001952, 5.00002, 23692, 272, 2690.4, 442, 6369, 6535, 11816, 12429, 0
35.001906, 4.999954, 23663, 271, 2718.6, 430, 6371, 6539, 12014, 12401, 0
40.00213, 5.000224, 23571, 273, 2711.8, 426, 6372, 6530, 11962, 12664, 0
45.000961, 4.998831, 23479, 272, 2751.7, 441, 6377, 6523, 11908, 12422, 0
50.001939, 5.000978, 23462, 273, 2703.3, 442, 6372, 6517, 11790, 12398, 0
55.00191, 4.999971, 23487, 270, 2721.0, 442, 6380, 6524, 11822, 12366, 0
60.001962, 5.000052, 23367, 279, 2747.5, 444, 6381, 6532, 11970, 12409, 0
65.001903, 4.999941, 23349, 272, 2733.6, 429, 6372, 6524, 11899, 12515, 0
70.001898, 4.999995, 23341, 275, 2717.9, 438, 6367, 6519, 11941, 12466, 0
75.002094, 5.000196, 23423, 264, 2766.2, 448, 6370, 6524, 11903, 12516, 0
80.001035, 4.998941, 23370, 264, 2757.6, 443, 6362, 6508, 11951, 12455, 0
85.000945, 4.99991, 23336, 268, 2771.4, 448, 6363, 6512, 11812, 12438, 0
90.00191, 5.000965, 23399, 278, 2750.9, 444, 6360, 6515, 11764, 12490, 0
95.001982, 5.000072, 23270, 268, 2776.2, 445, 6355, 6522, 11904, 12388, 0
100.001925, 4.999943, 23428, 273, 2747.2, 447, 6352, 6524, 11991, 12618, 0
105.001916, 4.999991, 23288, 268, 2738.8, 447, 6341, 6505, 11879, 12618, 0
110.001936, 5.00002, 23201, 270, 2746.6, 446, 6335, 6504, 11807, 12399, 0
115.001903, 4.999967, 23325, 274, 2729.1, 439, 6335, 6502, 11729, 12325, 0
120.001905, 5.000002, 23294, 270, 2733.8, 450, 6337, 6520, 11781, 12356, 0
121.001957, 1.000052, 4632, 270, 2735.1, 450, 6335, 6520, 11797, 12385, 0
