elapsed, window, n, min, mean, median, 95th, 99th, 99_9th, max, errors
5.000643, 5.000643, 860, 473, 9785.4, 1138, 58990, 157306, 178779, 178835, 0
10.001614, 5.000971, 750, 467, 13100.9, 749, 100920, 144385, 197856, 232850, 0
15.001646, 5.000032, 700, 476, 14199.4, 675, 116838, 176407, 193965, 222892, 0
20.001648, 5.000002, 717, 472, 12719.6, 784, 98041, 166563, 230611, 234076, 0
25.001672, 5.000024, 945, 459, 8784.4, 756, 58175, 146564, 175927, 201725, 0
30.001584, 4.999912, 1028, 464, 8300.2, 737, 62958, 156423, 192606, 225655, 0
35.001613, 5.000029, 1505, 430, 13188.9, 685, 98745, 203886, 269865, 276450, 0
40.001608, 4.999995, 565, 477, 17317.1, 685, 122081, 242891, 264789, 283248, 0
45.00175, 5.000142, 1209, 446, 17095.1, 718, 127928, 238218, 282953, 365857, 0
50.001594, 4.999844, 1045, 424, 19388.8, 701, 132691, 264141, 327876, 365857, 0
55.001607, 5.000013, 652, 454, 18536.6, 691, 128198, 246968, 380246, 397838, 0
60.001668, 5.000061, 1129, 466, 7824.2, 684, 49896, 157153, 261724, 322763, 0
65.001667, 4.999999, 606, 450, 16995.0, 663, 130931, 198169, 252764, 253871, 0
70.001664, 4.999997, 1106, 461, 11527.1, 703, 104595, 189895, 282403, 288071, 0
75.001648, 4.999984, 709, 477, 18182.8, 730, 133828, 248706, 287835, 352824, 0
80.001648, 5.0, 700, 465, 24968.8, 728, 176211, 227506, 250421, 252779, 0
85.001741, 5.000093, 714, 461, 19267.9, 705, 138599, 219096, 251489, 283975, 0
90.001651, 4.99991, 664, 462, 16377.0, 756, 96436, 151790, 216815, 217077, 0
95.001653, 5.000002, 980, 439, 16230.8, 658, 112880, 304302, 392841, 440667, 0
100.001678, 5.000025, 482, 483, 18231.5, 682, 148391, 286851, 329737, 331895, 0
105.001662, 4.999984, 1224, 461, 15506.6, 710, 113838, 265984, 376117, 380719, 0
110.001826, 5.000164, 359, 426, 22534.2, 703, 158679, 247705, 326126, 326126, 0
115.001703, 4.999877, 669, 495, 22097.3, 763, 142196, 216630, 269972, 276420, 0
120.001682, 4.999979, 1688, 466, 9164.1, 678, 70582, 159264, 276420, 289622, 0
121.003793, 1.002111, 528, 466, 7330.3, 672, 49326, 139913, 244888, 289622, 0
