elapsed, window, n, min, mean, median, 95th, 99th, 99_9th, max, errors
5.001044, 5.001044, 7538, 1.0, 3.2, 3.0, 4.0, 10.0, 15.0, 23.0, 0
10.00106, 5.000016, 7530, 1.0, 3.0, 3.0, 4.0, 10.0, 14.0, 20.0, 0
15.000992, 4.999932, 7553, 1.0, 3.0, 3.0, 4.0, 10.0, 14.0, 28.0, 0
20.002045, 5.001053, 7435, 1.0, 3.0, 3.0, 4.0, 10.0, 14.0, 21.0, 0
25.000996, 4.998951, 7547, 1.0, 2.9, 3.0, 4.0, 9.0, 13.0, 21.0, 0
30.002071, 5.001075, 7495, 1.0, 2.9, 3.0, 4.0, 10.0, 15.0, 21.0, 0
35.000991, 4.99892, 7579, 1.0, 2.9, 3.0, 4.0, 9.0, 14.0, 20.0, 0
40.002045, 5.001054, 7577, 1.0, 3.0, 3.0, 5.0, 10.0, 17.0, 28.0, 0
45.001044, 4.998999, 7620, 1.0, 3.0, 3.0, 4.0, 10.0, 15.0, 45.0, 0
50.001047, 5.000003, 7582, 1.0, 2.9, 3.0, 4.0, 9.0, 15.0, 20.0, 0
55.001048, 5.000001, 7505, 1.0, 2.9, 3.0, 4.0, 9.0, 14.0, 17.0, 0
60.001047, 4.999999, 7512, 1.0, 3.0, 3.0, 4.0, 10.0, 13.0, 17.0, 0
65.001048, 5.000001, 7477, 1.0, 3.0, 3.0, 5.0, 9.0, 14.0, 23.0, 0
70.001057, 5.000009, 7582, 1.0, 3.0, 3.0, 5.0, 10.0, 15.0, 21.0, 0
75.001054, 4.999997, 7486, 1.0, 3.0, 3.0, 4.0, 9.0, 13.0, 23.0, 0
80.001051, 4.999997, 7541, 1.0, 3.0, 3.0, 4.0, 10.0, 15.0, 19.0, 0
85.001051, 5.0, 7583, 1.0, 3.0, 3.0, 4.0, 9.0, 13.0, 18.0, 0
90.001052, 5.000001, 7599, 1.0, 3.0, 3.0, 4.0, 9.0, 15.0, 36.0, 0
95.001055, 5.000003, 7610, 1.0, 3.0, 3.0, 4.0, 10.0, 16.0, 26.0, 0
100.001013, 4.999958, 7617, 1.0, 3.0, 3.0, 4.0, 10.0, 15.0, 20.0, 0
105.001044, 5.000031, 7508, 1.0, 2.9, 3.0, 5.0, 9.0, 16.0, 27.0, 0
110.001071, 5.000027, 7623, 1.0, 3.0, 3.0, 5.0, 10.0, 17.0, 22.0, 0
115.001042, 4.999971, 7552, 1.0, 3.0, 3.0, 4.0, 10.0, 15.0, 25.0, 0
120.001043, 5.000001, 7534, 1.0, 2.9, 3.0, 4.0, 9.0, 15.0, 20.0, 0
121.002088, 1.001045, 1543, 1.0, 2.9, 3.0, 4.0, 9.0, 15.0, 20.0, 0
