elapsed, window, n, min, mean, median, 95th, 99th, 99_9th, max, errors
5.000782, 5.000782, 404, 91925, 153495.8, 107856, 315924, 394488, 642502, 642502, 0
10.001745, 5.000963, 230, 92501, 210425.9, 199181, 444239, 474679, 503852, 503852, 0
15.001608, 4.999863, 215, 92988, 224307.9, 197067, 443348, 470556, 484088, 484088, 0
20.001772, 5.000164, 265, 92757, 231394.0, 201302, 455269, 512782, 657335, 657335, 0
25.001686, 4.999914, 292, 91936, 196610.7, 196174, 333451, 439521, 482109, 482109, 0
30.001769, 5.000083, 306, 91944, 187448.6, 187543, 309065, 333614, 363540, 363540, 0
35.001676, 4.999907, 290, 92281, 186286.2, 190913, 317221, 335752, 342837, 342837, 0
40.001702, 5.000026, 295, 91844, 191594.3, 193413, 336190, 379513, 384572, 384572, 0
45.001695, 4.999993, 308, 91997, 181471.6, 181558, 322784, 363744, 406650, 406650, 0
50.001729, 5.000034, 299, 92106, 187595.1, 192456, 322147, 349735, 370040, 370040, 0
55.001786, 5.000057, 291, 91854, 187193.0, 191560, 324701, 358777, 376616, 376616, 0
60.001621, 4.999835, 283, 91690, 190922.8, 192924, 332375, 361040, 399532, 399532, 0
65.001642, 5.000021, 303, 91492, 184193.2, 188300, 317904, 344385, 356423, 356423, 0
70.00163, 4.999988, 293, 91724, 188047.1, 191384, 326126, 348292, 371263, 371263, 0
75.001636, 5.000006, 332, 91881, 190038.6, 193156, 319008, 343100, 358533, 358533, 0
80.00162, 4.999984, 278, 91775, 198563.0, 198203, 332429, 355720, 373277, 373277, 0
85.001683, 5.000063, 297, 91932, 182910.9, 182791, 329112, 358142, 390637, 390637, 0
90.001654, 4.999971, 274, 91405, 197622.9, 195509, 345196, 361137, 365620, 365620, 0
95.001729, 5.000075, 294, 92369, 189383.5, 192513, 319926, 342137, 370661, 370661, 0
100.001681, 4.999952, 283, 91819, 188993.6, 191814, 320105, 351935, 356554, 356554, 0
105.001738, 5.000057, 297, 91829, 188524.8, 191133, 333801, 347861, 360725, 360725, 0
110.001616, 4.999878, 288, 92473, 183368.5, 183790, 324829, 353537, 368709, 368709, 0
115.001748, 5.000132, 285, 91837, 196331.1, 199390, 323233, 342054, 351284, 351284, 0
120.001611, 4.999863, 296, 92127, 189421.9, 193904, 336097, 393761, 417677, 417677, 0
121.006843, 1.005232, 71, 91893, 190950.2, 194798, 339293, 393761, 417677, 417677, 0
