elapsed, window, total, successful, failed
5.000359, 5.000359, 181622, 181622, 0
10.001373, 5.001014, 178979, 178979, 0
15.001392, 5.000019, 177555, 177555, 0
20.00136, 4.999968, 181862, 181862, 0
25.001364, 5.000004, 180595, 180595, 0
30.001488, 5.000124, 181881, 181881, 0
35.001375, 4.999887, 180933, 180933, 0
40.001434, 5.000059, 178470, 178470, 0
45.001455, 5.000021, 178767, 178767, 0
50.001377, 4.999922, 180601, 180601, 0
55.001412, 5.000035, 179091, 179091, 0
60.00137, 4.999958, 178614, 178614, 0
65.001387, 5.000017, 180049, 180049, 0
70.001361, 4.999974, 181001, 181001, 0
75.001418, 5.000057, 178005, 178005, 0
80.001466, 5.000048, 182935, 182935, 0
85.001377, 4.999911, 182287, 182287, 0
90.001377, 5.0, 181527, 181527, 0
95.001396, 5.000019, 182483, 182483, 0
100.001408, 5.000012, 182788, 182788, 0
105.001451, 5.000043, 178849, 178849, 0
110.001359, 4.999908, 179953, 179953, 0
115.001417, 5.000058, 181447, 181447, 0
120.00142, 5.000003, 180874, 180874, 0
121.011103, 1.009683, 37140, 37140, 0
