elapsed, window, n, min, mean, median, 95th, 99th, 99_9th, max, errors
5.000706, 5.000706, 21524, 1012, 2896.4, 1446, 11153, 14856, 17269, 24258, 0
10.001861, 5.001155, 22107, 1015, 2822.1, 1408, 11146, 14903, 17285, 20140, 0
15.001703, 4.999842, 22032, 1012, 2807.1, 1364, 11148, 14687, 17293, 19072, 0
20.001819, 5.000116, 22187, 998, 2811.8, 1365, 11126, 14798, 17202, 19103, 0
25.00178, 4.999961, 22169, 995, 2798.6, 1360, 11122, 14908, 17159, 19051, 0
30.001811, 5.000031, 22118, 1010, 2776.8, 1357, 11089, 14742, 17172, 18852, 0
35.00171, 4.999899, 22187, 997, 2798.0, 1361, 11091, 14836, 17372, 19271, 0
40.001718, 5.000008, 22189, 944, 2789.5, 1357, 11067, 14803, 17118, 19220, 0
45.001769, 5.000051, 22092, 995, 2783.8, 1357, 11046, 14768, 17183, 19286, 0
50.001736, 4.999967, 22758, 983, 2744.6, 1357, 10935, 14848, 17160, 25763, 0
55.001718, 4.999982, 22287, 977, 2771.2, 1355, 11063, 14852, 17213, 18949, 0
60.001738, 5.00002, 21745, 970, 2825.6, 1364, 11160, 14787, 17102, 19463, 0
65.001739, 5.000001, 22493, 970, 2774.2, 1364, 11043, 14805, 17177, 20233, 0
70.001707, 4.999968, 22435, 965, 2773.1, 1357, 11086, 14804, 17174, 18852, 0
75.001715, 5.000008, 22201, 998, 2799.3, 1384, 11093, 14715, 17080, 18529, 0
80.001721, 5.000006, 22019, 981, 2786.7, 1370, 11135, 14839, 17065, 19135, 0
85.001778, 5.000057, 21880, 1001, 2813.3, 1388, 11076, 14817, 17087, 21471, 0
90.00172, 4.999942, 22259, 976, 2773.3, 1372, 11076, 14764, 17004, 19237, 0
95.001711, 4.999991, 22009, 1008, 2797.6, 1365, 11149, 14825, 17277, 19239, 0
100.001796, 5.000085, 22229, 996, 2790.8, 1363, 11152, 14914, 17130, 18940, 0
105.001715, 4.999919, 21705, 979, 2845.1, 1370, 11193, 14931, 17348, 21232, 0
110.001757, 5.000042, 21548, 1046, 2853.4, 1442, 11032, 14826, 17347, 22748, 0
115.001727, 4.99997, 22159, 1031, 2808.8, 1440, 11130, 14902, 17479, 21823, 0
120.001782, 5.000055, 21765, 1020, 2834.2, 1421, 11059, 14832, 17371, 19393, 0
121.002825, 1.001043, 4475, 1020, 2825.6, 1417, 11016, 14777, 17284, 19353, 0
