elapsed, window, n, min, mean, median, 95th, 99th, 99_9th, max, errors
5.000859, 5.000859, 7154, 961, 12982.3, 1337, 98054, 104893, 108769, 176955, 0
10.001997, 5.001138, 7241, 948, 13490.2, 1384, 100372, 105303, 108365, 112585, 0
15.001963, 4.999966, 7110, 978, 13016.8, 1353, 99114, 105179, 108011, 109168, 0
20.001855, 4.999892, 6793, 975, 14011.3, 1343, 100429, 105610, 108910, 114212, 0
25.00196, 5.000105, 6981, 952, 13967.6, 1305, 100610, 106779, 151067, 210389, 0
30.001864, 4.999904, 7243, 931, 13454.8, 1345, 100272, 106645, 109901, 169361, 0
35.001831, 4.999967, 7358, 956, 13254.7, 1315, 98653, 106537, 115977, 185087, 0
40.001853, 5.000022, 7131, 955, 13420.9, 1317, 100692, 106577, 109190, 119192, 0
45.001846, 4.999993, 7332, 910, 13625.0, 1324, 100032, 106869, 109727, 110713, 0
50.001876, 5.00003, 6637, 956, 14912.9, 1327, 101861, 107111, 125010, 188367, 0
55.001894, 5.000018, 7055, 958, 13811.5, 1305, 100811, 107240, 109576, 135409, 0
60.001846, 4.999952, 6868, 948, 14133.5, 1312, 101037, 107499, 119442, 207417, 0
65.00187, 5.000024, 7025, 930, 13966.8, 1318, 101130, 108341, 111095, 124426, 0
70.001912, 5.000042, 6575, 965, 14334.1, 1339, 101541, 107674, 110493, 111543, 0
75.001908, 4.999996, 7327, 962, 13592.3, 1332, 98639, 105573, 108506, 125447, 0
80.001819, 4.999911, 6847, 961, 13804.1, 1341, 99387, 104510, 106393, 108464, 0
85.001827, 5.000008, 7185, 979, 13329.7, 1355, 98765, 102865, 104824, 147231, 0
90.001895, 5.000068, 7300, 986, 12596.7, 1340, 97138, 101308, 103368, 152753, 0
95.00182, 4.999925, 7104, 992, 12488.7, 1347, 97098, 100584, 102362, 119648, 0
100.001845, 5.000025, 7295, 941, 12074.5, 1311, 96674, 99245, 102372, 190840, 0
105.00188, 5.000035, 7319, 946, 12448.8, 1301, 96325, 98900, 151289, 211198, 0
110.0019, 5.00002, 7755, 952, 11617.8, 1311, 95184, 98126, 99834, 173230, 0
115.001881, 4.999981, 7418, 1018, 11868.7, 1388, 95080, 97353, 143033, 186463, 0
120.001858, 4.999977, 7742, 972, 11019.2, 1337, 94845, 97084, 98864, 102382, 0
121.004077, 1.002219, 1576, 972, 11394.8, 1330, 94893, 97096, 102382, 192642, 0
