elapsed, window, total, successful, failed
5.000856, 5.000856, 19521, 19521, 0
10.001826, 5.00097, 19416, 19416, 0
15.001807, 4.999981, 19223, 19223, 0
20.001832, 5.000025, 19250, 19250, 0
25.001868, 5.000036, 19243, 19243, 0
30.001805, 4.999937, 19071, 19071, 0
35.001807, 5.000002, 19408, 19408, 0
40.001803, 4.999996, 19342, 19342, 0
45.001805, 5.000002, 19306, 19306, 0
50.001809, 5.000004, 19631, 19631, 0
55.001828, 5.000019, 20314, 20314, 0
60.002097, 5.000269, 20178, 20178, 0
65.000806, 4.998709, 20386, 20386, 0
70.001805, 5.000999, 20276, 20276, 0
75.001804, 4.999999, 20191, 20191, 0
80.001799, 4.999995, 20157, 20157, 0
85.001805, 5.000006, 20204, 20204, 0
90.001979, 5.000174, 20224, 20224, 0
95.001805, 4.999826, 20222, 20222, 0
100.001806, 5.000001, 20259, 20259, 0
105.002076, 5.00027, 20216, 20216, 0
110.000857, 4.998781, 20302, 20302, 0
115.001855, 5.000998, 20024, 20024, 0
120.001856, 5.000001, 20197, 20197, 0
121.001904, 1.000048, 3907, 3907, 0
