elapsed, window, n, min, mean, median, 95th, 99th, 99_9th, max, errors
5.000414, 5.000414, 606, 1568, 32431.9, 6560, 153166, 202136, 278644, 303298, 0
10.001438, 5.001024, 434, 1720, 51858.1, 23407, 144699, 170867, 199851, 199851, 0
15.001415, 4.999977, 477, 1682, 49966.4, 18855, 129562, 148991, 167628, 170018, 0
20.001338, 4.999923, 454, 1595, 53391.0, 18550, 159395, 274647, 313920, 346189, 0
25.001472, 5.000134, 477, 1728, 58983.9, 40344, 185414, 319768, 346189, 353689, 0
30.001437, 4.999965, 451, 1425, 51289.7, 31295, 144193, 165084, 176101, 185464, 0
35.001335, 4.999898, 524, 1670, 49835.1, 19511, 136141, 163075, 178096, 184484, 0
40.001388, 5.000053, 506, 1801, 48566.7, 17487, 125603, 145130, 180504, 180787, 0
45.001461, 5.000073, 555, 1697, 49734.0, 19827, 138341, 170271, 181010, 193959, 0
50.001394, 4.999933, 459, 1717, 50447.6, 28208, 137085, 162095, 180130, 201107, 0
55.001333, 4.999939, 495, 1582, 51033.8, 39081, 132904, 159456, 178604, 201447, 0
60.001357, 5.000024, 514, 1582, 50022.1, 35338, 123118, 142298, 179179, 185779, 0
65.001363, 5.000006, 483, 1670, 47064.4, 17513, 128219, 166108, 184698, 202196, 0
70.001345, 4.999982, 488, 1603, 49854.8, 32048, 117473, 136344, 157259, 174339, 0
75.001419, 5.000074, 486, 1554, 47101.8, 17113, 128999, 184762, 201422, 202516, 0
80.001463, 5.000044, 498, 1554, 43333.7, 13427, 117112, 135071, 171821, 177417, 0
85.001407, 4.999944, 517, 1684, 50214.6, 24626, 123169, 157550, 174753, 200191, 0
90.001425, 5.000018, 510, 1756, 46034.1, 20474, 125407, 157550, 174753, 200191, 0
95.001437, 5.000012, 501, 1698, 46558.4, 19139, 119086, 136345, 153685, 155413, 0
100.001408, 4.999971, 473, 1631, 44274.9, 16961, 108379, 120685, 132114, 139788, 0
105.00143, 5.000022, 513, 1646, 46281.3, 14824, 116121, 132583, 139918, 143904, 0
110.001431, 5.000001, 496, 1753, 50476.8, 37361, 126221, 152066, 166223, 172875, 0
115.001427, 4.999996, 493, 1642, 46777.4, 27657, 116420, 134172, 148511, 149044, 0
120.001406, 4.999979, 481, 1674, 48301.8, 31711, 115551, 129353, 138378, 139061, 0
121.006445, 1.005039, 71, 1762, 48753.6, 32193, 116407, 131669, 138378, 149036, 0
