elapsed, window, total, successful, failed
5.000982, 5.000982, 468198, 468198, 0
10.002022, 5.00104, 428391, 428391, 0
15.0011, 4.999078, 425962, 425962, 0
20.00107, 4.99997, 429314, 429314, 0
25.000992, 4.999922, 426260, 426260, 0
30.002031, 5.001039, 426543, 426543, 0
35.000999, 4.998968, 427608, 427608, 0
40.001996, 5.000997, 427950, 427950, 0
45.002024, 5.000028, 426510, 426510, 0
50.001035, 4.999011, 428031, 428031, 0
55.00103, 4.999995, 425367, 425367, 0
60.001002, 4.999972, 426736, 426736, 0
65.001983, 5.000981, 425581, 425581, 0
70.002019, 5.000036, 427063, 427063, 0
75.001018, 4.998999, 426147, 426147, 0
80.001008, 4.99999, 425762, 425762, 0
85.002077, 5.001069, 423601, 423601, 0
90.001052, 4.998975, 425811, 425811, 0
95.001039, 4.999987, 425310, 425310, 0
100.000988, 4.999949, 424609, 424609, 0
105.002039, 5.001051, 427810, 427810, 0
110.001021, 4.998982, 427786, 427786, 0
115.00113, 5.000109, 423248, 423248, 0
120.001113, 4.999983, 425107, 425107, 0
121.004066, 1.002953, 82981, 82981, 0
