elapsed, window, n, min, mean, median, 95th, 99th, 99_9th, max, errors
5.000713, 5.000713, 40720, 21259, 36017.9, 32935, 62656, 133150, 185309, 221049, 0
10.001688, 5.000975, 45999, 21227, 31854.3, 32538, 43585, 56205, 68502, 84203, 0
15.001642, 4.999954, 44221, 21116, 33049.5, 32583, 52695, 75724, 104796, 135949, 0
20.001672, 5.00003, 46181, 21265, 31751.0, 32521, 43374, 54529, 72039, 95780, 0
25.001664, 4.999992, 45059, 21077, 32508.2, 32507, 49018, 69648, 96809, 115149, 0
30.001756, 5.000092, 46125, 21205, 31829.4, 32568, 43532, 55470, 72693, 82893, 0
35.001645, 4.999889, 46847, 21012, 31300.1, 32386, 40992, 48324, 60758, 74567, 0
40.001655, 5.00001, 46169, 21239, 31717.6, 32457, 42421, 53944, 97059, 117584, 0
45.001646, 4.999991, 46252, 21101, 31672.3, 32465, 43152, 52472, 68896, 83913, 0
50.001654, 5.000008, 45445, 21235, 32213.4, 32440, 47250, 64853, 84407, 98587, 0
55.001648, 4.999994, 45589, 20980, 32153.4, 32442, 46460, 62179, 92721, 103329, 0
60.001645, 4.999997, 46062, 21262, 31805.3, 32513, 43611, 55971, 77233, 88539, 0
65.001735, 5.00009, 46502, 21240, 31464.1, 32503, 40907, 48732, 63671, 74029, 0
70.001657, 4.999922, 46022, 21298, 31777.4, 32480, 41801, 52855, 90006, 102936, 0
75.001653, 4.999996, 45907, 21336, 31880.7, 32443, 41268, 57019, 78874, 94201, 0
80.001685, 5.000032, 46035, 21186, 31861.0, 32447, 40999, 54512, 81926, 94864, 0
85.001666, 4.999981, 45998, 21186, 31809.2, 32432, 40694, 53683, 73348, 88897, 0
90.001662, 4.999996, 46240, 21353, 31680.1, 32583, 40826, 50281, 64570, 76019, 0
95.001656, 4.999994, 46145, 21335, 31646.1, 32565, 40933, 49323, 63216, 77480, 0
100.00165, 4.999994, 46454, 21148, 31515.0, 32573, 40318, 47107, 55531, 66411, 0
105.001671, 5.000021, 46230, 21117, 31656.0, 32589, 40956, 49569, 63563, 75150, 0
110.001663, 4.999992, 46277, 21449, 31598.7, 32486, 40147, 48086, 70855, 93343, 0
115.001654, 4.999991, 45919, 21278, 31905.5, 32540, 40555, 53187, 93343, 108379, 0
120.001646, 4.999992, 46045, 21339, 31781.7, 32548, 40820, 48848, 62796, 74199, 0
121.004758, 1.003112, 9352, 21339, 31694.4, 32544, 40663, 48010, 61694, 74199, 0
