elapsed, window, n, min, mean, median, 95th, 99th, 99_9th, max, errors
5.001057, 5.001057, 8472, 954, 36979.8, 3396, 146755, 185361, 239394, 258155, 0
10.001085, 5.000028, 8847, 942, 33863.1, 2383, 127204, 146936, 164967, 190306, 0
15.001022, 4.999937, 8927, 952, 34475.9, 2772, 129624, 153237, 174117, 180754, 0
20.002059, 5.001037, 8742, 959, 35387.7, 3224, 129482, 147768, 170252, 185880, 0
25.001025, 4.998966, 8887, 953, 35054.6, 2812, 126398, 147538, 175193, 187963, 0
30.001101, 5.000076, 8754, 974, 36167.9, 3109, 130210, 163008, 191337, 213895, 0
35.000997, 4.999896, 8850, 963, 35129.5, 2462, 129193, 169095, 192640, 206603, 0
40.002029, 5.001032, 8441, 983, 36332.2, 3077, 141073, 167549, 186027, 191351, 0
45.001014, 4.998985, 8615, 954, 37131.1, 3532, 136820, 173834, 208136, 231817, 0
50.002032, 5.001018, 8556, 926, 37099.8, 3099, 135302, 173692, 206071, 211622, 0
55.001093, 4.999061, 8108, 951, 38780.2, 3984, 139331, 197120, 297935, 357713, 0
60.001042, 4.999949, 8601, 949, 36355.1, 3700, 131855, 159982, 197609, 204663, 0
65.001066, 5.000024, 8945, 954, 35059.0, 3175, 126439, 149434, 198362, 213565, 0
70.001229, 5.000163, 8404, 976, 37649.0, 3847, 140394, 183309, 206595, 221393, 0
75.001096, 4.999867, 8407, 940, 38005.3, 3147, 144504, 175896, 200875, 211194, 0
80.000995, 4.999899, 8618, 985, 36879.3, 3545, 133393, 165172, 200875, 211194, 0
85.001987, 5.000992, 8578, 959, 36433.3, 3857, 129977, 152184, 176577, 190718, 0
90.002101, 5.000114, 8793, 975, 35046.6, 3120, 123232, 152224, 175300, 185060, 0
95.001091, 4.99899, 8792, 964, 35121.7, 3204, 124068, 142784, 158846, 169735, 0
100.001068, 4.999977, 8914, 929, 35444.9, 3391, 125015, 153064, 183886, 200455, 0
105.001012, 4.999944, 8716, 937, 35156.9, 3262, 128494, 153238, 172912, 180083, 0
110.002022, 5.00101, 8579, 985, 35816.7, 3190, 126545, 156753, 191880, 210570, 0
115.001119, 4.999097, 8833, 975, 34701.2, 2978, 123387, 151531, 184064, 216804, 0
120.001055, 4.999936, 8781, 950, 34902.7, 3598, 125033, 145116, 164959, 179349, 0
121.010147, 1.009092, 1826, 950, 34132.8, 3178, 122629, 143950, 163865, 173485, 0
