elapsed, window, total, successful, failed
5.000819, 5.000819, 14380, 14380, 0
10.001746, 5.000927, 14673, 14673, 0
15.001833, 5.000087, 14956, 14956, 0
20.001815, 4.999982, 14752, 14752, 0
25.00175, 4.999935, 14687, 14687, 0
30.001765, 5.000015, 14806, 14806, 0
35.001756, 4.999991, 14731, 14731, 0
40.001744, 4.999988, 14650, 14650, 0
45.001746, 5.000002, 14757, 14757, 0
50.001773, 5.000027, 14692, 14692, 0
55.001766, 4.999993, 14613, 14613, 0
60.001801, 5.000035, 14654, 14654, 0
65.001759, 4.999958, 14779, 14779, 0
70.001742, 4.999983, 14540, 14540, 0
75.001755, 5.000013, 14598, 14598, 0
80.0018, 5.000045, 14613, 14613, 0
85.001793, 4.999993, 14453, 14453, 0
90.001752, 4.999959, 14661, 14661, 0
95.001779, 5.000027, 14477, 14477, 0
100.001753, 4.999974, 14510, 14510, 0
105.001845, 5.000092, 14586, 14586, 0
110.001747, 4.999902, 14368, 14368, 0
115.001744, 4.999997, 14403, 14403, 0
120.001743, 4.999999, 14469, 14469, 0
121.001873, 1.00013, 2992, 2992, 0
