elapsed, window, total, successful, failed
5.000307, 5.000307, 921, 919, 2
10.001308, 5.001001, 266, 266, 0
15.001309, 5.000001, 505, 505, 0
20.001309, 5.0, 365, 364, 1
25.001309, 5.0, 545, 545, 0
30.001306, 4.999997, 324, 324, 0
35.001289, 4.999983, 469, 469, 0
40.001305, 5.000016, 458, 458, 0
45.001307, 5.000002, 326, 326, 0
50.001306, 4.999999, 521, 521, 0
55.001306, 5.0, 423, 423, 0
60.001306, 5.0, 411, 411, 0
65.001273, 4.999967, 435, 435, 0
70.001312, 5.000039, 430, 429, 1
75.001307, 4.999995, 479, 479, 0
80.001305, 4.999998, 384, 384, 0
85.001306, 5.000001, 494, 494, 0
90.001304, 4.999998, 414, 414, 0
95.001303, 4.999999, 450, 450, 0
100.001306, 5.000003, 396, 396, 0
105.001302, 4.999996, 412, 412, 0
110.001303, 5.000001, 470, 470, 0
115.00126, 4.999957, 412, 411, 1
120.001305, 5.000045, 460, 460, 0
125.001304, 4.999999, 457, 457, 0
130.001256, 4.999952, 429, 429, 0
135.001254, 4.999998, 449, 449, 0
140.001256, 5.000002, 431, 431, 0
145.001255, 4.999999, 457, 457, 0
150.001254, 4.999999, 413, 413, 0
155.001255, 5.000001, 445, 445, 0
160.001256, 5.000001, 427, 427, 0
165.001303, 5.000047, 417, 417, 0
170.001255, 4.999952, 435, 434, 1
175.001304, 5.000049, 423, 423, 0
180.001257, 4.999953, 437, 437, 0
185.001306, 5.000049, 416, 416, 0
190.001304, 4.999998, 442, 442, 0
195.001305, 5.000001, 456, 456, 0
200.001256, 4.999951, 418, 418, 0
205.001306, 5.00005, 425, 425, 0
210.001255, 4.999949, 450, 450, 0
215.001254, 4.999999, 411, 411, 0
220.001302, 5.000048, 419, 419, 0
225.001254, 4.999952, 429, 429, 0
230.001255, 5.000001, 429, 429, 0
235.001273, 5.000018, 402, 402, 0
240.001255, 4.999982, 434, 434, 0
245.001254, 4.999999, 443, 443, 0
250.001256, 5.000002, 429, 429, 0
255.001303, 5.000047, 440, 440, 0
260.001306, 5.000003, 421, 421, 0
265.001254, 4.999948, 436, 436, 0
270.001303, 5.000049, 418, 418, 0
275.001255, 4.999952, 444, 444, 0
280.001303, 5.000048, 412, 412, 0
285.001257, 4.999954, 427, 427, 0
290.001255, 4.999998, 455, 455, 0
295.001307, 5.000052, 421, 421, 0
300.001303, 4.999996, 447, 447, 0
301.009348, 1.008045, 94, 94, 0
