elapsed, window, n, min, mean, median, 95th, 99th, 99_9th, max, errors
5.000495, 5.000495, 13905, 767, 7192.7, 6672, 12175, 12535, 12890, 15459, 0
10.001525, 5.00103, 14071, 767, 7094.6, 6629, 12164, 12524, 12896, 14364, 0
15.001522, 4.999997, 14384, 740, 6954.4, 6604, 12135, 12519, 12900, 16043, 0
20.001522, 5.0, 14636, 736, 6814.3, 6586, 12080, 12488, 12853, 15417, 0
25.001524, 5.000002, 15111, 744, 6634.1, 6551, 12026, 12439, 12818, 13160, 0
30.001534, 5.00001, 15841, 752, 6304.9, 6503, 7624, 12339, 12752, 14419, 0
35.001502, 4.999968, 16703, 725, 6008.2, 6459, 7218, 12307, 12726, 13309, 0
40.001496, 4.999994, 18505, 737, 5416.2, 6378, 7085, 12141, 12617, 13385, 0
45.001542, 5.000046, 20746, 737, 4878.2, 6295, 7015, 11412, 12521, 15377, 0
50.001514, 4.999972, 22558, 745, 4462.6, 6214, 6997, 7352, 12327, 12971, 0
55.001494, 4.99998, 24235, 732, 4131.6, 6112, 6988, 7295, 12139, 12812, 0
60.001498, 5.000004, 25946, 753, 3851.9, 2569, 6988, 7267, 8509, 12669, 0
65.001547, 5.000049, 26382, 738, 3787.0, 1722, 7018, 7333, 9159, 12005, 0
70.001513, 4.999966, 26194, 763, 3789.9, 1753, 7016, 7328, 8347, 11291, 0
75.001498, 4.999985, 26023, 758, 3814.6, 1768, 7003, 7275, 7869, 10827, 0
80.001501, 5.000003, 26635, 747, 3781.9, 1709, 7005, 7282, 7789, 10226, 0
85.001526, 5.000025, 26385, 743, 3798.2, 1791, 7005, 7308, 9023, 11114, 0
90.001495, 4.999969, 27186, 763, 3668.2, 1615, 7046, 7371, 8301, 10736, 0
95.001491, 4.999996, 28085, 756, 3550.3, 1492, 7005, 7276, 8253, 11210, 0
100.001535, 5.000044, 27538, 743, 3616.7, 1516, 6997, 7271, 8228, 10808, 0
105.001574, 5.000039, 27597, 740, 3626.1, 1554, 7008, 7315, 8353, 13405, 0
110.001496, 4.999922, 28448, 767, 3507.1, 1501, 7007, 7283, 7802, 11794, 0
115.001506, 5.00001, 29054, 746, 3430.4, 1491, 7021, 7323, 7860, 11794, 0
120.001505, 4.999999, 29624, 746, 3349.6, 1446, 7015, 7317, 7966, 13232, 0
121.002546, 1.001041, 5886, 753, 3352.7, 1427, 7009, 7290, 7956, 13232, 0
