elapsed, window, n, min, mean, max, errors, median
5.0008, 5.0008,1355, 91872,170601, 346957,6,162902
10.00179, 5.00099,1222, 91823,190097, 318018,5,192638
15.00183, 5.00004,1151, 91766,181336, 338422,5,175072
20.001834, 5.000004,1158, 91490,198293, 458141,1,204207
25.001832, 4.999998,1132, 92154,193697, 315312,0,197828
30.001823, 4.999991,1197, 92240,190062, 316562,3,196781
35.001879, 5.000056,1146, 92461,195402, 314781,3,201672
40.001839, 4.99996,1100, 92609,199931, 377596,2,205911
45.001883, 5.000044,1099, 93597,203977, 313393,0,206909
50.001783, 4.9999,1107, 92579,207403, 314854,1,211775
55.00191, 5.000127,1102, 94009,211546, 313997,1,215523
60.001787, 4.999877,1101, 91383,204825, 312452,2,210337
65.001838, 5.000051,1145, 91836,188431, 312994,0,185170
70.001826, 4.999988,1129, 91568,197923, 311707,1,203029
75.001787, 4.999961,1163, 91107,193441, 320661,1,202120
80.001843, 5.000056,1183, 91168,192640, 311623,3,200263
85.001839, 4.999996,1172, 91785,194154, 314124,0,198384
90.001824, 4.999985,1086, 93199,205816, 316319,3,207072
95.001855, 5.000031,1024, 92682,204836, 318097,1,206628
100.001845, 4.99999,1080, 92378,200487, 312296,2,205605
105.001772, 4.999927,1150, 92434,186731, 316316,1,188908
110.001775, 5.000003,1164, 91850,195717, 317044,2,205075
115.001784, 5.000009,1195, 92045,189726, 312544,1,195057
120.001803, 5.000019,1147, 91450,196617, 312815,2,202722
125.001745, 4.999942,1209, 91818,194453, 313224,3,198899
130.001753, 5.000008,1221, 92380,189395, 313068,4,188808
135.00183, 5.000077,1097, 92675,203804, 313988,4,210613
140.001816, 4.999986,1143, 92614,198250, 543493,1,202713
145.001847, 5.000031,1113, 93398,206911, 395629,1,209987
150.001773, 4.999926,1106, 94209,204535, 319690,2,206268
155.00182, 5.000047,1179, 91920,197368, 402939,0,202307
160.001869, 5.000049,1129, 92573,202538, 319158,1,206378
165.001796, 4.999927,1074, 92863,208192, 312872,4,209650
170.001854, 5.000058,1082, 92938,207311, 345977,1,208769
175.001843, 4.999989,1216, 92539,190544, 345977,3,193060
180.00178, 4.999937,1177, 91740,191696, 311146,3,199305
181.003031, 1.001251,242, 91740,193773, 311146,0,199465

