elapsed, window, n, min, mean, median, 95th, 99th, 99_9th, max, errors
5.000615, 5.000615, 576740, 186, 963.5, 840, 1920, 2553, 3588, 9629, 0
10.001641, 5.001026, 516829, 177, 961.0, 835, 1925, 2583, 4346, 9629, 0
15.001519, 4.999878, 515858, 177, 959.3, 838, 1905, 2544, 3594, 12978, 0
20.001496, 4.999977, 516112, 175, 957.7, 832, 1920, 2580, 3820, 10246, 0
25.001526, 5.00003, 514496, 172, 961.6, 835, 1938, 2554, 3556, 12531, 0
30.001463, 4.999937, 512186, 181, 962.8, 836, 1941, 2601, 3630, 9342, 0
35.001522, 5.000059, 510739, 178, 969.2, 831, 1974, 2674, 4812, 10277, 0
40.001497, 4.999975, 513329, 178, 967.6, 834, 1977, 2637, 3806, 8402, 0
45.001554, 5.000057, 510888, 173, 964.4, 833, 1957, 2636, 4014, 11605, 0
50.001476, 4.999922, 514063, 173, 963.9, 828, 1982, 2662, 4027, 9302, 0
55.001508, 5.000032, 514205, 186, 961.5, 833, 1945, 2596, 3710, 9334, 0
60.001524, 5.000016, 515596, 183, 963.2, 834, 1941, 2640, 4128, 11458, 0
65.001622, 5.000098, 513640, 178, 961.1, 836, 1928, 2570, 3659, 13063, 0
70.001555, 4.999933, 511089, 174, 967.9, 839, 1956, 2638, 3862, 7834, 0
75.001537, 4.999982, 510575, 181, 965.5, 833, 1967, 2642, 3903, 9276, 0
80.001491, 4.999954, 509508, 173, 971.8, 832, 1996, 2710, 4038, 10179, 0
85.001686, 5.000195, 513592, 176, 967.3, 840, 1948, 2600, 3745, 8488, 0
90.001517, 4.999831, 513596, 184, 967.2, 837, 1964, 2612, 3813, 9697, 0
95.001504, 4.999987, 507741, 181, 967.7, 834, 1975, 2653, 3900, 8514, 0
100.001591, 5.000087, 511922, 174, 969.6, 833, 1986, 2649, 3837, 8514, 0
105.001799, 5.000208, 513899, 187, 962.6, 840, 1917, 2542, 3561, 5926, 0
110.001544, 4.999745, 514307, 191, 960.9, 839, 1902, 2558, 4460, 10844, 0
115.001657, 5.000113, 516000, 175, 960.1, 832, 1935, 2626, 3989, 8817, 0
120.001472, 4.999815, 516065, 181, 962.1, 839, 1919, 2571, 3821, 8702, 0
121.002634, 1.001162, 103060, 181, 960.3, 837, 1922, 2548, 3564, 8365, 0
