elapsed, window, n, min, mean, median, 95th, 99th, 99_9th, max, errors
5.000326, 5.000326, 53198, 1.0, 3.9, 3.0, 9.0, 19.0, 39.0, 186.0, 0
10.001335, 5.001009, 56028, 1.0, 3.9, 3.0, 10.0, 19.0, 39.0, 175.0, 0
15.001327, 4.999992, 54082, 1.0, 3.9, 3.0, 9.0, 19.0, 37.0, 115.0, 0
20.001492, 5.000165, 54267, 1.0, 3.9, 3.0, 9.0, 19.0, 40.0, 997.0, 0
25.001328, 4.999836, 56368, 1.0, 3.9, 3.0, 9.0, 19.0, 41.0, 202.0, 0
30.001343, 5.000015, 56408, 1.0, 3.9, 3.0, 10.0, 19.0, 40.0, 130.0, 0
35.001324, 4.999981, 55913, 1.0, 3.9, 3.0, 10.0, 19.0, 40.0, 116.0, 0
40.001326, 5.000002, 55836, 1.0, 3.9, 3.0, 10.0, 20.0, 39.0, 109.0, 0
45.001367, 5.000041, 55604, 1.0, 3.9, 3.0, 10.0, 20.0, 46.0, 198.0, 0
50.00137, 5.000003, 55354, 1.0, 3.9, 3.0, 9.0, 19.0, 43.0, 281.0, 0
55.001325, 4.999955, 55743, 1.0, 3.9, 3.0, 10.0, 19.0, 40.0, 158.0, 0
60.001396, 5.000071, 55683, 1.0, 3.9, 3.0, 10.0, 19.0, 39.0, 160.0, 0
65.001333, 4.999937, 55931, 1.0, 3.9, 3.0, 10.0, 20.0, 42.0, 194.0, 0
70.001372, 5.000039, 55600, 1.0, 3.9, 3.0, 10.0, 19.0, 38.0, 95.0, 0
75.001359, 4.999987, 56243, 1.0, 3.9, 3.0, 10.0, 19.0, 41.0, 171.0, 0
80.001329, 4.99997, 55313, 1.0, 3.9, 3.0, 10.0, 19.0, 39.0, 162.0, 0
85.001337, 5.000008, 56474, 1.0, 3.9, 3.0, 10.0, 19.0, 40.0, 168.0, 0
90.001332, 4.999995, 55599, 1.0, 3.9, 3.0, 10.0, 19.0, 38.0, 169.0, 0
95.001516, 5.000184, 54761, 1.0, 3.9, 3.0, 9.0, 19.0, 39.0, 113.0, 0
100.001331, 4.999815, 56448, 1.0, 3.9, 3.0, 10.0, 20.0, 39.0, 114.0, 0
105.001356, 5.000025, 54957, 1.0, 3.9, 3.0, 10.0, 20.0, 39.0, 107.0, 0
110.001353, 4.999997, 56501, 1.0, 3.9, 3.0, 10.0, 20.0, 39.0, 124.0, 0
115.001352, 4.999999, 54800, 1.0, 3.9, 3.0, 10.0, 20.0, 38.0, 119.0, 0
120.001378, 5.000026, 54340, 1.0, 3.9, 3.0, 10.0, 19.0, 41.0, 119.0, 0
121.006367, 1.004989, 11247, 1.0, 3.9, 3.0, 10.0, 19.0, 41.0, 117.0, 0
