elapsed, window, total, successful, failed
5.001227, 5.001227, 56535, 56535, 0
10.001204, 4.999977, 53170, 53170, 0
15.001189, 4.999985, 53656, 53656, 0
20.001114, 4.999925, 53298, 53298, 0
25.001292, 5.000178, 52270, 52270, 0
30.001093, 4.999801, 52082, 52082, 0
35.001173, 5.00008, 51963, 51963, 0
40.001142, 4.999969, 52210, 52210, 0
45.001238, 5.000096, 51720, 51720, 0
50.001087, 4.999849, 52026, 52026, 0
55.001094, 5.000007, 50520, 50520, 0
60.001145, 5.000051, 51430, 51430, 0
65.001244, 5.000099, 51110, 51110, 0
70.001128, 4.999884, 51373, 51373, 0
75.001308, 5.00018, 50792, 50792, 0
80.001231, 4.999923, 51359, 51359, 0
85.001264, 5.000033, 50406, 50406, 0
90.001179, 4.999915, 50727, 50727, 0
95.001142, 4.999963, 50154, 50154, 0
100.001237, 5.000095, 50318, 50318, 0
105.001322, 5.000085, 50370, 50370, 0
110.001276, 4.999954, 50073, 50073, 0
115.001128, 4.999852, 50008, 50008, 0
120.001153, 5.000025, 50180, 50180, 0
125.001141, 4.999988, 49508, 49508, 0
130.001091, 4.99995, 50122, 50122, 0
135.001294, 5.000203, 49733, 49733, 0
140.001155, 4.999861, 49373, 49373, 0
145.00152, 5.000365, 49485, 49485, 0
150.001107, 4.999587, 49368, 49368, 0
155.001124, 5.000017, 48615, 48615, 0
160.001081, 4.999957, 48704, 48704, 0
165.001122, 5.000041, 49299, 49299, 0
170.00119, 5.000068, 48413, 48413, 0
175.001163, 4.999973, 48274, 48274, 0
180.00123, 5.000067, 48498, 48498, 0
185.001101, 4.999871, 48451, 48451, 0
190.001307, 5.000206, 48131, 48131, 0
195.001238, 4.999931, 47750, 47750, 0
200.00109, 4.999852, 47931, 47931, 0
205.001096, 5.000006, 48241, 48241, 0
210.001232, 5.000136, 47819, 47819, 0
215.001278, 5.000046, 47975, 47975, 0
220.001089, 4.999811, 48225, 48225, 0
225.00115, 5.000061, 47860, 47860, 0
230.001249, 5.000099, 48229, 48229, 0
235.001265, 5.000016, 47940, 47940, 0
240.001232, 4.999967, 47798, 47798, 0
245.00109, 4.999858, 47362, 47362, 0
250.001156, 5.000066, 48053, 48053, 0
255.001141, 4.999985, 47683, 47683, 0
260.001085, 4.999944, 47635, 47635, 0
265.001276, 5.000191, 47234, 47234, 0
270.001163, 4.999887, 46640, 46640, 0
275.001414, 5.000251, 47268, 47268, 0
280.001092, 4.999678, 47368, 47368, 0
285.001113, 5.000021, 47750, 47750, 0
290.001181, 5.000068, 47546, 47546, 0
295.00116, 4.999979, 47209, 47209, 0
300.001099, 4.999939, 47644, 47644, 0
301.061271, 1.060172, 10924, 10924, 0
