elapsed, window, n, min, mean, median, 95th, 99th, 99_9th, max, errors
5.000704, 5.000704, 407, 1449, 56213.1, 21940, 175908, 243873, 346043, 346043, 0
10.002005, 5.001301, 400, 1424, 55848.9, 27349, 167550, 227930, 346043, 346043, 0
15.001651, 4.999646, 371, 1365, 47162.2, 21569, 145876, 195883, 221227, 221227, 0
20.00165, 4.999999, 349, 1365, 59170.8, 17167, 194775, 448497, 588276, 588276, 0
25.001625, 4.999975, 406, 1383, 56452.2, 34875, 162808, 208215, 227131, 227131, 0
30.001592, 4.999967, 418, 1442, 47072.6, 21263, 156189, 190991, 242975, 242975, 0
35.001588, 4.999996, 389, 1474, 62393.6, 51413, 171605, 208280, 300416, 300416, 0
40.00172, 5.000132, 391, 1417, 61485.5, 38766, 175195, 231984, 300416, 300416, 0
45.001624, 4.999904, 400, 1420, 51436.0, 19328, 157556, 235169, 247314, 247314, 0
50.001687, 5.000063, 417, 1380, 53118.8, 25039, 157207, 224497, 247314, 247314, 0
55.001576, 4.999889, 412, 1416, 50895.8, 27106, 153017, 188669, 208538, 208538, 0
60.001663, 5.000087, 440, 1412, 49891.0, 19272, 150283, 208307, 272548, 272548, 0
65.001589, 4.999926, 439, 1435, 52667.1, 23876, 154715, 237036, 257908, 272548, 0
70.001649, 5.00006, 420, 1459, 62116.3, 40500, 176343, 208464, 256503, 256503, 0
75.001738, 5.000089, 385, 1410, 49931.0, 21391, 143892, 208464, 231829, 231829, 0
80.001607, 4.999869, 427, 1422, 51227.7, 29219, 147934, 197521, 224297, 224297, 0
85.001699, 5.000092, 421, 1422, 52852.5, 31283, 146710, 182528, 213109, 213109, 0
90.001665, 4.999966, 411, 1476, 48249.0, 21719, 147369, 180394, 232256, 232256, 0
95.001597, 4.999932, 417, 1441, 49307.3, 25780, 143154, 176889, 249829, 249829, 0
100.001581, 4.999984, 417, 1419, 56987.9, 42866, 158906, 189324, 239371, 239371, 0
105.001704, 5.000123, 431, 1404, 50291.0, 27082, 147305, 176498, 222562, 222562, 0
110.001671, 4.999967, 408, 1386, 46111.6, 21162, 132857, 165849, 222562, 222562, 0
115.001579, 4.999908, 412, 1394, 40897.3, 15412, 139518, 168030, 205978, 205978, 0
120.001669, 5.00009, 440, 1341, 56273.9, 36493, 148536, 203200, 220955, 220955, 0
121.007875, 1.006206, 120, 1341, 56633.9, 42281, 147866, 203200, 220203, 220955, 0
