elapsed, window, total, successful, failed
5.000876, 5.000876,795776,795776,0
10.001884, 5.001008,782687,782687,0
15.001915, 5.000031,783406,783406,0
20.00195, 5.000035,784516,784516,0
25.001873, 4.999923,782840,782840,0
30.001898, 5.000025,784968,784968,0
35.001945, 5.000047,784378,784378,0
40.001893, 4.999948,787074,787074,0
45.001895, 5.000002,787175,787175,0
50.001865, 4.99997,785737,785737,0
55.001872, 5.000007,783918,783918,0
60.001887, 5.000015,781075,781075,0
65.00187, 4.999983,779728,779728,0
70.00193, 5.00006,778605,778605,0
75.0019, 4.99997,775347,775347,0
80.001872, 4.999972,776667,776667,0
85.001877, 5.000005,776751,776751,0
90.001869, 4.999992,775394,775394,0
95.001868, 4.999999,776911,776911,0
100.001896, 5.000028,776328,776328,0
105.001867, 4.999971,776502,776502,0
110.001864, 4.999997,776305,776305,0
115.001882, 5.000018,777257,777257,0
120.001871, 4.999989,776979,776979,0
121.001933, 1.000062,157126,157126,0

