elapsed, window, n, min, mean, median, 95th, 99th, 99_9th, max, errors
5.000307, 5.000307, 5431, 1282, 3202.5, 1941, 11279, 13836, 16094, 25451, 0
10.001306, 5.000999, 5320, 1260, 3141.5, 1941, 11114, 13891, 15717, 19194, 0
15.001311, 5.000005, 5323, 1320, 3239.2, 1943, 11418, 13731, 15810, 19997, 0
20.001322, 5.000011, 5332, 1311, 3204.0, 1935, 11365, 13853, 15626, 16335, 0
25.001374, 5.000052, 5231, 1345, 3183.6, 2009, 11004, 13611, 15719, 19363, 0
30.001291, 4.999917, 5288, 1376, 3271.6, 1988, 11440, 13679, 15928, 23796, 0
35.001335, 5.000044, 5339, 1302, 3193.2, 1969, 11160, 13729, 15450, 15928, 0
40.001287, 4.999952, 5316, 1253, 3309.3, 2008, 11414, 13800, 15548, 16138, 0
45.001448, 5.000161, 5252, 1356, 3311.2, 2025, 11434, 13741, 15523, 22010, 0
50.001298, 4.99985, 5231, 1281, 3221.1, 1978, 11317, 13784, 15660, 25048, 0
55.001293, 4.999995, 5397, 1280, 3216.0, 1946, 11209, 13760, 15537, 17428, 0
60.001279, 4.999986, 5361, 1299, 3273.7, 1930, 11311, 13620, 15573, 17428, 0
65.00146, 5.000181, 5351, 1314, 3136.3, 1916, 11146, 13788, 15937, 21097, 0
70.001347, 4.999887, 5309, 1283, 3181.7, 1936, 11254, 13987, 15763, 17049, 0
75.001287, 4.99994, 5301, 1165, 3217.5, 1948, 11327, 13647, 15454, 28157, 0
80.001371, 5.000084, 5380, 1294, 3239.0, 1929, 11415, 13656, 15448, 17274, 0
85.001369, 4.999998, 5391, 1338, 3276.8, 1924, 11405, 13777, 15753, 19481, 0
90.001316, 4.999947, 5304, 1291, 3184.6, 1930, 11302, 13729, 15971, 16928, 0
95.001304, 4.999988, 5366, 1262, 3262.8, 1955, 11531, 13886, 15890, 23694, 0
100.001284, 4.99998, 5374, 1242, 3271.1, 1945, 11421, 13896, 15907, 20235, 0
105.001313, 5.000029, 5413, 1242, 3238.1, 1916, 11411, 13700, 15611, 18082, 0
110.001335, 5.000022, 5233, 1277, 3235.3, 1991, 11326, 13719, 15708, 29109, 0
115.001414, 5.000079, 5337, 1277, 3199.8, 1937, 11203, 13613, 15480, 16292, 0
120.001489, 5.000075, 5363, 1267, 3097.5, 1925, 11018, 13652, 15335, 20278, 0
121.003392, 1.001903, 1107, 1267, 3136.9, 1911, 11161, 13670, 15529, 16175, 0
