elapsed, window, n, min, mean, median, 95th, 99th, 99_9th, max, errors
5.000727, 5.000727, 46677, 80, 138.4, 126, 217, 294, 540, 4849, 0
10.001758, 5.001031, 46574, 80, 137.7, 125, 214, 295, 537, 3866, 0
15.001702, 4.999944, 46414, 81, 138.5, 126, 215, 293, 504, 4306, 0
20.001715, 5.000013, 46628, 82, 136.2, 125, 212, 277, 390, 742, 0
25.00173, 5.000015, 46583, 81, 139.4, 126, 221, 304, 559, 3734, 0
30.001704, 4.999974, 46541, 83, 136.6, 125, 213, 280, 422, 5058, 0
35.001718, 5.000014, 46577, 80, 136.4, 125, 212, 282, 435, 5378, 0
40.001711, 4.999993, 46620, 79, 137.7, 126, 215, 285, 408, 913, 0
45.001787, 5.000076, 46613, 81, 138.3, 127, 217, 288, 415, 694, 0
50.001737, 4.99995, 46619, 81, 139.5, 128, 218, 285, 413, 5325, 0
55.001774, 5.000037, 46531, 80, 139.0, 126, 221, 301, 491, 4048, 0
60.001794, 5.00002, 46211, 80, 140.0, 128, 222, 293, 440, 865, 0
65.001745, 4.999951, 46642, 82, 137.7, 126, 215, 285, 444, 850, 0
70.001716, 4.999971, 46547, 75, 141.3, 129, 224, 298, 433, 790, 0
75.00172, 5.000004, 46568, 81, 139.7, 127, 220, 294, 434, 807, 0
80.001876, 5.000156, 46571, 80, 139.2, 126, 218, 299, 493, 4409, 0
85.001715, 4.999839, 46598, 79, 138.6, 126, 217, 295, 493, 5141, 0
90.00177, 5.000055, 46609, 82, 139.0, 127, 218, 293, 441, 3492, 0
95.001789, 5.000019, 46536, 81, 138.3, 126, 217, 285, 425, 3407, 0
100.001744, 4.999955, 46539, 80, 140.8, 128, 222, 301, 499, 4565, 0
105.001702, 4.999958, 46530, 81, 139.3, 127, 220, 293, 434, 835, 0
110.00171, 5.000008, 46580, 75, 139.7, 127, 221, 298, 416, 824, 0
115.001733, 5.000023, 46514, 79, 138.8, 127, 218, 292, 417, 4633, 0
120.00177, 5.000037, 46481, 80, 140.1, 128, 223, 296, 451, 4501, 0
121.003798, 1.002028, 9325, 80, 140.7, 128, 223, 298, 474, 4501, 0
