elapsed, window, n, min, mean, median, 95th, 99th, 99_9th, max, errors
5.000098, 5.000098, 28459, 524, 22282.1, 3942, 46757, 48631, 50207, 53057, 0
10.001087, 5.000989, 28161, 519, 22402.3, 3948, 46886, 48523, 49754, 51466, 0
15.001072, 4.999985, 28234, 505, 22315.4, 3655, 46590, 48466, 49579, 51374, 0
20.001192, 5.00012, 28276, 505, 22168.8, 2886, 46055, 48336, 49603, 52383, 0
25.001069, 4.999877, 28157, 514, 22164.5, 2697, 46857, 48474, 49674, 50986, 0
30.001129, 5.00006, 28155, 516, 22656.7, 5650, 46838, 48557, 49907, 50986, 0
35.001062, 4.999933, 28159, 524, 22204.5, 2988, 46410, 48510, 49768, 51477, 0
40.001181, 5.000119, 28228, 521, 22326.3, 3433, 46205, 48404, 49633, 52001, 0
45.001192, 5.000011, 28277, 507, 22231.2, 3118, 46334, 48457, 49668, 52059, 0
50.001111, 4.999919, 28260, 494, 21877.2, 2471, 45994, 48436, 49838, 52337, 0
55.001092, 4.999981, 28202, 506, 22260.3, 3102, 46607, 48477, 49781, 50901, 0
60.001065, 4.999973, 28282, 525, 22112.6, 2756, 46554, 48426, 49801, 51396, 0
65.001079, 5.000014, 28316, 521, 22067.2, 2599, 45873, 48375, 49642, 52257, 0
70.001076, 4.999997, 28179, 531, 22343.2, 3619, 46092, 48378, 49642, 51168, 0
75.001105, 5.000029, 28286, 527, 22370.9, 3625, 46245, 48370, 49774, 52094, 0
80.001157, 5.000052, 28200, 522, 22136.3, 2883, 45944, 48413, 49700, 51884, 0
85.001111, 4.999954, 28242, 513, 22289.3, 3235, 46015, 48408, 49761, 51321, 0
90.001122, 5.000011, 28237, 523, 22406.7, 4072, 45914, 48278, 49774, 51586, 0
95.001093, 4.999971, 28215, 530, 22229.1, 2915, 46332, 48433, 49685, 52129, 0
100.001083, 4.99999, 28282, 528, 22255.5, 3091, 46568, 48551, 50012, 50743, 0
105.001057, 4.999974, 28320, 521, 22034.9, 2583, 45795, 48396, 49793, 50981, 0
110.001083, 5.000026, 28187, 521, 22215.6, 2952, 45884, 48327, 49874, 52900, 0
115.001204, 5.000121, 28217, 525, 22477.8, 4437, 46326, 48489, 49827, 51419, 0
120.001062, 4.999858, 28203, 520, 22323.4, 3673, 46224, 48465, 49710, 50959, 0
121.012301, 1.011239, 5758, 520, 22400.8, 4185, 46581, 48447, 49659, 50941, 0
