elapsed, window, n, min, mean, median, 95th, 99th, 99_9th, max, errors
5.000404, 5.000404, 49, 90773, 213385.4, 162222, 445264, 488214, 488214, 488214, 0
10.001482, 5.001078, 1, 90773, 265246.0, 243908, 445264, 488214, 488214, 488214, 0
15.001457, 4.999975, 0, 0, 0, 0, 0, 0, 0, 0, 0
20.001486, 5.000029, 0, 0, 0, 0, 0, 0, 0, 0, 0
25.001364, 4.999878, 0, 0, 0, 0, 0, 0, 0, 0, 0
30.00138, 5.000016, 103, 90423, 191622.8, 148792, 439053, 465801, 471420, 471420, 0
35.001479, 5.000099, 213, 90520, 198757.0, 150400, 421435, 471420, 481008, 481008, 0
40.001349, 4.99987, 217, 90622, 167736.8, 135089, 439861, 508000, 543174, 543174, 0
45.001417, 5.000068, 205, 90623, 172747.9, 139628, 445763, 504620, 520361, 520361, 0
50.001464, 5.000047, 211, 90447, 174572.2, 134796, 439256, 475636, 481501, 481501, 0
55.00142, 4.999956, 52, 90447, 172656.1, 133303, 463642, 507669, 527176, 527176, 0
60.001413, 4.999993, 105, 90438, 203019.2, 149383, 420562, 444381, 448765, 448765, 0
65.001419, 5.000006, 42, 90438, 188483.3, 142668, 400690, 430688, 481063, 481063, 0
70.001465, 5.000046, 54, 90428, 200203.6, 142882, 477935, 486166, 507828, 507828, 0
75.001451, 4.999986, 270, 90196, 184715.3, 147085, 422697, 471163, 521159, 521159, 0
80.001418, 4.999967, 319, 90170, 196270.0, 143209, 461339, 521159, 549131, 549131, 0
85.001405, 4.999987, 99, 90170, 198476.9, 149867, 420015, 436625, 437896, 437896, 0
90.001454, 5.000049, 75, 90635, 174512.0, 149823, 361176, 431011, 433471, 433471, 0
95.001463, 5.000009, 32, 90860, 205264.9, 148814, 431011, 463822, 505509, 505509, 0
100.001465, 5.000002, 52, 94050, 188545.0, 148501, 403214, 413154, 417129, 417129, 0
105.001341, 4.999876, 101, 90390, 174299.1, 140370, 438792, 471346, 473764, 473764, 0
110.001356, 5.000015, 51, 90372, 206125.1, 148090, 461476, 533170, 561637, 561637, 0
115.001458, 5.000102, 64, 90752, 190794.7, 146840, 456580, 482736, 492358, 492358, 0
120.001415, 4.999957, 45, 90477, 231346.6, 136610, 499529, 534437, 558880, 558880, 0
121.004548, 1.003133, 10, 90477, 232122.9, 139541, 499529, 534437, 558880, 558880, 0
