elapsed, window, n, min, mean, median, 95th, 99th, 99_9th, max, errors
5.000404, 5.000404, 110, 91507, 125379.7, 99791, 342332, 379011, 423605, 423605, 0
10.001482, 5.001078, 90, 91746, 243721.4, 211706, 467856, 545188, 600991, 600991, 0
15.001457, 4.999975, 10, 91582, 174640.8, 103716, 362584, 362584, 362584, 362584, 0
20.001486, 5.000029, 164, 91493, 177606.6, 126225, 419406, 483825, 491718, 491718, 0
25.001364, 4.999878, 81, 91444, 181345.5, 140031, 384771, 421022, 440655, 440655, 0
30.00138, 5.000016, 103, 91751, 167953.5, 141301, 327970, 440184, 442108, 442108, 0
35.001479, 5.000099, 129, 91658, 199872.3, 154161, 430142, 458241, 458282, 458282, 0
40.001349, 4.99987, 107, 91556, 184058.1, 134789, 439379, 482971, 486086, 486086, 0
45.001417, 5.000068, 64, 91777, 188110.0, 134662, 442741, 474492, 531790, 531790, 0
50.001464, 5.000047, 102, 91635, 193112.1, 147253, 454096, 492822, 525393, 525393, 0
55.00142, 4.999956, 126, 91640, 212170.9, 150813, 478312, 525393, 538623, 538623, 0
60.001413, 4.999993, 57, 91520, 168866.6, 125370, 387642, 432361, 433296, 433296, 0
65.001419, 5.000006, 52, 91520, 170014.1, 126825, 375800, 433530, 452428, 452428, 0
70.001465, 5.000046, 56, 91653, 172553.7, 143765, 403386, 428369, 432537, 432537, 0
75.001451, 4.999986, 70, 91576, 203165.4, 151283, 451589, 484647, 504550, 504550, 0
80.001418, 4.999967, 61, 91755, 215269.7, 142160, 484647, 500597, 560576, 560576, 0
85.001405, 4.999987, 23, 91858, 225222.5, 160717, 437326, 445516, 445516, 445516, 0
90.001454, 5.000049, 74, 91541, 170199.4, 142374, 328656, 357027, 401109, 401109, 0
95.001463, 5.000009, 65, 91710, 233570.3, 148679, 477442, 523566, 530537, 530537, 0
100.001465, 5.000002, 46, 91905, 195971.1, 151431, 420729, 456640, 497502, 497502, 0
105.001341, 4.999876, 57, 91957, 170802.0, 138959, 411357, 481446, 504758, 504758, 0
110.001356, 5.000015, 108, 91695, 206701.3, 145254, 500272, 551928, 561295, 561295, 0
115.001458, 5.000102, 39, 92063, 210490.5, 147291, 455944, 502524, 525047, 525047, 0
120.001415, 4.999957, 33, 91638, 174580.5, 129994, 478585, 554309, 554309, 554309, 0
121.004548, 1.003133, 7, 91638, 190767.5, 133116, 508590, 586071, 586071, 586071, 0
