elapsed, window, n, min, mean, median, 95th, 99th, 99_9th, max, errors
5.000409, 5.000409, 116933, 368, 5418.2, 2510, 20262, 67678, 141507, 228826, 0
10.001416, 5.001007, 114747, 368, 5441.0, 2510, 22153, 66391, 134040, 284229, 0
15.0014, 4.999984, 115368, 364, 5401.2, 2483, 22033, 66117, 134663, 211148, 0
20.001404, 5.000004, 114606, 366, 5460.4, 2482, 21595, 70045, 136352, 224736, 0
25.001417, 5.000013, 114982, 355, 5428.7, 2492, 21166, 69265, 135930, 250645, 0
30.001403, 4.999986, 112935, 366, 5503.0, 2492, 23004, 66084, 131331, 256496, 0
35.001442, 5.000039, 113093, 368, 5508.9, 2510, 22971, 67929, 127128, 290344, 0
40.001465, 5.000023, 113583, 356, 5482.7, 2504, 22232, 68046, 135275, 296031, 0
45.001427, 4.999962, 111579, 356, 5596.7, 2516, 23474, 68731, 131315, 251211, 0
50.001477, 5.00005, 111753, 368, 5588.5, 2529, 21979, 72632, 138040, 235047, 0
55.001395, 4.999918, 110809, 360, 5637.0, 2551, 22935, 69869, 139963, 362460, 0
60.001402, 5.000007, 112770, 355, 5535.7, 2511, 21811, 71337, 144087, 302965, 0
65.001411, 5.000009, 112050, 365, 5563.3, 2517, 22708, 69118, 134934, 260254, 0
70.001395, 4.999984, 113539, 336, 5478.0, 2446, 9797, 84002, 270891, 487536, 0
75.001397, 5.000002, 112746, 363, 5547.3, 2445, 7970, 91157, 310566, 741511, 0
80.001404, 5.000007, 112426, 375, 5542.2, 2459, 8407, 97431, 257772, 450323, 0
85.001449, 5.000045, 111535, 370, 5585.5, 2491, 8054, 96239, 302648, 494072, 0
90.001406, 4.999957, 112725, 375, 5581.4, 2458, 7577, 97834, 317656, 621018, 0
95.001396, 4.99999, 112577, 375, 5571.8, 2473, 7830, 92579, 306921, 604173, 0
100.001433, 5.000037, 111467, 366, 5582.3, 2475, 8330, 103057, 280238, 485728, 0
105.001399, 4.999966, 109938, 367, 5666.3, 2533, 9917, 91965, 271490, 478578, 0
110.001457, 5.000058, 109356, 374, 5734.3, 2553, 10178, 88821, 286212, 537318, 0
115.001397, 4.99994, 112166, 369, 5565.2, 2495, 10134, 88135, 235025, 455689, 0
120.001423, 5.000026, 110645, 369, 5646.7, 2516, 7821, 110279, 290340, 455689, 0
121.002451, 1.001028, 22432, 369, 5636.7, 2508, 8005, 104931, 287717, 435560, 0
