elapsed, window, total, successful, failed
5.000628, 5.000628, 9132, 9132, 0
10.001642, 5.001014, 7334, 7334, 0
15.001632, 4.99999, 8341, 8341, 0
20.001587, 4.999955, 7316, 7316, 0
25.001662, 5.000075, 8256, 8256, 0
30.001597, 4.999935, 7324, 7324, 0
35.001597, 5.0, 8044, 8044, 0
40.001647, 5.00005, 8852, 8852, 0
45.00156, 4.999913, 7078, 7078, 0
50.001641, 5.000081, 6841, 6841, 0
55.001619, 4.999978, 8879, 8879, 0
60.00158, 4.999961, 6608, 6608, 0
65.001666, 5.000086, 12118, 12118, 0
70.001647, 4.999981, 10812, 10812, 0
75.001645, 4.999998, 8545, 8545, 0
80.001509, 4.999864, 9770, 9770, 0
85.001634, 5.000125, 6721, 6721, 0
90.001606, 4.999972, 6660, 6660, 0
95.001631, 5.000025, 8634, 8634, 0
100.001638, 5.000007, 8883, 8883, 0
105.00165, 5.000012, 7772, 7772, 0
110.001521, 4.999871, 9809, 9809, 0
115.001573, 5.000052, 8511, 8511, 0
120.001648, 5.000075, 8681, 8681, 0
121.002707, 1.001059, 1652, 1652, 0
