elapsed, window, total, successful, failed
5.000994, 5.000994, 20433, 20433, 0
10.002006, 5.001012, 18621, 18621, 0
15.001948, 4.999942, 23760, 23760, 0
20.001892, 4.999944, 45981, 45981, 0
25.001942, 5.00005, 111245, 111245, 0
30.001909, 4.999967, 109389, 109389, 0
35.001948, 5.000039, 56339, 56339, 0
40.00205, 5.000102, 17763, 17763, 0
45.000953, 4.998903, 71435, 71435, 0
50.001946, 5.000993, 102573, 102573, 0
55.001905, 4.999959, 107095, 107095, 0
60.001896, 4.999991, 115927, 115927, 0
65.002034, 5.000138, 115475, 115475, 0
70.000909, 4.998875, 115707, 115707, 0
75.001927, 5.001018, 115196, 115196, 0
80.001912, 4.999985, 116233, 116233, 0
85.001954, 5.000042, 115075, 115075, 0
90.001922, 4.999968, 115968, 115968, 0
95.001892, 4.99997, 116032, 116032, 0
100.001923, 5.000031, 114738, 114738, 0
105.001912, 4.999989, 114270, 114270, 0
110.001914, 5.000002, 114418, 114418, 0
115.001913, 4.999999, 115274, 115274, 0
120.001902, 4.999989, 114421, 114421, 0
121.011681, 1.009779, 23363, 23363, 0
