elapsed, window, n, min, mean, max, errors, median
5.000464, 5.000464,1036, 521,45616.5, 157306,0,46489.1
10.001503, 5.001039,1780, 566,60263.8, 171512,0,68978
15.001605, 5.000102,1244, 542,71944.2, 195420,0,79341.5
20.001611, 5.000006,755, 550,57653.8, 120442,0,69155.9
25.001507, 4.999896,430, 582,66199.5, 142544,0,74408
30.001617, 5.00011,625, 517,39709.3, 159205,0,40580.5
35.001602, 4.999985,1313, 558,57787.4, 262456,0,45416.3
40.001606, 5.000004,1089, 531,57806.1, 160402,0,58608.9
45.001614, 5.000008,944, 525,46759.5, 172420,0,37155.9
50.001628, 5.000014,1600, 511,60674.9, 191010,0,62054
55.001566, 4.999938,1266, 543,69910, 269694,0,82543.5
60.001605, 5.000039,861, 521,56742.6, 144211,0,65744
65.001605, 5.0,1407, 510,51378.7, 152230,0,54209
70.00147, 4.999865,1246, 545,67257.8, 127545,0,85001.1
75.001622, 5.000152,885, 537,61383.6, 121339,0,75193.2
80.00162, 4.999998,661, 560,59453.2, 147063,0,73199.9
85.001596, 4.999976,1173, 501,43632.5, 206377,0,29793
90.001601, 5.000005,1610, 468,54020.4, 173664,0,42861.4
95.001646, 5.000045,2186, 468,64393.8, 160113,0,76876.8
100.001513, 4.999867,1681, 493,65693.7, 208344,0,71461.7
105.001473, 4.99996,1342, 507,67042.5, 178529,0,78825.9
110.001669, 5.000196,1256, 551,62639, 164500,0,71388.4
115.001492, 4.999823,1235, 551,65154.9, 164500,0,74530.2
120.001609, 5.000117,837, 549,54516.4, 168926,0,56298.2
121.003744, 1.002135,378, 516,49628.9, 168926,0,42434.7

