elapsed, window, n, min, mean, max, errors, median
5.000464, 5.000464,9352, 458,3010.22, 128059,0,1100.59
10.001503, 5.001039,7760, 437,3222.52, 112345,0,918.739
15.001605, 5.000102,11779, 437,3150.27, 130310,0,765.889
20.001611, 5.000006,12046, 407,3983.8, 146580,0,726.513
25.001507, 4.999896,11267, 443,5319.45, 184143,0,761.235
30.001617, 5.00011,9739, 430,3537.62, 131188,0,747.904
35.001602, 4.999985,9586, 426,3751.95, 203244,0,736.194
40.001606, 5.000004,8761, 434,4554.11, 232361,0,734.281
45.001614, 5.000008,7963, 421,4188.69, 207239,0,698.128
50.001628, 5.000014,9039, 435,3744.35, 142664,0,707.058
55.001566, 4.999938,9829, 433,5316.93, 193600,0,767.202
60.001605, 5.000039,11541, 399,4622.23, 184010,0,740.521
65.001605, 5.0,10377, 438,3451.99, 114616,0,727.35
70.00147, 4.999865,9318, 434,4356.81, 138851,0,728.838
75.001622, 5.000152,10777, 408,3281.83, 114266,0,695.195
80.00162, 4.999998,8556, 435,6648.55, 163378,0,734.155
85.001596, 4.999976,12554, 416,4354.02, 175693,0,694.445
90.001601, 5.000005,9720, 427,3838.47, 147272,0,723.667
95.001646, 5.000045,6955, 427,3550.82, 122161,0,741.17
100.001513, 4.999867,7548, 440,4872.23, 134672,0,741.395
105.001473, 4.99996,7955, 429,4077, 113511,0,709.29
110.001669, 5.000196,7708, 416,4422.16, 125963,0,716.098
115.001492, 4.999823,6955, 441,5316.51, 125963,0,744.657
120.001609, 5.000117,9567, 410,4548.42, 116664,0,729.053
121.003744, 1.002135,1158, 410,4899.83, 138201,0,748.289

