elapsed, window, n, min, mean, median, 95th, 99th, 99_9th, max, errors
5.00067, 5.00067, 37663, 951, 3855.1, 2243, 13140, 19385, 26374, 40071, 0
10.001605, 5.000935, 36905, 877, 3904.9, 2261, 13644, 20062, 28859, 39389, 0
15.001535, 4.99993, 35927, 941, 3965.8, 2250, 13952, 20616, 30379, 56451, 0
20.001532, 4.999997, 25737, 960, 5321.7, 2256, 13829, 21854, 178146, 1448733, 0
25.001716, 5.000184, 33265, 939, 5113.2, 2226, 14042, 21674, 64792, 1448733, 0
30.00167, 4.999954, 22952, 913, 5569.0, 2231, 13941, 21174, 1365755, 1424028, 0
35.001527, 4.999857, 22273, 937, 7338.2, 2196, 14295, 22239, 1399637, 1449761, 0
40.001692, 5.000165, 16982, 950, 4095.2, 2223, 14844, 23353, 35784, 50469, 0
45.00154, 4.999848, 33847, 947, 6473.4, 2217, 14053, 22085, 129215, 2969451, 0
50.001647, 5.000107, 25296, 918, 5541.1, 2222, 14689, 22960, 1344457, 1463952, 0
55.001537, 4.99989, 16549, 872, 8087.2, 2164, 14610, 23267, 2724744, 2803545, 0
60.001525, 4.999988, 25822, 931, 4316.4, 2220, 14010, 21155, 30383, 1444763, 0
65.001528, 5.000003, 35848, 961, 5288.0, 2213, 14116, 21500, 85026, 1540939, 0
70.001576, 5.000048, 16801, 931, 7571.2, 2161, 13907, 21030, 2754606, 2826072, 0
75.00154, 4.999964, 35714, 948, 4033.0, 2186, 14513, 22048, 35138, 78726, 0
80.001539, 4.999999, 36175, 965, 3998.6, 2216, 14224, 21763, 34544, 88054, 0
85.001582, 5.000043, 35479, 913, 4031.5, 2243, 14317, 22153, 39226, 80442, 0
90.001632, 5.00005, 25322, 961, 5432.9, 2245, 14710, 23564, 584820, 911242, 0
95.001662, 5.00003, 28042, 886, 5157.9, 2208, 14422, 22323, 561977, 911242, 0
100.001636, 4.999974, 23222, 903, 8100.6, 2180, 14522, 22162, 2863893, 2928644, 0
105.001528, 4.999892, 15610, 917, 8025.9, 2199, 14484, 22157, 2805762, 2934966, 0
110.001681, 5.000153, 31627, 933, 6395.1, 2178, 14457, 21780, 110737, 2934966, 0
115.001562, 4.999881, 30343, 898, 5377.2, 2170, 14294, 21984, 101313, 1476097, 0
120.001687, 5.000125, 6524, 902, 9876.4, 2205, 14504, 23649, 2826094, 2892946, 0
121.002902, 1.001215, 6871, 902, 13053.4, 2108, 13446, 22257, 2826094, 2892946, 0
