elapsed, window, total, successful, failed
5.000832, 5.000832, 664, 664, 0
10.001847, 5.001015, 625, 625, 0
15.001832, 4.999985, 645, 645, 0
20.001833, 5.000001, 648, 648, 0
25.001794, 4.999961, 632, 632, 0
30.001783, 4.999989, 640, 640, 0
35.001834, 5.000051, 646, 646, 0
40.001838, 5.000004, 647, 647, 0
45.001778, 4.99994, 647, 647, 0
50.001846, 5.000068, 643, 643, 0
55.001836, 4.99999, 646, 646, 0
60.00184, 5.000004, 636, 636, 0
65.001836, 4.999996, 646, 646, 0
70.001835, 4.999999, 636, 635, 1
75.001841, 5.000006, 646, 645, 1
80.001837, 4.999996, 632, 632, 0
85.001785, 4.999948, 633, 633, 0
90.001714, 4.999929, 647, 647, 0
95.001786, 5.000072, 652, 652, 0
100.00179, 5.000004, 640, 640, 0
105.001791, 5.000001, 633, 633, 0
110.001771, 4.99998, 642, 641, 1
115.001795, 5.000024, 631, 631, 0
120.001786, 4.999991, 647, 646, 1
125.001792, 5.000006, 645, 645, 0
130.001786, 4.999994, 637, 636, 1
135.001788, 5.000002, 654, 654, 0
140.001787, 4.999999, 645, 645, 0
145.001721, 4.999934, 651, 651, 0
150.001785, 5.000064, 630, 630, 0
155.001787, 5.000002, 651, 651, 0
160.001793, 5.000006, 652, 652, 0
165.001784, 4.999991, 634, 634, 0
170.001778, 4.999994, 633, 633, 0
175.001786, 5.000008, 650, 649, 1
180.001792, 5.000006, 653, 653, 0
181.004999, 1.003207, 133, 133, 0
