elapsed, window, total, successful, failed
5.000859, 5.000859, 6075, 6075, 0
10.001733, 5.000874, 6075, 6075, 0
15.001736, 5.000003, 6074, 6074, 0
20.001734, 4.999998, 6077, 6077, 0
25.001742, 5.000008, 6077, 6077, 0
30.001686, 4.999944, 6079, 6079, 0
35.001679, 4.999993, 6070, 6070, 0
40.001729, 5.00005, 6074, 6074, 0
45.00168, 4.999951, 6075, 6075, 0
50.00168, 5.0, 6073, 6073, 0
55.001681, 5.000001, 6078, 6078, 0
60.001677, 4.999996, 6077, 6077, 0
65.00168, 5.000003, 6078, 6078, 0
70.00168, 5.0, 6076, 6076, 0
75.001944, 5.000264, 6076, 6076, 0
80.001679, 4.999735, 6076, 6076, 0
85.001697, 5.000018, 6081, 6081, 0
90.001679, 4.999982, 6072, 6072, 0
95.00168, 5.000001, 6078, 6078, 0
100.001683, 5.000003, 6075, 6075, 0
105.001681, 4.999998, 6071, 6071, 0
110.00168, 4.999999, 6077, 6077, 0
115.002003, 5.000323, 6077, 6077, 0
120.001679, 4.999676, 6078, 6078, 0
121.001777, 1.000098, 1220, 1220, 0
