elapsed, window, n, min, mean, median, 95th, 99th, 99_9th, max, errors
5.000591, 5.000591, 375655, 185, 769.2, 675, 1477, 1974, 2903, 7184, 0
10.001606, 5.001015, 351150, 177, 765.6, 675, 1452, 1930, 2812, 9129, 0
15.001668, 5.000062, 346957, 194, 768.4, 677, 1478, 1958, 2749, 8637, 0
20.0015, 4.999832, 347571, 196, 766.5, 677, 1456, 1929, 2706, 4906, 0
25.001527, 5.000027, 343987, 203, 771.9, 682, 1474, 1946, 2755, 8088, 0
30.001574, 5.000047, 344488, 191, 774.8, 680, 1490, 2015, 2921, 7245, 0
35.001498, 4.999924, 345120, 196, 773.8, 681, 1479, 1971, 2777, 8138, 0
40.001536, 5.000038, 342644, 188, 776.4, 683, 1484, 1980, 2756, 8138, 0
45.001505, 4.999969, 343277, 184, 777.8, 683, 1492, 1985, 3170, 12280, 0
50.001533, 5.000028, 342369, 184, 777.2, 680, 1505, 2009, 2864, 8106, 0
55.001544, 5.000011, 343009, 185, 779.2, 683, 1502, 2027, 2819, 4782, 0
60.00154, 4.999996, 340968, 185, 779.8, 684, 1504, 2001, 2835, 8930, 0
65.00151, 4.99997, 343034, 187, 779.1, 682, 1507, 1993, 2701, 4812, 0
70.001603, 5.000093, 339785, 183, 781.2, 683, 1523, 2047, 2882, 7629, 0
75.00155, 4.999947, 341130, 187, 784.5, 685, 1530, 2054, 2931, 8544, 0
80.001546, 4.999996, 341818, 172, 782.7, 682, 1531, 2025, 2818, 6158, 0
85.001739, 5.000193, 339773, 204, 783.2, 683, 1529, 2060, 2924, 5118, 0
90.001541, 4.999802, 341015, 194, 782.6, 683, 1530, 2067, 2912, 6216, 0
95.001492, 4.999951, 339737, 187, 784.1, 682, 1530, 2056, 3115, 7170, 0
100.002278, 5.000786, 342849, 182, 781.7, 684, 1516, 2062, 2885, 6427, 0
105.000507, 4.998229, 340617, 196, 782.7, 683, 1527, 2058, 2876, 8258, 0
110.001532, 5.001025, 337316, 185, 788.0, 681, 1566, 2112, 3011, 9142, 0
115.001523, 4.999991, 341449, 188, 786.5, 678, 1559, 2106, 3254, 8749, 0
120.001502, 4.999979, 339275, 182, 782.7, 680, 1542, 2061, 2892, 7411, 0
121.002649, 1.001147, 65753, 182, 783.9, 681, 1545, 2072, 2990, 7968, 0
