elapsed, window, n, min, mean, median, 95th, 99th, 99_9th, max, errors
5.000188, 5.000188, 55221, 20596, 27373.5, 24136, 44483, 86984, 141172, 178377, 0
10.001121, 5.000933, 58668, 20616, 25543.2, 23861, 34728, 57791, 80953, 89819, 0
15.001133, 5.000012, 56996, 20613, 26191.6, 23904, 34114, 78761, 155244, 171698, 0
20.001142, 5.000009, 54384, 20575, 27394.4, 23603, 46347, 106956, 158365, 169635, 0
25.00121, 5.000068, 55483, 20622, 27032.9, 23374, 47321, 101026, 155254, 214784, 0
30.001142, 4.999932, 54864, 20589, 27493.2, 23460, 37910, 152186, 243885, 256086, 0
35.001142, 5.0, 57532, 20610, 26079.5, 23650, 37424, 76919, 108853, 120912, 0
40.001106, 4.999964, 58404, 20652, 25655.8, 23723, 35262, 62773, 105822, 123805, 0
45.001158, 5.000052, 56799, 20554, 26299.8, 23703, 40389, 76907, 114229, 132256, 0
50.00111, 4.999952, 53840, 20575, 27878.4, 23633, 47815, 111976, 176658, 192607, 0
55.001129, 5.000019, 58537, 20653, 25585.0, 23733, 34083, 69236, 100581, 111380, 0
60.00111, 4.999981, 58467, 20656, 25680.4, 23856, 33404, 69100, 120726, 147735, 0
65.001125, 5.000015, 56960, 20566, 26290.1, 23761, 36524, 80093, 170293, 185906, 0
70.001107, 4.999982, 58058, 20610, 25820.3, 23781, 35069, 65983, 105147, 116813, 0
75.001108, 5.000001, 57420, 20605, 25993.3, 23785, 33850, 79380, 126919, 146186, 0
80.001114, 5.000006, 56530, 20602, 26655.0, 23781, 40300, 88252, 141162, 152830, 0
85.001171, 5.000057, 55851, 20571, 26976.8, 23677, 40538, 106618, 152571, 173662, 0
90.001108, 4.999937, 58109, 20630, 25812.0, 23672, 34110, 75503, 104591, 114057, 0
95.001137, 5.000029, 57361, 20616, 26083.0, 23714, 36705, 71898, 158868, 176984, 0
100.001111, 4.999974, 57940, 20617, 25913.6, 23776, 36362, 70510, 97482, 115140, 0
105.001104, 4.999993, 57616, 20653, 25985.5, 23524, 35527, 79115, 180946, 199918, 0
110.001123, 5.000019, 56999, 20633, 26248.3, 23542, 39089, 78483, 141883, 163565, 0
115.001112, 4.999989, 57704, 20613, 25971.0, 23797, 37195, 64602, 118984, 142739, 0
120.001149, 5.000037, 56670, 20601, 26455.6, 23724, 37548, 86036, 157830, 168328, 0
121.006233, 1.005084, 11204, 20639, 26347.8, 23731, 35659, 86978, 164134, 177246, 0
