elapsed, window, n, min, mean, median, 95th, 99th, 99_9th, max, errors
5.001162, 5.001162, 0, 0, 0, 0, 0, 0, 0, 0, 0
10.001198, 5.000036, 0, 0, 0, 0, 0, 0, 0, 0, 0
15.001201, 5.000003, 0, 0, 0, 0, 0, 0, 0, 0, 0
20.001124, 4.999923, 8, 63781, 64501.3, 64586, 65020, 65020, 65020, 65020, 0
25.00118, 5.000056, 12, 63617, 64439.4, 64692, 64953, 64964, 64964, 64964, 0
30.001125, 4.999945, 0, 0, 0, 0, 0, 0, 0, 0, 0
35.001174, 5.000049, 0, 0, 0, 0, 0, 0, 0, 0, 0
40.001155, 4.999981, 6, 63595, 64317.7, 64196, 65008, 65008, 65008, 65008, 0
45.00113, 4.999975, 0, 0, 0, 0, 0, 0, 0, 0, 0
50.001136, 5.000006, 7, 63964, 64827.7, 64997, 65804, 65804, 65804, 65804, 0
55.001119, 4.999983, 8, 63541, 64215.9, 64361, 64771, 64771, 64771, 64771, 0
60.001173, 5.000054, 9, 63521, 64311.6, 64502, 64899, 64899, 64899, 64899, 0
65.001154, 4.999981, 13, 63681, 64495.0, 64578, 64954, 64954, 64954, 64954, 0
70.001129, 4.999975, 5, 63917, 64238.0, 63950, 64740, 64740, 64740, 64740, 0
75.001127, 4.999998, 9, 63607, 64527.2, 64505, 65280, 65280, 65280, 65280, 0
80.001145, 5.000018, 5, 63551, 64670.0, 64923, 65139, 65139, 65139, 65139, 0
85.001121, 4.999976, 5, 63615, 64386.4, 64512, 65127, 65127, 65127, 65127, 0
90.001128, 5.000007, 7, 63719, 64397.6, 64475, 64885, 64885, 64885, 64885, 0
95.001118, 4.99999, 0, 0, 0, 0, 0, 0, 0, 0, 0
100.001174, 5.000056, 8, 63591, 64326.1, 64450, 64715, 64715, 64715, 64715, 0
105.001181, 5.000007, 8, 63391, 64082.8, 64072, 64905, 64905, 64905, 64905, 0
110.001127, 4.999946, 7, 64018, 64362.0, 64371, 64705, 64705, 64705, 64705, 0
115.001119, 4.999992, 6, 63404, 64181.7, 63848, 64993, 64993, 64993, 64993, 0
120.001147, 5.000028, 7, 63886, 64532.3, 64700, 65053, 65053, 65053, 65053, 0
121.025273, 1.024126, 3, 64049, 64645.1, 64531, 65055, 65055, 65055, 65055, 0
