elapsed, window, n, min, mean, median, 95th, 99th, 99_9th, max, errors
5.001162, 5.001162, 0, 0, 0, 0, 0, 0, 0, 0, 0
10.001198, 5.000036, 48, 836, 1063.2, 1010, 1464, 1501, 1501, 1501, 0
15.001201, 5.000003, 160, 725, 1010.7, 968, 1377, 1500, 1684, 1684, 0
20.001124, 4.999923, 55, 699, 924.3, 890, 1198, 1276, 1414, 1414, 0
25.00118, 5.000056, 106, 700, 905.1, 893, 1107, 1284, 1337, 1337, 0
30.001125, 4.999945, 44, 770, 968.8, 922, 1224, 1501, 1501, 1501, 0
35.001174, 5.000049, 81, 705, 900.3, 866, 1199, 1319, 1538, 1538, 0
40.001155, 4.999981, 82, 724, 922.9, 902, 1168, 1255, 1379, 1379, 0
45.00113, 4.999975, 70, 674, 890.4, 876, 1072, 1138, 1178, 1178, 0
50.001136, 5.000006, 84, 723, 933.6, 913, 1160, 1189, 1196, 1196, 0
55.001119, 4.999983, 71, 731, 909.5, 860, 1144, 1224, 1237, 1237, 0
60.001173, 5.000054, 64, 683, 866.0, 859, 1020, 1073, 1129, 1129, 0
65.001154, 4.999981, 73, 684, 900.6, 884, 1103, 1178, 1278, 1278, 0
70.001129, 4.999975, 82, 715, 920.0, 924, 1144, 1193, 1195, 1195, 0
75.001127, 4.999998, 56, 670, 845.5, 830, 990, 1062, 1147, 1147, 0
80.001145, 5.000018, 80, 683, 891.1, 872, 1106, 1200, 1221, 1221, 0
85.001121, 4.999976, 77, 671, 860.5, 831, 1045, 1104, 1243, 1243, 0
90.001128, 5.000007, 78, 682, 881.2, 877, 1066, 1081, 1234, 1234, 0
95.001118, 4.99999, 75, 704, 860.4, 841, 1045, 1203, 1414, 1414, 0
100.001174, 5.000056, 69, 724, 891.6, 879, 1071, 1152, 1387, 1387, 0
105.001181, 5.000007, 86, 679, 862.6, 840, 1045, 1127, 1267, 1267, 0
110.001127, 4.999946, 75, 692, 874.7, 864, 1062, 1201, 1252, 1252, 0
115.001119, 4.999992, 67, 692, 854.2, 848, 1009, 1117, 1228, 1228, 0
120.001147, 5.000028, 66, 689, 884.6, 872, 1045, 1145, 1232, 1232, 0
121.025273, 1.024126, 16, 689, 889.5, 865, 1081, 1232, 1301, 1301, 0
