elapsed, window, n, min, mean, median, 95th, 99th, 99_9th, max, errors
5.000966, 5.000966, 1108, 91418, 143577.5, 171820, 192099, 193963, 239684, 247196, 0
10.00198, 5.001014, 1107, 91098, 146112.6, 176987, 192380, 194237, 217026, 270899, 1
15.001909, 4.999929, 1115, 91298, 145954.0, 175285, 192089, 193845, 202350, 205159, 0
20.001902, 4.999993, 1109, 91012, 144800.7, 173509, 192382, 194430, 196187, 200755, 0
25.001907, 5.000005, 1128, 91199, 146073.9, 176717, 192085, 193807, 195022, 195500, 0
30.001894, 4.999987, 1104, 91329, 144971.3, 175720, 192089, 194119, 197699, 203148, 0
35.001897, 5.000003, 1098, 91084, 147402.5, 177014, 192204, 194039, 195576, 197019, 1
40.001898, 5.000001, 1076, 91245, 145746.0, 175379, 192524, 194058, 196077, 196202, 0
45.001899, 5.000001, 1092, 91259, 145347.8, 174068, 192219, 194115, 196202, 196722, 1
50.001898, 4.999999, 1126, 91207, 144630.4, 173607, 192262, 194026, 195783, 196223, 0
55.001931, 5.000033, 1081, 91238, 143900.7, 172366, 192338, 194005, 217691, 225208, 0
60.001914, 4.999983, 1116, 91358, 148288.3, 178786, 192725, 194368, 235348, 238517, 0
65.001889, 4.999975, 1076, 91011, 146459.0, 176819, 192332, 201991, 410619, 433651, 0
70.001903, 5.000014, 781, 91112, 148995.9, 177402, 200895, 311449, 433651, 607120, 0
75.001919, 5.000016, 482, 91275, 413796.6, 181941, 3027191, 5409248, 5694990, 5694990, 0
80.001898, 4.999979, 1087, 91322, 144002.7, 173910, 192470, 194358, 198513, 206897, 0
85.001946, 5.000048, 1101, 91183, 145178.4, 174338, 192319, 195078, 254509, 270272, 0
90.001917, 4.999971, 1099, 91295, 149760.8, 180402, 193718, 240036, 270531, 294522, 0
95.001924, 5.000007, 1094, 91080, 146575.9, 176531, 192716, 194136, 195700, 196412, 1
100.001963, 5.000039, 1102, 91166, 147327.7, 177724, 193136, 194628, 282991, 299660, 0
105.001944, 4.999981, 1087, 91169, 145964.7, 176026, 192674, 194196, 202012, 291373, 0
110.002081, 5.000137, 1103, 91299, 146588.3, 176853, 192890, 194176, 291314, 305729, 0
115.000931, 4.99885, 1089, 91284, 146166.3, 176060, 193563, 195580, 270325, 280125, 0
120.001967, 5.001036, 1132, 91296, 147430.2, 178144, 193196, 195036, 204767, 236904, 0
121.003038, 1.001071, 219, 91354, 147457.4, 178051, 193116, 195036, 201293, 236904, 0
