elapsed, window, total, successful, failed
5.000236, 5.000236, 559324, 559324, 0
10.001104, 5.000868, 501371, 501371, 0
15.001276, 5.000172, 496465, 496465, 0
20.001085, 4.999809, 494608, 494608, 0
25.00109, 5.000005, 495351, 495351, 0
30.001101, 5.000011, 491396, 491396, 0
35.001212, 5.000111, 495624, 495624, 0
40.001229, 5.000017, 494355, 494355, 0
45.001162, 4.999933, 493366, 493366, 0
50.00112, 4.999958, 495867, 495867, 0
55.001157, 5.000037, 493197, 493197, 0
60.001088, 4.999931, 492802, 492802, 0
65.001104, 5.000016, 495390, 495390, 0
70.001247, 5.000143, 495008, 495008, 0
75.001143, 4.999896, 491281, 491281, 0
80.001239, 5.000096, 494886, 494886, 0
85.001224, 4.999985, 491835, 491835, 0
90.001257, 5.000033, 491244, 491244, 0
95.001119, 4.999862, 496590, 496590, 0
100.001144, 5.000025, 493087, 493087, 0
105.001094, 4.99995, 493797, 493797, 0
110.001091, 4.999997, 495279, 495279, 0
115.001167, 5.000076, 493954, 493954, 0
120.001092, 4.999925, 494727, 494727, 0
121.002576, 1.001484, 97365, 97365, 0
