elapsed, window, n, min, mean, median, 95th, 99th, 99_9th, max, errors
5.000534, 5.000534, 288951, 204, 1321.3, 1147, 2832, 3745, 5252, 8224, 0
10.001733, 5.001199, 274883, 208, 1324.3, 1150, 2843, 3799, 5147, 8358, 0
15.001718, 4.999985, 271208, 188, 1326.2, 1163, 2796, 3686, 5152, 9373, 0
20.00156, 4.999842, 271734, 197, 1328.3, 1162, 2814, 3770, 5232, 9126, 0
25.001564, 5.000004, 269622, 198, 1332.7, 1147, 2894, 3868, 5323, 10744, 0
30.001623, 5.000059, 269399, 189, 1334.7, 1167, 2811, 3724, 5814, 20669, 0
35.001578, 4.999955, 270693, 198, 1331.2, 1161, 2832, 3883, 5330, 9863, 0
40.001564, 4.999986, 269769, 182, 1332.2, 1156, 2864, 3822, 5318, 8435, 0
45.001588, 5.000024, 271046, 205, 1332.3, 1152, 2863, 3839, 5266, 9584, 0
50.001536, 4.999948, 269231, 201, 1338.3, 1151, 2921, 3935, 5465, 8917, 0
55.001533, 4.999997, 269300, 211, 1335.9, 1151, 2901, 3881, 5688, 15358, 0
60.001589, 5.000056, 270903, 197, 1334.3, 1164, 2837, 3743, 5190, 8447, 0
65.001583, 4.999994, 268964, 181, 1336.8, 1176, 2813, 3707, 5156, 9307, 0
70.001556, 4.999973, 267641, 190, 1343.1, 1157, 2905, 3923, 5478, 10726, 0
75.001604, 5.000048, 267197, 212, 1343.8, 1168, 2887, 3850, 5233, 10726, 0
80.001562, 4.999958, 269462, 208, 1339.3, 1169, 2860, 3814, 5241, 9560, 0
85.001672, 5.00011, 267218, 198, 1345.7, 1163, 2923, 3913, 5362, 9560, 0
90.001544, 4.999872, 266585, 198, 1348.0, 1158, 2939, 3943, 5337, 8746, 0
95.001525, 4.999981, 265529, 188, 1358.0, 1152, 3015, 4094, 5774, 9670, 0
100.001621, 5.000096, 265239, 202, 1353.9, 1161, 2968, 3975, 5510, 9372, 0
105.001543, 4.999922, 267591, 188, 1352.6, 1148, 2981, 4070, 5817, 17145, 0
110.001697, 5.000154, 266626, 202, 1349.9, 1160, 2935, 3896, 5374, 8405, 0
115.001542, 4.999845, 268135, 181, 1349.6, 1173, 2894, 3843, 5269, 8340, 0
120.001549, 5.000007, 264554, 195, 1355.8, 1163, 2973, 4002, 5705, 13012, 0
121.002627, 1.001078, 53821, 195, 1357.4, 1156, 3008, 4125, 5904, 13012, 0
