elapsed, window, n, min, mean, median, 95th, 99th, 99_9th, max, errors
5.001086, 5.001086, 16, 914, 3810.8, 1826, 8030, 14281, 14281, 14281, 0
10.001112, 5.000026, 0, 0, 0, 0, 0, 0, 0, 0, 0
15.001081, 4.999969, 0, 0, 0, 0, 0, 0, 0, 0, 0
20.001099, 5.000018, 0, 0, 0, 0, 0, 0, 0, 0, 0
25.001085, 4.999986, 6, 926, 1049.2, 1052, 1143, 1143, 1143, 1143, 0
30.001063, 4.999978, 0, 0, 0, 0, 0, 0, 0, 0, 0
35.001109, 5.000046, 5, 927, 993.4, 1005, 1047, 1047, 1047, 1047, 0
40.001072, 4.999963, 0, 0, 0, 0, 0, 0, 0, 0, 0
45.001034, 4.999962, 0, 0, 0, 0, 0, 0, 0, 0, 0
50.001088, 5.000054, 0, 0, 0, 0, 0, 0, 0, 0, 0
55.001081, 4.999993, 0, 0, 0, 0, 0, 0, 0, 0, 0
60.001069, 4.999988, 0, 0, 0, 0, 0, 0, 0, 0, 0
65.001107, 5.000038, 0, 0, 0, 0, 0, 0, 0, 0, 0
70.001018, 4.999911, 6, 873, 960.6, 931, 1053, 1053, 1053, 1053, 0
75.002065, 5.001047, 0, 0, 0, 0, 0, 0, 0, 0, 0
80.001069, 4.999004, 0, 0, 0, 0, 0, 0, 0, 0, 0
85.001028, 4.999959, 0, 0, 0, 0, 0, 0, 0, 0, 0
90.002068, 5.00104, 5, 996, 1058.2, 1057, 1140, 1140, 1140, 1140, 0
95.001093, 4.999025, 0, 0, 0, 0, 0, 0, 0, 0, 0
100.001087, 4.999994, 0, 0, 0, 0, 0, 0, 0, 0, 0
105.001012, 4.999925, 0, 0, 0, 0, 0, 0, 0, 0, 0
110.002168, 5.001156, 0, 0, 0, 0, 0, 0, 0, 0, 0
115.00108, 4.998912, 0, 0, 0, 0, 0, 0, 0, 0, 0
120.001019, 4.999939, 5, 804, 918.8, 933, 1015, 1015, 1015, 1015, 0
121.025142, 1.024123, 0, 804, 918.8, 933, 1015, 1015, 1015, 1015, 0
