elapsed, window, n, min, mean, max, errors, median
5.001176, 5.001176,350362, 0,11.4385, 475,0,10
10.000943, 4.999767,351393, 0,11.4514, 578,0,10
15.001942, 5.000999,350936, 0,11.3842, 578,0,10
20.001972, 5.00003,350255, 0,11.4341, 603,0,10
25.002181, 5.000209,350303, 0,11.4829, 391,0,10
30.001002, 4.998821,350252, 0,11.4342, 6049,0,10
35.002001, 5.000999,350067, 0,11.4026, 5387,0,10
40.002022, 5.000021,350298, 0,11.4, 480,0,10
45.000954, 4.998932,350166, 0,11.4171, 629,0,10
50.001936, 5.000982,349632, 0,11.4172, 629,0,10
55.002019, 5.000083,349551, 0,11.4171, 512,0,10
60.000939, 4.99892,349155, 0,11.4342, 390,0,10
65.001958, 5.001019,349137, 0,11.4512, 605,0,10
70.001937, 4.999979,350130, 4,11.517, 890,0,10
75.001955, 5.000018,350378, 5,11.5, 614,0,10
80.001962, 5.000007,349535, 0,11.5171, 587,0,10
85.001968, 5.000006,349632, 5,11.5171, 604,0,10
90.001938, 4.99997,349491, 5,11.5, 987,0,10
95.001936, 4.999998,349366, 0,11.5, 724,0,10
100.00196, 5.000024,349404, 0,11.55, 5431,0,10
105.001941, 4.999981,349503, 0,11.5, 606,0,10
110.001939, 4.999998,349349, 0,11.4842, 560,0,10
115.001938, 4.999999,350674, 0,11.4511, 698,0,10
120.001942, 5.000004,349253, 0,11.5, 1410,0,10
121.00607, 1.004128,70476, 0,11.5163, 1410,0,10

