elapsed, window, n, min, mean, max, errors, median
5.000404, 5.000404,896361, 484,7594.72, 681330,0, 3525
10.001089, 5.000685,872148, 482,7688.24, 794494,0, 3434
15.001143, 5.000054,863662, 484,7712.34, 590970,0, 3525
20.001086, 4.999943,861014, 464,7743.26, 742961,0, 3516
25.001133, 5.000047,865965, 491,7707.66, 788129,0, 3535
30.001076, 4.999943,856896, 482,7800.28, 892111,0, 3516
35.001071, 4.999995,862047, 471,7734.45, 681586,0, 3573
40.001128, 5.000057,860058, 511,7774.54, 907188,0, 3572
45.001087, 4.999959,857454, 502,7770.18, 581213,0, 3543
50.001106, 5.000019,854774, 441,7797.41, 744868,0, 3450
55.001071, 4.999965,849707, 477,7821.94, 666665,0, 3448
60.001125, 5.000054,849632, 477,7871.52, 761804,0, 3501
65.001202, 5.000077,846314, 478,7879.38, 624309,0, 3493
70.001071, 4.999869,841935, 483,7915.41, 823466,0, 3452
75.001065, 4.999994,837566, 495,7933.22, 774385,0, 3448
80.001134, 5.000069,840229, 493,7944.09, 770101,0, 3474
85.001095, 4.999961,836926, 483,7932.06, 1288208,0, 3488
90.001096, 5.000001,837824, 497,8005.44, 815587,0, 3513
95.001072, 4.999976,840384, 488,7964.96, 780192,0, 3553
100.001068, 4.999996,837314, 513,7992.55, 780192,0, 3513
105.00109, 5.000022,841865, 487,7951.84, 722818,0, 3549
110.001069, 4.999979,835827, 478,7994.77, 827863,0, 3539
115.001159, 5.00009,836129, 471,7999.04, 775016,0, 3523
120.001101, 4.999942,836491, 495,8000.77, 775016,0, 3529
121.004217, 1.003116,168779, 495,7971.77, 694441,0, 3537

