elapsed, window, n, min, mean, max, errors, median
5.000703, 5.000703,184570, 949,11525.7, 211889,0,3868.01
10.001724, 5.001021,175041, 944,12284.7, 308738,0,3752.31
15.001675, 4.999951,174152, 923,12502.9, 335667,0,3885.8
20.001676, 5.000001,174908, 969,12355.9, 237172,0,3835.77
25.0016, 4.999924,174752, 924,12304.2, 172264,0,3806.43
30.001751, 5.000151,173017, 976,12457.1, 168956,0,3947.16
35.001609, 4.999858,173206, 958,12504, 168688,0,3933
40.001607, 4.999998,173551, 971,12474.6, 173146,0,3962.78
45.001617, 5.00001,171327, 984,12666.2, 173146,0,4061.27
50.001611, 4.999994,166211, 930,12772.6, 701547,0,3805.39
55.001691, 5.00008,173987, 933,12116.2, 244538,0,4001.66
60.001607, 4.999916,176591, 920,11901.4, 286994,0,4073.91
65.001677, 5.00007,178011, 920,11719.9, 175179,0,4157.44
70.001699, 5.000022,179292, 980,11534.1, 173936,0,4226.21
75.001601, 4.999902,178317, 1008,11483.8, 178999,0,4287.06
80.001615, 5.000014,179445, 950,11308.6, 195189,0,4303.38
85.001621, 5.000006,181463, 970,11004.9, 173191,0,4299.47
90.001746, 5.000125,180528, 970,11087, 171926,0,4286.24
95.001703, 4.999957,179768, 946,11203.2, 342707,0,4443.49
100.001664, 4.999961,179337, 953,11169.3, 190213,0,4558.54
105.001674, 5.00001,180784, 997,11056.4, 196323,0,4594.43
110.001604, 4.99993,178074, 960,11382.1, 348836,0,4419.23
115.0016, 4.999996,179485, 964,11170.5, 306827,0,4519.27
120.001631, 5.000031,180180, 919,11284, 172064,0,4439.58
125.001627, 4.999996,179612, 982,11338.7, 172064,0,4392.05
130.001703, 5.000076,179111, 996,11510.3, 172226,0,4429.36
135.00161, 4.999907,177039, 986,11597.1, 171981,0,4382.17
140.001634, 5.000024,175909, 951,11751, 326201,0,4344.26
145.00162, 4.999986,176158, 886,11840, 237853,0,4404.91
150.001626, 5.000006,177596, 946,11676.5, 170872,0,4325.9
155.001627, 5.000001,175077, 929,11816.6, 174397,0,4326.48
160.001635, 5.000008,175034, 977,12006.8, 349928,0,4356
165.001642, 5.000007,177167, 991,11890.5, 172383,0,4438.32
170.00172, 5.000078,176082, 971,11971.7, 395462,0,4349.87
175.001688, 4.999968,175363, 945,12038.3, 173579,0,4358.52
180.001657, 4.999969,176406, 982,12017.5, 198559,0,4405.58
181.007712, 1.006055,34866, 982,11962.9, 198559,0,4256.77

