elapsed, window, n, min, mean, median, 95th, 99th, 99_9th, max, errors
5.00094, 5.00094, 143, 279, 314.2, 313, 342, 362, 371, 371, 0
10.001998, 5.001058, 120, 273, 311.4, 310, 341, 362, 366, 366, 0
15.001943, 4.999945, 95, 289, 316.2, 313, 339, 346, 369, 369, 0
20.001942, 4.999999, 103, 287, 320.1, 319, 352, 379, 393, 393, 0
25.001994, 5.000052, 76, 283, 317.0, 313, 350, 385, 420, 420, 0
30.00194, 4.999946, 94, 269, 314.1, 312, 340, 352, 355, 355, 0
35.001942, 5.000002, 124, 275, 320.3, 314, 341, 354, 1184, 1184, 0
40.00199, 5.000048, 126, 279, 316.3, 316, 351, 371, 388, 388, 0
45.001941, 4.999951, 112, 283, 319.6, 319, 345, 365, 375, 375, 0
50.00199, 5.000049, 120, 276, 315.6, 313, 345, 366, 369, 369, 0
55.00199, 5.0, 119, 273, 319.0, 315, 350, 362, 367, 367, 0
60.001941, 4.999951, 119, 284, 316.9, 313, 354, 391, 399, 399, 0
65.001941, 5.0, 113, 279, 313.7, 314, 342, 347, 352, 352, 0
70.001941, 5.0, 95, 273, 313.2, 314, 338, 347, 373, 373, 0
75.00199, 5.000049, 102, 279, 316.7, 315, 345, 367, 452, 452, 0
80.001942, 4.999952, 126, 271, 317.3, 317, 352, 358, 362, 362, 0
85.001989, 5.000047, 122, 274, 316.7, 316, 342, 368, 377, 377, 0
90.00199, 5.000001, 97, 280, 319.8, 319, 360, 362, 373, 373, 0
95.001989, 4.999999, 87, 286, 321.7, 320, 358, 367, 379, 379, 0
100.001943, 4.999954, 106, 277, 320.9, 321, 352, 372, 413, 413, 0
105.001941, 4.999998, 127, 275, 317.2, 315, 351, 372, 388, 388, 0
110.00199, 5.000049, 118, 273, 314.8, 314, 346, 383, 385, 385, 0
115.001941, 4.999951, 120, 275, 315.6, 312, 353, 358, 359, 359, 0
120.001941, 5.0, 116, 277, 317.3, 315, 349, 374, 376, 376, 0
121.001975, 1.000034, 31, 277, 317.2, 315, 349, 374, 376, 376, 0
