elapsed, window, n, min, mean, median, 95th, 99th, 99_9th, max, errors
5.000784, 5.000784, 35833, 368, 6076.8, 1799, 43141, 46723, 51502, 60435, 0
10.001723, 5.000939, 33384, 369, 6209.6, 1835, 43222, 46798, 52555, 58385, 0
15.00177, 5.000047, 33134, 369, 6074.9, 1884, 43042, 46600, 52196, 64081, 0
20.001742, 4.999972, 32887, 352, 6309.4, 1850, 43382, 47138, 52454, 61396, 0
25.001801, 5.000059, 32701, 363, 6280.6, 1885, 43255, 47165, 52020, 65598, 0
30.001718, 4.999917, 32611, 372, 6150.0, 1931, 43129, 47111, 52450, 60968, 0
35.001822, 5.000104, 32804, 365, 6327.4, 1902, 43204, 46874, 53639, 60261, 0
40.001742, 4.99992, 34663, 355, 5935.9, 1663, 43057, 46305, 51248, 61140, 0
45.001804, 5.000062, 34810, 367, 5759.6, 1602, 42921, 46298, 51710, 61962, 0
50.001731, 4.999927, 34380, 348, 5898.8, 1650, 43082, 46236, 51096, 57643, 0
55.001726, 4.999995, 34544, 349, 5820.8, 1646, 43001, 46163, 51374, 59867, 0
60.001792, 5.000066, 34584, 362, 5961.1, 1665, 43090, 46344, 50849, 58864, 0
65.001724, 4.999932, 34503, 345, 5867.9, 1654, 42955, 46229, 50546, 59851, 0
70.001731, 5.000007, 34428, 366, 5894.2, 1646, 42994, 46311, 50877, 67815, 0
75.001842, 5.000111, 34390, 354, 5902.5, 1627, 43033, 46326, 50668, 62387, 0
80.001714, 4.999872, 34536, 326, 5893.5, 1632, 43005, 46239, 50610, 58976, 0
85.001716, 5.000002, 34416, 353, 5955.5, 1676, 43145, 46463, 50894, 61749, 0
90.001716, 5.0, 34453, 342, 5834.7, 1672, 42973, 46406, 50880, 60433, 0
95.001737, 5.000021, 34411, 348, 5890.8, 1696, 42997, 46200, 51256, 59181, 0
100.001732, 4.999995, 34083, 359, 5835.9, 1706, 42978, 46215, 51025, 59328, 0
105.001739, 5.000007, 34365, 330, 5862.7, 1718, 43009, 46335, 51966, 61222, 0
110.001757, 5.000018, 34422, 381, 5868.4, 1844, 43079, 45999, 49502, 54273, 0
115.001709, 4.999952, 33518, 323, 5990.8, 1843, 43109, 46450, 52170, 57563, 0
120.00175, 5.000041, 33853, 339, 5877.9, 1788, 43052, 46447, 52121, 58809, 0
121.014629, 1.012879, 7257, 349, 5867.8, 1771, 43082, 46394, 51790, 57615, 0
