elapsed, window, n, min, mean, median, 95th, 99th, 99_9th, max, errors
5.000334, 5.000334, 26972, 82, 130.0, 118, 197, 306, 718, 1793, 0
10.001366, 5.001032, 27152, 83, 130.0, 118, 201, 293, 570, 3950, 0
15.001124, 4.999758, 26322, 79, 129.7, 118, 201, 294, 523, 2779, 0
20.001074, 4.99995, 26668, 82, 130.4, 118, 204, 292, 509, 2973, 0
25.001082, 5.000008, 25826, 82, 128.3, 117, 199, 275, 429, 1022, 0
30.001126, 5.000044, 26636, 78, 129.4, 118, 202, 285, 467, 1364, 0
35.001082, 4.999956, 26803, 78, 130.5, 118, 206, 288, 452, 3043, 0
40.001076, 4.999994, 26653, 80, 131.1, 119, 207, 301, 495, 759, 0
45.001129, 5.000053, 26430, 80, 127.9, 117, 195, 270, 480, 768, 0
50.001132, 5.000003, 26653, 82, 129.8, 118, 200, 286, 470, 716, 0
55.001169, 5.000037, 26909, 79, 130.2, 119, 204, 287, 444, 907, 0
60.001116, 4.999947, 26333, 82, 129.6, 118, 199, 288, 466, 4986, 0
65.00129, 5.000174, 26400, 79, 129.6, 118, 201, 286, 459, 5395, 0
70.001336, 5.000046, 26957, 82, 131.2, 119, 207, 292, 478, 865, 0
75.001079, 4.999743, 26832, 82, 128.4, 118, 197, 275, 454, 3767, 0
80.001075, 4.999996, 26844, 81, 128.8, 118, 198, 277, 437, 867, 0
85.001139, 5.000064, 26115, 81, 130.4, 118, 205, 288, 500, 4462, 0
90.001378, 5.000239, 27294, 80, 128.7, 117, 198, 283, 480, 2926, 0
95.001113, 4.999735, 26657, 81, 129.2, 118, 199, 274, 425, 4673, 0
100.001083, 4.99997, 26186, 82, 128.4, 118, 198, 275, 406, 594, 0
105.001078, 4.999995, 26234, 81, 128.9, 117, 199, 288, 459, 3641, 0
110.001126, 5.000048, 26981, 82, 128.6, 118, 200, 280, 431, 710, 0
115.001075, 4.999949, 26412, 81, 126.8, 116, 193, 275, 431, 773, 0
120.001125, 5.00005, 25631, 82, 126.1, 116, 193, 267, 410, 773, 0
121.00317, 1.002045, 5346, 82, 126.6, 116, 194, 272, 439, 821, 0
