elapsed, window, n, min, mean, median, 95th, 99th, 99_9th, max, errors
5.000695, 5.000695, 0, 0, 0, 0, 0, 0, 0, 0, 0
10.001651, 5.000956, 0, 0, 0, 0, 0, 0, 0, 0, 0
15.001674, 5.000023, 0, 0, 0, 0, 0, 0, 0, 0, 0
20.001645, 4.999971, 0, 0, 0, 0, 0, 0, 0, 0, 0
25.001614, 4.999969, 147, 151312, 207623.9, 155091, 428939, 474568, 475507, 475507, 0
30.001707, 5.000093, 353, 151961, 743333.9, 735714, 1433079, 1575285, 1656949, 1656949, 0
35.001704, 4.999997, 0, 0, 0, 0, 0, 0, 0, 0, 0
40.001628, 4.999924, 500, 151110, 345804.1, 251971, 787226, 882599, 977125, 977125, 0
45.001682, 5.000054, 0, 0, 0, 0, 0, 0, 0, 0, 0
50.001704, 5.000022, 0, 0, 0, 0, 0, 0, 0, 0, 0
55.001716, 5.000012, 500, 151223, 173378.2, 153099, 224109, 638765, 1167287, 1167287, 0
60.00159, 4.999874, 0, 151936, 165535.4, 153197, 187154, 229747, 229747, 229747, 0
65.001692, 5.000102, 0, 0, 0, 0, 0, 0, 0, 0, 0
70.001692, 5.0, 0, 0, 0, 0, 0, 0, 0, 0, 0
75.001595, 4.999903, 0, 0, 0, 0, 0, 0, 0, 0, 0
80.001657, 5.000062, 0, 0, 0, 0, 0, 0, 0, 0, 0
85.001642, 4.999985, 0, 0, 0, 0, 0, 0, 0, 0, 0
90.001598, 4.999956, 0, 0, 0, 0, 0, 0, 0, 0, 0
95.001655, 5.000057, 0, 0, 0, 0, 0, 0, 0, 0, 0
100.001648, 4.999993, 0, 0, 0, 0, 0, 0, 0, 0, 0
105.001642, 4.999994, 0, 0, 0, 0, 0, 0, 0, 0, 0
110.001602, 4.99996, 0, 0, 0, 0, 0, 0, 0, 0, 0
115.001704, 5.000102, 72, 151379, 153463.6, 152747, 153806, 163213, 186192, 186192, 0
120.001574, 4.99987, 428, 151236, 185489.6, 153451, 317419, 346063, 418218, 418218, 0
121.022785, 1.021211, 0, 151236, 195137.2, 157590, 330435, 376482, 418218, 418218, 0
