elapsed, window, n, min, mean, median, 95th, 99th, 99_9th, max, errors
5.000747, 5.000747, 15601, 22406, 42101.2, 40468, 61857, 88557, 122994, 154442, 16037
10.001621, 5.000874, 19467, 22054, 42589.2, 41333, 62462, 79075, 101155, 121774, 12268
15.001837, 5.000216, 22009, 21984, 42718.0, 40188, 66532, 102965, 159749, 179837, 9486
20.001614, 4.999777, 23376, 22275, 42866.7, 41500, 62461, 85395, 108751, 131267, 8329
25.001619, 5.000005, 25013, 22312, 43162.7, 40272, 71241, 104068, 150625, 166091, 6351
30.001635, 5.000016, 25581, 22684, 43351.9, 41873, 63047, 80155, 101762, 115694, 5925
35.001635, 5.0, 26753, 22617, 43539.6, 41826, 64868, 86110, 109177, 125452, 4610
40.001729, 5.000094, 26745, 21993, 44035.0, 42442, 65453, 82553, 103252, 124516, 4348
45.001977, 5.000248, 27165, 22465, 44211.3, 42339, 66965, 87630, 108945, 123483, 3784
50.001683, 4.999706, 26870, 21985, 44412.8, 41538, 71577, 97432, 152272, 169288, 3833
55.001667, 4.999984, 27580, 22848, 44333.5, 41514, 72332, 97576, 136209, 160666, 3215
60.001633, 4.999966, 27658, 22562, 44528.3, 40862, 78044, 102506, 142859, 157264, 3025
65.001615, 4.999982, 27679, 22448, 44866.9, 42817, 69279, 89046, 107972, 122676, 2836
70.001855, 5.00024, 27876, 22587, 44821.3, 42030, 72251, 95350, 112890, 135269, 2623
75.001812, 4.999957, 27441, 22758, 45386.6, 41265, 78519, 132588, 168191, 191121, 2650
80.001657, 4.999845, 27617, 22847, 46118.6, 41319, 78101, 148013, 230459, 255960, 1986
85.001634, 4.999977, 27422, 22755, 46181.3, 41876, 81263, 123851, 181838, 205914, 2119
90.001648, 5.000014, 27340, 22741, 46652.3, 41674, 86767, 134869, 153423, 167333, 1925
95.001645, 4.999997, 27418, 22312, 46211.8, 41304, 76385, 158292, 208513, 221131, 2017
100.001652, 5.000007, 27208, 23180, 46159.6, 41769, 73296, 168004, 229473, 249860, 2234
105.001641, 4.999989, 27217, 22815, 47306.1, 41854, 85211, 150137, 176324, 203690, 1683
110.001707, 5.000066, 27651, 22916, 47049.5, 42604, 82791, 122075, 147692, 161682, 1491
115.00168, 4.999973, 28107, 22629, 46298.2, 43051, 76008, 112980, 138007, 155335, 1432
120.001615, 4.999935, 27558, 22887, 46453.8, 41944, 71946, 198835, 239479, 270897, 1803
121.006683, 1.005068, 5665, 22887, 46353.0, 41947, 69272, 204704, 241764, 270897, 314
