elapsed, window, total, successful, failed
5.000066, 5.000066, 161434, 161434, 0
10.001087, 5.001021, 151916, 151916, 0
15.001092, 5.000005, 151963, 151963, 0
20.001071, 4.999979, 151929, 151929, 0
25.001065, 4.999994, 152890, 152890, 0
30.001068, 5.000003, 152350, 152350, 0
35.001069, 5.000001, 149953, 149953, 0
40.001063, 4.999994, 150074, 150074, 0
45.001063, 5.0, 151355, 151355, 0
50.001139, 5.000076, 152967, 152967, 0
55.001066, 4.999927, 148532, 148532, 0
60.001116, 5.00005, 150608, 150608, 0
65.001058, 4.999942, 152769, 152769, 0
70.001066, 5.000008, 152110, 152110, 0
75.001057, 4.999991, 151756, 151756, 0
80.001064, 5.000007, 152524, 152524, 0
85.001078, 5.000014, 150158, 150158, 0
90.001074, 4.999996, 153879, 153879, 0
95.001095, 5.000021, 151825, 151825, 0
100.001058, 4.999963, 150642, 150642, 0
105.00114, 5.000082, 149310, 149310, 0
110.001065, 4.999925, 149083, 149083, 0
115.001072, 5.000007, 153296, 153296, 0
120.001106, 5.000034, 151303, 151303, 0
121.004165, 1.003059, 31773, 31773, 0
