elapsed, window, n, min, mean, median, 95th, 99th, 99_9th, max, errors
5.000951, 5.000951, 733, 248, 40671.2, 387, 168888, 726694, 839662, 850083, 0
10.001958, 5.001007, 601, 239, 117777.4, 369, 775796, 856323, 909221, 953835, 0
15.001953, 4.999995, 656, 236, 105896.2, 368, 726895, 857875, 911135, 919846, 0
20.001918, 4.999965, 537, 242, 118556.0, 380, 777066, 860444, 935077, 938786, 0
25.001956, 5.000038, 563, 231, 101627.4, 370, 718764, 856812, 877662, 914741, 0
30.001955, 4.999999, 542, 230, 109552.4, 350, 755385, 859368, 865051, 875490, 0
35.001953, 4.999998, 606, 230, 115057.9, 374, 751182, 860453, 917691, 919672, 0
40.001916, 4.999963, 633, 237, 113218.1, 398, 756229, 859382, 896081, 917691, 0
45.001953, 5.000037, 552, 241, 101888.5, 355, 732894, 853692, 870966, 879296, 0
50.001937, 4.999984, 524, 231, 102967.1, 351, 721236, 825481, 863469, 875835, 0
55.001955, 5.000018, 554, 235, 110782.1, 347, 770437, 835771, 860392, 862094, 0
60.001954, 4.999999, 560, 230, 96609.9, 350, 723356, 856934, 862919, 917490, 0
65.001955, 5.000001, 545, 231, 119216.3, 438, 769398, 856219, 914643, 917490, 0
70.001954, 4.999999, 511, 245, 100641.5, 369, 735490, 824546, 859475, 859513, 0
75.001961, 5.000007, 498, 230, 88899.6, 337, 715175, 798484, 864491, 875465, 0
80.001955, 4.999994, 568, 230, 114457.3, 352, 757736, 858677, 938761, 955474, 0
85.001955, 5.0, 517, 231, 106476.3, 373, 712100, 829182, 879974, 880223, 0
90.00195, 4.999995, 557, 229, 117400.0, 367, 735761, 858778, 880884, 936696, 0
95.001901, 4.999951, 543, 242, 112791.2, 359, 748982, 851747, 878406, 936696, 0
100.001909, 5.000008, 535, 231, 104009.4, 349, 746993, 812497, 860229, 886744, 0
105.001954, 5.000045, 509, 245, 108025.8, 368, 776458, 859462, 917478, 937620, 0
110.001953, 4.999999, 472, 232, 122734.4, 355, 788204, 854766, 860980, 887181, 0
115.001953, 5.0, 532, 239, 108496.1, 351, 729595, 809034, 864485, 897640, 0
120.001929, 4.999976, 606, 237, 105698.6, 357, 745875, 850168, 861198, 941505, 0
121.009883, 1.007954, 104, 237, 106226.8, 356, 753144, 835759, 861198, 941505, 0
