elapsed, window, n, min, mean, median, 95th, 99th, 99_9th, max, errors
5.000324, 5.000324, 400, 612, 1389.6, 898, 4561, 4654, 4823, 4823, 0
10.001275, 5.000951, 250, 597, 870.9, 815, 1029, 2790, 3402, 3402, 0
15.001314, 5.000039, 400, 550, 788.7, 784, 945, 1053, 1338, 1338, 0
20.001276, 4.999962, 250, 561, 801.2, 780, 975, 1160, 1852, 1852, 0
25.001311, 5.000035, 400, 536, 778.1, 769, 953, 1030, 1065, 1065, 0
30.001312, 5.000001, 200, 577, 789.4, 780, 973, 1047, 1078, 1078, 0
35.001284, 4.999972, 150, 563, 800.1, 787, 1024, 1059, 1164, 1164, 0
40.00128, 4.999996, 150, 563, 807.7, 802, 955, 1037, 1041, 1041, 0
45.001274, 4.999994, 100, 636, 825.6, 807, 1022, 1161, 1230, 1230, 0
50.001285, 5.000011, 50, 631, 821.4, 804, 957, 1108, 1108, 1108, 0
55.001218, 4.999933, 150, 519, 774.6, 775, 933, 1033, 1128, 1128, 0
60.001288, 5.00007, 350, 491, 834.1, 820, 1054, 1273, 1348, 1348, 0
65.001222, 4.999934, 450, 567, 804.6, 804, 937, 996, 1093, 1093, 0
70.001335, 5.000113, 100, 615, 822.5, 806, 991, 1025, 1066, 1066, 0
75.001327, 4.999992, 0, 0, 0, 0, 0, 0, 0, 0, 0
80.001332, 5.000005, 450, 536, 842.1, 825, 1055, 1134, 1625, 1625, 0
85.001307, 4.999975, 250, 561, 813.9, 813, 997, 1062, 1417, 1417, 0
90.001335, 5.000028, 400, 543, 799.9, 799, 959, 1069, 1172, 1172, 0
95.001314, 4.999979, 350, 526, 771.5, 761, 932, 1094, 1115, 1115, 0
100.001272, 4.999958, 150, 607, 796.7, 784, 965, 1018, 1032, 1032, 0
105.001315, 5.000043, 450, 500, 790.0, 781, 973, 1058, 1152, 1152, 0
110.001328, 5.000013, 250, 529, 821.1, 803, 1014, 1087, 1469, 1469, 0
115.001329, 5.000001, 200, 574, 827.1, 815, 1000, 1085, 1131, 1131, 0
120.001306, 4.999977, 443, 559, 820.0, 810, 1023, 1095, 1188, 1188, 0
121.004425, 1.003119, 150, 539, 821.8, 813, 1014, 1058, 1223, 1223, 0
