elapsed, window, total, successful, failed
5.000828, 5.000828, 618500, 618500, 0
10.001849, 5.001021, 546673, 546673, 0
15.00189, 5.000041, 540429, 540429, 0
20.00184, 4.99995, 551084, 551084, 0
25.001866, 5.000026, 544035, 544035, 0
30.001868, 5.000002, 544925, 544925, 0
35.001917, 5.000049, 544777, 544777, 0
40.00183, 4.999913, 543288, 543288, 0
45.001956, 5.000126, 548479, 548479, 0
50.001861, 4.999905, 549256, 549256, 0
55.001859, 4.999998, 543210, 543210, 0
60.001837, 4.999978, 544173, 544173, 0
65.001961, 5.000124, 547556, 547556, 0
70.001829, 4.999868, 545365, 545365, 0
75.001863, 5.000034, 560703, 560703, 0
80.001926, 5.000063, 534352, 534352, 0
85.001828, 4.999902, 537484, 537484, 0
90.001876, 5.000048, 536042, 536042, 0
95.001977, 5.000101, 536794, 536794, 0
100.001845, 4.999868, 539020, 539020, 0
105.001881, 5.000036, 540846, 540846, 0
110.00191, 5.000029, 537186, 537186, 0
115.001843, 4.999933, 538171, 538171, 0
120.001872, 5.000029, 533066, 533066, 0
121.023932, 1.02206, 108979, 108979, 0
