elapsed, window, n, min, mean, median, 95th, 99th, 99_9th, max, errors
5.000293, 5.000293, 0, 0, 0, 0, 0, 0, 0, 0, 0
10.001224, 5.000931, 0, 0, 0, 0, 0, 0, 0, 0, 0
15.001247, 5.000023, 500, 508, 687.3, 671, 844, 991, 1227, 1227, 0
20.001295, 5.000048, 0, 0, 0, 0, 0, 0, 0, 0, 0
25.001312, 5.000017, 0, 0, 0, 0, 0, 0, 0, 0, 0
30.001175, 4.999863, 0, 0, 0, 0, 0, 0, 0, 0, 0
35.00124, 5.000065, 0, 0, 0, 0, 0, 0, 0, 0, 0
40.001306, 5.000066, 0, 0, 0, 0, 0, 0, 0, 0, 0
45.00131, 5.000004, 0, 0, 0, 0, 0, 0, 0, 0, 0
50.001291, 4.999981, 0, 0, 0, 0, 0, 0, 0, 0, 0
55.001288, 4.999997, 0, 0, 0, 0, 0, 0, 0, 0, 0
60.00124, 4.999952, 0, 0, 0, 0, 0, 0, 0, 0, 0
65.001286, 5.000046, 0, 0, 0, 0, 0, 0, 0, 0, 0
70.001238, 4.999952, 0, 0, 0, 0, 0, 0, 0, 0, 0
75.001248, 5.00001, 500, 505, 705.3, 662, 950, 1486, 1817, 1817, 0
80.00129, 5.000042, 400, 507, 709.2, 673, 934, 1269, 2300, 2300, 0
85.001178, 4.999888, 600, 504, 707.3, 675, 966, 1320, 1646, 2199, 0
90.001287, 5.000109, 0, 0, 0, 0, 0, 0, 0, 0, 0
95.001303, 5.000016, 500, 532, 31851.3, 1536, 114564, 142188, 191394, 191394, 0
100.001244, 4.999941, 395, 488, 704.9, 682, 842, 1136, 2867, 2867, 0
105.001194, 4.99995, 105, 488, 732.7, 694, 878, 2126, 2984, 2984, 0
110.001292, 5.000098, 0, 0, 0, 0, 0, 0, 0, 0, 0
115.001297, 5.000005, 500, 498, 774.6, 676, 1001, 3555, 7139, 7139, 0
120.001291, 4.999994, 0, 0, 0, 0, 0, 0, 0, 0, 0
121.020409, 1.019118, 0, 0, 0, 0, 0, 0, 0, 0, 0
