elapsed, window, n, min, mean, median, 95th, 99th, 99_9th, max, errors
5.000293, 5.000293, 0, 0, 0, 0, 0, 0, 0, 0, 0
10.001224, 5.000931, 0, 0, 0, 0, 0, 0, 0, 0, 0
15.001247, 5.000023, 500, 481, 660.9, 637, 794, 973, 4091, 4091, 0
20.001295, 5.000048, 0, 0, 0, 0, 0, 0, 0, 0, 0
25.001312, 5.000017, 0, 0, 0, 0, 0, 0, 0, 0, 0
30.001175, 4.999863, 0, 0, 0, 0, 0, 0, 0, 0, 0
35.00124, 5.000065, 0, 0, 0, 0, 0, 0, 0, 0, 0
40.001306, 5.000066, 0, 0, 0, 0, 0, 0, 0, 0, 0
45.00131, 5.000004, 0, 0, 0, 0, 0, 0, 0, 0, 0
50.001291, 4.999981, 0, 0, 0, 0, 0, 0, 0, 0, 0
55.001288, 4.999997, 0, 0, 0, 0, 0, 0, 0, 0, 0
60.00124, 4.999952, 0, 0, 0, 0, 0, 0, 0, 0, 0
65.001286, 5.000046, 0, 0, 0, 0, 0, 0, 0, 0, 0
70.001238, 4.999952, 0, 0, 0, 0, 0, 0, 0, 0, 0
75.001248, 5.00001, 499, 482, 642.7, 627, 809, 1002, 1277, 1277, 0
80.00129, 5.000042, 215, 510, 672.0, 638, 915, 1127, 1674, 1674, 0
85.001178, 4.999888, 786, 496, 670.3, 638, 918, 1245, 1821, 1849, 0
90.001287, 5.000109, 0, 0, 0, 0, 0, 0, 0, 0, 0
95.001303, 5.000016, 500, 481, 948.9, 713, 2133, 4910, 10954, 10954, 0
100.001244, 4.999941, 253, 498, 665.7, 644, 854, 977, 1704, 1704, 0
105.001194, 4.99995, 247, 498, 682.6, 662, 854, 1331, 1828, 1828, 0
110.001292, 5.000098, 0, 0, 0, 0, 0, 0, 0, 0, 0
115.001297, 5.000005, 500, 486, 668.2, 642, 817, 1202, 2395, 2395, 0
120.001291, 4.999994, 0, 0, 0, 0, 0, 0, 0, 0, 0
121.020409, 1.019118, 0, 0, 0, 0, 0, 0, 0, 0, 0
