elapsed, window, n, min, mean, median, 95th, 99th, 99_9th, max, errors
5.000271, 5.000271, 5070, 20912, 37147.5, 34817, 59023, 67961, 100743, 103728, 0
10.001448, 5.001177, 5107, 20792, 36412.9, 34414, 58192, 65572, 70326, 74501, 0
15.001437, 4.999989, 5102, 20736, 36520.6, 34413, 57667, 66050, 72464, 76816, 0
20.00126, 4.999823, 5120, 20862, 36269.5, 34186, 57765, 65241, 71845, 75467, 0
25.001263, 5.000003, 5149, 20782, 35984.5, 34155, 57281, 66037, 71502, 78068, 0
30.00125, 4.999987, 5142, 20828, 35955.3, 34079, 57264, 65958, 71957, 75177, 0
35.00136, 5.00011, 5113, 20794, 36066.4, 34251, 58021, 66068, 72114, 77213, 0
40.001249, 4.999889, 5142, 20790, 36085.3, 34240, 57282, 65668, 73388, 80759, 0
45.001249, 5.0, 5120, 20846, 36197.6, 34277, 57758, 65243, 71973, 76732, 0
50.001225, 4.999976, 5163, 20681, 36221.9, 34278, 57770, 65530, 73291, 80945, 0
55.001223, 4.999998, 5139, 20736, 36118.2, 34223, 57559, 65593, 71172, 75034, 0
60.001223, 5.0, 5110, 20783, 36286.6, 34238, 57813, 66280, 72470, 76873, 0
65.001252, 5.000029, 5111, 20827, 36334.7, 34233, 58416, 66292, 72097, 76876, 0
70.001226, 4.999974, 5137, 20827, 36054.7, 34154, 57691, 66065, 72513, 75816, 0
75.001251, 5.000025, 5088, 20891, 36316.1, 34223, 57315, 66797, 72716, 75603, 0
80.001228, 4.999977, 5170, 20767, 36114.6, 34286, 57368, 66171, 72633, 77019, 0
85.001223, 4.999995, 5106, 20871, 36407.2, 34294, 57957, 66579, 72005, 76655, 0
90.001253, 5.00003, 5126, 20743, 36323.9, 34371, 58142, 66612, 74086, 75993, 0
95.001223, 4.99997, 5165, 20716, 35935.1, 33962, 57268, 66030, 70328, 72681, 0
100.001225, 5.000002, 5143, 20731, 36177.5, 34312, 57992, 66547, 72174, 76133, 0
105.001241, 5.000016, 5155, 20823, 36177.7, 34294, 57558, 65998, 71326, 76587, 0
110.001225, 4.999984, 5157, 20616, 36034.7, 34187, 56547, 65860, 71550, 75557, 0
115.001224, 4.999999, 5115, 20790, 36168.7, 34123, 57737, 66523, 70976, 79387, 0
120.00125, 5.000026, 5145, 20660, 36334.8, 34253, 58674, 66016, 71865, 78771, 0
121.002313, 1.001063, 1022, 20660, 36281.9, 34274, 58451, 65913, 70433, 73518, 0
