elapsed, window, n, min, mean, median, 95th, 99th, 99_9th, max, errors
5.001279, 5.001279, 10870, 78, 113.9, 102, 136, 183, 1995, 2175, 0
10.000999, 4.99972, 10898, 76, 104.3, 101, 131, 164, 205, 331, 0
15.001996, 5.000997, 10892, 77, 104.7, 101, 131, 164, 211, 359, 0
20.001995, 4.999999, 10914, 77, 106.9, 103, 134, 167, 291, 3956, 0
25.00213, 5.000135, 10880, 75, 105.2, 102, 134, 166, 219, 444, 0
30.000998, 4.998868, 10871, 76, 104.6, 101, 131, 164, 205, 367, 0
35.002002, 5.001004, 10903, 76, 105.1, 101, 135, 168, 226, 599, 0
40.002308, 5.000306, 10897, 78, 104.8, 101, 133, 165, 215, 315, 0
45.001004, 4.998696, 10900, 78, 105.4, 102, 133, 166, 233, 771, 0
50.002003, 5.000999, 10893, 77, 105.0, 102, 132, 164, 225, 463, 0
55.001999, 4.999996, 10889, 78, 104.6, 101, 132, 163, 212, 601, 0
60.002006, 5.000007, 10900, 78, 104.4, 101, 131, 166, 224, 460, 0
65.001997, 4.999991, 10891, 75, 104.8, 101, 133, 165, 210, 289, 0
70.001996, 4.999999, 10897, 77, 104.7, 101, 131, 163, 216, 311, 0
75.001947, 4.999951, 10873, 74, 104.5, 101, 131, 161, 200, 217, 0
80.001947, 5.0, 10893, 76, 105.1, 101, 133, 169, 257, 979, 0
85.001967, 5.00002, 10899, 77, 105.4, 102, 134, 168, 213, 590, 0
90.001949, 4.999982, 10894, 78, 104.4, 101, 131, 162, 198, 239, 0
95.001942, 4.999993, 10869, 78, 104.7, 101, 132, 162, 210, 560, 0
100.001999, 5.000057, 10880, 75, 105.1, 102, 134, 165, 243, 454, 0
105.001989, 4.99999, 10897, 75, 104.9, 101, 132, 165, 231, 1921, 0
110.002001, 5.000012, 10897, 74, 104.9, 101, 133, 163, 220, 348, 0
115.001997, 4.999996, 10886, 78, 105.6, 102, 134, 168, 208, 3361, 0
120.0021, 5.000103, 10878, 77, 106.2, 102, 135, 168, 230, 3409, 0
121.001995, 0.999895, 2166, 77, 106.4, 102, 135, 169, 229, 3409, 0
