elapsed, window, n, min, mean, median, 95th, 99th, 99_9th, max, errors
5.000618, 5.000618, 10143, 77, 457.4, 166, 2017, 4250, 11232, 19565, 0
10.001621, 5.001003, 10971, 79, 445.3, 164, 1939, 4504, 7320, 9301, 0
15.001641, 5.00002, 11004, 78, 422.4, 164, 1759, 3933, 6186, 8291, 0
20.001605, 4.999964, 10997, 77, 419.8, 162, 1843, 3934, 6186, 8379, 0
25.001632, 5.000027, 10980, 79, 448.8, 171, 2034, 4180, 8038, 11770, 0
30.00158, 4.999948, 10991, 81, 428.9, 166, 1946, 3523, 5474, 8025, 0
35.001628, 5.000048, 10995, 79, 439.6, 166, 2088, 3838, 6213, 7534, 0
40.001624, 4.999996, 10986, 79, 435.3, 166, 1996, 4078, 5933, 7233, 0
45.001572, 4.999948, 10997, 77, 434.6, 165, 1849, 4334, 7095, 9802, 0
50.001573, 5.000001, 10998, 80, 454.4, 176, 2020, 4250, 6461, 8479, 0
55.001591, 5.000018, 11020, 78, 438.5, 170, 1809, 4276, 8176, 10775, 0
60.00157, 4.999979, 11020, 79, 427.6, 164, 1831, 3868, 6294, 10375, 0
65.001619, 5.000049, 11011, 81, 430.6, 166, 1868, 3718, 6374, 8262, 0
70.00157, 4.999951, 11026, 78, 419.7, 165, 1786, 3751, 6741, 9183, 0
75.001565, 4.999995, 11014, 82, 435.5, 165, 1889, 4277, 7326, 8646, 0
80.001623, 5.000058, 11021, 79, 423.6, 163, 1859, 3947, 6259, 7057, 0
85.00157, 4.999947, 10976, 78, 437.2, 166, 1915, 4056, 6697, 9171, 0
90.001608, 5.000038, 10989, 78, 417.9, 167, 1812, 3791, 6215, 7863, 0
95.001572, 4.999964, 11012, 79, 414.2, 162, 1814, 3603, 5814, 6942, 0
100.001574, 5.000002, 11001, 81, 424.5, 166, 1840, 3597, 5614, 7081, 0
105.00188, 5.000306, 11009, 79, 427.8, 167, 1846, 3821, 7304, 11554, 0
110.00157, 4.99969, 10984, 77, 429.8, 164, 1893, 3751, 6062, 8254, 0
115.001571, 5.000001, 11006, 78, 423.8, 165, 1901, 3671, 6237, 8786, 0
120.001569, 4.999998, 10975, 77, 446.1, 175, 1886, 3819, 6752, 8596, 0
121.002671, 1.001102, 2209, 77, 432.9, 172, 1835, 3755, 5518, 7921, 0
