elapsed, window, n, min, mean, median, 95th, 99th, 99_9th, max, errors
5.000411, 5.000411, 46559, 20395, 21050.8, 20896, 21352, 24282, 44494, 50889, 0
10.001445, 5.001034, 46609, 20422, 20905.5, 20882, 21270, 21542, 22498, 24946, 0
15.001387, 4.999942, 46645, 20428, 20896.6, 20874, 21244, 21476, 22192, 26693, 0
20.001393, 5.000006, 46741, 20401, 20883.6, 20864, 21227, 21453, 21790, 23688, 0
25.001387, 4.999994, 46697, 20373, 20883.0, 20863, 21227, 21436, 21760, 25543, 0
30.001384, 4.999997, 46680, 20408, 20883.8, 20866, 21227, 21444, 21785, 22454, 0
35.001395, 5.000011, 46706, 20422, 20891.8, 20874, 21236, 21454, 21798, 25276, 0
40.001382, 4.999987, 46676, 20391, 20895.1, 20872, 21242, 21494, 22765, 24881, 0
45.00142, 5.000038, 46788, 20382, 20885.6, 20868, 21223, 21426, 21737, 25663, 0
50.001452, 5.000032, 46641, 20420, 20898.1, 20873, 21247, 21538, 23304, 26974, 0
55.001409, 4.999957, 46606, 20416, 20906.4, 20875, 21274, 21630, 23539, 28653, 0
60.001526, 5.000117, 46717, 20392, 20886.6, 20866, 21227, 21447, 22170, 27017, 0
65.001407, 4.999881, 46733, 20425, 20885.8, 20867, 21231, 21444, 21822, 26027, 0
70.001479, 5.000072, 46655, 20398, 20885.3, 20866, 21230, 21466, 21904, 24678, 0
75.00147, 4.999991, 46701, 20391, 20884.2, 20864, 21231, 21461, 22084, 24728, 0
80.001405, 4.999935, 46779, 20430, 20878.2, 20860, 21211, 21422, 21808, 25044, 0
85.001435, 5.00003, 46700, 20386, 20888.2, 20865, 21237, 21511, 22798, 25912, 0
90.00158, 5.000145, 46739, 20388, 20881.0, 20861, 21222, 21430, 21807, 25895, 0
95.001394, 4.999814, 46715, 20407, 20890.3, 20864, 21242, 21503, 23387, 25521, 0
100.001409, 5.000015, 46710, 20398, 20886.2, 20863, 21228, 21483, 22648, 27784, 0
105.001382, 4.999973, 46744, 20378, 20871.4, 20854, 21198, 21404, 21841, 26248, 0
110.001382, 5.0, 46851, 20400, 20870.0, 20854, 21197, 21392, 21660, 24114, 0
115.001392, 5.00001, 46714, 20402, 20875.9, 20853, 21209, 21441, 23264, 25545, 0
120.001433, 5.000041, 46778, 20409, 20870.5, 20850, 21206, 21426, 22062, 25545, 0
121.003535, 1.002102, 9365, 20409, 20864.2, 20846, 21194, 21386, 21720, 25361, 0
