elapsed, window, n, min, mean, max, errors, median
5.000504, 5.000504,3768518, 278,11596.2, 139137,0, 7431
10.001669, 5.001165,3456865, 259,11707.3, 150695,0, 7369
15.001578, 4.999909,3426168, 248,11680.4, 138761,0, 7571
20.00158, 5.000002,3426891, 267,11667.1, 160225,0, 7286
25.00156, 4.99998,3419089, 269,11678.4, 168775,0, 7453
30.001663, 5.000103,3416005, 265,11689.2, 168775,0, 7086
35.00148, 4.999817,3417122, 254,11689.1, 168208,0, 7451
40.001447, 4.999967,3420586, 269,11687.3, 183209,0, 7050
45.001455, 5.000008,3412956, 309,11704.9, 183209,0, 7607
50.001442, 4.999987,3414889, 271,11709.6, 154400,0, 9760
55.001445, 5.000003,3392180, 227,11758.6, 130433,0, 9605
60.001598, 5.000153,3381502, 236,11811.8, 191041,0, 9528
65.001471, 4.999873,3392106, 273,11784.5, 139896,0, 9802
70.0015, 5.000029,3390511, 223,11785.1, 139896,0, 9658
75.001444, 4.999944,3382692, 255,11785.2, 136615,0, 9483
80.001529, 5.000085,3392130, 283,11803.5, 136615,0, 9736
85.001443, 4.999914,3388853, 289,11791.7, 137976,0, 9767
90.00157, 5.000127,3384537, 295,11794.7, 170610,0, 9805
95.001509, 4.999939,3375022, 215,11831.2, 170610,0, 9082
100.001491, 4.999982,3399158, 266,11810.5, 147037,0, 9317
105.001479, 4.999988,3384054, 270,11806.6, 137392,0, 9228
110.001484, 5.000005,3380017, 287,11815.5, 153581,0, 9359
115.001466, 4.999982,3386882, 287,11801.8, 149172,0, 9445
120.001562, 5.000096,3390942, 286,11787.7, 146381,0, 9774
121.049662, 1.0481,687773, 277,11800.9, 146381,0, 9671

