elapsed, window, n, min, mean, median, 95th, 99th, 99_9th, max, errors
5.000358, 5.000358, 484, 670, 24882.8, 8151, 123608, 183830, 235376, 235376, 0
10.00136, 5.001002, 274, 615, 170058.3, 10667, 830362, 957641, 1004908, 1004908, 0
15.001348, 4.999988, 124, 768, 1460483.3, 1578914, 3063809, 3182843, 3192688, 3192688, 0
20.001293, 4.999945, 38, 1813, 2849595.5, 4232400, 4654650, 4758457, 4758457, 4758457, 0
25.001358, 5.000065, 0, 0, 0, 0, 0, 0, 0, 0, 0
30.001301, 4.999943, 70, 644, 9503285.2, 10297980, 12084265, 12135316, 12157911, 12157911, 0
35.001301, 5.0, 24, 2352, 13496516.6, 16770593, 17155765, 17187900, 17187900, 17187900, 0
40.001355, 5.000054, 1, 1459, 14184212.9, 16396357, 16770593, 16770593, 16770593, 16770593, 0
45.001348, 4.999993, 5, 1459, 2500.2, 2589, 3027, 3027, 3027, 3027, 0
50.001349, 5.000001, 15, 2362, 25106031.9, 28550080, 29023705, 29116723, 29116723, 29116723, 0
55.001353, 5.000004, 11, 4733, 29977655.7, 32958165, 33154631, 33186403, 33186403, 33186403, 0
60.001358, 5.000005, 0, 0, 0, 0, 0, 0, 0, 0, 0
65.001382, 5.000024, 36, 5010, 35366342.3, 35972513, 40410069, 40484525, 40484525, 40484525, 0
70.001377, 4.999995, 0, 0, 0, 0, 0, 0, 0, 0, 0
75.001402, 5.000025, 0, 0, 0, 0, 0, 0, 0, 0, 0
80.001302, 4.9999, 38, 16778320, 47265645.9, 48062216, 49390181, 49645392, 49645392, 49645392, 0
85.001297, 4.999995, 0, 0, 0, 0, 0, 0, 0, 0, 0
90.001341, 5.000044, 0, 0, 0, 0, 0, 0, 0, 0, 0
95.001347, 5.000006, 0, 0, 0, 0, 0, 0, 0, 0, 0
100.001339, 4.999992, 0, 0, 0, 0, 0, 0, 0, 0, 0
105.001295, 4.999956, 5, 1763, 13762773.6, 3736, 68801509, 68801509, 68801509, 68801509, 0
110.001345, 5.00005, 0, 0, 0, 0, 0, 0, 0, 0, 0
115.001354, 5.000009, 0, 0, 0, 0, 0, 0, 0, 0, 0
120.001401, 5.000047, 0, 0, 0, 0, 0, 0, 0, 0, 0
125.00139, 4.999989, 0, 0, 0, 0, 0, 0, 0, 0, 0
130.001409, 5.000019, 0, 0, 0, 0, 0, 0, 0, 0, 0
135.001398, 4.999989, 0, 0, 0, 0, 0, 0, 0, 0, 0
139.603335, 4.601937, 0, 0, 0, 0, 0, 0, 0, 0, 0
