elapsed, window, n, min, mean, median, 95th, 99th, 99_9th, max, errors
5.000396, 5.000396, 14027, 536, 13461.9, 839, 45993, 48066, 48971, 49792, 0
10.001422, 5.001026, 13915, 522, 13608.4, 796, 45395, 48036, 48734, 49273, 0
15.001417, 4.999995, 13938, 531, 13525.5, 812, 45546, 48049, 48861, 50764, 0
20.001379, 4.999962, 13910, 526, 13623.0, 830, 45061, 47977, 48762, 49872, 0
25.001428, 5.000049, 13938, 523, 13584.6, 858, 44867, 47939, 48977, 49726, 0
30.001375, 4.999947, 13905, 500, 13593.8, 842, 45275, 47999, 48969, 49969, 0
35.001374, 4.999999, 13936, 499, 13740.9, 857, 44828, 47864, 48740, 49855, 0
40.001423, 5.000049, 13951, 486, 13571.6, 826, 44826, 47874, 48776, 49630, 0
45.001393, 4.99997, 13945, 498, 13713.2, 764, 44997, 47852, 48604, 49137, 0
50.0017, 5.000307, 13902, 496, 13485.1, 772, 45494, 47908, 48629, 49188, 0
55.001422, 4.999722, 13914, 511, 13405.8, 754, 45881, 48046, 48751, 49458, 0
60.001369, 4.999947, 13942, 508, 13460.9, 750, 45808, 47996, 48731, 49118, 0
65.001442, 5.000073, 13962, 508, 13648.6, 745, 45485, 47927, 48682, 49425, 0
70.001371, 4.999929, 13942, 507, 13232.8, 764, 45489, 48036, 48770, 49597, 0
75.001432, 5.000061, 13937, 510, 13688.6, 742, 45611, 47931, 48657, 49455, 0
80.001403, 4.999971, 13892, 499, 13439.1, 749, 46145, 48052, 48675, 49046, 0
85.001402, 4.999999, 13962, 508, 13700.2, 785, 45518, 47957, 48662, 49543, 0
90.001694, 5.000292, 13906, 511, 13594.7, 768, 45706, 48021, 48611, 49699, 0
95.001377, 4.999683, 13925, 507, 13788.9, 784, 46015, 48088, 48851, 49122, 0
100.00137, 4.999993, 13933, 514, 13503.2, 752, 45580, 48034, 48863, 49696, 0
105.001405, 5.000035, 13926, 508, 13761.0, 765, 46105, 48059, 48761, 49508, 0
110.001378, 4.999973, 13901, 508, 13638.1, 755, 45780, 47990, 48698, 49997, 0
115.001378, 5.0, 13933, 514, 13655.1, 761, 45883, 48019, 48800, 49504, 0
120.001379, 5.000001, 13963, 507, 13432.4, 764, 45571, 47937, 48793, 51247, 0
121.007875, 1.006496, 2798, 507, 13347.1, 766, 45281, 47935, 48748, 51247, 0
