elapsed, window, n, min, mean, median, 95th, 99th, 99_9th, max, errors
5.000369, 5.000369, 7301, 1567, 4433.0, 3139, 12403, 16344, 21718, 32778, 0
10.001354, 5.000985, 7048, 1648, 4354.2, 3112, 12251, 16787, 21661, 28759, 0
15.001321, 4.999967, 7145, 1605, 4456.5, 3131, 12592, 16498, 25226, 32586, 0
20.001325, 5.000004, 7135, 1515, 4434.2, 3126, 12484, 16809, 25245, 31772, 0
25.001437, 5.000112, 6988, 1523, 4378.7, 3113, 12481, 16791, 25430, 31089, 0
30.001315, 4.999878, 4586, 1523, 6524.5, 3118, 12562, 16874, 1645964, 1764573, 0
35.001473, 5.000158, 3651, 1561, 4443.8, 3022, 12634, 18862, 40501, 70769, 0
40.001327, 4.999854, 5955, 1542, 7570.4, 3047, 12491, 17550, 59038, 3242031, 0
45.001514, 5.000187, 4829, 1506, 5131.4, 3084, 12887, 18099, 32000, 1622159, 0
50.001498, 4.999984, 3458, 1539, 4295.7, 3011, 12365, 16443, 21141, 28552, 0
55.001319, 4.999821, 6450, 1410, 6247.8, 3025, 12267, 17168, 32675, 3142974, 0
60.001333, 5.000014, 4894, 1520, 6217.8, 3035, 12529, 17026, 1488402, 1686180, 0
65.001467, 5.000134, 3110, 1356, 4374.6, 2976, 12594, 18290, 27096, 33865, 0
70.001354, 4.999887, 6694, 1442, 6811.2, 3065, 12594, 18195, 43471, 3222939, 0
75.001307, 4.999953, 2342, 1502, 8333.3, 3074, 12835, 17644, 153032, 3374810, 0
80.001463, 5.000156, 5164, 1445, 4245.8, 2970, 12187, 16160, 23172, 32077, 0
85.001339, 4.999876, 4728, 1540, 9100.6, 3017, 12263, 16197, 3253070, 3279123, 0
90.001373, 5.000034, 4930, 1507, 6753.7, 3041, 12288, 16825, 1581083, 1667004, 0
95.001362, 4.999989, 5003, 1559, 6710.1, 3082, 12207, 16965, 1535645, 1586340, 0
100.001315, 4.999953, 4951, 1586, 8065.2, 3054, 12845, 17624, 1535645, 1586340, 0
105.001319, 5.000004, 2375, 1526, 12140.3, 3074, 12400, 17076, 3253615, 3356495, 0
110.001397, 5.000078, 7183, 1623, 4386.8, 3130, 12258, 16020, 20221, 25881, 0
115.001318, 4.999921, 6986, 1494, 4400.0, 3130, 12398, 16446, 22766, 78982, 0
120.001306, 4.999988, 7116, 1523, 4397.5, 3066, 12593, 17063, 24549, 95106, 0
121.003591, 1.002285, 1626, 1523, 4342.7, 3014, 12577, 17027, 24549, 95106, 0
