elapsed, window, n, min, mean, median, 95th, 99th, 99_9th, max, errors
5.000338, 5.000338, 21895, 5, 11.4, 11, 18, 25, 40, 275, 0
10.001391, 5.001053, 21940, 5, 11.2, 10, 18, 25, 38, 79, 0
15.001365, 4.999974, 22006, 5, 11.1, 10, 18, 24, 34, 158, 0
20.001348, 4.999983, 22006, 5, 11.1, 10, 18, 24, 37, 97, 0
25.001372, 5.000024, 22001, 5, 11.1, 10, 18, 24, 38, 89, 0
30.001386, 5.000014, 22009, 5, 11.1, 10, 18, 24, 38, 92, 0
35.00134, 4.999954, 21998, 5, 11.1, 10, 18, 25, 39, 169, 0
40.00134, 5.0, 21969, 5, 11.0, 10, 18, 24, 34, 97, 0
45.00134, 5.0, 21977, 5, 11.2, 10, 18, 25, 46, 89, 0
50.001356, 5.000016, 22014, 5, 11.2, 10, 18, 25, 37, 71, 0
55.001389, 5.000033, 22008, 5, 11.1, 10, 18, 24, 36, 153, 0
60.001341, 4.999952, 22019, 5, 11.0, 10, 18, 24, 36, 79, 0
65.001339, 4.999998, 21998, 5, 11.1, 10, 18, 24, 34, 82, 0
70.001338, 4.999999, 22008, 5, 11.2, 10, 18, 25, 35, 76, 0
75.001355, 5.000017, 22020, 5, 11.0, 10, 18, 24, 36, 86, 0
80.001351, 4.999996, 22007, 5, 11.1, 10, 18, 24, 35, 81, 0
85.00139, 5.000039, 22032, 6, 11.2, 10, 18, 25, 34, 83, 0
90.001351, 4.999961, 22005, 5, 11.1, 10, 18, 24, 43, 79, 0
95.001341, 4.99999, 22016, 5, 11.0, 10, 18, 24, 35, 83, 0
100.00136, 5.000019, 22013, 5, 11.0, 10, 18, 23, 33, 153, 0
105.001356, 4.999996, 21989, 5, 11.0, 10, 18, 24, 33, 78, 0
110.001381, 5.000025, 22020, 5, 11.1, 10, 18, 25, 38, 85, 0
115.001346, 4.999965, 22029, 5, 11.2, 10, 18, 25, 43, 101, 0
120.00135, 5.000004, 21990, 5, 11.1, 10, 18, 24, 37, 76, 0
121.002561, 1.001211, 4394, 5, 11.0, 10, 18, 24, 35, 76, 0
