elapsed, window, n, min, mean, median, 95th, 99th, 99_9th, max, errors
5.000977, 5.000977, 361, 279, 12305.8, 5554, 42274, 53981, 59590, 59590, 0
10.001997, 5.00102, 337, 280, 11132.8, 381, 36501, 53495, 60267, 60267, 0
15.002037, 5.00004, 345, 282, 13309.9, 5796, 41721, 48256, 54411, 54411, 0
20.00098, 4.998943, 321, 288, 12185.6, 5551, 41865, 53716, 54411, 54411, 0
25.001982, 5.001002, 315, 289, 12397.6, 5764, 41665, 47881, 53874, 53874, 0
30.001985, 5.000003, 369, 282, 11164.4, 369, 41930, 48456, 59651, 59651, 0
35.001929, 4.999944, 356, 282, 10059.2, 353, 42108, 53478, 59593, 59593, 0
40.001928, 4.999999, 336, 282, 13279.3, 5835, 47538, 53383, 59959, 59959, 0
45.001928, 5.0, 323, 273, 12137.1, 5602, 47445, 53720, 59775, 59775, 0
50.001932, 5.000004, 338, 273, 12117.4, 5642, 41871, 53486, 54485, 54485, 0
55.001978, 5.000046, 356, 276, 12286.9, 5504, 42165, 48086, 54205, 54205, 0
60.00197, 4.999992, 331, 278, 12355.6, 5787, 42295, 48291, 54093, 54093, 0
65.002289, 5.000319, 357, 277, 13430.2, 5826, 42253, 54093, 59937, 59937, 0
70.000978, 4.998689, 337, 281, 12326.9, 5732, 41975, 48420, 59937, 59937, 0
75.001979, 5.001001, 318, 276, 13159.6, 5891, 42322, 53648, 59879, 59879, 0
80.001931, 4.999952, 291, 272, 12926.4, 5721, 42205, 53793, 59879, 59879, 0
85.001937, 5.000006, 321, 273, 14302.0, 5961, 47611, 53756, 59714, 59714, 0
90.001977, 5.00004, 325, 280, 12435.6, 5661, 47507, 48201, 60364, 60364, 0
95.001977, 5.0, 362, 278, 13273.6, 5873, 47495, 48058, 54214, 54214, 0
100.002264, 5.000287, 365, 282, 12052.5, 5622, 41632, 48523, 59820, 59820, 0
105.000928, 4.998664, 351, 278, 12318.7, 5533, 41810, 53462, 53936, 53936, 0
110.00193, 5.001002, 349, 273, 12055.7, 381, 41934, 53391, 54080, 54080, 0
115.001929, 4.999999, 335, 283, 13200.9, 5699, 47694, 53802, 59677, 59677, 0
120.001929, 5.0, 320, 277, 13277.7, 5744, 42377, 48000, 59468, 59468, 0
121.002014, 1.000085, 62, 277, 12986.9, 5725, 42260, 47977, 59468, 59468, 0
