elapsed, window, n, min, mean, median, 95th, 99th, 99_9th, max, errors
5.000827, 5.000827, 23847, 20262, 20764.2, 20529, 21868, 23555, 30425, 36392, 0
10.001776, 5.000949, 23975, 20258, 20594.8, 20498, 21344, 21929, 22564, 24514, 0
15.002066, 5.00029, 23997, 20272, 20578.6, 20493, 21266, 21818, 23100, 29417, 0
20.000724, 4.998658, 23996, 20254, 20567.6, 20490, 21222, 21739, 22396, 23411, 0
25.00179, 5.001066, 23989, 20273, 20591.7, 20495, 21297, 21910, 24313, 29191, 0
30.001771, 4.999981, 24042, 20259, 20568.5, 20490, 21223, 21744, 22378, 23291, 0
35.001769, 4.999998, 23943, 20269, 20621.8, 20505, 21390, 22126, 26929, 30981, 0
40.001771, 5.000002, 23995, 20274, 20584.1, 20496, 21278, 21811, 22495, 23146, 0
45.00177, 4.999999, 24027, 20271, 20571.9, 20492, 21236, 21711, 22297, 24308, 0
50.00207, 5.0003, 23994, 20273, 20574.6, 20493, 21247, 21730, 22401, 31738, 0
55.000748, 4.998678, 24012, 20270, 20563.4, 20489, 21202, 21667, 22239, 23253, 0
60.001909, 5.001161, 24027, 20264, 20562.2, 20488, 21201, 21691, 22169, 23467, 0
65.001741, 4.999832, 24024, 20260, 20562.8, 20490, 21184, 21707, 22373, 23474, 0
70.001764, 5.000023, 24020, 20260, 20565.0, 20493, 21193, 21668, 22136, 23446, 0
75.001721, 4.999957, 24023, 20261, 20564.1, 20493, 21176, 21646, 22213, 22773, 0
80.00178, 5.000059, 24009, 20271, 20568.1, 20493, 21212, 21711, 22204, 22833, 0
85.001789, 5.000009, 24021, 20271, 20565.4, 20492, 21203, 21691, 22259, 23146, 0
90.001725, 4.999936, 23904, 20271, 20660.0, 20512, 21483, 22539, 27262, 30741, 0
95.001733, 5.000008, 24022, 20266, 20566.9, 20492, 21203, 21730, 22412, 22957, 0
100.001718, 4.999985, 23989, 20271, 20586.3, 20494, 21266, 21879, 23465, 30401, 0
105.001768, 5.00005, 24013, 20256, 20567.9, 20490, 21223, 21708, 22228, 23212, 0
110.001718, 4.99995, 24016, 20261, 20567.3, 20491, 21197, 21710, 22455, 29412, 0
115.001716, 4.999998, 24012, 20262, 20573.6, 20491, 21247, 21738, 22511, 25467, 0
120.001717, 5.000001, 24022, 20248, 20562.7, 20490, 21188, 21689, 22276, 23093, 0
121.001771, 1.000054, 4795, 20248, 20567.9, 20491, 21211, 21722, 22319, 24058, 0
