elapsed, window, total, successful, failed
5.000294, 5.000294, 487203, 487203, 0
10.001223, 5.000929, 447777, 447777, 0
15.00126, 5.000037, 448610, 448610, 0
20.001256, 4.999996, 448138, 448138, 0
25.001204, 4.999948, 445114, 445114, 0
30.001271, 5.000067, 451158, 451158, 0
35.001217, 4.999946, 450499, 450499, 0
40.001371, 5.000154, 448602, 448602, 0
45.001209, 4.999838, 451519, 451519, 0
50.001206, 4.999997, 449788, 449788, 0
55.001229, 5.000023, 449424, 449424, 0
60.001199, 4.99997, 440696, 440696, 0
65.001198, 4.999999, 445232, 445232, 0
70.001222, 5.000024, 440966, 440966, 0
75.00125, 5.000028, 444397, 444397, 0
80.001343, 5.000093, 443869, 443869, 0
85.001196, 4.999853, 445990, 445990, 0
90.001332, 5.000136, 447291, 447291, 0
95.001231, 4.999899, 451309, 451309, 0
100.001241, 5.00001, 443439, 443439, 0
105.00121, 4.999969, 446966, 446966, 0
110.00122, 5.00001, 450068, 450068, 0
115.001335, 5.000115, 445119, 445119, 0
120.001241, 4.999906, 446659, 446659, 0
121.019374, 1.018133, 89616, 89616, 0
