elapsed, window, n, min, mean, median, 95th, 99th, 99_9th, max, errors
5.000825, 5.000825, 521781, 266, 2656.8, 2278, 5718, 7830, 10769, 22704, 0
10.00185, 5.001025, 473331, 257, 2652.4, 2274, 5718, 7900, 10905, 18375, 0
15.001848, 4.999998, 468054, 269, 2659.5, 2266, 5794, 8024, 10931, 21917, 0
20.001801, 4.999953, 473154, 299, 2642.3, 2285, 5607, 7783, 11028, 19577, 0
25.001862, 5.000061, 470550, 260, 2645.4, 2258, 5744, 7960, 11038, 21824, 0
30.001883, 5.000021, 470738, 249, 2643.3, 2286, 5610, 7702, 10438, 19266, 0
35.001869, 4.999986, 473928, 249, 2644.7, 2280, 5647, 7772, 10524, 19266, 0
40.00186, 4.999991, 469889, 275, 2644.9, 2284, 5630, 7702, 10614, 20225, 0
45.001841, 4.999981, 467267, 278, 2648.9, 2297, 5576, 7653, 10858, 19306, 0
50.001908, 5.000067, 470718, 260, 2640.4, 2262, 5706, 7862, 10817, 18192, 0
55.001803, 4.999895, 473891, 276, 2644.0, 2280, 5647, 7672, 10346, 17135, 0
60.001818, 5.000015, 471310, 249, 2637.0, 2253, 5713, 7924, 11158, 22874, 0
65.001839, 5.000021, 466033, 276, 2666.0, 2377, 5316, 7371, 10636, 22874, 0
70.001863, 5.000024, 468788, 288, 2662.0, 2389, 5260, 7016, 9462, 16278, 0
75.001858, 4.999995, 466925, 278, 2665.4, 2402, 5227, 6944, 9380, 17804, 0
80.001802, 4.999944, 467321, 253, 2664.5, 2389, 5265, 7104, 9868, 18237, 0
85.001803, 5.000001, 467057, 253, 2668.1, 2364, 5409, 7404, 10494, 18530, 0
90.00189, 5.000087, 465852, 274, 2670.3, 2382, 5357, 7278, 10202, 18685, 0
95.001868, 4.999978, 469900, 280, 2666.2, 2381, 5297, 7186, 9888, 17141, 0
100.001826, 4.999958, 467554, 287, 2660.3, 2351, 5428, 7413, 10382, 22996, 0
105.00184, 5.000014, 466779, 246, 2667.6, 2335, 5553, 7538, 10224, 16140, 0
110.001874, 5.000034, 466629, 236, 2668.2, 2336, 5545, 7620, 10647, 17635, 0
115.001936, 5.000062, 469745, 267, 2655.8, 2342, 5434, 7443, 10259, 20546, 0
120.001819, 4.999883, 467145, 269, 2666.1, 2332, 5549, 7656, 10583, 16629, 0
121.003907, 1.002088, 96707, 269, 2666.6, 2324, 5583, 7720, 10704, 16714, 0
