elapsed, window, n, min, mean, median, 95th, 99th, 99_9th, max, errors
5.000237, 5.000237, 0, 0, 0, 0, 0, 0, 0, 0, 0
10.001293, 5.001056, 50, 151839, 152944.8, 152928, 153739, 154211, 154211, 154211, 0
15.001288, 4.999995, 50, 151353, 152889.7, 152928, 153686, 153891, 154211, 154211, 0
20.00129, 5.000002, 50, 151258, 152728.8, 152816, 153670, 154016, 154715, 154715, 0
25.001291, 5.000001, 0, 151258, 152623.1, 152728, 153670, 154715, 154715, 154715, 0
30.001193, 4.999902, 0, 0, 0, 0, 0, 0, 0, 0, 0
35.001263, 5.00007, 0, 0, 0, 0, 0, 0, 0, 0, 0
40.001294, 5.000031, 0, 0, 0, 0, 0, 0, 0, 0, 0
45.001287, 4.999993, 0, 0, 0, 0, 0, 0, 0, 0, 0
50.001289, 5.000002, 50, 151416, 152746.1, 152818, 153300, 153454, 153454, 153454, 0
55.001284, 4.999995, 0, 0, 0, 0, 0, 0, 0, 0, 0
60.001287, 5.000003, 0, 0, 0, 0, 0, 0, 0, 0, 0
65.001196, 4.999909, 50, 151498, 152577.9, 152674, 153370, 153625, 153625, 153625, 0
70.001238, 5.000042, 50, 151121, 152498.9, 152593, 153369, 153522, 153522, 153522, 0
75.001285, 5.000047, 35, 151295, 152606.6, 152624, 153140, 153641, 153641, 153641, 0
80.001288, 5.000003, 65, 151063, 152593.2, 152624, 153361, 153811, 154013, 154013, 0
85.001296, 5.000008, 0, 0, 0, 0, 0, 0, 0, 0, 0
90.001298, 5.000002, 0, 0, 0, 0, 0, 0, 0, 0, 0
95.001304, 5.000006, 0, 0, 0, 0, 0, 0, 0, 0, 0
100.001318, 5.000014, 0, 0, 0, 0, 0, 0, 0, 0, 0
105.001239, 4.999921, 50, 151383, 152593.9, 152641, 153296, 153336, 153336, 153336, 0
110.001248, 5.000009, 50, 151276, 152440.9, 152478, 153290, 153435, 153435, 153435, 0
115.001287, 5.000039, 0, 0, 0, 0, 0, 0, 0, 0, 0
120.001301, 5.000014, 0, 0, 0, 0, 0, 0, 0, 0, 0
121.003338, 1.002037, 0, 0, 0, 0, 0, 0, 0, 0, 0
