elapsed, window, total, successful, failed
5.001018, 5.001018,1229051,1229051,0
10.000797, 4.999779,1094513,1094513,0
15.001806, 5.001009,1085644,1085644,0
20.001811, 5.000005,1089712,1089712,0
25.001812, 5.000001,1085036,1085036,0
30.001778, 4.999966,1090068,1090068,0
35.001802, 5.000024,1087472,1087472,0
40.001899, 5.000097,1089424,1089424,0
45.001824, 4.999925,1085023,1085023,0
50.001925, 5.000101,1087782,1087782,0
55.001872, 4.999947,1084490,1084490,0
60.0018, 4.999928,1089682,1089682,0
65.00183, 5.00003,1086816,1086816,0
70.001786, 4.999956,1092828,1092828,0
75.001897, 5.000111,1097015,1097015,0
80.001781, 4.999884,1085485,1085485,0
85.00186, 5.000079,1066059,1066059,0
90.001825, 4.999965,1070176,1070176,0
95.001946, 5.000121,1069855,1069855,0
100.001802, 4.999856,1075640,1075640,0
105.001838, 5.000036,1071376,1071376,0
110.001785, 4.999947,1072028,1072028,0
115.001859, 5.000074,1072845,1072845,0
120.001799, 4.99994,1073357,1073357,0
121.024899, 1.0231,220315,220315,0

