elapsed, window, total, successful, failed
5.000694, 5.000694, 450232, 450232, 0
10.001784, 5.00109, 419900, 419900, 0
15.001757, 4.999973, 406827, 406827, 0
20.001686, 4.999929, 416732, 416732, 0
25.001713, 5.000027, 412574, 412574, 0
30.001709, 4.999996, 411372, 411372, 0
35.001716, 5.000007, 408456, 408456, 0
40.001699, 4.999983, 414422, 414422, 0
45.001686, 4.999987, 410081, 410081, 0
50.001718, 5.000032, 412757, 412757, 0
55.00173, 5.000012, 413601, 413601, 0
60.001685, 4.999955, 413541, 413541, 0
65.001723, 5.000038, 412504, 412504, 0
70.00171, 4.999987, 414220, 414220, 0
75.001712, 5.000002, 410039, 410039, 0
80.001714, 5.000002, 408731, 408731, 0
85.001692, 4.999978, 409441, 409441, 0
90.001702, 5.00001, 417221, 417221, 0
95.001684, 4.999982, 415106, 415106, 0
100.001704, 5.00002, 407442, 407442, 0
105.001689, 4.999985, 416048, 416048, 0
110.001686, 4.999997, 409252, 409252, 0
115.001743, 5.000057, 410087, 410087, 0
120.001694, 4.999951, 412603, 412603, 0
121.019875, 1.018181, 82581, 82581, 0
