elapsed, window, n, min, mean, median, 95th, 99th, 99_9th, max, errors
5.001085, 5.001085, 51813, 6657, 20202.0, 14669, 21346, 35596, 1016377, 1039445, 0
10.001043, 4.999958, 51046, 6394, 19848.7, 16189, 35262, 51151, 90683, 1039445, 0
15.001156, 5.000113, 57255, 6053, 17726.0, 15932, 30931, 43518, 60927, 92216, 0
20.001116, 4.99996, 58672, 6390, 16669.3, 15371, 27939, 45935, 76153, 129988, 0
25.001045, 4.999929, 49625, 5636, 19972.0, 17222, 36147, 54524, 79364, 122305, 0
30.001051, 5.000006, 61174, 6372, 16629.2, 15449, 27746, 45229, 84807, 209208, 0
35.001279, 5.000228, 54621, 6061, 18158.0, 15905, 32927, 50571, 80163, 133888, 0
40.00109, 4.999811, 53502, 6119, 19055.9, 16484, 32681, 45357, 67339, 105341, 0
45.001035, 4.999945, 62774, 5659, 16272.5, 15265, 27003, 42272, 70426, 116297, 0
50.001108, 5.000073, 59389, 6006, 16900.5, 15373, 30071, 48502, 83903, 131932, 0
55.001092, 4.999984, 48129, 5719, 19474.2, 16259, 37220, 55484, 83132, 120225, 0
60.001062, 4.99997, 48330, 5547, 20526.1, 18166, 37495, 53387, 77747, 128308, 0
65.00108, 5.000018, 58201, 5594, 17578.2, 15680, 31984, 48527, 72030, 122792, 0
70.001048, 4.999968, 57081, 5594, 17264.0, 15566, 31431, 53432, 85546, 129144, 0
75.00109, 5.000042, 47104, 5570, 20037.4, 17209, 37719, 54383, 83135, 130634, 0
80.001036, 4.999946, 50457, 6002, 19675.2, 17895, 34460, 46770, 62548, 81567, 0
85.001081, 5.000045, 62848, 6191, 16233.5, 15125, 27263, 40807, 62066, 128750, 0
90.001065, 4.999984, 62235, 5874, 16274.6, 15212, 27772, 40962, 63514, 99615, 0
95.001042, 4.999977, 60764, 5598, 16189.3, 14987, 27881, 45889, 75480, 145056, 0
100.001035, 4.999993, 49339, 5619, 19459.8, 16816, 35504, 50002, 72221, 98259, 0
105.001041, 5.000006, 56023, 5619, 18012.2, 16187, 30878, 42102, 59823, 89312, 0
110.001063, 5.000022, 61293, 5945, 16308.0, 15277, 27224, 40275, 62712, 97540, 0
115.001139, 5.000076, 55347, 5979, 17777.6, 15834, 31838, 48249, 75437, 117510, 0
120.001042, 4.999903, 51486, 5685, 19517.5, 17483, 32613, 49825, 83630, 154393, 0
121.014148, 1.013106, 11703, 5685, 18652.0, 16647, 30744, 47046, 80045, 154393, 0
