elapsed, window, n, min, mean, median, 95th, 99th, 99_9th, max, errors
1.62525, 1.62525, 36, 201805, 779825.9, 892204, 1417423, 1448508, 1448508, 1448508, 1
