elapsed, window, n, min, mean, median, 95th, 99th, 99_9th, max, errors
5.000243, 5.000243, 37036, 934, 3346.5, 2178, 10276, 14270, 20911, 32969, 0
10.001195, 5.000952, 35624, 934, 3429.9, 2254, 10477, 14671, 22387, 36645, 0
15.001154, 4.999959, 35161, 999, 3460.4, 2250, 10556, 14764, 24376, 41990, 0
20.001175, 5.000021, 35844, 937, 3417.3, 2244, 10614, 14523, 21705, 37021, 0
25.001158, 4.999983, 35639, 994, 3431.6, 2248, 10574, 14827, 21980, 39794, 0
30.001177, 5.000019, 35424, 972, 3432.7, 2262, 10550, 14413, 21090, 36798, 0
35.001162, 4.999985, 35724, 990, 3417.7, 2280, 10408, 14110, 20362, 31043, 0
40.001152, 4.99999, 36046, 1014, 3400.2, 2268, 10452, 14061, 19711, 32165, 0
45.00113, 4.999978, 36033, 1027, 3408.0, 2288, 10398, 13880, 19423, 39233, 0
50.001145, 5.000015, 35302, 981, 3442.8, 2272, 10554, 14354, 21056, 39600, 0
55.001143, 4.999998, 23618, 951, 4954.3, 2244, 10666, 14659, 31910, 1731165, 0
60.001129, 4.999986, 35290, 1028, 4647.3, 2245, 10500, 14345, 30815, 1731165, 0
65.001148, 5.000019, 24701, 974, 4974.6, 2184, 10223, 14183, 38022, 1810331, 0
70.001149, 5.000001, 24237, 972, 5005.9, 2237, 10488, 14181, 60145, 1710590, 0
75.001197, 5.000048, 36511, 1034, 3377.8, 2219, 10442, 14093, 22704, 55763, 0
80.001234, 5.000037, 23183, 1020, 4877.9, 2176, 10390, 14131, 26881, 1912181, 0
85.001284, 5.00005, 28762, 1035, 3362.6, 2224, 10411, 14279, 20562, 32216, 0
90.001131, 4.999847, 17652, 999, 8865.6, 2221, 10735, 14956, 3519916, 3617891, 0
95.001144, 5.000013, 36152, 1009, 3419.5, 2284, 10507, 14151, 19117, 28768, 0
100.001158, 5.000014, 23484, 1000, 5092.3, 2240, 10534, 14638, 64725, 1792396, 0
105.001262, 5.000104, 29814, 1008, 3411.8, 2259, 10507, 14074, 19732, 28115, 0
110.001146, 4.999884, 29032, 991, 4864.8, 2284, 10469, 14543, 28650, 1789813, 0
115.00119, 5.000044, 24381, 1011, 4930.3, 2272, 10463, 14392, 24919, 1670915, 0
120.00114, 4.99995, 23847, 1026, 4800.8, 2275, 10644, 14526, 37556, 1697320, 0
121.003454, 1.002314, 7112, 1000, 4781.5, 2262, 10563, 14365, 37556, 1697320, 0
