elapsed, window, n, min, mean, median, 95th, 99th, 99_9th, max, errors
1.085402, 1.085402, 591, 7213, 489403.3, 527841, 702082, 852375, 901946, 998340, 4
