elapsed, window, total, successful, failed
5.001181, 5.001181,1013390,1013390,0
10.000704, 4.999523,876825,876825,0
15.001709, 5.001005,636063,636063,0
20.001821, 5.000112,507809,507809,0
25.001716, 4.999895,746040,746040,0
30.00182, 5.000104,773304,773304,0
35.001983, 5.000163,702782,702782,0
40.001687, 4.999704,582468,582468,0
45.001847, 5.00016,749139,749139,0
50.001864, 5.000017,745838,745838,0
55.001846, 4.999982,715421,715421,0
60.00184, 4.999994,589537,589537,0
65.001845, 5.000005,667120,667120,0
70.001706, 4.999861,750319,750319,0
75.001807, 5.000101,704789,704789,0
80.001838, 5.000031,560872,560872,0
85.001787, 4.999949,637187,637187,0
90.00202, 5.000233,718463,718463,0
95.001862, 4.999842,737953,737953,0
100.001716, 4.999854,675200,675200,0
105.0017, 4.999984,629218,629218,0
110.001725, 5.000025,671640,671640,0
115.001849, 5.000124,643147,643147,0
120.001826, 4.999977,702551,702551,0
121.003843, 1.002017,201247,201247,0

