elapsed, window, n, min, mean, median, 95th, 99th, 99_9th, max, errors
5.001581, 5.001581, 7, 91975, 98623.6, 92826, 112667, 112667, 112667, 112667, 0
10.0012, 4.999619, 0, 0, 0, 0, 0, 0, 0, 0, 0
15.001598, 5.000398, 0, 0, 0, 0, 0, 0, 0, 0, 0
20.001569, 4.999971, 0, 0, 0, 0, 0, 0, 0, 0, 0
25.001457, 4.999888, 0, 0, 0, 0, 0, 0, 0, 0, 0
30.001643, 5.000186, 4, 91878, 92998.8, 92651, 95136, 95136, 95136, 95136, 0
35.000562, 4.998919, 0, 0, 0, 0, 0, 0, 0, 0, 0
40.000604, 5.000042, 0, 0, 0, 0, 0, 0, 0, 0, 0
45.001573, 5.000969, 6, 91784, 123542.5, 93014, 186007, 186007, 186007, 186007, 2
50.00161, 5.000037, 0, 0, 0, 0, 0, 0, 0, 0, 0
55.00057, 4.99896, 0, 0, 0, 0, 0, 0, 0, 0, 0
60.001578, 5.001008, 0, 0, 0, 0, 0, 0, 0, 0, 1
65.000481, 4.998903, 8, 91672, 115910.3, 93154, 187290, 187290, 187290, 187290, 2
70.00156, 5.001079, 5, 91790, 93277.5, 93401, 94265, 94265, 94265, 94265, 0
75.00147, 4.99991, 5, 92643, 93076.2, 93118, 93352, 93352, 93352, 93352, 0
80.000556, 4.999086, 0, 0, 0, 0, 0, 0, 0, 0, 0
85.00157, 5.001014, 0, 0, 0, 0, 0, 0, 0, 0, 0
90.001481, 4.999911, 0, 0, 0, 0, 0, 0, 0, 0, 1
95.001568, 5.000087, 6, 91446, 92951.7, 93174, 93438, 93438, 93438, 93438, 0
100.001624, 5.000056, 4, 92371, 93416.6, 93506, 94414, 94414, 94414, 94414, 0
105.001554, 4.99993, 0, 0, 0, 0, 0, 0, 0, 0, 0
110.001486, 4.999932, 0, 0, 0, 0, 0, 0, 0, 0, 0
115.001606, 5.00012, 5, 91419, 92705.2, 92958, 93450, 93450, 93450, 93450, 0
120.001574, 4.999968, 5, 91862, 92792.4, 92551, 94288, 94288, 94288, 94288, 0
125.001514, 4.99994, 0, 0, 0, 0, 0, 0, 0, 0, 0
130.001609, 5.000095, 0, 0, 0, 0, 0, 0, 0, 0, 0
135.00143, 4.999821, 6, 91821, 106222.0, 92626, 188681, 188681, 188681, 188681, 1
140.001585, 5.000155, 6, 92758, 139792.7, 94629, 317907, 317907, 317907, 317907, 0
145.001516, 4.999931, 8, 92290, 103315.5, 93983, 184563, 184563, 184563, 184563, 1
150.001569, 5.000053, 10, 92528, 93674.7, 92894, 99187, 99187, 99187, 99187, 0
155.001634, 5.000065, 0, 0, 0, 0, 0, 0, 0, 0, 0
160.001575, 4.999941, 0, 0, 0, 0, 0, 0, 0, 0, 0
165.001593, 5.000018, 0, 0, 0, 0, 0, 0, 0, 0, 0
170.001503, 4.99991, 10, 92070, 93446.3, 93626, 94255, 94405, 94405, 94405, 0
175.001578, 5.000075, 7, 92070, 93293.3, 93341, 94293, 94405, 94405, 94405, 0
180.00158, 5.000002, 3, 92435, 93517.4, 93809, 94293, 94293, 94293, 94293, 0
181.053616, 1.052036, 0, 0, 0, 0, 0, 0, 0, 0, 0
