elapsed, window, n, min, mean, median, 95th, 99th, 99_9th, max, errors
5.000801, 5.000801, 35, 91318, 95527.4, 92223, 108191, 109339, 109339, 109339, 0
10.001773, 5.000972, 0, 0, 0, 0, 0, 0, 0, 0, 0
15.001705, 4.999932, 0, 0, 0, 0, 0, 0, 0, 0, 0
20.001716, 5.000011, 0, 0, 0, 0, 0, 0, 0, 0, 0
25.001762, 5.000046, 0, 0, 0, 0, 0, 0, 0, 0, 0
30.001676, 4.999914, 0, 0, 0, 0, 0, 0, 0, 0, 0
35.001677, 5.000001, 0, 0, 0, 0, 0, 0, 0, 0, 0
40.001771, 5.000094, 0, 0, 0, 0, 0, 0, 0, 0, 0
45.001684, 4.999913, 0, 0, 0, 0, 0, 0, 0, 0, 0
50.001682, 4.999998, 5, 92211, 133325.2, 94613, 214900, 214900, 214900, 214900, 0
55.001724, 5.000042, 61, 91903, 127598.6, 98140, 224871, 265890, 437301, 437301, 0
60.001718, 4.999994, 0, 0, 0, 0, 0, 0, 0, 0, 0
65.00172, 5.000002, 0, 0, 0, 0, 0, 0, 0, 0, 0
70.001824, 5.000104, 0, 0, 0, 0, 0, 0, 0, 0, 0
75.001761, 4.999937, 0, 0, 0, 0, 0, 0, 0, 0, 0
80.00175, 4.999989, 0, 0, 0, 0, 0, 0, 0, 0, 0
85.001768, 5.000018, 0, 0, 0, 0, 0, 0, 0, 0, 0
90.001795, 5.000027, 7, 94674, 150428.9, 110341, 361646, 361646, 361646, 361646, 0
95.00178, 4.999985, 48, 91213, 149819.2, 100040, 387675, 400165, 400165, 400165, 0
100.001773, 4.999993, 58, 91272, 142916.9, 95972, 362514, 423425, 475456, 475456, 0
105.001766, 4.999993, 24, 92022, 214582.1, 93870, 366933, 2406684, 2406684, 2406684, 0
110.001775, 5.000009, 25, 91346, 465707.5, 148504, 1352010, 1566103, 1566103, 1566103, 0
115.001804, 5.000029, 32, 91448, 287007.3, 123986, 700097, 994837, 994837, 994837, 0
120.002007, 5.000203, 24, 91936, 233419.5, 118783, 593345, 729997, 729997, 729997, 0
121.002866, 1.000859, 5, 91936, 212272.6, 106524, 593345, 729997, 729997, 729997, 0
