elapsed, window, n, min, mean, median, 95th, 99th, 99_9th, max, errors
5.000235, 5.000235, 78209, 406, 8005.1, 2607, 25841, 142596, 294784, 602847, 0
10.00122, 5.000985, 79198, 395, 7727.5, 2459, 13434, 147940, 463445, 754756, 0
15.001326, 5.000106, 77182, 389, 7979.9, 2456, 11719, 169785, 543185, 754756, 0
20.001406, 5.00008, 78565, 394, 7961.3, 2484, 10737, 180723, 552277, 794465, 0
25.001203, 4.999797, 79589, 368, 7802.8, 2447, 9683, 133593, 663242, 1055676, 0
30.001249, 5.000046, 77482, 381, 8079.8, 2547, 12258, 157869, 584116, 901763, 0
35.001324, 5.000075, 81737, 381, 7693.0, 2462, 12526, 156442, 385544, 842089, 0
40.001191, 4.999867, 78926, 401, 7883.1, 2556, 27967, 131742, 328309, 756049, 0
45.001243, 5.000052, 78781, 392, 7893.0, 2443, 11606, 158890, 522265, 976463, 0
50.001202, 4.999959, 78835, 363, 7874.5, 2409, 10322, 142202, 742684, 1190570, 0
55.001196, 4.999994, 76453, 383, 8202.0, 2451, 10413, 143285, 942466, 1308444, 0
60.001227, 5.000031, 78018, 386, 8043.7, 2491, 12783, 162318, 449109, 867520, 0
65.001193, 4.999966, 76778, 360, 8050.4, 2495, 11731, 171982, 571487, 771253, 0
70.00121, 5.000017, 78364, 380, 8136.5, 2525, 13881, 147327, 551251, 876044, 0
75.001207, 4.999997, 75086, 376, 8242.4, 2624, 23294, 143301, 438065, 620057, 0
80.001188, 4.999981, 78285, 364, 8074.7, 2660, 12872, 156223, 476131, 717660, 0
85.001195, 5.000007, 79292, 377, 7863.2, 2579, 15748, 144100, 399160, 968648, 0
90.001198, 5.000003, 76484, 367, 8185.6, 2632, 25478, 146007, 352603, 536460, 0
95.001245, 5.000047, 75368, 392, 8229.3, 2673, 21924, 156408, 343299, 521631, 0
100.001246, 5.000001, 76569, 387, 8082.5, 2605, 14725, 146712, 509282, 783978, 0
105.001187, 4.999941, 74421, 389, 8478.4, 2669, 19099, 154504, 513615, 909442, 0
110.00122, 5.000033, 75270, 391, 8347.4, 2658, 21060, 155561, 380613, 670193, 0
115.001188, 4.999968, 75648, 396, 8139.1, 2622, 13895, 157961, 465183, 765943, 0
120.001195, 5.000007, 75695, 410, 8254.0, 2659, 18757, 147213, 471442, 729640, 0
121.003266, 1.002071, 15460, 415, 8328.3, 2686, 20799, 146439, 454026, 729640, 0
