elapsed, window, n, min, mean, max, errors, median
5.000826, 5.000826,114906, 888,8362.47, 36645,0, 7885
10.001783, 5.000957,110061, 968,8452.98, 41328,0, 8038
15.001776, 4.999993,106768, 966,8717.74, 34345,0, 8129
20.001742, 4.999966,105733, 1058,8732.01, 35111,0, 8364
25.00176, 5.000018,103939, 1243,8896.98, 32477,0, 8542
30.001753, 4.999993,104451, 1339,8823.09, 27955,0, 8456
35.001757, 5.000004,103378, 1056,8898.92, 30512,0, 8564
40.001846, 5.000089,104045, 930,8925.44, 30444,0, 8490
45.001798, 4.999952,104473, 1131,8848.93, 30370,0, 8432
50.001778, 4.99998,104658, 1113,8899.44, 35888,0, 8428
55.001863, 5.000085,103128, 927,8942.65, 33378,0, 8513
60.00184, 4.999977,104644, 769,8954.17, 38792,0, 8452
61.004883, 1.003043,20901, 769,8948.8, 38792,0, 8419

