elapsed, window, n, min, mean, median, 95th, 99th, 99_9th, max, errors
5.000736, 5.000736, 5408, 1.0, 2.8, 3.0, 4.0, 9.0, 13.0, 49.0, 0
10.001694, 5.000958, 5425, 1.0, 2.9, 3.0, 4.0, 9.0, 15.0, 49.0, 0
15.001743, 5.000049, 5449, 1.0, 2.6, 2.0, 4.0, 8.0, 13.0, 15.0, 0
20.001689, 4.999946, 5433, 1.0, 2.8, 3.0, 4.0, 9.0, 12.0, 17.0, 0
25.001746, 5.000057, 5433, 1.0, 2.6, 2.0, 4.0, 8.0, 12.0, 19.0, 0
30.001689, 4.999943, 5430, 1.0, 2.7, 3.0, 4.0, 9.0, 13.0, 34.0, 0
35.002044, 5.000355, 5444, 1.0, 2.7, 2.0, 4.0, 8.0, 13.0, 23.0, 0
40.000755, 4.998711, 5442, 1.0, 2.6, 2.0, 4.0, 8.0, 12.0, 18.0, 0
45.001739, 5.000984, 5431, 1.0, 2.6, 2.0, 4.0, 8.0, 12.0, 21.0, 0
50.001691, 4.999952, 5425, 1.0, 2.6, 2.0, 4.0, 9.0, 13.0, 17.0, 0
55.00174, 5.000049, 5430, 1.0, 2.6, 2.0, 4.0, 8.0, 12.0, 15.0, 0
60.001694, 4.999954, 5446, 1.0, 2.6, 2.0, 4.0, 8.0, 12.0, 17.0, 0
65.00169, 4.999996, 5435, 1.0, 2.6, 2.0, 4.0, 8.0, 13.0, 18.0, 0
70.001692, 5.000002, 5430, 1.0, 2.7, 2.0, 4.0, 8.0, 13.0, 29.0, 0
75.00176, 5.000068, 5431, 1.0, 2.7, 2.0, 4.0, 8.0, 13.0, 18.0, 0
80.001686, 4.999926, 5444, 1.0, 2.7, 2.0, 4.0, 8.0, 13.0, 20.0, 0
85.001744, 5.000058, 5440, 1.0, 2.7, 2.0, 4.0, 9.0, 13.0, 15.0, 0
90.001687, 4.999943, 5440, 1.0, 2.6, 2.0, 4.0, 8.0, 11.0, 13.0, 0
95.001687, 5.0, 5437, 1.0, 2.6, 2.0, 4.0, 8.0, 11.0, 22.0, 0
100.001742, 5.000055, 5441, 1.0, 2.5, 2.0, 4.0, 8.0, 12.0, 16.0, 0
105.001688, 4.999946, 5434, 1.0, 2.6, 2.0, 4.0, 8.0, 12.0, 17.0, 0
110.001687, 4.999999, 5431, 1.0, 2.7, 2.0, 4.0, 8.0, 13.0, 16.0, 0
115.001739, 5.000052, 5428, 1.0, 2.6, 2.0, 4.0, 8.0, 11.0, 15.0, 0
120.001689, 4.99995, 5426, 1.0, 2.6, 2.0, 4.0, 8.0, 12.0, 13.0, 0
121.001787, 1.000098, 1086, 1.0, 2.6, 2.0, 4.0, 8.0, 12.0, 13.0, 0
