elapsed, window, n, min, mean, median, 95th, 99th, 99_9th, max, errors
5.000298, 5.000298, 23430, 31172, 37355.3, 34879, 48632, 90414, 103942, 130202, 0
10.001275, 5.000977, 24807, 31115, 35254.0, 34594, 40987, 44388, 48295, 53443, 0
15.001271, 4.999996, 24763, 31054, 35300.9, 34643, 41028, 44036, 47958, 53614, 0
20.001264, 4.999993, 24790, 31092, 35265.4, 34659, 40760, 43935, 47669, 51666, 0
25.001322, 5.000058, 24780, 31146, 35299.5, 34683, 40886, 43985, 47784, 52668, 0
30.001295, 4.999973, 24833, 31145, 35250.2, 34624, 40852, 44182, 48124, 51359, 0
35.001277, 4.999982, 24790, 31084, 35279.8, 34679, 40801, 43998, 48135, 56419, 0
40.001283, 5.000006, 24830, 30972, 35228.7, 34621, 40732, 44045, 48394, 54121, 0
45.001391, 5.000108, 24790, 31162, 35284.4, 34641, 40948, 44309, 48648, 52660, 0
50.001268, 4.999877, 24803, 31161, 35272.6, 34597, 40973, 44157, 47920, 51683, 0
55.001269, 5.000001, 24757, 31020, 35302.1, 34634, 41034, 44285, 48241, 55482, 0
60.001272, 5.000003, 24764, 31065, 35310.2, 34728, 40947, 43919, 47478, 51112, 0
65.001316, 5.000044, 24771, 31129, 35312.2, 34688, 40942, 44191, 47981, 53322, 0
70.001291, 4.999975, 24792, 31135, 35298.3, 34667, 40989, 44158, 47905, 50968, 0
75.001317, 5.000026, 24784, 31129, 35293.7, 34650, 40942, 44627, 48864, 55841, 0
80.001263, 4.999946, 24789, 31073, 35295.9, 34609, 41078, 44628, 48867, 51378, 0
85.001273, 5.00001, 24741, 31117, 35313.2, 34685, 40936, 44158, 47465, 52851, 0
90.001271, 4.999998, 24803, 31115, 35309.2, 34584, 41155, 45260, 49911, 53787, 0
95.001274, 5.000003, 24795, 31142, 35286.5, 34628, 40941, 44420, 48346, 54287, 0
100.00129, 5.000016, 24741, 31135, 35298.5, 34597, 41206, 44779, 48662, 53950, 0
105.001319, 5.000029, 24770, 31127, 35314.9, 34680, 40963, 43968, 47844, 53622, 0
110.00127, 4.999951, 24752, 31102, 35343.5, 34649, 41207, 44642, 49212, 54124, 0
115.001271, 5.000001, 24804, 31064, 35252.6, 34641, 40797, 43974, 47650, 53071, 0
120.00127, 4.999999, 24828, 31113, 35260.0, 34590, 41065, 44386, 47998, 55766, 0
121.003381, 1.002111, 4945, 31113, 35285.6, 34606, 41104, 44529, 48323, 55766, 0
