elapsed, window, total, successful, failed
5.000828, 5.000828, 9957, 9956, 1
10.001792, 5.000964, 3196, 3196, 0
15.001791, 4.999999, 5267, 5267, 0
20.001785, 4.999994, 4148, 4148, 0
25.001968, 5.000183, 5868, 5863, 5
30.001751, 4.999783, 4124, 4122, 2
35.001894, 5.000143, 5407, 5407, 0
40.001769, 4.999875, 4710, 4709, 1
45.00181, 5.000041, 4335, 4334, 1
50.001703, 4.999893, 5206, 5204, 2
55.001837, 5.000134, 4609, 4609, 0
60.001774, 4.999937, 5246, 5246, 0
65.001784, 5.00001, 4489, 4489, 0
70.001779, 4.999995, 5340, 5340, 0
75.001773, 4.999994, 4601, 4601, 0
80.001781, 5.000008, 4871, 4868, 3
85.001733, 4.999952, 4860, 4855, 5
90.001799, 5.000066, 4816, 4815, 1
95.001781, 4.999982, 5065, 5064, 1
100.001809, 5.000028, 4668, 4668, 0
105.001753, 4.999944, 5145, 5142, 3
110.001756, 5.000003, 4656, 4656, 0
115.001774, 5.000018, 4924, 4924, 0
120.001764, 4.99999, 4715, 4714, 1
125.001779, 5.000015, 4914, 4913, 1
130.001822, 5.000043, 4888, 4887, 1
135.001841, 5.000019, 4782, 4781, 1
140.001808, 4.999967, 4889, 4888, 1
145.001709, 4.999901, 4741, 4741, 0
150.0018, 5.000091, 4941, 4941, 0
155.001792, 4.999992, 4796, 4796, 0
160.001817, 5.000025, 4853, 4853, 0
165.00182, 5.000003, 4910, 4907, 3
170.001717, 4.999897, 4874, 4874, 0
175.001905, 5.000188, 4864, 4863, 1
180.001799, 4.999894, 4757, 4756, 1
185.00179, 4.999991, 4849, 4849, 0
190.001775, 4.999985, 4842, 4842, 0
195.001799, 5.000024, 4916, 4914, 2
200.001731, 4.999932, 4850, 4847, 3
205.00177, 5.000039, 4831, 4831, 0
210.001726, 4.999956, 4909, 4909, 0
215.001774, 5.000048, 4768, 4765, 3
220.001705, 4.999931, 4865, 4865, 0
225.001837, 5.000132, 4864, 4864, 0
230.001772, 4.999935, 4835, 4833, 2
235.001771, 4.999999, 4847, 4847, 0
240.001776, 5.000005, 4892, 4891, 1
245.00183, 5.000054, 4866, 4864, 2
250.001781, 4.999951, 4859, 4857, 2
255.001808, 5.000027, 4897, 4897, 0
260.001788, 4.99998, 4815, 4815, 0
265.001787, 4.999999, 4866, 4865, 1
270.001789, 5.000002, 4891, 4891, 0
275.001763, 4.999974, 4881, 4881, 0
280.001731, 4.999968, 4796, 4796, 0
285.001795, 5.000064, 4850, 4849, 1
290.00177, 4.999975, 4940, 4940, 0
295.001772, 5.000002, 4762, 4760, 2
300.001801, 5.000029, 4770, 4770, 0
301.283913, 1.282112, 1111, 1111, 0
