elapsed, window, n, min, mean, median, 95th, 99th, 99_9th, max, errors
5.000279, 5.000279, 14145, 695, 9902.1, 5378, 47135, 51986, 59719, 73612, 0
10.001306, 5.001027, 12682, 700, 10649.8, 6079, 47595, 54444, 63840, 74894, 0
15.001367, 5.000061, 12546, 670, 10986.8, 6599, 47887, 54720, 62448, 69389, 0
20.001339, 4.999972, 12866, 710, 10840.7, 6135, 48154, 54753, 63896, 73976, 0
25.001411, 5.000072, 12546, 640, 11134.0, 6742, 48486, 55592, 64170, 90447, 0
30.0013, 4.999889, 11919, 618, 11828.9, 7727, 49414, 55841, 62363, 67856, 0
35.001322, 5.000022, 12943, 699, 10498.2, 6009, 47599, 53974, 63593, 87471, 0
40.001328, 5.000006, 12659, 708, 11133.3, 6658, 48327, 54484, 61404, 69393, 0
45.001281, 4.999953, 13054, 656, 10635.0, 5775, 47749, 54063, 62575, 90932, 0
50.001406, 5.000125, 12416, 693, 11177.5, 6831, 48277, 54981, 63454, 74108, 0
55.001283, 4.999877, 12359, 666, 11164.1, 6858, 48224, 55424, 63893, 70842, 0
60.001318, 5.000035, 12783, 706, 10635.3, 6161, 47710, 54722, 64505, 75175, 0
65.001308, 4.99999, 12573, 676, 10990.5, 6484, 48069, 54923, 64675, 82978, 0
70.001295, 4.999987, 12305, 660, 11532.0, 7296, 48910, 55459, 63371, 74627, 0
75.001292, 4.999997, 12874, 660, 10672.2, 6003, 47511, 54826, 63724, 74671, 0
80.001337, 5.000045, 12719, 711, 10992.3, 6473, 48242, 54308, 63059, 75231, 0
85.001283, 4.999946, 12005, 672, 11503.2, 7303, 48666, 55911, 64747, 70922, 0
90.001284, 5.000001, 13104, 648, 10972.7, 6081, 48100, 54706, 64444, 74246, 0
95.001317, 5.000033, 12231, 665, 11177.8, 6654, 48106, 54779, 63942, 74542, 0
100.001385, 5.000068, 12651, 610, 11011.2, 6534, 48247, 55326, 64190, 84776, 0
105.001397, 5.000012, 12099, 619, 11491.1, 7214, 48885, 56152, 62837, 78384, 0
110.001328, 4.999931, 12461, 624, 11119.0, 6758, 48313, 54905, 62933, 68101, 0
115.001306, 4.999978, 12585, 703, 11076.4, 6491, 48153, 54984, 65073, 76179, 0
120.001321, 5.000015, 11813, 707, 11749.5, 7316, 49321, 55845, 66625, 81628, 0
121.013924, 1.012603, 2437, 653, 11802.9, 7394, 49321, 56575, 66493, 81628, 0
