elapsed, window, n, min, mean, median, 95th, 99th, 99_9th, max, errors
5.001172, 5.001172, 0, 0, 0, 0, 0, 0, 0, 0, 0
10.001192, 5.00002, 45, 720, 902.1, 876, 1171, 1443, 1443, 1443, 0
15.001127, 4.999935, 50, 676, 881.2, 862, 1099, 1118, 1118, 1118, 0
20.001166, 5.000039, 137, 707, 952.0, 893, 1335, 1790, 2436, 2436, 0
25.001123, 4.999957, 222, 628, 933.6, 896, 1270, 1472, 1552, 1552, 0
30.001164, 5.000041, 139, 628, 893.2, 856, 1160, 1329, 1472, 1472, 0
35.00117, 5.000006, 199, 647, 888.0, 850, 1165, 1604, 1771, 1771, 0
40.001181, 5.000011, 173, 629, 892.5, 855, 1192, 1493, 2076, 2076, 0
45.001113, 4.999932, 153, 629, 879.7, 856, 1145, 1382, 1418, 1418, 0
50.001123, 5.00001, 211, 616, 876.0, 831, 1134, 1471, 1729, 1729, 0
55.001121, 4.999998, 159, 621, 847.5, 829, 1052, 1168, 1189, 1189, 0
60.0012, 5.000079, 195, 628, 880.9, 850, 1133, 1392, 1768, 1768, 0
65.001211, 5.000011, 124, 605, 862.4, 825, 1112, 1198, 2183, 2183, 0
70.001119, 4.999908, 148, 654, 847.8, 815, 1105, 1247, 1395, 1395, 0
75.001117, 4.999998, 124, 660, 829.3, 809, 1028, 1457, 1523, 1523, 0
80.001118, 5.000001, 130, 631, 807.0, 789, 964, 1069, 1106, 1106, 0
85.001174, 5.000056, 143, 656, 825.4, 810, 1005, 1167, 1261, 1261, 0
90.001175, 5.000001, 122, 655, 819.5, 806, 1009, 1178, 1187, 1187, 0
90.330206, 0.329031, 11, 655, 825.3, 807, 1027, 1178, 1187, 1187, 0
