elapsed, window, n, min, mean, median, 95th, 99th, 99_9th, max, errors
5.000532, 5.000532, 154, 526, 2233.4, 700, 8206, 26479, 30297, 30297, 0
10.001552, 5.00102, 686, 473, 3695.5, 657, 24276, 64565, 90057, 92706, 0
15.001448, 4.999896, 629, 460, 5158.2, 655, 38153, 76571, 93119, 96002, 0
20.001505, 5.000057, 400, 524, 5724.9, 685, 38476, 93119, 130741, 130741, 0
25.001523, 5.000018, 56, 523, 6192.0, 699, 46171, 72322, 98154, 98154, 0
30.001503, 4.99998, 105, 525, 1393.6, 666, 4453, 12053, 18221, 18221, 0
35.001511, 5.000008, 140, 493, 6736.3, 667, 36660, 110773, 110982, 110982, 0
40.001459, 4.999948, 35, 493, 7068.4, 916, 45393, 72473, 72473, 72473, 0
45.001511, 5.000052, 362, 497, 6730.7, 659, 45690, 104613, 168498, 168498, 0
50.001519, 5.000008, 1017, 453, 4135.4, 661, 29990, 64786, 121500, 142016, 0
55.001397, 4.999878, 675, 497, 3786.6, 768, 26078, 55362, 104343, 108501, 0
60.001446, 5.000049, 291, 498, 4786.3, 688, 32630, 87728, 94784, 94784, 0
65.001514, 5.000068, 293, 501, 3255.5, 646, 12249, 58435, 78462, 78462, 0
70.001499, 4.999985, 372, 473, 3826.7, 653, 24334, 50381, 75932, 75932, 0
75.001526, 5.000027, 411, 478, 4745.6, 662, 28972, 92822, 105983, 105983, 0
80.001507, 4.999981, 79, 521, 5898.1, 716, 32275, 94365, 114129, 114129, 0
85.00146, 4.999953, 334, 475, 2368.8, 659, 3990, 58236, 104297, 104297, 0
90.001505, 5.000045, 440, 475, 4844.0, 665, 36364, 82729, 96734, 96734, 0
95.001452, 4.999947, 799, 443, 4403.7, 635, 32575, 61962, 84384, 92375, 0
100.001476, 5.000024, 177, 467, 3394.9, 635, 20018, 48379, 69866, 69866, 0
105.00152, 5.000044, 150, 476, 4437.5, 660, 32119, 48379, 66872, 66872, 0
110.001459, 4.999939, 182, 505, 2660.9, 664, 12237, 47977, 52692, 52692, 0
115.001515, 5.000056, 123, 505, 5360.3, 681, 44299, 82977, 87468, 87468, 0
120.001409, 4.999894, 257, 497, 4801.6, 633, 34521, 78223, 98658, 98658, 0
121.003634, 1.002225, 120, 495, 3495.5, 628, 14641, 74629, 98658, 98658, 0
