elapsed, window, n, min, mean, median, 95th, 99th, 99_9th, max, errors
5.000875, 5.000875, 0, 0, 0, 0, 0, 0, 0, 0, 0
10.001888, 5.001013, 80, 533, 681.3, 674, 798, 845, 866, 866, 0
15.001837, 4.999949, 32, 558, 687.1, 695, 798, 881, 881, 881, 0
20.001841, 5.000004, 9, 584, 656.8, 635, 766, 766, 766, 766, 0
25.001836, 4.999995, 39, 550, 674.7, 660, 802, 945, 945, 945, 0
30.001862, 5.000026, 26, 511, 654.6, 662, 727, 735, 735, 735, 0
35.001822, 4.99996, 40, 503, 637.2, 625, 736, 817, 817, 817, 0
40.001789, 4.999967, 17, 506, 670.7, 663, 858, 867, 867, 867, 0
45.001826, 5.000037, 27, 503, 654.5, 642, 823, 852, 852, 852, 0
50.001828, 5.000002, 29, 516, 1179.2, 707, 3070, 4701, 4701, 4701, 0
55.001752, 4.999924, 30, 512, 641.8, 633, 726, 770, 770, 770, 0
60.001849, 5.000097, 29, 518, 636.2, 622, 747, 791, 791, 791, 0
65.001822, 4.999973, 29, 523, 657.3, 629, 886, 894, 894, 894, 0
70.001821, 4.999999, 34, 527, 673.3, 663, 722, 1280, 1280, 1280, 0
75.001827, 5.000006, 22, 541, 648.2, 652, 724, 755, 755, 755, 0
80.001779, 4.999952, 38, 507, 645.2, 641, 798, 839, 839, 839, 0
85.001836, 5.000057, 25, 506, 616.4, 619, 686, 785, 785, 785, 0
90.001822, 4.999986, 38, 487, 614.3, 606, 758, 802, 802, 802, 0
95.001824, 5.000002, 36, 521, 611.0, 607, 705, 761, 761, 761, 0
100.001842, 5.000018, 28, 535, 624.1, 609, 727, 746, 746, 746, 0
105.001864, 5.000022, 41, 492, 845.0, 613, 3013, 4932, 4932, 4932, 0
110.00186, 4.999996, 25, 492, 582.8, 548, 716, 752, 752, 752, 0
115.001845, 4.999985, 35, 480, 574.4, 574, 671, 716, 716, 716, 0
120.001867, 5.000022, 37, 481, 560.4, 547, 628, 829, 829, 829, 0
121.022931, 1.021064, 7, 461, 560.9, 552, 628, 829, 829, 829, 0
