elapsed, window, n, min, mean, median, 95th, 99th, 99_9th, max, errors
5.000122, 5.000122, 6199, 707, 797.2, 793, 854, 895, 998, 2413, 0
10.001074, 5.000952, 6211, 680, 795.2, 791, 852, 886, 1112, 2045, 0
15.001069, 4.999995, 6209, 686, 796.1, 793, 853, 896, 999, 1674, 0
20.001182, 5.000113, 6192, 697, 797.7, 793, 863, 904, 1025, 1348, 0
25.00107, 4.999888, 6184, 691, 798.2, 794, 860, 904, 983, 1440, 0
30.001068, 4.999998, 6149, 698, 802.5, 798, 868, 918, 989, 1037, 0
35.001163, 5.000095, 6185, 690, 799.2, 796, 859, 897, 956, 1335, 0
40.001068, 4.999905, 6196, 690, 796.8, 794, 854, 892, 954, 1305, 0
45.001068, 5.0, 6164, 696, 800.4, 797, 862, 904, 968, 1064, 0
50.001102, 5.000034, 6150, 690, 803.4, 799, 868, 915, 987, 1349, 0
55.001072, 4.99997, 6178, 711, 800.2, 796, 862, 906, 976, 1512, 0
60.001072, 5.0, 6151, 698, 803.5, 799, 867, 916, 976, 1484, 0
65.001073, 5.000001, 6147, 707, 803.3, 800, 863, 898, 976, 1074, 0
70.001067, 4.999994, 6143, 701, 804.5, 800, 869, 912, 968, 1005, 0
75.001146, 5.000079, 6099, 709, 809.7, 806, 873, 918, 965, 1167, 0
80.00107, 4.999924, 6107, 692, 809.0, 805, 873, 914, 980, 1232, 0
85.001117, 5.000047, 6115, 707, 807.9, 804, 870, 907, 1005, 1208, 0
90.001079, 4.999962, 6118, 711, 807.2, 804, 868, 910, 983, 1181, 0
95.001086, 5.000007, 6157, 694, 802.7, 799, 863, 909, 995, 1205, 0
100.001074, 4.999988, 6109, 669, 807.9, 804, 870, 917, 968, 1305, 0
105.001122, 5.000048, 6145, 695, 803.9, 800, 865, 907, 990, 1403, 0
110.001068, 4.999946, 6111, 707, 808.3, 803, 872, 914, 1007, 1222, 0
115.001066, 4.999998, 6118, 712, 807.9, 803, 877, 920, 994, 1954, 0
120.001091, 5.000025, 6128, 712, 806.5, 802, 871, 914, 1007, 1083, 0
121.002178, 1.001087, 1228, 708, 805.8, 802, 868, 910, 1007, 2015, 0
