elapsed, window, n, min, mean, median, 95th, 99th, 99_9th, max, errors
5.000776, 5.000776, 128383, 470, 8748.8, 2999, 12430, 171782, 462380, 690788, 0
10.001774, 5.000998, 124999, 476, 8848.6, 2873, 10510, 195240, 447827, 846214, 0
15.001793, 5.000019, 122496, 480, 9111.7, 2913, 10731, 200508, 462873, 749304, 0
20.001778, 4.999985, 121200, 447, 9110.8, 2871, 10680, 198055, 524184, 967629, 0
25.001772, 4.999994, 121205, 487, 9237.9, 2947, 10863, 192901, 556951, 953368, 0
30.001772, 5.0, 122058, 487, 9098.7, 2927, 10628, 185296, 727358, 1042773, 0
35.001778, 5.000006, 120692, 460, 9273.1, 2936, 10239, 189274, 731983, 1343136, 0
40.001811, 5.000033, 125009, 504, 8952.8, 2929, 10338, 182102, 627964, 996088, 0
45.001797, 4.999986, 122806, 504, 9058.3, 2887, 10323, 192053, 585387, 866837, 0
50.001784, 4.999987, 120198, 487, 9286.8, 2948, 10690, 220426, 429702, 856172, 0
55.001794, 5.00001, 120331, 456, 9185.9, 2918, 10796, 196551, 560002, 844739, 0
60.001778, 4.999984, 121452, 470, 9300.2, 2972, 10676, 200104, 577444, 966005, 0
65.001879, 5.000101, 119519, 491, 9135.8, 2910, 10883, 194815, 512078, 860508, 0
70.001799, 4.99992, 119435, 489, 9358.6, 2928, 10783, 187248, 695838, 1174878, 0
75.001807, 5.000008, 120563, 502, 9350.0, 2956, 10921, 217598, 485132, 656948, 0
80.001805, 4.999998, 118231, 494, 9384.1, 3008, 11185, 206024, 424034, 682749, 0
85.001776, 4.999971, 118878, 488, 9433.9, 3017, 10839, 212983, 483543, 785992, 0
90.001778, 5.000002, 119934, 508, 9318.2, 3022, 10829, 212978, 421686, 696172, 0
95.001825, 5.000047, 120844, 483, 9161.8, 2957, 10147, 193902, 636599, 881726, 0
100.001777, 4.999952, 117002, 461, 9330.6, 2949, 11027, 201174, 564047, 889307, 0
105.001814, 5.000037, 119951, 469, 9318.0, 2985, 10698, 188490, 611227, 894319, 0
110.001782, 4.999968, 123196, 505, 9122.5, 2967, 10108, 190518, 564670, 821393, 0
115.001812, 5.00003, 117231, 492, 9549.6, 2973, 10983, 212203, 464371, 841127, 0
120.001805, 4.999993, 121506, 522, 9295.7, 3005, 10440, 184165, 659903, 1272728, 0
121.004929, 1.003124, 22963, 528, 9311.4, 3035, 10570, 186964, 609643, 966044, 0
