elapsed, window, total, successful, failed
5.000306, 5.000306, 492148, 492148, 0
10.001559, 5.001253, 449805, 449805, 0
15.001452, 4.999893, 448941, 448941, 0
20.001309, 4.999857, 450952, 450952, 0
25.001314, 5.000005, 445169, 445169, 0
30.001468, 5.000154, 447656, 447656, 0
35.001343, 4.999875, 448640, 448640, 0
40.001288, 4.999945, 445857, 445857, 0
45.001316, 5.000028, 447544, 447544, 0
50.001402, 5.000086, 445715, 445715, 0
55.001299, 4.999897, 449521, 449521, 0
60.001406, 5.000107, 447956, 447956, 0
65.001384, 4.999978, 445727, 445727, 0
70.001343, 4.999959, 448739, 448739, 0
75.001377, 5.000034, 445309, 445309, 0
80.001355, 4.999978, 445063, 445063, 0
85.001311, 4.999956, 448421, 448421, 0
90.001309, 4.999998, 444981, 444981, 0
95.001371, 5.000062, 450002, 450002, 0
100.001288, 4.999917, 447101, 447101, 0
105.001432, 5.000144, 449862, 449862, 0
110.001308, 4.999876, 446078, 446078, 0
115.001329, 5.000021, 446033, 446033, 0
120.001324, 4.999995, 446993, 446993, 0
121.003572, 1.002248, 86349, 86349, 0
