elapsed, window, n, min, mean, median, 95th, 99th, 99_9th, max, errors
5.000166, 5.000166, 16951, 1051, 6336.4, 4744, 10859, 48646, 128950, 197132, 0
10.001163, 5.000997, 16287, 799, 6535.9, 4752, 11581, 54293, 116584, 176146, 0
15.001291, 5.000128, 16447, 917, 6496.1, 4977, 11652, 43339, 111800, 183182, 0
20.001172, 4.999881, 16184, 785, 6505.2, 4856, 11887, 49803, 113944, 200575, 0
25.001167, 4.999995, 16046, 962, 6436.1, 4896, 11255, 47482, 110396, 200575, 0
30.001176, 5.000009, 15941, 923, 6565.1, 4886, 11721, 50939, 123219, 205907, 0
35.001174, 4.999998, 16084, 875, 6568.8, 4946, 11535, 49725, 121544, 202213, 0
40.001163, 4.999989, 15660, 795, 6559.3, 4399, 10586, 65955, 165910, 312897, 0
45.001162, 4.999999, 15591, 814, 6761.3, 4305, 10311, 79397, 207967, 322630, 0
50.001187, 5.000025, 15725, 905, 6488.4, 4315, 10000, 65176, 194377, 342941, 0
55.001205, 5.000018, 15623, 879, 6499.7, 4239, 10366, 71182, 161864, 366690, 0
60.001161, 4.999956, 15775, 790, 6555.6, 4276, 10373, 76665, 165206, 329264, 0
65.001207, 5.000046, 15614, 816, 6617.6, 4216, 10285, 74318, 205536, 293653, 0
70.001213, 5.000006, 15618, 832, 6644.3, 4246, 10384, 78051, 174313, 221185, 0
75.001166, 4.999953, 15393, 879, 6518.6, 4223, 10521, 74016, 174407, 283855, 0
80.001204, 5.000038, 15428, 827, 6430.1, 4386, 10029, 70119, 176472, 283855, 0
85.001158, 4.999954, 15358, 804, 6652.6, 4349, 10779, 75853, 149559, 206706, 0
90.001192, 5.000034, 15299, 906, 6632.0, 4324, 10621, 72674, 180795, 237304, 0
95.001168, 4.999976, 15397, 811, 6616.2, 4383, 10212, 76031, 195905, 304459, 0
100.001202, 5.000034, 15670, 773, 6675.2, 4339, 10634, 73510, 191270, 381923, 0
105.00119, 4.999988, 15247, 772, 6818.6, 4293, 10844, 85266, 179209, 328964, 0
110.001206, 5.000016, 15375, 884, 6717.5, 4319, 10565, 81794, 169901, 319496, 0
115.001162, 4.999956, 15154, 779, 6988.7, 4302, 11040, 87935, 197686, 440682, 0
120.001285, 5.000123, 15277, 893, 6774.1, 4320, 10706, 78314, 180961, 309988, 0
121.004299, 1.003014, 3333, 939, 6727.4, 4310, 10536, 76670, 201196, 324583, 0
