elapsed, window, n, min, mean, max, errors, median
5.00128, 5.00128,126252, 1391,4653.08, 58058,0,3214.17
10.001332, 5.000052,121905, 1394,4547.7, 49843,0,3235.53
15.001267, 4.999935,123365, 1424,4607.84, 54859,0,3238.6
20.00116, 4.999893,121962, 1322,4669.96, 64639,0,3225.3
25.001138, 4.999978,119951, 1416,4603.14, 81346,0,3234.78
30.00117, 5.000032,115074, 1379,4626.65, 98244,0,3222.56
35.001156, 4.999986,97291, 1266,5375.86, 1678615,0,3147.89
40.001171, 5.000015,103680, 1348,5508.29, 1763407,0,3083.91
45.001128, 4.999957,91885, 1347,5572.89, 1775388,0,3080.71
50.001174, 5.000046,85372, 1301,5977.31, 2598978,0,3014.23
55.001276, 5.000102,84907, 1325,5621.06, 2431445,0,3044.28
60.001254, 4.999978,109408, 1330,4808.19, 938038,0,3139.37
65.001165, 4.999911,85138, 1362,6403.26, 3702585,0,3045.15
70.00119, 5.000025,96206, 1372,5366.15, 1993864,0,3096.06
75.001145, 4.999955,80614, 1340,6152.24, 1645968,0,2989.77
80.001138, 4.999993,102605, 1360,5632.29, 1641760,0,3104.5
85.00115, 5.000012,80944, 1363,6550, 4033189,0,2999.23
90.00131, 5.00016,92609, 1330,5325.29, 2650987,0,3091.73
95.001131, 4.999821,79553, 1416,6083.54, 3801462,0,3021.47
100.001298, 5.000167,93852, 1342,4986.97, 2428332,0,3008.92
105.001171, 4.999873,115166, 1271,5835.19, 3605873,0,3208.58
110.001284, 5.000113,122841, 1271,4599.99, 61579,0,3206.17
115.001135, 4.999851,108537, 1434,5164.15, 1789064,0,3165.27
120.00117, 5.000035,121583, 1360,4634.84, 53682,0,3244.64
121.003519, 1.002349,24655, 1434,4598.45, 48719,0,3219.12

