elapsed, window, n, min, mean, median, 95th, 99th, 99_9th, max, errors
5.000692, 5.000692, 1448, 203, 2686.5, 480, 10431, 56523, 83882, 84995, 0
10.0017, 5.001008, 670, 195, 6346.6, 412, 45587, 80136, 103692, 110200, 0
15.001701, 5.000001, 984, 198, 3063.8, 356, 19637, 51680, 98448, 98725, 0
20.001694, 4.999993, 691, 201, 6055.9, 339, 35982, 126035, 187877, 215750, 0
25.001661, 4.999967, 896, 204, 7165.1, 356, 45851, 151903, 215465, 215750, 0
30.001696, 5.000035, 998, 200, 3121.2, 359, 20412, 52186, 87657, 96656, 0
35.001649, 4.999953, 1078, 198, 2170.8, 352, 9657, 46275, 75546, 105415, 0
40.001643, 4.999994, 1095, 197, 3404.4, 376, 21585, 68633, 140176, 140192, 0
45.001699, 5.000056, 816, 194, 3668.8, 312, 25967, 67744, 123806, 142028, 0
50.001698, 4.999999, 951, 188, 2061.2, 299, 10368, 41482, 64018, 71581, 0
55.001646, 4.999948, 1307, 197, 2391.5, 313, 17628, 39483, 64238, 74680, 0
60.001696, 5.00005, 1247, 180, 1426.4, 320, 6089, 28269, 56065, 97638, 0
65.001696, 5.0, 985, 198, 1957.0, 312, 10212, 39644, 61427, 91939, 0
70.001695, 4.999999, 943, 198, 2872.7, 349, 16143, 50160, 125689, 127546, 0
75.001648, 4.999953, 1275, 194, 2220.2, 326, 14475, 39794, 80090, 82117, 0
80.001723, 5.000075, 1080, 197, 2302.5, 293, 13683, 42115, 65946, 86378, 0
85.001648, 4.999925, 1129, 195, 3035.7, 327, 18158, 62330, 99648, 110716, 0
90.001696, 5.000048, 967, 192, 2725.7, 351, 16393, 53480, 66286, 70075, 0
95.001648, 4.999952, 1242, 195, 2129.5, 314, 13432, 41523, 60062, 72522, 0
100.001699, 5.000051, 1274, 197, 1917.9, 322, 10743, 35460, 72522, 86346, 0
105.001875, 5.000176, 991, 200, 2196.1, 317, 12173, 43941, 76459, 90318, 0
110.001696, 4.999821, 887, 195, 1343.3, 314, 1744, 33712, 73992, 90318, 0
115.001693, 4.999997, 1072, 203, 2115.0, 411, 10834, 42031, 71710, 98981, 0
120.001699, 5.000006, 969, 201, 1733.9, 353, 7890, 37649, 70005, 76114, 0
121.001737, 1.000038, 105, 201, 1885.1, 354, 9725, 37649, 64340, 70005, 0
