elapsed, window, n, min, mean, median, 95th, 99th, 99_9th, max, errors
5.00089, 5.00089, 130, 91612, 129327.8, 137612, 161343, 260159, 292693, 292693, 333
10.001937, 5.001047, 127, 91511, 145124.1, 153218, 161748, 172397, 275899, 275899, 279
15.001952, 5.000015, 130, 91826, 150598.7, 152429, 168960, 273140, 288885, 288885, 259
20.00194, 4.999988, 128, 91513, 144431.5, 152686, 160511, 175884, 179567, 179567, 258
25.001922, 4.999982, 125, 91391, 148578.8, 151604, 161109, 264390, 304183, 304183, 240
30.001855, 4.999933, 155, 91545, 150569.9, 152531, 171434, 269889, 291421, 291421, 230
35.001857, 5.000002, 171, 91899, 153523.0, 153203, 225491, 278716, 291421, 291421, 196
40.001853, 4.999996, 166, 91603, 149030.0, 152504, 169711, 189024, 213382, 213382, 229
45.001847, 4.999994, 179, 91436, 149515.3, 152094, 170718, 249566, 275047, 275047, 205
50.001833, 4.999986, 196, 91280, 149438.3, 151987, 163934, 255335, 313270, 313270, 176
55.001894, 5.000061, 228, 91795, 154735.4, 153305, 208372, 268448, 290108, 290108, 155
60.00185, 4.999956, 240, 91667, 149171.4, 152225, 163466, 218066, 283969, 283969, 139
65.001849, 4.999999, 215, 91419, 149593.5, 152513, 159795, 169303, 169992, 169992, 160
70.001847, 4.999998, 237, 91419, 151208.7, 153339, 162243, 222084, 309675, 309675, 163
75.001847, 5.0, 149, 92418, 192820.4, 156733, 353472, 464789, 546620, 546620, 108
80.001858, 5.000011, 173, 91344, 215539.1, 156655, 632649, 901782, 966241, 966241, 108
85.001903, 5.000045, 210, 91770, 189786.2, 153896, 434231, 901782, 966241, 966241, 119
90.001904, 5.000001, 240, 91834, 182129.3, 153404, 406041, 581991, 610380, 610380, 114
95.001856, 4.999952, 143, 91725, 241095.0, 169113, 536650, 623609, 790494, 790494, 68
100.00191, 5.000054, 255, 91757, 157594.8, 153757, 244292, 299862, 427277, 427277, 116
105.001889, 4.999979, 250, 91426, 153494.9, 153375, 206410, 260756, 268329, 268329, 118
110.001854, 4.999965, 238, 91892, 154467.2, 153827, 181038, 233009, 313341, 313341, 132
115.001846, 4.999992, 275, 91666, 152675.6, 153832, 162075, 261479, 301782, 301782, 111
120.001849, 5.000003, 267, 91394, 153323.3, 153014, 168019, 287031, 302247, 302247, 123
121.004141, 1.002292, 40, 91394, 153114.1, 152927, 168019, 287031, 302247, 302247, 19
