elapsed, window, total, successful, failed
5.000996, 5.000996, 37521, 37521, 0
10.001698, 5.000702, 43376, 43376, 0
15.001703, 5.000005, 43192, 43192, 0
20.001691, 4.999988, 43308, 43308, 0
25.001706, 5.000015, 43362, 43362, 0
30.001693, 4.999987, 43416, 43416, 0
35.001698, 5.000005, 43343, 43343, 0
40.001692, 4.999994, 43396, 43396, 0
45.001688, 4.999996, 43365, 43365, 0
50.001703, 5.000015, 43393, 43393, 0
55.001707, 5.000004, 43325, 43325, 0
60.001693, 4.999986, 43311, 43311, 0
65.001717, 5.000024, 43406, 43406, 0
70.001706, 4.999989, 43402, 43402, 0
75.001702, 4.999996, 43410, 43410, 0
80.002072, 5.00037, 43293, 43293, 0
85.000691, 4.998619, 43316, 43316, 0
90.001715, 5.001024, 43344, 43344, 0
95.001729, 5.000014, 43406, 43406, 0
100.001694, 4.999965, 43308, 43308, 0
105.001702, 5.000008, 43284, 43284, 0
110.001689, 4.999987, 43335, 43335, 0
115.001703, 5.000014, 43404, 43404, 0
120.001704, 5.000001, 43256, 43256, 0
121.004786, 1.003082, 8658, 8658, 0
