elapsed, window, n, min, mean, median, 95th, 99th, 99_9th, max, errors
5.001123, 5.001123, 20379, 989, 7570.2, 6631, 14802, 24112, 49705, 65287, 0
10.001089, 4.999966, 19966, 1153, 7478.3, 6601, 14295, 22477, 39818, 62816, 0
15.001071, 4.999982, 19874, 1097, 7478.5, 6677, 14155, 21426, 35594, 56387, 0
20.001053, 4.999982, 19593, 1119, 7504.7, 6722, 14398, 21721, 33757, 48956, 0
25.001063, 5.00001, 19624, 998, 7481.2, 6583, 14732, 23136, 40766, 56515, 0
30.001072, 5.000009, 19851, 1296, 7524.3, 6735, 14108, 21395, 35655, 69250, 0
35.001076, 5.000004, 19544, 1341, 7576.7, 6775, 14321, 21581, 34551, 51337, 0
40.001036, 4.99996, 19602, 885, 7552.4, 6778, 14096, 21318, 33936, 51337, 0
45.001079, 5.000043, 19472, 1023, 7595.1, 6700, 14856, 23240, 36571, 61429, 0
50.001086, 5.000007, 19294, 907, 7635.3, 6695, 15522, 23207, 36765, 53279, 0
55.001062, 4.999976, 19498, 786, 7660.4, 6726, 15202, 23410, 36721, 56222, 0
60.001047, 4.999985, 19683, 1006, 7636.7, 6765, 14824, 22362, 37158, 65817, 0
65.001034, 4.999987, 19471, 1113, 7595.4, 6789, 14571, 21989, 33650, 45009, 0
70.001039, 5.000005, 19452, 1032, 7603.2, 6810, 14583, 21431, 33933, 55211, 0
75.001044, 5.000005, 19272, 876, 7647.6, 6745, 15075, 23298, 36137, 53672, 0
80.001099, 5.000055, 19362, 1031, 7627.6, 6798, 14589, 22137, 34072, 49533, 0
85.001064, 4.999965, 19096, 903, 7650.1, 6878, 14249, 20932, 31544, 46416, 0
90.001068, 5.000004, 19467, 1103, 7624.4, 6915, 13966, 20413, 32188, 42556, 0
95.001038, 4.99997, 19188, 1216, 7722.0, 6911, 14629, 22540, 37817, 59155, 0
100.001035, 4.999997, 19081, 898, 7688.9, 6976, 14210, 20887, 31691, 56210, 0
105.00112, 5.000085, 19151, 1244, 7702.9, 6974, 14163, 21067, 31320, 47817, 0
110.001044, 4.999924, 19209, 1149, 7801.9, 7012, 14675, 22137, 35695, 55983, 0
115.001045, 5.000001, 19140, 875, 7800.9, 6940, 14980, 23090, 39346, 70670, 0
120.00105, 5.000005, 19279, 941, 7767.5, 6985, 14751, 22096, 35866, 63072, 0
121.005123, 1.004073, 3823, 941, 7760.7, 7006, 14563, 21842, 35370, 62598, 0
