elapsed, window, n, min, mean, median, 95th, 99th, 99_9th, max, errors
5.000433, 5.000433, 15, 63055, 91270.0, 92346, 106737, 123222, 123222, 123222, 0
10.00147, 5.001037, 0, 0, 0, 0, 0, 0, 0, 0, 0
15.001367, 4.999897, 0, 0, 0, 0, 0, 0, 0, 0, 0
20.001383, 5.000016, 30, 1072, 89168.3, 92325, 186970, 192198, 192198, 192198, 0
25.001432, 5.000049, 0, 0, 0, 0, 0, 0, 0, 0, 0
30.00143, 4.999998, 19, 82477, 108085.8, 100814, 149499, 150078, 150078, 150078, 0
35.001469, 5.000039, 59, 926, 75698.2, 92239, 128435, 139414, 162562, 162562, 0
40.001419, 4.99995, 44, 44824, 97324.6, 94491, 134753, 142630, 142630, 142630, 0
45.001376, 4.999957, 46, 987, 66159.1, 92378, 102630, 121380, 121380, 121380, 0
50.001376, 5.0, 27, 1069, 47855.9, 18474, 98670, 100364, 100364, 100364, 0
55.001427, 5.000051, 27, 68696, 96149.3, 94730, 124680, 125200, 125200, 125200, 0
60.00146, 5.000033, 36, 10718, 95275.4, 93512, 144959, 146560, 146560, 146560, 0
65.001431, 4.999971, 33, 970, 74305.2, 92358, 98397, 100428, 100428, 100428, 0
70.001378, 4.999947, 24, 970, 58830.8, 84697, 131005, 137216, 137216, 137216, 0
75.001432, 5.000054, 15, 26948, 103002.7, 94493, 147754, 245041, 245041, 245041, 0
80.001433, 5.000001, 0, 0, 0, 0, 0, 0, 0, 0, 0
85.001459, 5.000026, 15, 80024, 96930.1, 93013, 118020, 145081, 145081, 145081, 0
90.001446, 4.999987, 45, 976, 64017.5, 90853, 101666, 120408, 120408, 120408, 0
95.001434, 4.999988, 25, 54451, 94078.6, 94729, 101231, 148344, 148344, 148344, 0
100.001446, 5.000012, 20, 939, 32021.2, 1371, 94274, 98470, 98470, 98470, 0
105.001482, 5.000036, 15, 88855, 93089.3, 92649, 96288, 106540, 106540, 106540, 0
110.001392, 4.99991, 30, 70452, 95215.3, 92898, 123353, 128496, 128496, 128496, 0
115.001425, 5.000033, 15, 58002, 90179.7, 90672, 114189, 120489, 120489, 120489, 0
120.001357, 4.999932, 30, 42527, 93187.0, 93084, 118771, 136421, 136421, 136421, 0
121.003493, 1.002136, 0, 42527, 93133.0, 92818, 118771, 136421, 136421, 136421, 0
