elapsed, window, n, min, mean, median, 95th, 99th, 99_9th, max, errors
5.00067, 5.00067, 0, 0, 0, 0, 0, 0, 0, 0, 0
10.001668, 5.000998, 35, 263455, 377556.2, 366862, 500065, 511255, 511255, 511255, 0
15.001562, 4.999894, 0, 0, 0, 0, 0, 0, 0, 0, 0
20.00157, 5.000008, 0, 0, 0, 0, 0, 0, 0, 0, 0
25.001655, 5.000085, 0, 0, 0, 0, 0, 0, 0, 0, 0
30.00163, 4.999975, 0, 0, 0, 0, 0, 0, 0, 0, 0
35.001581, 4.999951, 0, 0, 0, 0, 0, 0, 0, 0, 0
40.001563, 4.999982, 63, 239517, 368023.0, 352782, 524570, 530212, 542369, 542369, 0
45.001579, 5.000016, 38, 311207, 499058.8, 498006, 623035, 636424, 636424, 636424, 0
50.001595, 5.000016, 58, 235408, 403337.9, 445044, 534713, 541507, 555114, 555114, 0
55.001624, 5.000029, 12, 242731, 369526.0, 332908, 592925, 655087, 655087, 655087, 0
60.001625, 5.000001, 35, 233584, 251709.8, 247386, 271682, 274849, 274849, 274849, 0
65.001575, 4.99995, 0, 0, 0, 0, 0, 0, 0, 0, 0
70.001562, 4.999987, 27, 331080, 475401.5, 450285, 597391, 639127, 639127, 639127, 0
75.001576, 5.000014, 8, 323683, 529354.1, 555615, 597391, 639127, 639127, 639127, 0
80.001612, 5.000036, 0, 0, 0, 0, 0, 0, 0, 0, 0
85.001562, 4.99995, 39, 261463, 436372.5, 472443, 527606, 528185, 528185, 528185, 0
90.001571, 5.000009, 58, 261463, 384813.1, 354218, 539127, 561729, 575722, 575722, 0
95.001595, 5.000024, 69, 394615, 602887.8, 621995, 689079, 700333, 701357, 701357, 0
100.001572, 4.999977, 8, 391879, 581098.8, 604868, 648010, 655759, 655759, 655759, 0
105.001579, 5.000007, 5, 308933, 360357.0, 347613, 438058, 438058, 438058, 438058, 0
110.001605, 5.000026, 30, 220847, 435002.2, 467822, 517172, 520489, 520489, 520489, 0
115.001562, 4.999957, 8, 241151, 269688.8, 248887, 301135, 301135, 301135, 301135, 0
120.001607, 5.000045, 38, 225784, 393286.2, 394133, 514027, 557065, 557065, 557065, 0
121.003816, 1.002209, 14, 212476, 375984.9, 378021, 514027, 557065, 557065, 557065, 0
