elapsed, window, n, min, mean, median, 95th, 99th, 99_9th, max, errors
5.00067, 5.00067, 0, 0, 0, 0, 0, 0, 0, 0, 0
10.001668, 5.000998, 35, 152845, 304916.2, 253254, 557146, 654891, 654891, 654891, 0
15.001562, 4.999894, 0, 0, 0, 0, 0, 0, 0, 0, 0
20.00157, 5.000008, 0, 0, 0, 0, 0, 0, 0, 0, 0
25.001655, 5.000085, 0, 0, 0, 0, 0, 0, 0, 0, 0
30.00163, 4.999975, 22, 152797, 268279.8, 243831, 454864, 468112, 468112, 468112, 0
35.001581, 4.999951, 13, 153869, 275189.5, 244381, 454864, 479334, 479334, 479334, 0
40.001563, 4.999982, 0, 0, 0, 0, 0, 0, 0, 0, 0
45.001579, 5.000016, 0, 0, 0, 0, 0, 0, 0, 0, 0
50.001595, 5.000016, 0, 0, 0, 0, 0, 0, 0, 0, 0
55.001624, 5.000029, 34, 151393, 282655.3, 246077, 519013, 638595, 638595, 638595, 0
60.001625, 5.000001, 1, 166752, 266230.0, 266529, 390632, 390632, 390632, 390632, 0
65.001575, 4.99995, 14, 234685, 247204.7, 243481, 259032, 285315, 285315, 285315, 0
70.001562, 4.999987, 57, 194662, 261882.8, 247688, 364002, 453231, 505598, 505598, 0
75.001576, 5.000014, 34, 151087, 252632.7, 247347, 258905, 467261, 467261, 467261, 0
80.001612, 5.000036, 7, 241023, 247500.3, 247309, 254646, 254646, 254646, 254646, 0
85.001562, 4.99995, 56, 154243, 274815.3, 247309, 466287, 507496, 523640, 523640, 0
90.001571, 5.000009, 7, 233455, 263140.1, 245138, 331580, 428357, 428357, 428357, 0
95.001595, 5.000024, 0, 0, 0, 0, 0, 0, 0, 0, 0
100.001572, 4.999977, 32, 151358, 268493.8, 253810, 480543, 526675, 526675, 526675, 0
105.001579, 5.000007, 37, 225747, 246481.8, 243906, 257871, 300756, 300756, 300756, 0
110.001605, 5.000026, 0, 0, 0, 0, 0, 0, 0, 0, 0
115.001562, 4.999957, 32, 233516, 247386.2, 245194, 257847, 306299, 306299, 306299, 0
120.001607, 5.000045, 55, 151494, 256019.0, 245459, 389957, 488333, 509689, 509689, 0
121.003816, 1.002209, 11, 151494, 254482.2, 244519, 389957, 488333, 509689, 509689, 0
