elapsed, window, total, successful, failed
5.001129, 5.001129, 27931, 27931, 0
10.001262, 5.000133, 28245, 28245, 0
15.001296, 5.000034, 28351, 28351, 0
20.001289, 4.999993, 28165, 28165, 0
25.001149, 4.99986, 28155, 28155, 0
30.001299, 5.00015, 27496, 27496, 0
35.001141, 4.999842, 28395, 28395, 0
40.001131, 4.99999, 28168, 28168, 0
45.001274, 5.000143, 28210, 28210, 0
50.001267, 4.999993, 28017, 28017, 0
55.001143, 4.999876, 27745, 27745, 0
60.00114, 4.999997, 27817, 27817, 0
65.001258, 5.000118, 27552, 27552, 0
70.00123, 4.999972, 27728, 27728, 0
75.001159, 4.999929, 28199, 28199, 0
80.00116, 5.000001, 27877, 27877, 0
85.00122, 5.00006, 28403, 28403, 0
90.001141, 4.999921, 27967, 27967, 0
95.00118, 5.000039, 27688, 27688, 0
100.001212, 5.000032, 28155, 28155, 0
105.001148, 4.999936, 28117, 28117, 0
110.001239, 5.000091, 27953, 27953, 0
115.001156, 4.999917, 28035, 28035, 0
120.001196, 5.00004, 27473, 27473, 0
125.001131, 4.999935, 27753, 27753, 0
130.001146, 5.000015, 27527, 27527, 0
135.001383, 5.000237, 27237, 27237, 0
140.001163, 4.99978, 27653, 27653, 0
145.001188, 5.000025, 27219, 27219, 0
150.001126, 4.999938, 27799, 27799, 0
155.001205, 5.000079, 27817, 27817, 0
160.001147, 4.999942, 27070, 27070, 0
165.001284, 5.000137, 27471, 27471, 0
170.001172, 4.999888, 26926, 26926, 0
175.001123, 4.999951, 27233, 27233, 0
180.001179, 5.000056, 27227, 27227, 0
185.00118, 5.000001, 27491, 27491, 0
190.001278, 5.000098, 27084, 27084, 0
195.001276, 4.999998, 26899, 26899, 0
200.001278, 5.000002, 27317, 27317, 0
205.001287, 5.000009, 27301, 27301, 0
210.001272, 4.999985, 26946, 26946, 0
215.001263, 4.999991, 27196, 27196, 0
220.001231, 4.999968, 26525, 26525, 0
225.001126, 4.999895, 27075, 27075, 0
230.001163, 5.000037, 26480, 26480, 0
235.001142, 4.999979, 26805, 26805, 0
240.001126, 4.999984, 26585, 26585, 0
245.001142, 5.000016, 27166, 27166, 0
250.001177, 5.000035, 26535, 26535, 0
255.001262, 5.000085, 26718, 26718, 0
260.001278, 5.000016, 26984, 26984, 0
265.001171, 4.999893, 26639, 26639, 0
270.001138, 4.999967, 26689, 26689, 0
275.001223, 5.000085, 27212, 27212, 0
280.001241, 5.000018, 26450, 26450, 0
285.001163, 4.999922, 26773, 26773, 0
290.001426, 5.000263, 26987, 26987, 0
295.001143, 4.999717, 27187, 27187, 0
300.001252, 5.000109, 27370, 27370, 0
301.056245, 1.054993, 5655, 5655, 0
