elapsed, window, n, min, mean, median, 95th, 99th, 99_9th, max, errors
5.001008, 5.001008, 129980, 379, 8722.6, 4220, 45952, 51736, 58536, 73702, 0
10.002012, 5.001004, 126449, 379, 8868.7, 4361, 46133, 52042, 59135, 74460, 0
15.002006, 4.999994, 121170, 396, 9115.5, 4643, 46368, 52525, 59984, 81446, 0
20.002076, 5.00007, 122590, 388, 9063.5, 4667, 46386, 52306, 59734, 97081, 0
25.001005, 4.998929, 127477, 388, 8758.7, 4152, 45986, 51696, 59149, 75494, 0
30.002084, 5.001079, 123873, 385, 8858.7, 4183, 46088, 51988, 59543, 84727, 0
35.00101, 4.998926, 124259, 389, 8952.0, 4260, 46086, 52173, 60382, 82013, 0
40.002035, 5.001025, 123810, 400, 8968.5, 4383, 46243, 52360, 60314, 85337, 0
45.001059, 4.999024, 122882, 385, 9031.2, 4583, 46378, 52375, 60021, 85337, 0
50.001023, 4.999964, 125187, 403, 8930.7, 4413, 46249, 52009, 59507, 73073, 0
55.001096, 5.000073, 119894, 403, 9107.2, 4574, 46381, 52302, 59614, 79022, 0
60.001003, 4.999907, 123623, 399, 8978.5, 4399, 46244, 52173, 59982, 75494, 0
65.002036, 5.001033, 126569, 390, 8788.5, 4223, 46061, 51902, 60057, 75494, 0
70.001049, 4.999013, 121451, 372, 9147.3, 4722, 46468, 52497, 59843, 76755, 0
75.001056, 5.000007, 122660, 387, 8913.2, 4289, 46112, 52004, 59634, 74654, 0
80.001005, 4.999949, 122848, 387, 9096.2, 4584, 46392, 52518, 60455, 75946, 0
85.002021, 5.001016, 121823, 391, 9019.9, 4389, 46248, 52319, 60607, 75909, 0
90.001041, 4.99902, 121374, 400, 9226.7, 4778, 46499, 52547, 60246, 78130, 0
95.001016, 4.999975, 114979, 378, 9440.0, 5015, 46764, 52875, 60370, 78130, 0
100.00203, 5.001014, 128073, 401, 8806.8, 4199, 46010, 51439, 58910, 71414, 0
105.001078, 4.999048, 121588, 403, 9064.5, 4564, 46326, 52263, 59980, 84584, 0
110.001034, 4.999956, 121710, 387, 9110.5, 4467, 46305, 52705, 60917, 84584, 0
115.001016, 4.999982, 130555, 411, 8730.0, 4070, 45999, 51437, 59859, 78258, 0
120.002032, 5.001016, 120803, 407, 8959.9, 4316, 46101, 52186, 59691, 82161, 0
121.016707, 1.014675, 32969, 389, 8824.2, 4214, 45981, 52210, 59751, 82161, 0
