elapsed, window, n, min, mean, median, 95th, 99th, 99_9th, max, errors
5.000448, 5.000448, 451837, 275, 12019.6, 7291, 38230, 58084, 86787, 165147, 0
10.001437, 5.000989, 418075, 281, 12109.3, 7280, 39620, 55350, 75588, 120094, 0
15.001492, 5.000055, 416067, 282, 12084.5, 7162, 40331, 56623, 77047, 130755, 0
20.001496, 5.000004, 413165, 274, 12098.5, 7000, 39700, 56383, 76870, 119234, 0
25.001436, 4.99994, 410572, 252, 12158.1, 6964, 40945, 59661, 92455, 176514, 0
30.001444, 5.000008, 407315, 252, 12238.5, 6873, 41073, 64966, 89188, 158504, 0
35.001493, 5.000049, 416810, 282, 12044.9, 7077, 38350, 60047, 81351, 144925, 0
40.001453, 4.99996, 416397, 258, 12008.6, 7195, 38580, 55254, 75680, 123933, 0
45.001484, 5.000031, 412009, 225, 12063.4, 7233, 38458, 54315, 74670, 120605, 0
50.001448, 4.999964, 415121, 225, 12042.6, 7195, 38545, 53476, 73556, 112921, 0
55.001453, 5.000005, 414426, 266, 12060.5, 7488, 38547, 55422, 75972, 131628, 0
60.001442, 4.999989, 413867, 292, 12098.5, 7721, 37097, 53870, 72093, 114378, 0
65.00144, 4.999998, 408798, 305, 12134.5, 7395, 37191, 58239, 82343, 153153, 0
70.001446, 5.000006, 412129, 285, 12162.2, 7309, 37124, 62617, 88995, 167535, 0
75.001446, 5.0, 417297, 285, 11993.8, 7361, 36656, 56394, 77123, 140203, 0
80.001443, 4.999997, 414787, 292, 12072.5, 7603, 36962, 51597, 69565, 111716, 0
85.001449, 5.000006, 414604, 234, 12011.7, 7519, 37362, 53432, 72976, 123504, 0
90.001461, 5.000012, 409253, 234, 12151.6, 7575, 37743, 54062, 76142, 138861, 0
95.001559, 5.000098, 415292, 298, 12112.2, 7505, 37262, 58418, 79871, 140354, 0
100.001472, 4.999913, 410376, 257, 12108.7, 7671, 36394, 51113, 69251, 114494, 0
105.00149, 5.000018, 410434, 292, 12213.1, 7026, 38874, 55194, 76214, 131993, 0
110.001568, 5.000078, 414876, 289, 12072.4, 7449, 37389, 52208, 71712, 116265, 0
115.001456, 4.999888, 411872, 290, 12095.5, 7638, 37308, 56534, 79888, 150487, 0
120.001468, 5.000012, 414430, 272, 12062.8, 7221, 38249, 60555, 80805, 145219, 0
121.016592, 1.015124, 87451, 272, 12082.0, 7315, 38073, 60179, 80253, 145219, 0
