elapsed, window, total, successful, failed
5.000533, 5.000533, 39178, 39178, 0
10.001637, 5.001104, 39764, 39764, 0
15.001592, 4.999955, 39619, 39619, 0
20.001595, 5.000003, 39938, 39938, 0
25.001598, 5.000003, 39827, 39827, 0
30.001499, 4.999901, 40030, 40030, 0
35.001512, 5.000013, 40157, 40157, 0
40.001502, 4.99999, 40083, 40083, 0
45.001522, 5.00002, 39555, 39555, 0
50.001597, 5.000075, 39957, 39957, 0
55.001515, 4.999918, 39575, 39575, 0
60.001511, 4.999996, 39498, 39498, 0
65.001529, 5.000018, 39380, 39380, 0
70.001515, 4.999986, 39773, 39773, 0
75.001614, 5.000099, 39688, 39688, 0
80.001573, 4.999959, 39860, 39860, 0
85.001547, 4.999974, 39673, 39673, 0
90.001538, 4.999991, 39518, 39518, 0
95.001552, 5.000014, 39517, 39517, 0
100.001526, 4.999974, 39309, 39309, 0
105.001542, 5.000016, 39051, 39051, 0
110.001615, 5.000073, 38726, 38726, 0
115.001537, 4.999922, 35747, 35747, 0
120.001501, 4.999964, 39727, 39727, 0
125.00155, 5.000049, 39296, 39296, 0
130.001532, 4.999982, 39524, 39524, 0
135.00152, 4.999988, 39077, 39077, 0
140.001634, 5.000114, 39105, 39105, 0
145.001519, 4.999885, 39600, 39600, 0
150.001526, 5.000007, 39033, 39033, 0
155.001519, 4.999993, 39471, 39471, 0
160.001503, 4.999984, 39449, 39449, 0
165.001557, 5.000054, 39435, 39435, 0
170.001589, 5.000032, 39633, 39633, 0
175.001609, 5.00002, 39536, 39536, 0
180.001543, 4.999934, 39633, 39633, 0
185.00155, 5.000007, 39468, 39468, 0
190.001678, 5.000128, 39452, 39452, 0
195.001511, 4.999833, 39833, 39833, 0
200.001583, 5.000072, 39370, 39370, 0
205.001584, 5.000001, 39476, 39476, 0
210.001539, 4.999955, 39264, 39264, 0
215.001517, 4.999978, 39707, 39707, 0
220.001604, 5.000087, 39753, 39753, 0
225.00159, 4.999986, 39352, 39352, 0
230.001607, 5.000017, 40084, 40084, 0
235.00156, 4.999953, 38725, 38725, 0
240.001587, 5.000027, 39649, 39649, 0
245.001581, 4.999994, 38591, 38591, 0
250.001579, 4.999998, 39000, 39000, 0
255.001584, 5.000005, 39175, 39175, 0
260.001636, 5.000052, 39263, 39263, 0
265.001571, 4.999935, 39855, 39855, 0
270.00157, 4.999999, 39132, 39132, 0
275.001559, 4.999989, 39693, 39693, 0
280.00151, 4.999951, 39844, 39844, 0
285.001519, 5.000009, 39248, 39248, 0
290.001501, 4.999982, 38854, 38854, 0
295.001629, 5.000128, 39121, 39121, 0
300.00153, 4.999901, 39488, 39488, 0
301.047793, 1.046263, 8606, 8606, 0
