elapsed, window, n, min, mean, median, 95th, 99th, 99_9th, max, errors
5.000534, 5.000534, 448657, 278, 12157.9, 7406, 37600, 54566, 73553, 125856, 0
10.001556, 5.001022, 410389, 256, 12191.2, 7252, 38877, 56346, 78340, 125856, 0
15.001531, 4.999975, 412418, 290, 12097.4, 7669, 36711, 51981, 70839, 127749, 0
20.001505, 4.999974, 418372, 292, 11991.3, 7423, 37196, 52210, 70290, 110514, 0
25.001513, 5.000008, 409404, 273, 12146.6, 7117, 39352, 55589, 76039, 117753, 0
30.0015, 4.999987, 416399, 304, 12007.3, 7449, 38526, 54054, 74987, 129069, 0
35.001483, 4.999983, 418982, 274, 11922.5, 7436, 36278, 51292, 69701, 124980, 0
40.001539, 5.000056, 416426, 274, 12005.1, 7304, 38987, 61836, 81515, 149409, 0
45.001635, 5.000096, 413788, 264, 12033.9, 7008, 38670, 53101, 72876, 108080, 0
50.001495, 4.99986, 410408, 281, 12168.7, 7193, 39764, 56257, 77603, 129109, 0
55.001523, 5.000028, 409782, 262, 12169.3, 6971, 41553, 65332, 85560, 144366, 0
60.001555, 5.000032, 407250, 312, 12297.2, 7855, 37222, 54022, 72871, 126485, 0
65.001497, 4.999942, 411932, 285, 12100.8, 7402, 37190, 52599, 71676, 111731, 0
70.001514, 5.000017, 413280, 285, 12065.1, 6939, 37952, 67773, 91186, 165137, 0
75.001513, 4.999999, 417183, 325, 12041.5, 7744, 35665, 51883, 70180, 119525, 0
80.00153, 5.000017, 414934, 339, 12050.0, 7868, 34947, 48522, 66783, 115775, 0
85.001487, 4.999957, 416203, 312, 12047.9, 7606, 35763, 56048, 79916, 148528, 0
90.001546, 5.000059, 423326, 306, 11849.3, 8070, 33802, 46040, 62926, 94134, 0
95.001499, 4.999953, 420293, 312, 11874.3, 7979, 34509, 49006, 67507, 110489, 0
100.001496, 4.999997, 419447, 273, 11934.6, 7942, 34413, 50010, 69839, 129580, 0
105.001547, 5.000051, 424578, 303, 11843.2, 8467, 32168, 45148, 62772, 115584, 0
110.001498, 4.999951, 419813, 335, 11882.6, 8481, 33213, 47202, 64880, 104663, 0
115.001509, 5.000011, 423058, 335, 11782.1, 8642, 31136, 44425, 65535, 118310, 0
120.001496, 4.999987, 422356, 346, 11831.1, 8856, 31548, 44869, 66774, 116749, 0
121.018673, 1.017177, 86183, 358, 11786.8, 9017, 30632, 42623, 57583, 89109, 0
