elapsed, window, n, min, mean, median, 95th, 99th, 99_9th, max, errors
5.000246, 5.000246, 13906, 3462118, 4175103.9, 4205967, 4773942, 4859123, 4900024, 4925808, 0
10.001238, 5.000992, 41381, 1134477, 2575909.0, 2109577, 4940641, 5084193, 6284904, 6571212, 0
15.001235, 4.999997, 52052, 1073991, 1858873.2, 1915556, 2300889, 2438915, 2562574, 2697330, 0
20.001232, 4.999997, 55527, 800672, 1657522.7, 1698179, 2169373, 2300092, 2447305, 2733297, 0
25.001198, 4.999966, 57825, 681814, 1494470.9, 1462140, 2144820, 2577768, 2888963, 2993263, 0
30.001202, 5.000004, 53197, 733783, 1448085.6, 1365322, 2122002, 2520494, 2792067, 2917530, 0
35.001201, 4.999999, 52430, 656591, 1764996.1, 1783657, 2551619, 2806266, 2986014, 3159852, 0
40.001232, 5.000031, 57317, 668402, 1532835.0, 1540323, 2136786, 2295538, 2415138, 2636839, 0
45.001233, 5.000001, 45069, 727353, 1881528.9, 1947950, 2980618, 3193199, 3369232, 3577126, 0
50.001235, 5.000002, 48483, 801845, 1903232.3, 1914995, 2931752, 3198944, 3375212, 3864762, 0
55.001184, 4.999949, 46399, 979810, 1964060.7, 1979139, 2627238, 3021248, 3242169, 3538831, 0
60.001186, 5.000002, 48397, 912124, 1692919.5, 1675548, 2255227, 2591243, 3075591, 3329926, 0
65.001235, 5.000049, 53873, 731009, 1678331.0, 1676285, 2212796, 2352364, 2503772, 2730830, 0
70.001232, 4.999997, 57233, 651459, 1527192.7, 1548994, 2158153, 2374058, 2519009, 2950129, 0
75.001235, 5.000003, 50276, 975533, 1754892.6, 1733776, 2334467, 2651301, 2861638, 3231190, 0
80.001237, 5.000002, 49983, 730359, 1625764.0, 1629564, 2116316, 2418088, 2806005, 3053307, 0
85.001234, 4.999997, 42510, 1070138, 2041501.1, 2051492, 2662869, 3005341, 3206138, 3329448, 0
90.001414, 5.00018, 58935, 764289, 1689316.2, 1757493, 2182046, 2370319, 2459441, 2486943, 0
95.001188, 4.999774, 49490, 646403, 1691049.3, 1733633, 2453086, 2768078, 2930976, 3091141, 0
100.00118, 4.999992, 49449, 646403, 1674284.2, 1671236, 2396905, 2774810, 2942630, 3091141, 0
105.00125, 5.00007, 58686, 758154, 1595376.7, 1597898, 2114363, 2283672, 2486466, 2954547, 0
110.001234, 4.999984, 53695, 671710, 1601698.7, 1560068, 2467539, 2613492, 2839507, 2932509, 0
115.001235, 5.000001, 41450, 733105, 1756024.3, 1787781, 2238665, 2406780, 2560234, 2760413, 0
120.001234, 4.999999, 52804, 633176, 1877185.5, 1935612, 2289928, 2481457, 2698493, 2831324, 0
121.242278, 1.241044, 12328, 719332, 1845947.2, 1894023, 2281511, 2457123, 2697184, 2831324, 0
