elapsed, window, total, successful, failed
5.000367, 5.000367, 153860, 153860, 0
10.00145, 5.001083, 152460, 152460, 0
15.001296, 4.999846, 152060, 152060, 0
20.001391, 5.000095, 151225, 151225, 0
25.001394, 5.000003, 151870, 151870, 0
30.001367, 4.999973, 152764, 152764, 0
35.001296, 4.999929, 152425, 152425, 0
40.001291, 4.999995, 152794, 152794, 0
45.001315, 5.000024, 152154, 152154, 0
50.001275, 4.99996, 151335, 151335, 0
55.001313, 5.000038, 151022, 151022, 0
60.001299, 4.999986, 150943, 150943, 0
65.001316, 5.000017, 153124, 153124, 0
70.001279, 4.999963, 151652, 151652, 0
75.00138, 5.000101, 152558, 152558, 0
80.001288, 4.999908, 152532, 152532, 0
85.001354, 5.000066, 150743, 150743, 0
90.001312, 4.999958, 151419, 151419, 0
95.001308, 4.999996, 151717, 151717, 0
100.001329, 5.000021, 151524, 151524, 0
105.001317, 4.999988, 151230, 151230, 0
110.001368, 5.000051, 151942, 151942, 0
115.001275, 4.999907, 152560, 152560, 0
120.001275, 5.0, 151207, 151207, 0
121.001322, 1.000047, 30192, 30192, 0
