elapsed, window, n, min, mean, median, 95th, 99th, 99_9th, max, errors
5.000451, 5.000451, 12098, 1.0, 2.7, 2.0, 6.0, 11.0, 22.0, 50.0, 0
10.001451, 5.001, 12096, 1.0, 2.7, 2.0, 6.0, 10.0, 18.0, 61.0, 0
15.00148, 5.000029, 12107, 1.0, 2.7, 2.0, 6.0, 11.0, 23.0, 41.0, 0
20.001499, 5.000019, 12105, 1.0, 2.6, 2.0, 6.0, 11.0, 21.0, 36.0, 0
25.001449, 4.99995, 12111, 1.0, 2.7, 2.0, 6.0, 11.0, 18.0, 37.0, 0
30.001459, 5.00001, 12105, 1.0, 2.7, 2.0, 6.0, 11.0, 19.0, 35.0, 0
35.0015, 5.000041, 12112, 1.0, 2.6, 2.0, 6.0, 10.0, 20.0, 38.0, 0
40.001453, 4.999953, 12113, 1.0, 2.6, 2.0, 6.0, 11.0, 21.0, 38.0, 0
45.001455, 5.000002, 12115, 1.0, 2.7, 2.0, 6.0, 11.0, 21.0, 48.0, 0
50.001451, 4.999996, 12100, 1.0, 2.6, 2.0, 6.0, 10.0, 20.0, 50.0, 0
55.001554, 5.000103, 12114, 1.0, 2.7, 2.0, 6.0, 11.0, 21.0, 39.0, 0
60.001499, 4.999945, 12106, 1.0, 2.7, 2.0, 6.0, 10.0, 27.0, 44.0, 0
65.001449, 4.99995, 12110, 1.0, 2.7, 2.0, 6.0, 11.0, 22.0, 62.0, 0
70.001636, 5.000187, 12107, 1.0, 2.6, 2.0, 6.0, 11.0, 23.0, 62.0, 0
75.001497, 4.999861, 12114, 1.0, 2.7, 2.0, 6.0, 11.0, 21.0, 48.0, 0
80.001498, 5.000001, 12102, 1.0, 2.7, 2.0, 6.0, 11.0, 21.0, 57.0, 0
85.001673, 5.000175, 12107, 1.0, 2.7, 2.0, 6.0, 11.0, 19.0, 36.0, 0
90.001453, 4.99978, 12117, 1.0, 2.7, 2.0, 6.0, 10.0, 17.0, 26.0, 0
95.001501, 5.000048, 12105, 1.0, 2.7, 2.0, 6.0, 10.0, 19.0, 45.0, 0
100.001479, 4.999978, 12102, 1.0, 2.7, 2.0, 7.0, 11.0, 21.0, 51.0, 0
105.001449, 4.99997, 12100, 1.0, 2.7, 2.0, 6.0, 11.0, 19.0, 36.0, 0
110.001496, 5.000047, 12106, 1.0, 2.7, 2.0, 6.0, 11.0, 20.0, 32.0, 0
115.001475, 4.999979, 12103, 1.0, 2.7, 2.0, 6.0, 11.0, 20.0, 61.0, 0
120.001459, 4.999984, 12098, 1.0, 2.7, 2.0, 6.0, 11.0, 22.0, 51.0, 0
121.002492, 1.001033, 2432, 1.0, 2.7, 2.0, 6.0, 10.0, 21.0, 51.0, 0
