elapsed, window, total, successful, failed
5.000551, 5.000551, 479677, 479677, 0
10.00156, 5.001009, 439162, 439162, 0
15.001632, 5.000072, 435595, 435595, 0
20.001485, 4.999853, 436833, 436833, 0
25.001473, 4.999988, 436202, 436202, 0
30.001574, 5.000101, 434156, 434156, 0
35.001481, 4.999907, 436900, 436900, 0
40.001463, 4.999982, 435963, 435963, 0
45.00156, 5.000097, 436435, 436435, 0
50.001616, 5.000056, 433176, 433176, 0
55.001448, 4.999832, 436295, 436295, 0
60.001464, 5.000016, 435004, 435004, 0
65.001455, 4.999991, 436608, 436608, 0
70.001471, 5.000016, 435650, 435650, 0
75.001429, 4.999958, 432777, 432777, 0
80.001451, 5.000022, 434097, 434097, 0
85.001445, 4.999994, 432941, 432941, 0
90.001518, 5.000073, 433597, 433597, 0
95.001485, 4.999967, 434784, 434784, 0
100.001468, 4.999983, 431566, 431566, 0
105.001504, 5.000036, 434233, 434233, 0
110.001635, 5.000131, 432624, 432624, 0
115.001495, 4.99986, 433490, 433490, 0
120.00149, 4.999995, 432197, 432197, 0
121.003526, 1.002036, 85103, 85103, 0
