elapsed, window, n, min, mean, max, errors, median
5.000786, 5.000786,217673, 1.0,3.43258, 226.0,0,3
10.001673, 5.000887,232038, 1.0,3.38306, 664.0,0,3
15.00167, 4.999997,231405, 1.0,3.39958, 244.0,0,3
20.001678, 5.000008,232031, 1.0,3.36613, 211.0,0,3
25.001674, 4.999996,231902, 1.0,3.36607, 211.0,0,3
30.001769, 5.000095,231823, 1.0,3.38262, 529.0,0,3
35.001743, 4.999974,231887, 1.0,3.36612, 245.0,0,3
40.001675, 4.999932,232114, 1.0,3.38262, 644.0,0,3
45.001721, 5.000046,232238, 1.0,3.3996, 644.0,0,3
50.001761, 5.00004,231842, 1.0,3.39955, 675.0,0,3
55.001837, 5.000076,232116, 1.0,3.38304, 226.0,0,3
60.001668, 4.999831,231959, 1.0,3.36612, 187.0,0,3
65.001713, 5.000045,232275, 1.0,3.38305, 595.0,0,3
70.00167, 4.999957,231891, 1.0,3.36611, 650.0,0,3
75.00171, 5.00004,232062, 1.0,3.38304, 240.0,0,3
80.001719, 5.000009,232213, 1.0,3.4, 235.0,0,3
85.001722, 5.000003,232205, 1.0,3.38265, 615.0,0,3
90.001675, 4.999953,231974, 1.0,3.39962, 618.0,0,3
95.001721, 5.000046,232058, 1.0,3.34955, 238.0,0,3
100.001672, 4.999951,231735, 1.0,3.36616, 660.0,0,3
105.001708, 5.000036,232180, 1.0,3.38312, 450.0,0,3
110.00171, 5.000002,232007, 1.0,3.34958, 613.0,0,3
115.001675, 4.999965,232128, 1.0,3.36611, 594.0,0,3
120.001906, 5.000231,232102, 1.0,3.38314, 321.0,0,3
121.003722, 1.001816,46322, 1.0,3.38307, 646.0,0,3

