elapsed, window, total, successful, failed
5.001136, 5.001136, 11087, 11087, 0
10.001146, 5.00001, 3235, 3235, 0
15.001163, 5.000017, 5989, 5989, 0
20.001148, 4.999985, 4366, 4366, 0
25.001103, 4.999955, 6661, 6659, 2
30.001193, 5.00009, 4142, 4140, 2
35.001157, 4.999964, 5970, 5969, 1
40.001143, 4.999986, 5138, 5138, 0
45.001163, 5.00002, 4673, 4673, 0
50.001179, 5.000016, 5695, 5694, 1
55.001165, 4.999986, 4948, 4947, 1
60.001147, 4.999982, 5954, 5954, 0
65.001168, 5.000021, 4672, 4671, 1
70.001094, 4.999926, 5927, 5927, 0
75.00113, 5.000036, 4977, 4977, 0
80.001064, 4.999934, 5210, 5208, 2
85.00118, 5.000116, 5424, 5423, 1
90.001145, 4.999965, 5206, 5205, 1
95.001081, 4.999936, 5621, 5619, 2
100.001084, 5.000003, 4932, 4930, 2
105.001104, 5.00002, 5621, 5621, 0
110.001149, 5.000045, 4992, 4990, 2
115.001181, 5.000032, 5418, 5418, 0
120.001143, 4.999962, 5252, 5252, 0
125.001202, 5.000059, 5315, 5311, 4
130.00111, 4.999908, 5364, 5362, 2
135.001079, 4.999969, 5079, 5077, 2
140.001115, 5.000036, 5486, 5485, 1
145.001162, 5.000047, 5215, 5215, 0
150.001088, 4.999926, 5379, 5377, 2
155.001133, 5.000045, 5294, 5294, 0
160.001139, 5.000006, 5308, 5307, 1
165.001233, 5.000094, 5291, 5291, 0
170.001203, 4.99997, 5198, 5197, 1
175.001074, 4.999871, 5370, 5370, 0
180.001123, 5.000049, 5213, 5213, 0
185.001166, 5.000043, 5311, 5311, 0
190.001209, 5.000043, 5236, 5235, 1
195.001142, 4.999933, 5366, 5364, 2
200.00114, 4.999998, 5312, 5312, 0
205.001144, 5.000004, 5243, 5242, 1
210.00112, 4.999976, 5329, 5327, 2
215.001139, 5.000019, 5218, 5217, 1
220.001134, 4.999995, 5366, 5365, 1
225.001141, 5.000007, 5209, 5208, 1
230.001092, 4.999951, 5380, 5380, 0
235.001162, 5.00007, 5304, 5304, 0
240.001136, 4.999974, 5253, 5253, 0
245.001137, 5.000001, 5328, 5327, 1
250.001067, 4.99993, 5293, 5293, 0
255.001168, 5.000101, 5327, 5327, 0
260.001092, 4.999924, 5242, 5242, 0
265.00115, 5.000058, 5305, 5305, 0
270.001187, 5.000037, 5295, 5295, 0
275.001144, 4.999957, 5283, 5283, 0
280.001152, 5.000008, 5265, 5265, 0
285.001093, 4.999941, 5248, 5248, 0
290.001099, 5.000006, 5311, 5310, 1
295.001135, 5.000036, 5326, 5326, 0
300.001209, 5.000074, 5275, 5275, 0
301.265262, 1.264053, 1373, 1373, 0
