elapsed, window, n, min, mean, median, 95th, 99th, 99_9th, max, errors
5.000584, 5.000584, 44095, 20158, 22233.6, 21129, 27160, 46019, 67364, 75765, 0
10.001354, 5.00077, 46034, 20158, 21213.9, 20981, 22847, 23865, 25358, 27648, 0
15.001344, 4.99999, 45983, 20170, 21195.4, 20959, 22816, 23885, 25969, 30821, 0
20.001295, 4.999951, 45985, 20161, 21236.3, 21027, 22843, 23745, 24809, 26383, 0
25.001641, 5.000346, 46035, 20171, 21209.1, 20992, 22799, 23689, 24785, 26691, 0
30.001341, 4.9997, 46012, 20170, 21203.4, 20975, 22821, 23756, 25203, 27345, 0
35.001292, 4.999951, 46026, 20174, 21215.6, 20997, 22823, 23808, 25396, 27728, 0
40.001305, 5.000013, 46061, 20170, 21192.2, 20965, 22825, 23745, 25240, 27554, 0
45.001285, 4.99998, 46016, 20170, 21202.9, 20996, 22760, 23597, 24711, 26299, 0
50.001331, 5.000046, 46006, 20170, 21204.6, 20998, 22773, 23608, 24813, 27505, 0
55.001291, 4.99996, 46004, 20156, 21229.3, 21005, 22881, 23969, 25771, 27417, 0
60.00136, 5.000069, 46017, 20165, 21200.7, 20984, 22776, 23714, 25007, 27085, 0
65.001299, 4.999939, 46104, 20166, 21190.8, 20966, 22773, 23785, 25010, 27703, 0
70.001303, 5.000004, 45961, 20157, 21232.6, 21007, 22887, 23895, 25568, 28426, 0
75.001296, 4.999993, 46027, 20164, 21218.2, 21000, 22792, 23758, 25285, 28730, 0
80.001323, 5.000027, 45912, 20166, 21223.3, 20993, 22857, 23923, 25513, 28314, 0
85.001464, 5.000141, 46086, 20176, 21209.0, 20988, 22818, 23781, 25232, 28314, 0
90.00129, 4.999826, 46006, 20171, 21214.4, 21000, 22819, 23625, 24531, 27109, 0
95.001339, 5.000049, 45940, 20170, 21223.7, 21006, 22828, 23804, 25304, 28445, 0
100.001299, 4.99996, 45980, 20167, 21233.2, 20990, 22893, 24148, 26596, 30717, 0
105.001376, 5.000077, 46087, 20172, 21195.1, 20981, 22765, 23638, 24691, 26655, 0
110.001302, 4.999926, 46005, 20169, 21207.1, 21002, 22774, 23598, 24890, 27986, 0
115.001318, 5.000016, 46002, 20166, 21195.1, 20970, 22796, 23688, 24812, 27986, 0
120.001376, 5.000058, 45815, 20165, 21284.3, 20995, 22944, 24606, 37682, 40765, 0
121.004394, 1.003018, 9226, 20170, 21289.5, 21003, 22927, 24606, 37693, 40765, 0
