elapsed, window, total, successful, failed
5.000783, 5.000783, 17620, 17620, 0
10.00166, 5.000877, 17177, 17177, 0
15.001694, 5.000034, 17437, 17437, 0
20.00174, 5.000046, 17497, 17497, 0
25.0017, 4.99996, 18418, 18418, 0
30.001825, 5.000125, 18492, 18492, 0
35.001729, 4.999904, 17866, 17866, 0
40.001685, 4.999956, 18282, 18282, 0
45.001718, 5.000033, 18163, 18163, 0
50.001681, 4.999963, 18575, 18575, 0
55.001797, 5.000116, 18220, 18220, 0
60.001794, 4.999997, 18501, 18501, 0
65.001674, 4.99988, 18446, 18446, 0
70.001801, 5.000127, 18094, 18094, 0
75.001783, 4.999982, 17904, 17904, 0
80.001668, 4.999885, 18655, 18655, 0
85.001785, 5.000117, 17802, 17802, 0
90.001674, 4.999889, 17730, 17730, 0
95.001795, 5.000121, 17480, 17480, 0
100.001677, 4.999882, 17074, 17074, 0
105.001658, 4.999981, 16841, 16841, 0
110.001789, 5.000131, 16777, 16777, 0
115.001785, 4.999996, 16670, 16670, 0
120.00168, 4.999895, 16454, 16454, 0
125.001712, 5.000032, 16129, 16129, 0
130.001706, 4.999994, 15909, 15909, 0
135.001684, 4.999978, 15650, 15650, 0
140.001701, 5.000017, 15823, 15823, 0
145.001693, 4.999992, 15913, 15913, 0
150.00171, 5.000017, 16060, 16060, 0
155.001717, 5.000007, 15846, 15846, 0
160.00178, 5.000063, 16247, 16247, 0
165.001723, 4.999943, 16707, 16707, 0
170.001661, 4.999938, 17047, 17047, 0
175.001831, 5.00017, 16795, 16795, 0
180.001668, 4.999837, 17064, 17064, 0
185.001686, 5.000018, 16983, 16983, 0
190.001714, 5.000028, 16902, 16902, 0
195.001662, 4.999948, 17582, 17582, 0
200.001671, 5.000009, 17434, 17434, 0
205.001655, 4.999984, 17348, 17348, 0
210.001662, 5.000007, 16991, 16991, 0
215.001749, 5.000087, 17259, 17259, 0
220.001775, 5.000026, 17188, 17188, 0
225.001654, 4.999879, 17658, 17658, 0
230.001654, 5.0, 17172, 17172, 0
235.001724, 5.00007, 17278, 17278, 0
240.001782, 5.000058, 17671, 17671, 0
245.001797, 5.000015, 17390, 17390, 0
250.001808, 5.000011, 16843, 16843, 0
255.001765, 4.999957, 17262, 17262, 0
260.001691, 4.999926, 17453, 17453, 0
265.001741, 5.00005, 17458, 17458, 0
270.001719, 4.999978, 17642, 17642, 0
275.001719, 5.0, 17657, 17657, 0
280.001662, 4.999943, 17780, 17780, 0
285.001698, 5.000036, 17206, 17206, 0
290.001686, 4.999988, 17361, 17361, 0
295.001821, 5.000135, 17257, 17257, 0
300.001679, 4.999858, 17481, 17481, 0
301.040895, 1.039216, 3681, 3681, 0
