elapsed, window, total, successful, failed
5.000379, 5.000379, 465644, 465644, 0
10.001391, 5.001012, 430556, 430556, 0
15.001365, 4.999974, 423642, 423642, 0
20.001363, 4.999998, 426571, 426571, 0
25.001381, 5.000018, 420602, 420602, 0
30.001371, 4.99999, 428290, 428290, 0
35.001357, 4.999986, 426159, 426159, 0
40.001354, 4.999997, 423171, 423171, 0
45.001349, 4.999995, 424174, 424174, 0
50.001365, 5.000016, 424635, 424635, 0
55.001392, 5.000027, 416651, 416651, 0
60.001397, 5.000005, 419584, 419584, 0
65.001384, 4.999987, 417699, 417699, 0
70.001391, 5.000007, 413317, 413317, 0
75.00141, 5.000019, 417451, 417451, 0
80.001372, 4.999962, 413116, 413116, 0
85.001419, 5.000047, 412253, 412253, 0
90.001435, 5.000016, 416436, 416436, 0
95.001351, 4.999916, 416536, 416536, 0
100.001468, 5.000117, 414556, 414556, 0
105.001374, 4.999906, 418382, 418382, 0
110.001467, 5.000093, 414300, 414300, 0
115.001354, 4.999887, 420821, 420821, 0
120.001351, 4.999997, 415981, 415981, 0
121.030594, 1.029243, 85443, 85443, 0
