elapsed, window, total, successful, failed
5.000611, 5.000611,74611,74611,0
10.001639, 5.001028,74357,74357,0
15.001666, 5.000027,74654,74654,0
20.001611, 4.999945,74588,74588,0
25.001615, 5.000004,74673,74673,0
30.001706, 5.000091,74651,74651,0
35.00166, 4.999954,74672,74672,0
40.001659, 4.999999,74699,74699,0
45.001608, 4.999949,74637,74637,0
50.001609, 5.000001,74718,74718,0
55.001607, 4.999998,74614,74614,0
60.001612, 5.000005,74615,74615,0
65.00161, 4.999998,74736,74736,0
70.001659, 5.000049,74664,74664,0
75.001806, 5.000147,74634,74634,0
80.00166, 4.999854,74615,74615,0
85.001609, 4.999949,74711,74711,0
90.001608, 4.999999,74618,74618,0
95.001612, 5.000004,74702,74702,0
100.001613, 5.000001,74615,74615,0
105.00161, 4.999997,74656,74656,0
110.001692, 5.000082,74559,74559,0
115.001664, 4.999972,74677,74677,0
120.001606, 4.999942,74635,74635,0
121.002702, 1.001096,14919,14919,0

