elapsed, window, n, min, mean, median, 95th, 99th, 99_9th, max, errors
5.000368, 5.000368, 16360, 932, 17927.3, 2617, 109584, 264326, 587432, 645567, 0
10.001394, 5.001026, 14001, 960, 24608.2, 2165, 189110, 251582, 292581, 325097, 0
15.001436, 5.000042, 14249, 939, 24598.8, 2162, 193054, 256359, 295219, 364050, 0
20.001398, 4.999962, 13954, 919, 24975.4, 2151, 189543, 255402, 334628, 368021, 0
25.001431, 5.000033, 13991, 957, 24557.4, 2182, 173825, 249716, 306405, 337841, 0
30.001371, 4.99994, 14393, 939, 24303.1, 2072, 185106, 266003, 326452, 366524, 0
35.00151, 5.000139, 14193, 948, 25438.6, 2205, 182990, 273543, 361834, 394691, 0
40.001542, 5.000032, 11625, 943, 31127.7, 2620, 215961, 385613, 486923, 518786, 0
45.001364, 4.999822, 12847, 943, 30533.8, 2663, 216733, 387104, 489761, 526873, 0
50.00138, 5.000016, 13642, 962, 25851.6, 2183, 198451, 272371, 315183, 332485, 0
55.001368, 4.999988, 13681, 958, 25809.2, 2143, 198061, 274062, 313863, 337774, 0
60.001381, 5.000013, 13517, 956, 26376.4, 2266, 189073, 289145, 372112, 405148, 0
65.001438, 5.000057, 13727, 960, 25564.4, 2252, 187270, 277772, 336405, 357470, 0
70.001492, 5.000054, 14032, 928, 25611.7, 2195, 190692, 286354, 341480, 365860, 0
75.001373, 4.999881, 13543, 971, 27340.3, 2320, 190060, 293949, 334504, 372748, 0
80.001393, 5.00002, 13630, 953, 25792.7, 2106, 197729, 263258, 299734, 329924, 0
85.001384, 4.999991, 14389, 970, 24510.2, 2196, 180921, 253424, 286550, 314010, 0
90.001387, 5.000003, 13617, 974, 25861.4, 2194, 189304, 269483, 368873, 415958, 0
95.001405, 5.000018, 14103, 934, 25418.6, 2174, 189765, 278958, 336238, 361967, 0
100.001399, 4.999994, 14533, 973, 24160.3, 2245, 181802, 250363, 295136, 331874, 0
105.001398, 4.999999, 13860, 983, 25138.1, 2143, 199925, 266075, 325358, 368348, 0
110.001398, 5.0, 15016, 960, 23194.1, 2197, 184367, 247935, 311870, 335030, 0
115.001364, 4.999966, 14694, 963, 23481.2, 2216, 180365, 241113, 284976, 331617, 0
120.001366, 5.000002, 13247, 984, 26216.8, 2244, 185695, 259565, 306155, 330012, 0
121.006639, 1.005273, 2804, 984, 26290.4, 2337, 179156, 259602, 311109, 330012, 0
