elapsed, window, n, min, mean, median, 95th, 99th, 99_9th, max, errors
5.000682, 5.000682, 8662, 1034, 62858.0, 5519, 229172, 525484, 667360, 732894, 0
10.001591, 5.000909, 8109, 1054, 71641.9, 6521, 245020, 273981, 306511, 315985, 0
15.001568, 4.999977, 7877, 1068, 76608.2, 6794, 273740, 305455, 340931, 358067, 0
20.001543, 4.999975, 8348, 1066, 71897.6, 5907, 266415, 306544, 329451, 358197, 0
25.00162, 5.000077, 8397, 1071, 72046.1, 6125, 255408, 285919, 328927, 344460, 0
30.001608, 4.999988, 8099, 990, 74394.1, 6594, 266539, 312232, 355788, 377411, 0
35.001679, 5.000071, 8415, 1018, 70387.0, 6389, 252362, 282377, 303823, 315678, 0
40.001609, 4.99993, 8294, 1021, 73189.7, 6476, 279801, 322420, 343700, 372296, 0
45.001646, 5.000037, 8291, 1065, 72017.9, 6757, 257229, 297024, 320796, 358160, 0
50.001556, 4.99991, 8526, 1028, 70163.2, 6063, 261280, 307041, 333130, 347300, 0
55.001553, 4.999997, 8840, 1029, 67828.7, 5711, 241544, 282061, 318118, 328933, 0
60.001754, 5.000201, 7823, 1063, 75375.2, 5925, 277132, 316077, 347344, 361675, 0
65.001655, 4.999901, 8067, 1036, 74779.9, 6597, 277681, 318865, 347704, 366711, 0
70.001542, 4.999887, 7555, 1048, 79461.0, 6418, 297074, 338148, 371636, 416713, 0
75.001559, 5.000017, 7906, 1019, 75995.8, 5769, 288986, 322606, 352968, 366435, 0
80.00156, 5.000001, 7403, 1024, 83988.9, 6454, 312262, 341525, 373270, 408013, 0
85.001675, 5.000115, 7356, 1011, 86866.0, 6444, 319144, 348464, 374708, 402767, 0
90.001547, 4.999872, 7505, 1058, 81698.5, 7054, 298551, 333801, 354248, 359554, 0
95.001587, 5.00004, 7239, 1072, 83782.9, 6676, 314998, 343682, 361034, 379479, 0
100.001653, 5.000066, 6729, 1068, 96673.3, 7267, 343473, 437751, 670240, 748306, 0
105.00163, 4.999977, 6957, 1053, 91337.7, 6758, 345545, 414985, 616510, 748306, 0
110.001626, 4.999996, 6263, 1060, 102032.6, 6884, 388696, 470169, 500614, 550488, 0
115.001628, 5.000002, 6844, 1013, 94938.9, 6545, 340930, 382886, 440327, 446780, 0
120.001582, 4.999954, 7217, 1021, 87611.3, 6604, 327069, 373544, 438074, 467983, 0
121.022741, 1.021159, 1943, 1021, 84517.0, 6618, 325707, 370208, 438074, 467983, 0
