elapsed, window, n, min, mean, median, 95th, 99th, 99_9th, max, errors
5.000534, 5.000534, 30104, 79, 879.9, 239, 3654, 6000, 8966, 20934, 0
10.001569, 5.001035, 30810, 86, 863.6, 244, 3589, 5619, 7642, 11712, 0
15.001533, 4.999964, 30811, 83, 868.9, 238, 3622, 5777, 8026, 13344, 0
20.001568, 5.000035, 30859, 83, 875.5, 243, 3712, 5950, 8397, 11919, 0
25.001531, 4.999963, 30884, 86, 870.4, 245, 3640, 5727, 7864, 11411, 0
30.001628, 5.000097, 30859, 83, 876.4, 240, 3663, 5945, 8585, 12775, 0
35.001567, 4.999939, 30836, 83, 876.9, 242, 3635, 5942, 8517, 13100, 0
40.00156, 4.999993, 30846, 84, 883.5, 249, 3668, 5952, 9065, 14575, 0
45.00165, 5.00009, 30927, 87, 865.1, 240, 3585, 5814, 8640, 11025, 0
50.001579, 4.999929, 30885, 87, 870.2, 239, 3639, 5896, 8956, 13140, 0
55.00153, 4.999951, 30879, 85, 864.1, 246, 3608, 5723, 8576, 13583, 0
60.00153, 5.0, 30818, 84, 882.2, 248, 3684, 6113, 8968, 13073, 0
65.001564, 5.000034, 30947, 84, 856.2, 238, 3628, 5612, 8075, 10965, 0
70.001516, 4.999952, 30875, 81, 878.9, 239, 3651, 5861, 8391, 11982, 0
75.001526, 5.00001, 30916, 84, 876.2, 243, 3727, 5718, 8332, 12159, 0
80.001514, 4.999988, 30880, 85, 875.9, 242, 3633, 5812, 8538, 13075, 0
85.001533, 5.000019, 30891, 85, 888.4, 243, 3697, 5920, 8845, 12298, 0
90.001513, 4.99998, 30825, 85, 897.6, 253, 3664, 5732, 7897, 12298, 0
95.001565, 5.000052, 30908, 85, 865.6, 247, 3608, 5864, 8592, 13585, 0
100.001885, 5.00032, 30888, 86, 863.3, 242, 3598, 5637, 8246, 11962, 0
105.001628, 4.999743, 30831, 85, 865.3, 244, 3554, 5768, 8564, 11227, 0
110.001544, 4.999916, 30932, 85, 863.5, 241, 3583, 5829, 9339, 13011, 0
115.001566, 5.000022, 30829, 87, 883.7, 244, 3695, 5901, 8367, 10868, 0
120.001519, 4.999953, 30878, 83, 876.3, 251, 3687, 5778, 8301, 10776, 0
121.004584, 1.003065, 6157, 83, 880.6, 249, 3748, 5891, 8371, 10776, 0
