elapsed, window, n, min, mean, median, 95th, 99th, 99_9th, max, errors
5.000921, 5.000921, 58469, 20525, 25871.0, 24441, 33470, 57275, 130992, 178470, 0
10.001798, 5.000877, 60226, 20599, 24860.1, 24286, 29762, 33950, 68959, 89593, 0
15.001771, 4.999973, 59549, 20552, 25121.0, 23966, 30480, 44979, 78382, 108107, 0
20.001795, 5.000024, 59378, 20576, 25260.4, 23902, 30673, 49550, 106153, 142450, 0
25.001806, 5.000011, 60478, 20608, 24745.4, 24042, 29594, 35786, 70805, 115276, 0
30.00191, 5.000104, 60051, 20596, 25003.0, 24135, 29610, 43394, 92316, 135070, 0
35.001739, 4.999829, 60544, 20592, 24750.1, 24592, 29284, 31974, 39321, 53041, 0
40.001801, 5.000062, 60228, 20633, 24872.9, 24505, 29594, 33112, 51327, 71391, 0
45.001743, 4.999942, 59678, 20625, 25130.7, 24411, 29957, 35519, 86449, 98853, 0
50.001758, 5.000015, 59106, 20549, 25304.9, 24144, 30908, 45203, 139953, 174284, 0
55.001746, 4.999988, 59565, 20610, 25178.7, 25022, 30156, 32907, 41795, 58406, 0
60.001742, 4.999996, 59948, 20665, 24998.7, 24868, 29802, 32376, 36381, 43670, 0
65.001757, 5.000015, 59906, 20616, 25021.4, 24468, 30150, 35164, 58219, 82494, 0
70.001746, 4.999989, 59818, 20565, 25063.9, 24711, 30033, 33033, 40331, 49142, 0
75.001778, 5.000032, 59744, 20628, 25066.3, 24623, 30195, 32918, 49343, 66687, 0
80.001764, 4.999986, 59623, 20580, 25123.8, 24588, 29997, 35135, 74855, 110334, 0
85.00174, 4.999976, 59115, 20581, 25322.5, 24521, 30821, 39020, 70001, 111501, 0
90.001982, 5.000242, 59643, 20614, 25154.4, 24745, 30291, 32780, 37168, 46837, 0
95.001749, 4.999767, 58995, 20627, 25398.3, 24445, 30863, 39646, 82139, 111579, 0
100.001744, 4.999995, 59371, 20660, 25259.7, 24972, 30414, 32862, 37709, 61412, 0
105.001741, 4.999997, 59539, 20624, 25174.5, 24812, 30539, 34450, 50362, 62181, 0
110.001746, 5.000005, 59847, 20642, 25067.2, 24887, 30070, 32394, 36675, 44799, 0
115.001743, 4.999997, 59103, 20599, 25333.3, 24686, 30868, 35602, 66525, 128075, 0
120.001765, 5.000022, 59308, 20593, 25284.5, 24512, 30867, 36762, 73816, 100101, 0
121.005853, 1.004088, 12177, 20560, 25232.5, 24672, 30625, 35144, 65317, 100101, 0
