elapsed, window, total, successful, failed
5.001101, 5.001101, 33138, 33138, 0
10.001088, 4.999987, 33260, 33260, 0
15.001046, 4.999958, 33268, 33268, 0
20.00105, 5.000004, 33293, 33293, 0
25.001073, 5.000023, 33312, 33312, 0
30.001122, 5.000049, 33260, 33260, 0
35.001253, 5.000131, 33311, 33311, 0
40.00129, 5.000037, 33332, 33332, 0
45.001064, 4.999774, 33330, 33330, 0
50.001051, 4.999987, 33278, 33278, 0
55.001048, 4.999997, 33089, 33089, 0
60.001044, 4.999996, 33172, 33172, 0
65.001084, 5.00004, 33208, 33208, 0
70.001047, 4.999963, 33086, 33086, 0
75.001057, 5.00001, 32720, 32720, 0
80.001072, 5.000015, 32902, 32902, 0
85.001128, 5.000056, 32936, 32936, 0
90.001048, 4.99992, 32876, 32876, 0
95.001084, 5.000036, 32983, 32983, 0
100.001077, 4.999993, 33000, 33000, 0
105.001067, 4.99999, 32940, 32940, 0
110.001093, 5.000026, 32900, 32900, 0
115.001049, 4.999956, 32892, 32892, 0
120.001052, 5.000003, 32913, 32913, 0
121.006173, 1.005121, 6631, 6631, 0
