elapsed, window, total, successful, failed
5.00057, 5.00057, 47875, 47875, 0
10.001288, 5.000718, 47905, 47905, 0
15.001462, 5.000174, 47803, 47803, 0
20.001254, 4.999792, 47259, 47259, 0
25.001451, 5.000197, 47163, 47163, 0
30.001455, 5.000004, 39995, 39995, 0
35.001455, 5.0, 32333, 32333, 0
40.001269, 4.999814, 38940, 38940, 0
45.001448, 5.000179, 26101, 26101, 0
50.0013, 4.999852, 29522, 29522, 0
55.001386, 5.000086, 24988, 24988, 0
60.001441, 5.000055, 38347, 38347, 0
65.001259, 4.999818, 33061, 33061, 0
70.001577, 5.000318, 32751, 32751, 0
75.001276, 4.999699, 21534, 21534, 0
80.001447, 5.000171, 38903, 38903, 0
85.001315, 4.999868, 32370, 32370, 0
90.001269, 4.999954, 23417, 23417, 0
95.001436, 5.000167, 17463, 17463, 0
100.00126, 4.999824, 33901, 33901, 0
105.001272, 5.000012, 48067, 48067, 0
110.001254, 4.999982, 47637, 47637, 0
115.001342, 5.000088, 47419, 47419, 0
120.001304, 4.999962, 47345, 47345, 0
121.003545, 1.002241, 10060, 10060, 0
