elapsed, window, n, min, mean, median, 95th, 99th, 99_9th, max, errors
5.000581, 5.000581, 1782, 167, 7186.0, 5306, 24142, 35452, 36008, 36224, 0
10.001585, 5.001004, 1837, 170, 7229.7, 5372, 24117, 35537, 36091, 36175, 0
15.001585, 5.0, 1749, 165, 7264.1, 5374, 24035, 35428, 36251, 36565, 0
20.001532, 4.999947, 1733, 160, 7094.3, 5285, 24056, 35519, 36138, 36565, 0
25.001534, 5.000002, 1693, 166, 7499.2, 5503, 24049, 35462, 36148, 36207, 0
30.001543, 5.000009, 1771, 168, 7457.4, 5437, 24017, 35661, 36151, 36284, 0
35.001533, 4.99999, 1775, 160, 7145.5, 5385, 24025, 35369, 36115, 36444, 0
40.001532, 4.999999, 1892, 165, 6884.4, 324, 23966, 35444, 36232, 41632, 0
45.001532, 5.0, 1836, 164, 6936.4, 5321, 23995, 35285, 36169, 36318, 0
50.00191, 5.000378, 1720, 164, 7059.1, 5412, 23979, 35548, 36179, 36318, 0
55.00158, 4.99967, 1816, 163, 7196.5, 5321, 24057, 35616, 36212, 36385, 0
60.001551, 4.999971, 1808, 163, 7262.9, 5324, 24045, 35534, 36192, 36273, 0
65.001555, 5.000004, 1686, 163, 7306.7, 5381, 24086, 35380, 36184, 36410, 0
70.001529, 4.999974, 1904, 164, 6657.1, 235, 23932, 35260, 36223, 36458, 0
75.001622, 5.000093, 1806, 164, 6829.3, 255, 23988, 35346, 36077, 36391, 0
80.001583, 4.999961, 1803, 163, 7057.7, 5297, 24002, 35395, 36094, 36391, 0
85.001532, 4.999949, 1867, 166, 7071.1, 5345, 23973, 35542, 36157, 36216, 0
90.001532, 5.0, 1740, 164, 6995.7, 5379, 23919, 35495, 36272, 36381, 0
95.001532, 5.0, 1768, 159, 7093.6, 5314, 24039, 35415, 36170, 36330, 0
100.001584, 5.000052, 1787, 163, 7111.8, 5335, 24092, 35464, 36193, 36301, 0
105.001532, 4.999948, 1723, 164, 7257.0, 5373, 24079, 35663, 36265, 42327, 0
110.001532, 5.0, 1863, 167, 7005.8, 5274, 24039, 35531, 36315, 36480, 0
115.001581, 5.000049, 1750, 168, 7261.5, 5428, 24022, 35501, 36205, 36319, 0
120.001533, 4.999952, 1822, 161, 7410.4, 5502, 24010, 35584, 36204, 36284, 0
121.001621, 1.000088, 369, 161, 7206.1, 5421, 23994, 35504, 36156, 36263, 0
