elapsed, window, n, min, mean, median, 95th, 99th, 99_9th, max, errors
5.000467, 5.000467, 564, 1689, 53608.8, 8605, 227295, 316601, 348437, 350648, 0
10.001473, 5.001006, 468, 1501, 73261.5, 45743, 198171, 276945, 313009, 323377, 0
15.001449, 4.999976, 445, 1591, 66874.4, 21978, 193590, 231690, 250852, 284528, 0
20.001423, 4.999974, 437, 1431, 78340.4, 46903, 197241, 455392, 582864, 626246, 0
25.00138, 4.999957, 510, 1493, 71250.9, 24496, 189152, 210303, 221417, 259288, 0
30.001437, 5.000057, 493, 1476, 73151.3, 53739, 170421, 203875, 233238, 246072, 0
35.001477, 5.00004, 456, 1538, 74543.8, 47225, 195035, 223884, 235561, 236301, 0
40.001483, 5.000006, 474, 1606, 77075.6, 52705, 215947, 256358, 284417, 291937, 0
45.001401, 4.999918, 505, 1412, 72841.9, 42203, 193253, 207193, 221399, 228629, 0
50.001434, 5.000033, 511, 1448, 69811.2, 32447, 189758, 209846, 226413, 235154, 0
55.001467, 5.000033, 561, 1383, 62300.8, 16435, 170840, 193365, 205420, 208090, 0
60.001389, 4.999922, 466, 1528, 71964.7, 38871, 182808, 201744, 218320, 227400, 0
65.001389, 5.0, 497, 1487, 69959.6, 38716, 188968, 205509, 227400, 315410, 0
70.00145, 5.000061, 467, 1480, 82784.4, 71950, 220336, 248029, 258711, 267570, 0
75.001447, 4.999997, 504, 1523, 68578.9, 35950, 193329, 214304, 248083, 256604, 0
80.001541, 5.000094, 500, 1356, 65769.2, 32084, 165745, 183410, 190757, 195340, 0
85.001484, 4.999943, 510, 1356, 76790.4, 91098, 178179, 202013, 209800, 216324, 0
90.001454, 4.99997, 479, 1420, 64289.3, 22566, 173875, 204970, 212494, 216324, 0
95.001402, 4.999948, 523, 1517, 63953.8, 19885, 183270, 205190, 212882, 231070, 0
100.001395, 4.999993, 525, 1472, 67978.9, 38999, 167868, 198400, 212882, 231070, 0
105.001383, 4.999988, 532, 1476, 64890.6, 36840, 158844, 188427, 195769, 196573, 0
110.001404, 5.000021, 478, 1516, 64739.5, 31474, 172034, 191641, 198082, 199902, 0
115.001477, 5.000073, 500, 1455, 66231.9, 27173, 164796, 184771, 192009, 196806, 0
120.001486, 5.000009, 459, 1412, 64891.0, 30013, 166472, 186840, 196806, 207087, 0
121.007627, 1.006141, 105, 1412, 65774.3, 30013, 170797, 187412, 207087, 221311, 0
