elapsed, window, n, min, mean, max, errors, median
5.001117, 5.001117,9807, 1431,36471.4, 275864,0,25822.6
10.001109, 4.999992,9729, 1382,36684.8, 121471,0,26797.3
15.001153, 5.000044,9670, 1269,36590.7, 172607,0,30069.7
20.002102, 5.000949,9694, 1228,36921.4, 197304,0,29614.6
25.001057, 4.998955,9490, 1324,37861.5, 238432,0,34551.4
30.001122, 5.000065,9794, 1328,36340, 238432,0,33155.9
35.001053, 4.999931,9544, 1318,37170.2, 174043,0,38713.6
40.001059, 5.000006,9889, 1256,36108.2, 169781,0,21952.5
45.001077, 5.000018,9802, 1256,36713, 183425,0,28402.6
50.000999, 4.999922,9789, 1268,36662.2, 187370,0,32351.5
55.001061, 5.000062,9752, 1296,36883.6, 197278,0,28113.1
60.00106, 4.999999,10002, 1306,35911.1, 201125,0,21080.2
65.00105, 4.99999,9897, 1251,36121.8, 153813,0,25254.3
70.001051, 5.000001,9779, 1305,36080.1, 153117,0,28983.2
75.001051, 5.0,9524, 1187,37326, 186295,0,32639.1
80.001053, 5.000002,9778, 1269,36986.5, 206300,0,36851.2
85.001106, 5.000053,9803, 1269,36378.3, 103487,0,34999.9
90.001096, 4.99999,9859, 1277,35895.1, 103479,0,31328.4
95.001088, 4.999992,9735, 1271,36420.6, 167231,0,32256
100.00101, 4.999922,9786, 1306,36691.4, 203649,0,29344.8
105.001058, 5.000048,9546, 1306,37693.9, 230680,0,34134.5
110.000985, 4.999927,9777, 1341,36086.7, 112768,0,31309.8
115.001053, 5.000068,9921, 1323,36606.7, 203769,0,30912.7
120.001055, 5.000002,9657, 1379,37170.3, 202174,0,40660.8
125.001052, 4.999997,9864, 1326,35950.8, 104638,0,20466.8
130.001072, 5.00002,9784, 1299,36422.1, 155654,0,29785.4
135.001062, 4.99999,9866, 1219,35938.6, 194914,0,26222.8
140.001058, 4.999996,9927, 1302,36249.2, 104521,0,34877.8
145.001065, 5.000007,9718, 1318,36612.9, 220948,0,30541.4
150.00099, 4.999925,9831, 1274,36144.2, 151794,0,31860.8
155.001059, 5.000069,9718, 1322,37481.2, 204620,0,32871.5
160.001052, 4.999993,9699, 1188,37178.9, 197439,0,29866.2
165.001087, 5.000035,9627, 1263,37672.3, 217691,0,35107
170.001065, 4.999978,9922, 1315,35789.9, 198818,0,17188.9
175.001006, 4.999941,9879, 1280,36128.5, 188425,0,26643.5
180.001065, 5.000059,9914, 1306,35585.3, 104875,0,27816.8
181.033207, 1.032142,2187, 1265,35272.9, 104875,0,19480.4

