elapsed, window, total, successful, failed
5.000676, 5.000676, 32118, 32118, 0
10.001606, 5.00093, 32123, 32123, 0
15.001652, 5.000046, 32173, 32173, 0
20.001777, 5.000125, 32033, 32033, 0
25.001741, 4.999964, 32277, 32277, 0
30.001602, 4.999861, 32154, 32154, 0
35.00164, 5.000038, 32210, 32210, 0
40.001631, 4.999991, 32569, 32569, 0
45.00165, 5.000019, 32346, 32346, 0
50.001603, 4.999953, 32134, 32134, 0
55.001671, 5.000068, 32612, 32612, 0
60.001656, 4.999985, 32125, 32125, 0
65.001643, 4.999987, 31961, 31961, 0
70.00168, 5.000037, 31993, 31993, 0
75.00165, 4.99997, 31496, 31496, 0
80.00161, 4.99996, 31469, 31469, 0
85.001625, 5.000015, 31324, 31324, 0
90.001662, 5.000037, 31652, 31652, 0
95.001663, 5.000001, 31782, 31782, 0
100.001656, 4.999993, 32043, 32043, 0
105.00163, 4.999974, 31767, 31767, 0
110.001644, 5.000014, 31970, 31970, 0
115.001692, 5.000048, 32138, 32138, 0
120.001626, 4.999934, 32395, 32395, 0
125.001613, 4.999987, 32230, 32230, 0
130.001792, 5.000179, 32059, 32059, 0
135.001607, 4.999815, 32064, 32064, 0
140.001631, 5.000024, 31703, 31703, 0
145.001661, 5.00003, 31372, 31372, 0
150.001616, 4.999955, 31612, 31612, 0
155.001627, 5.000011, 31707, 31707, 0
160.001637, 5.00001, 31789, 31789, 0
165.001655, 5.000018, 31352, 31352, 0
170.00164, 4.999985, 31897, 31897, 0
175.001652, 5.000012, 31960, 31960, 0
180.001607, 4.999955, 32352, 32352, 0
185.001684, 5.000077, 32075, 32075, 0
190.001638, 4.999954, 31943, 31943, 0
195.001649, 5.000011, 31948, 31948, 0
200.001636, 4.999987, 32366, 32366, 0
205.001615, 4.999979, 32331, 32331, 0
210.001711, 5.000096, 31723, 31723, 0
215.00163, 4.999919, 31940, 31940, 0
220.001662, 5.000032, 31684, 31684, 0
225.001623, 4.999961, 32058, 32058, 0
230.00162, 4.999997, 31935, 31935, 0
235.001621, 5.000001, 31988, 31988, 0
240.001604, 4.999983, 31409, 31409, 0
245.001656, 5.000052, 31567, 31567, 0
250.001682, 5.000026, 31718, 31718, 0
255.001707, 5.000025, 31886, 31886, 0
260.001635, 4.999928, 31931, 31931, 0
265.00167, 5.000035, 31889, 31889, 0
270.001726, 5.000056, 31794, 31794, 0
275.001724, 4.999998, 31776, 31776, 0
280.001608, 4.999884, 32074, 32074, 0
285.001683, 5.000075, 31653, 31653, 0
290.001757, 5.000074, 31605, 31605, 0
295.001684, 4.999927, 31238, 31238, 0
300.001625, 4.999941, 31168, 31168, 0
301.00505, 1.003425, 6284, 6284, 0
