elapsed, window, n, min, mean, median, 95th, 99th, 99_9th, max, errors
5.000908, 5.000908, 408, 151745, 222415.6, 179577, 415890, 481722, 514496, 514496, 0
10.002062, 5.001154, 552, 151530, 191698.7, 156092, 345544, 392983, 438769, 506710, 0
15.001944, 4.999882, 349, 151660, 199460.4, 159489, 372828, 503285, 537851, 537851, 0
20.001954, 5.00001, 303, 151939, 221279.4, 179199, 372828, 432078, 522692, 522692, 0
25.001851, 4.999897, 358, 151362, 208596.5, 160524, 344610, 365319, 379017, 379017, 0
30.001886, 5.000035, 442, 151563, 212309.3, 170204, 356769, 444007, 483374, 483374, 0
35.001826, 4.99994, 351, 151373, 218966.2, 174289, 425965, 514347, 624409, 624409, 0
40.001854, 5.000028, 446, 151263, 221625.5, 157501, 426277, 479167, 550253, 550253, 0
45.001953, 5.000099, 397, 151362, 210383.5, 156801, 406223, 534670, 564869, 564869, 0
50.001984, 5.000031, 442, 151312, 205652.6, 157621, 356473, 425103, 511715, 511715, 0
55.00194, 4.999956, 454, 151334, 212417.1, 159899, 381735, 430788, 552609, 552609, 0
60.001979, 5.000039, 422, 151424, 209982.8, 156433, 432671, 552609, 620509, 620509, 0
65.00197, 4.999991, 360, 151413, 206137.5, 161149, 388066, 457073, 622181, 622181, 0
70.001891, 4.999921, 459, 151498, 211777.7, 158478, 404600, 476913, 615524, 615524, 0
75.001955, 5.000064, 405, 151402, 210162.4, 156582, 404907, 517612, 587348, 587348, 0
80.001859, 4.999904, 381, 151548, 216584.8, 158369, 385709, 473193, 546384, 546384, 0
85.001975, 5.000116, 381, 151522, 224632.4, 174062, 399793, 447781, 511274, 511274, 0
90.00202, 5.000045, 321, 151432, 222557.7, 163278, 391481, 439541, 451639, 451639, 0
95.001908, 4.999888, 529, 151432, 197183.8, 163573, 318302, 374202, 431277, 436753, 0
100.001922, 5.000014, 418, 151696, 208779.4, 174647, 355265, 418742, 558797, 558797, 0
105.001958, 5.000036, 409, 151797, 215052.6, 160748, 391678, 471850, 507802, 507802, 0
110.001912, 4.999954, 421, 151354, 233314.7, 208969, 387059, 446761, 488163, 488163, 0
115.001915, 5.000003, 477, 151424, 220567.4, 161297, 420965, 480659, 549533, 549533, 0
120.00198, 5.000065, 324, 151152, 220361.2, 157331, 448067, 586421, 947684, 947684, 0
121.003117, 1.001137, 78, 151152, 219793.6, 156447, 530292, 656745, 947684, 947684, 0
