elapsed, window, n, min, mean, max, errors, median
5.001921, 5.001921,6114, 1320,18521.1, 243930,1,7971.3
10.000882, 4.998961,4172, 1289,3819.64, 92146,0,2739.69
15.000865, 4.999983,4336, 1263,3259.04, 55671,0,2514.88
20.001906, 5.001041,4316, 1292,2887.34, 36381,0,2309.39
25.001902, 4.999996,4201, 1292,2667.5, 17368,0,2236.48
30.001002, 4.9991,4137, 1232,2646.08, 19836,0,2205.02
35.000903, 4.999901,4264, 1282,2630.1, 30140,0,2200.35
40.000925, 5.000022,4234, 1243,2570.84, 30140,0,2174.75
45.00191, 5.000985,4163, 1209,2600.73, 17625,0,2183.12
50.001906, 4.999996,4212, 1181,2535.67, 15700,0,2173.87
55.001903, 4.999997,4214, 1181,2560.74, 18519,0,2157.14
60.001917, 5.000014,4218, 1161,2518.16, 26492,0,2168.09
65.001928, 5.000011,4315, 1216,2678.9, 20379,0,2196.82
70.001878, 4.99995,4091, 1237,2667.05, 28052,1,2239.07
75.001907, 5.000029,4142, 1226,2637.26, 20772,0,2191.04
80.001896, 4.999989,4158, 1241,2786.98, 24351,0,2264.25
85.001947, 5.000051,4288, 1205,2713.95, 22917,0,2231.22
90.001935, 4.999988,4220, 1205,2784.37, 34336,0,2248.18
95.001946, 5.000011,4388, 1177,2775.42, 23066,0,2290.2
100.001776, 4.99983,4207, 1196,2770.87, 22760,0,2268
105.001799, 5.000023,4318, 1167,2767.91, 30316,0,2270.28
110.001935, 5.000136,4287, 1236,2799.59, 31930,0,2292.2
115.001811, 4.999876,4262, 1190,2946.86, 29843,0,2329.53
120.00191, 5.000099,4253, 1216,3027.99, 82348,0,2348.03
125.001908, 4.999998,4147, 1210,2884.51, 25704,0,2316.39
130.001906, 4.999998,4178, 1146,3155.12, 33657,0,2427.99
135.001783, 4.999877,4163, 1249,3052.29, 28673,0,2414.82
140.001903, 5.00012,4358, 1188,3340.36, 90784,0,2485.54
145.001947, 5.000044,4282, 1188,3170.36, 44524,0,2460.41
150.001925, 4.999978,4199, 1234,3019.21, 33825,0,2433.22
155.001905, 4.99998,4254, 1182,3223.6, 82722,0,2423.8
160.001788, 4.999883,4129, 1220,3551.66, 46155,0,2577.47
165.001912, 5.000124,4162, 1218,3669.21, 46155,0,2682.95
170.001923, 5.000011,4317, 1233,3556.94, 37824,0,2796.93
175.001775, 4.999852,4381, 1235,3325.12, 39943,0,2564.77
180.001859, 5.000084,4235, 1222,3442.44, 39943,0,2640.64
181.092975, 1.091116,880, 1222,3273.08, 27607,0,2531.91

