elapsed, window, n, min, mean, median, 95th, 99th, 99_9th, max, errors
5.001096, 5.001096, 800, 1320, 35586.2, 26361, 84701, 93281, 101742, 103215, 0
10.001127, 5.000031, 0, 1320, 35586.2, 26361, 84701, 93281, 101742, 103215, 0
15.001144, 5.000017, 0, 0, 0, 0, 0, 0, 0, 0, 0
20.000998, 4.999854, 800, 930, 7053.9, 5631, 17102, 26814, 33123, 42666, 0
25.002152, 5.001154, 0, 0, 0, 0, 0, 0, 0, 0, 0
30.001093, 4.998941, 0, 0, 0, 0, 0, 0, 0, 0, 0
35.001098, 5.000005, 0, 0, 0, 0, 0, 0, 0, 0, 0
40.001066, 4.999968, 0, 0, 0, 0, 0, 0, 0, 0, 0
45.000993, 4.999927, 0, 0, 0, 0, 0, 0, 0, 0, 0
50.002144, 5.001151, 0, 0, 0, 0, 0, 0, 0, 0, 0
55.001276, 4.999132, 0, 0, 0, 0, 0, 0, 0, 0, 0
60.001118, 4.999842, 0, 0, 0, 0, 0, 0, 0, 0, 0
65.00101, 4.999892, 0, 0, 0, 0, 0, 0, 0, 0, 0
70.002127, 5.001117, 0, 0, 0, 0, 0, 0, 0, 0, 0
75.001098, 4.998971, 0, 0, 0, 0, 0, 0, 0, 0, 0
80.001157, 5.000059, 0, 0, 0, 0, 0, 0, 0, 0, 0
85.001108, 4.999951, 0, 0, 0, 0, 0, 0, 0, 0, 0
90.001056, 4.999948, 0, 0, 0, 0, 0, 0, 0, 0, 0
95.001073, 5.000017, 0, 0, 0, 0, 0, 0, 0, 0, 0
100.001039, 4.999966, 133, 592, 3076.0, 1982, 9931, 10852, 11340, 11340, 0
105.001054, 5.000015, 582, 571, 3075.2, 1942, 9810, 25382, 41511, 47952, 0
110.001107, 5.000053, 85, 825, 3034.6, 1968, 5746, 28278, 28946, 28946, 0
115.001106, 4.999999, 0, 0, 0, 0, 0, 0, 0, 0, 0
120.001129, 5.000023, 0, 0, 0, 0, 0, 0, 0, 0, 0
121.036444, 1.035315, 0, 0, 0, 0, 0, 0, 0, 0, 0
