elapsed, window, n, min, mean, median, 95th, 99th, 99_9th, max, errors
5.00054, 5.00054, 776, 91515, 99898.2, 94200, 130965, 191555, 194601, 196530, 0
10.001374, 5.000834, 467, 91525, 101173.7, 93791, 182776, 190224, 193499, 196869, 0
15.001474, 5.0001, 500, 91482, 108225.3, 93931, 187668, 192931, 197253, 197253, 0
20.001466, 4.999992, 548, 91269, 107945.5, 93619, 189224, 193453, 197283, 206859, 0
25.001521, 5.000055, 524, 91463, 114485.4, 93640, 192976, 209538, 283665, 285166, 0
30.001463, 4.999942, 604, 91493, 110186.0, 93684, 189623, 194297, 200763, 201638, 0
35.001473, 5.00001, 541, 91553, 106815.6, 93982, 185680, 195719, 211712, 216929, 0
40.001472, 4.999999, 550, 91444, 99261.9, 93509, 148846, 188393, 205336, 214442, 0
45.001388, 4.999916, 516, 91486, 111398.5, 93457, 190309, 228194, 243951, 249775, 0
50.001509, 5.000121, 527, 91718, 112996.3, 93668, 190462, 196439, 204132, 209380, 0
55.001467, 4.999958, 538, 91578, 106623.1, 93849, 185078, 189996, 210263, 219701, 0
60.001459, 4.999992, 623, 91389, 111124.7, 93973, 183534, 188750, 190937, 192321, 0
65.001464, 5.000005, 471, 91254, 94549.3, 93202, 98401, 117250, 156992, 187186, 0
70.001514, 5.00005, 577, 91515, 104959.7, 93623, 188105, 193060, 195704, 195824, 0
75.001513, 4.999999, 705, 91285, 104309.3, 93142, 189132, 195081, 216573, 216625, 1
80.001375, 4.999862, 605, 91353, 113902.0, 93856, 189683, 197177, 216573, 216625, 0
85.001459, 5.000084, 477, 91352, 96951.4, 93148, 108845, 182242, 187407, 187407, 0
90.001426, 4.999967, 565, 91668, 95241.5, 93325, 102735, 135003, 180838, 184485, 0
95.0014, 4.999974, 713, 91261, 107418.0, 93529, 189671, 195829, 198837, 199253, 0
100.001473, 5.000073, 475, 91505, 107036.4, 93386, 185391, 189072, 194833, 194833, 0
105.001414, 4.999941, 524, 91298, 106878.1, 93360, 187368, 193979, 200449, 203935, 0
110.001485, 5.000071, 498, 91354, 114423.8, 93431, 190327, 196474, 200449, 203935, 0
115.001377, 4.999892, 565, 91354, 99378.3, 93146, 144771, 191063, 195164, 196017, 0
120.001464, 5.000087, 466, 91520, 104908.7, 93257, 188094, 198863, 212901, 213382, 0
121.00353, 1.002066, 80, 91520, 107189.8, 93457, 189499, 199952, 212901, 213382, 0
