elapsed, window, n, min, mean, max, errors, median
5.001134, 5.001134,299428, 20164,24426.7, 153687,0,22110
10.001026, 4.999892,326809, 20081,22369.3, 52337,0,21974.8
15.001173, 5.000147,324716, 20081,22446.4, 67019,0,21985.7
20.000975, 4.999802,325033, 19986,22398.6, 98608,0,21950.7
25.002162, 5.001187,326344, 20175,22398.7, 151460,0,21957.5
30.000969, 4.998807,324255, 20174,22498.1, 151460,0,21919.2
35.001963, 5.000994,318593, 20119,22874.4, 154160,0,21944.1
40.001994, 5.000031,325556, 20027,22404.3, 102171,0,21934.1
45.001985, 4.999991,325798, 20027,22393.5, 107606,0,21920.1
50.002055, 5.00007,328010, 20034,22228.3, 51524,0,21966.3
55.001259, 4.999204,327264, 20108,22280.7, 59115,0,21983.3
60.000995, 4.999736,327416, 20179,22266.8, 60062,0,21949.1
65.001965, 5.00097,327763, 20131,22233.9, 48202,0,21980.4
70.002066, 5.000101,327039, 20105,22292.9, 62660,0,21963.9
75.001015, 4.998949,325127, 20105,22434.1, 79730,0,21931.5
80.000992, 4.999977,327805, 20171,22244.4, 47215,0,21972
85.001972, 5.00098,328150, 20184,22239.5, 53513,0,21984.3
90.002243, 5.000271,322026, 20169,22633.5, 107384,0,21915.5
95.001025, 4.998782,324841, 20144,22482.1, 90933,0,21917.7
100.001017, 4.999992,324891, 19937,22440.5, 140132,0,21951.3
105.000973, 4.999956,326118, 19937,22369.4, 99775,0,21956.8
110.001989, 5.001016,324492, 20160,22468.8, 67063,0,21947.2
115.002012, 5.000023,326791, 20137,22307.6, 73479,0,21950.4
120.00097, 4.998958,328665, 20172,22189, 44421,0,21968.3
121.006324, 1.005354,65349, 20177,22231.5, 61502,0,21967

