elapsed, window, n, min, mean, max, errors, median
5.00095, 5.00095,3268816, 169,759.377, 8123,0,676.325
10.002013, 5.001063,2921124, 174,760.151, 8212,0,676.044
15.001844, 4.999831,2926021, 174,760.37, 8956,0,676.541
20.001881, 5.000037,2918038, 168,759.01, 6808,0,677.473
25.001873, 4.999992,2929767, 168,759.365, 9075,0,677.895
30.001771, 4.999898,2922440, 168,759.908, 8256,0,678.209
35.001825, 5.000054,2931548, 175,759.117, 8591,0,675.612
40.001835, 5.00001,2925339, 174,757.921, 8669,0,676.381
45.001858, 5.000023,2931382, 175,757.987, 7815,0,675.601
50.001769, 4.999911,2939785, 171,756.673, 8978,0,675.764
55.00193, 5.000161,2923806, 170,758.682, 7830,0,676.724
60.00214, 5.00021,2935969, 179,756.699, 7656,0,674.41
65.000901, 4.998761,2939833, 176,755.692, 7908,0,674.714
70.001891, 5.00099,2937688, 168,755.443, 8448,0,673.889
75.001923, 5.000032,2933201, 172,757.824, 8364,0,674.879
80.001951, 5.000028,2935765, 177,757.036, 8145,0,675.23
85.001788, 4.999837,2926225, 171,756.876, 9308,0,675.539
90.002024, 5.000236,2940942, 172,757.555, 9460,0,675.71
95.000798, 4.998774,2940907, 162,756.11, 8388,0,674.846
100.002062, 5.001264,2944351, 169,755.536, 8388,0,674.94
105.000774, 4.998712,2946116, 169,754.485, 8503,0,674.735
110.001847, 5.001073,2937667, 172,754.694, 8175,0,674.384
115.001815, 4.999968,2938065, 172,756.043, 7746,0,674.058
120.001786, 4.999971,2946592, 171,754.681, 8962,0,672.576
121.00197, 1.000184,579623, 171,753.861, 9406,0,672.413

