elapsed, window, n, min, mean, median, 95th, 99th, 99_9th, max, errors
5.000453, 5.000453, 360, 517, 4090.1, 781, 22646, 47938, 84329, 84329, 0
10.001406, 5.000953, 364, 528, 5368.6, 777, 38531, 66048, 86578, 86578, 0
15.001388, 4.999982, 120, 538, 3455.5, 782, 21906, 36612, 57628, 57628, 0
20.001443, 5.000055, 86, 575, 3956.5, 753, 26515, 50037, 52699, 52699, 0
25.001512, 5.000069, 75, 561, 4661.7, 792, 24131, 47186, 77904, 77904, 0
30.001456, 4.999944, 716, 484, 3275.7, 793, 18313, 52577, 66986, 72677, 0
35.001463, 5.000007, 242, 485, 4827.4, 800, 36424, 54598, 72677, 72677, 0
40.00139, 4.999927, 256, 502, 5371.6, 789, 39098, 56726, 77864, 77864, 0
45.001401, 5.000011, 206, 545, 7431.0, 793, 40888, 74357, 80279, 80279, 0
50.00146, 5.000059, 172, 575, 2996.0, 777, 18679, 36547, 56513, 56513, 0
55.0014, 4.99994, 481, 538, 3684.8, 796, 19101, 58684, 68800, 70413, 0
60.001411, 5.000011, 145, 543, 5351.7, 806, 32778, 56284, 59813, 59813, 0
65.001414, 5.000003, 148, 448, 6486.2, 779, 40356, 64654, 96858, 96858, 0
70.00146, 5.000046, 55, 448, 7979.7, 762, 51813, 90349, 92131, 92131, 0
75.001455, 4.999995, 340, 510, 5155.4, 766, 40239, 66621, 88607, 88607, 0
80.001498, 5.000043, 665, 481, 6700.3, 787, 44682, 83865, 119932, 144033, 0
85.001483, 4.999985, 736, 449, 5048.7, 793, 32881, 62054, 90358, 118479, 0
90.001514, 5.000031, 519, 515, 4240.8, 779, 22623, 58709, 74019, 86526, 0
95.001455, 4.999941, 485, 531, 2995.3, 754, 16183, 55991, 72429, 77960, 0
100.001543, 5.000088, 244, 559, 4686.8, 764, 30166, 55991, 62327, 62327, 0
105.001452, 4.999909, 365, 500, 5529.5, 765, 34359, 56601, 67554, 67554, 0
110.00145, 4.999998, 533, 503, 4123.2, 737, 23735, 62382, 108604, 114167, 0
115.001467, 5.000017, 275, 493, 6219.4, 801, 34411, 56629, 76641, 76641, 0
120.00145, 4.999983, 213, 503, 8282.4, 824, 52751, 85316, 92443, 92443, 0
121.003496, 1.002046, 21, 503, 7489.4, 820, 49068, 80342, 92443, 92443, 0
