elapsed, window, n, min, mean, median, 95th, 99th, 99_9th, max, errors
5.000275, 5.000275, 50758, 999, 4514.1, 2322, 15431, 33763, 57026, 83898, 0
10.001337, 5.001062, 47486, 999, 4743.6, 2299, 17335, 37658, 60123, 88119, 0
15.001458, 5.000121, 10499, 1003, 10948.3, 2208, 16415, 47145, 1413780, 1479404, 0
20.001472, 5.000014, 20294, 929, 13570.0, 2278, 16465, 39980, 2837256, 2928656, 0
25.001393, 4.999921, 22869, 970, 7811.0, 2186, 16544, 37527, 1413215, 2917999, 0
30.001524, 5.000131, 21165, 930, 14488.7, 2121, 18700, 47419, 2794265, 2846873, 0
35.001446, 4.999922, 14754, 962, 4608.6, 2180, 17279, 36773, 63346, 86475, 0
40.001301, 4.999855, 27995, 995, 14857.4, 2106, 19576, 43037, 4371823, 4450643, 0
45.001458, 5.000157, 17447, 975, 9757.2, 2033, 18251, 39083, 2699237, 2798806, 0
50.001441, 4.999983, 15224, 975, 7792.4, 2166, 17588, 39832, 1374580, 1421596, 0
55.001441, 5.0, 35447, 976, 8182.6, 2124, 18253, 40365, 2666760, 2761822, 0
60.001293, 4.999852, 20767, 993, 13789.5, 2184, 17766, 47262, 2831684, 2896990, 0
65.001444, 5.000151, 22041, 1000, 9196.7, 2156, 18684, 43015, 2713585, 2769848, 0
70.001458, 5.000014, 28076, 1009, 8123.9, 2279, 17001, 38603, 2685823, 2769848, 0
75.001388, 4.99993, 34880, 1006, 8956.2, 2052, 20202, 44155, 2876836, 2994741, 0
80.001359, 4.999971, 26955, 976, 8533.6, 2157, 18968, 41626, 1358577, 1396922, 0
85.001316, 4.999957, 20035, 977, 9558.8, 2257, 17861, 37991, 2902061, 2991494, 0
90.001455, 5.000139, 36252, 976, 4691.8, 2111, 18422, 37560, 57958, 83631, 0
95.001358, 4.999903, 21937, 984, 13676.7, 2214, 16451, 41130, 2791356, 2865164, 0
100.001369, 5.000011, 21373, 976, 8782.2, 2204, 17174, 37234, 2770827, 2869298, 0
105.001396, 5.000027, 30667, 1010, 9716.0, 2196, 17770, 38422, 2734776, 2869298, 0
110.001344, 4.999948, 14517, 1028, 15891.7, 2169, 17228, 43056, 2860402, 2915700, 0
115.001459, 5.000115, 21524, 959, 7045.8, 2197, 17964, 39642, 1336485, 1397825, 0
120.001317, 4.999858, 31908, 984, 11275.4, 2194, 19339, 43217, 4310697, 4418181, 0
121.003625, 1.002308, 2910, 984, 10560.8, 2174, 19101, 42447, 4285699, 4418181, 0
