elapsed, window, n, min, mean, median, 95th, 99th, 99_9th, max, errors
5.000527, 5.000527, 13, 92558, 163839.5, 194924, 200539, 204593, 204593, 204593, 106
10.001561, 5.001034, 41, 91798, 147648.3, 155598, 204593, 205440, 205440, 205440, 82
15.001799, 5.000238, 52, 92240, 153629.9, 183172, 202453, 203198, 206911, 206911, 73
20.001617, 4.999818, 46, 91583, 165098.0, 185163, 201506, 202033, 202033, 202033, 75
25.001633, 5.000016, 39, 92005, 163925.4, 184870, 202277, 202894, 202894, 202894, 54
30.001519, 4.999886, 34, 92005, 159059.0, 186876, 202036, 203361, 203361, 203361, 69
35.001535, 5.000016, 33, 92435, 166657.8, 186332, 201572, 203099, 203099, 203099, 71
40.001549, 5.000014, 30, 92125, 148563.1, 170081, 198717, 202643, 202643, 202643, 68
45.001612, 5.000063, 34, 92066, 145049.7, 154465, 197924, 202643, 202643, 202643, 64
50.001581, 4.999969, 34, 91986, 151305.6, 156389, 197500, 205934, 205934, 205934, 78
55.001688, 5.000107, 38, 92166, 147620.0, 156717, 198396, 206315, 206315, 206315, 70
60.001615, 4.999927, 50, 91831, 159377.1, 180542, 206140, 206879, 207287, 207287, 76
65.001583, 4.999968, 45, 92045, 157787.8, 183445, 203439, 205336, 205336, 205336, 69
70.001551, 4.999968, 39, 92087, 143360.5, 148455, 200942, 203165, 203165, 203165, 72
75.001621, 5.00007, 36, 91829, 142104.5, 148455, 201203, 208448, 208448, 208448, 63
80.001595, 4.999974, 52, 91502, 159199.1, 184340, 200928, 202312, 208412, 208412, 74
85.001567, 4.999972, 43, 91838, 157336.7, 179859, 202427, 204980, 207467, 207467, 53
90.001621, 5.000054, 36, 92292, 154675.4, 179504, 205929, 210158, 210158, 210158, 60
95.001621, 5.0, 39, 91866, 154468.7, 182966, 195618, 200815, 200815, 200815, 54
100.001625, 5.000004, 37, 91446, 147289.4, 176896, 205767, 206636, 206636, 206636, 65
105.001645, 5.00002, 43, 92139, 140547.1, 153697, 199374, 208055, 208055, 208055, 71
110.001543, 4.999898, 40, 92006, 151549.6, 173873, 204285, 206422, 206422, 206422, 72
115.001528, 4.999985, 42, 91993, 155386.7, 172213, 202777, 203171, 203171, 203171, 63
120.001552, 5.000024, 36, 92216, 163551.2, 184200, 202516, 207097, 207097, 207097, 66
121.003674, 1.002122, 10, 92158, 158113.7, 183141, 203447, 207097, 207097, 207097, 14
