elapsed, window, n, min, mean, median, 95th, 99th, 99_9th, max, errors
5.000471, 5.000471, 42667, 80, 153.3, 133, 262, 410, 1057, 4260, 0
10.00145, 5.000979, 42132, 85, 147.9, 132, 247, 362, 529, 1099, 0
15.001484, 5.000034, 42236, 85, 146.7, 131, 243, 349, 528, 1557, 0
20.001654, 5.00017, 42582, 83, 148.6, 132, 247, 354, 521, 4762, 0
25.001471, 4.999817, 42470, 85, 147.4, 131, 246, 347, 524, 833, 0
30.001514, 5.000043, 42450, 84, 147.3, 131, 245, 348, 522, 810, 0
35.001715, 5.000201, 41670, 84, 146.0, 131, 240, 341, 514, 2449, 0
40.001415, 4.9997, 42372, 85, 147.3, 132, 245, 346, 510, 3645, 0
45.001433, 5.000018, 42948, 83, 149.3, 133, 251, 360, 545, 1103, 0
50.001426, 4.999993, 42556, 84, 150.5, 132, 257, 373, 576, 4718, 0
55.001423, 4.999997, 42868, 85, 151.3, 134, 256, 367, 545, 3906, 0
60.001468, 5.000045, 43311, 83, 154.2, 137, 264, 373, 555, 1176, 0
65.001422, 4.999954, 42170, 84, 150.3, 133, 255, 368, 549, 4801, 0
70.001428, 5.000006, 42860, 83, 150.8, 134, 256, 369, 555, 894, 0
75.001417, 4.999989, 41856, 82, 148.0, 131, 247, 350, 538, 3644, 0
80.001427, 5.00001, 42237, 82, 147.5, 132, 245, 344, 510, 1254, 0
85.001434, 5.000007, 42324, 84, 149.6, 133, 251, 356, 538, 3444, 0
90.001423, 4.999989, 40465, 85, 147.8, 131, 248, 360, 562, 921, 0
95.001441, 5.000018, 41544, 83, 147.4, 132, 246, 349, 515, 1146, 0
100.001448, 5.000007, 42218, 83, 150.5, 133, 254, 367, 553, 4042, 0
105.001477, 5.000029, 43261, 83, 152.4, 136, 257, 362, 547, 1059, 0
110.001432, 4.999955, 42838, 84, 149.8, 134, 249, 349, 518, 773, 0
115.001485, 5.000053, 42601, 84, 151.3, 135, 254, 359, 556, 5680, 0
120.001548, 5.000063, 42742, 81, 152.7, 136, 258, 360, 552, 4376, 0
121.003527, 1.001979, 8346, 81, 151.5, 135, 255, 362, 541, 4376, 0
