elapsed, window, n, min, mean, max, errors, median
5.001085, 5.001085,3498, 91321,158904, 1019302,0,127127
10.001099, 5.000014,3979, 91301,138757, 743779,0,116368
15.001096, 4.999997,3013, 91414,153297, 743779,0,122925
20.000992, 4.999896,2824, 91310,138923, 620898,0,113981
25.002039, 5.001047,2699, 91370,139336, 738203,0,115647
30.001032, 4.998993,3456, 91526,138631, 571271,0,114498
35.001051, 5.000019,3407, 91387,146884, 590197,0,118314
40.001155, 5.000104,3335, 91215,136276, 510443,0,114307
45.000985, 4.99983,3299, 91541,146068, 658631,0,117400
50.002107, 5.001122,3878, 91423,143385, 590639,0,119147
55.001106, 4.998999,3558, 91043,143543, 518916,0,123885
60.001094, 4.999988,3601, 91292,139607, 523203,0,114732
65.001012, 4.999918,3772, 91372,139681, 473790,0,121104
70.002095, 5.001083,3895, 90991,135797, 473259,0,115860
75.001035, 4.99894,3095, 91417,136737, 653215,0,115457
80.001049, 5.000014,3148, 91620,151153, 498718,0,117659
85.000965, 4.999916,3576, 91547,134962, 554493,0,116939
90.002061, 5.001096,3646, 91205,139198, 602194,0,111913
95.001116, 4.999055,3407, 91046,126980, 541229,0,111872
100.001125, 5.000009,3363, 91118,141817, 541229,0,114984
105.001109, 4.999984,3504, 91118,139158, 516717,0,113158
110.001055, 4.999946,3497, 91393,135175, 626107,0,116013
115.001182, 5.000127,3759, 91409,125770, 521567,0,111367
120.000982, 4.9998,2379, 91330,145789, 450872,0,121871
121.003211, 1.002229,847, 91330,132847, 450872,0,113773

