elapsed, window, total, successful, failed
5.000582, 5.000582, 1340, 1340, 0
10.001931, 5.001349, 1302, 1302, 0
15.001633, 4.999702, 1338, 1338, 0
20.001642, 5.000009, 1348, 1348, 0
25.001647, 5.000005, 1339, 1339, 0
30.001597, 4.99995, 1351, 1351, 0
35.001645, 5.000048, 1362, 1362, 0
40.001635, 4.99999, 1322, 1322, 0
45.001625, 4.99999, 1328, 1328, 0
50.001601, 4.999976, 1339, 1339, 0
55.001646, 5.000045, 1358, 1358, 0
60.001584, 4.999938, 1361, 1361, 0
65.001641, 5.000057, 1359, 1359, 0
70.001537, 4.999896, 1356, 1356, 0
75.00165, 5.000113, 1285, 1285, 0
80.001634, 4.999984, 1361, 1361, 0
85.00166, 5.000026, 1344, 1344, 0
90.001638, 4.999978, 1220, 1220, 0
95.001587, 4.999949, 1362, 1362, 0
100.001577, 4.99999, 1356, 1356, 0
105.001514, 4.999937, 1365, 1365, 0
110.001644, 5.00013, 1192, 1192, 0
115.001587, 4.999943, 1207, 1207, 0
120.001643, 5.000056, 1277, 1277, 0
125.001646, 5.000003, 1356, 1356, 0
130.00165, 5.000004, 1357, 1357, 0
135.001575, 4.999925, 1335, 1335, 0
140.001599, 5.000024, 1364, 1364, 0
145.001644, 5.000045, 1366, 1366, 0
150.001662, 5.000018, 1300, 1300, 0
155.001539, 4.999877, 1280, 1280, 0
160.001643, 5.000104, 1296, 1296, 0
165.00158, 4.999937, 1361, 1361, 0
170.001515, 4.999935, 1360, 1360, 0
175.001638, 5.000123, 1368, 1368, 0
180.001594, 4.999956, 1359, 1359, 0
185.001638, 5.000044, 1362, 1362, 0
190.001601, 4.999963, 1363, 1363, 0
195.001637, 5.000036, 1367, 1367, 0
200.001588, 4.999951, 1320, 1320, 0
205.001637, 5.000049, 1336, 1336, 0
210.001598, 4.999961, 1360, 1360, 0
215.001587, 4.999989, 1366, 1366, 0
220.001592, 5.000005, 1348, 1348, 0
225.001652, 5.00006, 1360, 1360, 0
230.001596, 4.999944, 1360, 1360, 0
235.001593, 4.999997, 1352, 1352, 0
240.001633, 5.00004, 1352, 1352, 0
245.001641, 5.000008, 1339, 1339, 0
250.001555, 4.999914, 1311, 1311, 0
255.00163, 5.000075, 1358, 1358, 0
260.001592, 4.999962, 1364, 1364, 0
265.001646, 5.000054, 1343, 1343, 0
270.001584, 4.999938, 1310, 1310, 0
275.001572, 4.999988, 1242, 1242, 0
280.001586, 5.000014, 1263, 1263, 0
285.001604, 5.000018, 1366, 1366, 0
290.001645, 5.000041, 1361, 1361, 0
295.001531, 4.999886, 1363, 1363, 0
300.001636, 5.000105, 1360, 1360, 0
301.003793, 1.002157, 270, 270, 0
