elapsed, window, n, min, mean, median, 95th, 99th, 99_9th, max, errors
5.000896, 5.000896, 31303, 904, 1915.2, 1862, 2819, 3370, 4319, 8100, 0
10.001898, 5.001002, 27208, 961, 2191.0, 2115, 3172, 3747, 4596, 7943, 0
15.001916, 5.000018, 26482, 911, 2255.9, 2164, 3330, 3974, 5647, 9173, 0
20.001911, 4.999995, 25881, 987, 2306.2, 2209, 3421, 4117, 5559, 10486, 0
25.002003, 5.000092, 25811, 986, 2315.1, 2223, 3433, 4090, 5048, 7814, 0
30.001899, 4.999896, 25558, 869, 2335.1, 2225, 3558, 4334, 5714, 7929, 0
35.002028, 5.000129, 25576, 945, 2336.6, 2227, 3524, 4324, 5682, 9016, 0
40.000902, 4.998874, 25516, 838, 2339.4, 2233, 3513, 4335, 5613, 6825, 0
45.001896, 5.000994, 25133, 963, 2374.4, 2252, 3643, 4566, 6010, 8177, 0
50.001916, 5.00002, 25249, 937, 2370.9, 2235, 3673, 4976, 6492, 9199, 0
55.001897, 4.999981, 25072, 897, 2383.7, 2260, 3666, 4865, 6914, 9199, 0
60.001898, 5.000001, 24768, 903, 2409.6, 2265, 3768, 5219, 8177, 11769, 0
65.001923, 5.000025, 25250, 788, 2370.5, 2233, 3646, 5148, 7362, 9597, 0
70.00191, 4.999987, 25087, 925, 2379.4, 2245, 3667, 5051, 6978, 8875, 0
75.001899, 4.999989, 25127, 825, 2378.1, 2248, 3656, 5080, 7037, 9180, 0
80.001904, 5.000005, 24440, 858, 2442.0, 2234, 3923, 7135, 9778, 16508, 0
85.001895, 4.999991, 24761, 819, 2415.1, 2246, 3763, 6410, 9139, 12418, 0
90.001903, 5.000008, 24512, 848, 2437.7, 2263, 3743, 6601, 10539, 12377, 0
95.001925, 5.000022, 24566, 927, 2430.9, 2255, 3781, 6582, 9206, 11848, 0
100.001925, 5.0, 24875, 924, 2400.2, 2246, 3685, 5790, 8525, 11315, 0
105.001906, 4.999981, 25176, 914, 2372.6, 2222, 3649, 5567, 7934, 10137, 0
110.001915, 5.000009, 24959, 903, 2394.7, 2242, 3671, 5612, 8928, 10795, 0
115.001909, 4.999994, 24216, 906, 2463.4, 2279, 3806, 6841, 10244, 16387, 0
120.001927, 5.000018, 24678, 903, 2425.5, 2269, 3720, 5752, 9065, 10787, 0
121.002012, 1.000085, 5051, 903, 2418.4, 2274, 3682, 5437, 8619, 10787, 0
