elapsed, window, total, successful, failed
5.000907, 5.000907, 361254, 361254, 0
10.002038, 5.001131, 342326, 342326, 0
15.000989, 4.998951, 344380, 344380, 0
20.001921, 5.000932, 343026, 343026, 0
25.001986, 5.000065, 342167, 342167, 0
30.001905, 4.999919, 343266, 343266, 0
35.001889, 4.999984, 345612, 345612, 0
40.001966, 5.000077, 342987, 342987, 0
45.002012, 5.000046, 345731, 345731, 0
50.000947, 4.998935, 343294, 343294, 0
55.00197, 5.001023, 341707, 341707, 0
60.002003, 5.000033, 344620, 344620, 0
65.001981, 4.999978, 342604, 342604, 0
70.001913, 4.999932, 342486, 342486, 0
75.001917, 5.000004, 342050, 342050, 0
80.001925, 5.000008, 341839, 341839, 0
85.002048, 5.000123, 340751, 340751, 0
90.000979, 4.998931, 341764, 341764, 0
95.001921, 5.000942, 342492, 342492, 0
100.001902, 4.999981, 341392, 341392, 0
105.001939, 5.000037, 341114, 341114, 0
110.001951, 5.000012, 339872, 339872, 0
115.002116, 5.000165, 341128, 341128, 0
120.000936, 4.99882, 342644, 342644, 0
121.002064, 1.001128, 68584, 68584, 0
