elapsed, window, n, min, mean, median, 95th, 99th, 99_9th, max, errors
5.000493, 5.000493, 464095, 295, 11676.7, 6582, 39371, 58275, 80287, 136074, 0
10.0016, 5.001107, 418949, 237, 12092.4, 6895, 40261, 55270, 77582, 120183, 0
15.001495, 4.999895, 422552, 280, 11924.0, 7480, 37000, 50952, 69164, 104836, 0
20.001538, 5.000043, 418023, 267, 11888.5, 7433, 37435, 55236, 75602, 132921, 0
25.001625, 5.000087, 418138, 261, 11973.4, 7507, 38182, 55775, 79046, 141567, 0
30.001562, 4.999937, 418468, 271, 11938.1, 6955, 37760, 68150, 96608, 191168, 0
35.001519, 4.999957, 418685, 256, 11916.7, 7212, 37888, 54524, 75042, 130562, 0
40.00156, 5.000041, 417921, 258, 11894.5, 7468, 37217, 53377, 71298, 111246, 0
45.001483, 4.999923, 422021, 290, 11900.0, 7447, 37585, 56505, 77892, 136908, 0
50.001497, 5.000014, 419277, 281, 11915.6, 6836, 39164, 61647, 82151, 142659, 0
55.001498, 5.000001, 415634, 276, 11978.5, 7041, 37944, 54738, 74473, 114462, 0
60.00156, 5.000062, 421060, 307, 11883.0, 7854, 34757, 48815, 66568, 102575, 0
65.00149, 4.99993, 415650, 295, 11979.8, 7706, 36098, 51512, 70247, 117861, 0
70.001484, 4.999994, 415189, 336, 12047.7, 7204, 37122, 54002, 74897, 132421, 0
75.001527, 5.000043, 422216, 280, 11880.3, 7468, 36071, 58580, 76199, 136208, 0
80.001542, 5.000015, 417011, 274, 11934.4, 7332, 36333, 53259, 74825, 129480, 0
85.001628, 5.000086, 416597, 276, 12005.7, 7190, 37801, 55293, 75052, 127913, 0
90.001481, 4.999853, 419401, 318, 11906.9, 7802, 34954, 51253, 71936, 131103, 0
95.001502, 5.000021, 423035, 298, 11858.8, 7624, 35764, 54405, 74592, 135009, 0
100.001658, 5.000156, 417117, 313, 11927.5, 7930, 35438, 49294, 67643, 103365, 0
105.001527, 4.999869, 423278, 285, 11944.6, 7724, 36653, 52240, 70874, 117962, 0
110.001543, 5.000016, 419355, 283, 11911.9, 7214, 37357, 60766, 80431, 145509, 0
115.001479, 4.999936, 420189, 303, 11865.2, 7530, 35675, 52040, 71716, 128385, 0
120.001487, 5.000008, 417688, 311, 11937.6, 7729, 35169, 52100, 73848, 140062, 0
121.115569, 1.114082, 84893, 328, 11957.2, 7722, 35436, 55817, 76335, 140062, 0
