elapsed, window, total, successful, failed
5.001109, 5.001109, 57889, 57889, 0
10.001116, 5.000007, 58540, 58540, 0
15.001104, 4.999988, 60567, 60567, 0
20.001099, 4.999995, 61099, 61099, 0
25.001104, 5.000005, 60886, 60886, 0
30.0011, 4.999996, 62074, 62074, 0
35.001101, 5.000001, 60135, 60135, 0
40.0011, 4.999999, 60389, 60389, 0
45.001112, 5.000012, 59749, 59749, 0
50.001097, 4.999985, 60746, 60746, 0
55.001103, 5.000006, 61534, 61534, 0
60.0011, 4.999997, 60146, 60146, 0
65.0011, 5.0, 59743, 59743, 0
70.0011, 5.0, 61295, 61295, 0
75.001099, 4.999999, 60563, 60563, 0
80.001102, 5.000003, 60695, 60695, 0
85.001117, 5.000015, 61128, 61128, 0
90.00105, 4.999933, 60082, 60082, 0
95.001047, 4.999997, 62586, 62586, 0
100.001321, 5.000274, 61832, 61832, 0
105.001103, 4.999782, 61012, 61012, 0
110.001102, 4.999999, 63086, 63086, 0
115.001099, 4.999997, 61292, 61292, 0
120.001101, 5.000002, 62027, 62027, 0
121.047718, 1.046617, 12362, 12362, 0
