elapsed, window, n, min, mean, median, 95th, 99th, 99_9th, max, errors
5.000943, 5.000943, 123, 20852, 40075.7, 39434, 63699, 77311, 85606, 85606, 0
10.001946, 5.001003, 132, 20418, 37950.2, 36942, 56484, 64939, 71181, 71181, 0
15.001998, 5.000052, 128, 20539, 38966.4, 37784, 57553, 62614, 63150, 63150, 0
20.001995, 4.999997, 127, 20499, 38978.5, 36363, 59018, 63546, 73289, 73289, 0
25.001996, 5.000001, 128, 20399, 38621.0, 39135, 56618, 65589, 70109, 70109, 0
30.001945, 4.999949, 127, 20422, 38983.2, 39181, 57802, 60947, 62535, 62535, 0
35.001994, 5.000049, 126, 21254, 39498.5, 38657, 61033, 67845, 68408, 68408, 0
40.001994, 5.0, 128, 20488, 38760.7, 38927, 59762, 62177, 67486, 67486, 0
45.001994, 5.0, 133, 20773, 37486.7, 35478, 54581, 63636, 63636, 63636, 0
50.001996, 5.000002, 124, 20914, 39287.3, 39331, 56807, 62182, 69712, 69712, 0
55.001946, 4.99995, 126, 20408, 39366.1, 37872, 62182, 69860, 70122, 70122, 0
60.001993, 5.000047, 125, 20394, 39694.6, 38424, 59876, 70122, 70147, 70147, 0
65.001945, 4.999952, 126, 20415, 39385.9, 39156, 59858, 68811, 71166, 71166, 0
70.001943, 4.999998, 130, 20504, 38525.1, 38111, 59941, 66812, 71166, 71166, 0
75.001993, 5.00005, 132, 20426, 37627.7, 35451, 58469, 61428, 64684, 64684, 0
80.001995, 5.000002, 126, 20381, 39424.8, 38739, 55933, 65090, 66046, 66046, 0
85.001946, 4.999951, 128, 20594, 38777.2, 38837, 56812, 62376, 66938, 66938, 0
90.001993, 5.000047, 126, 20417, 39100.5, 37723, 57411, 63030, 75068, 75068, 0
95.001993, 5.0, 131, 20579, 37927.5, 37923, 59381, 68435, 69782, 69782, 0
100.001996, 5.000003, 128, 21547, 38976.5, 39176, 57648, 67690, 67782, 67782, 0
105.001945, 4.999949, 131, 20488, 37802.6, 38889, 53583, 59854, 60597, 60597, 0
110.001994, 5.000049, 128, 20748, 38521.3, 38165, 55085, 65219, 67285, 67285, 0
115.001945, 4.999951, 126, 20571, 39523.1, 39736, 59795, 65631, 79885, 79885, 0
120.001994, 5.000049, 127, 20426, 39315.8, 39731, 59090, 66225, 68447, 68447, 0
121.001031, 0.999037, 25, 20426, 39009.9, 38222, 59950, 67536, 68447, 68447, 0
