elapsed, window, n, min, mean, max, errors, median
5.00109, 5.00109,233, 0,75943.1, 99340,0,75301.8
10.001023, 4.999933,136, 0,71757.4, 92518,0,71400.7
15.001079, 5.000056,151, 0,74033.1, 138385,0,73294.9
20.001095, 5.000016,128, 0,78659.4, 292265,0,74407
25.001082, 4.999987,167, 0,73294.5, 98243,0,73015
30.002107, 5.001025,140, 0,75412.8, 92568,0,75057.5
35.001077, 4.99897,137, 0,72413.4, 92078,0,72120
40.001111, 5.000034,174, 63233,74909.9, 92513,0,74644.1
45.001097, 4.999986,133, 0,76127.8, 92315,0,75782
50.001046, 4.999949,182, 63357,75410.1, 92379,0,75105
55.001092, 5.000046,138, 0,76487.7, 110605,0,75908.9
60.001046, 4.999954,165, 0,73044.4, 92310,0,72703.1
65.001045, 4.999999,145, 0,75310.5, 132354,0,74702.1
70.001113, 5.000068,148, 0,72741.5, 99660,0,72401.1
75.001032, 4.999919,153, 0,77953.4, 92182,0,77818.5
80.001041, 5.000009,156, 0,73461.4, 92192,0,73234.6
85.001033, 4.999992,137, 0,72864.5, 92140,0,72661.1
90.001035, 5.000002,154, 0,72772, 92224,0,72629.3
95.001036, 5.000001,146, 0,73957.2, 92253,0,73654.7
100.001075, 5.000039,128, 0,75229.5, 119365,0,74727.2
105.001036, 4.999961,156, 0,75029.3, 92670,0,74727.2
110.001083, 5.000047,147, 0,72269.1, 92038,0,71952.7
115.001043, 4.99996,160, 0,72125.6, 92269,0,71915.1
120.001064, 5.000021,140, 0,72803, 92268,0,72641.5
125.001095, 5.000031,168, 0,72121, 94019,0,70888.9
130.001079, 4.999984,163, 0,77906.2, 96854,0,74950.3
135.001048, 4.999969,192, 0,75302.8, 152489,0,74272.5
140.001075, 5.000027,163, 0,72712, 92327,0,72300.2
145.001084, 5.000009,142, 0,70628.3, 92327,0,70462.7
150.001075, 4.999991,160, 0,76511.6, 92239,0,76365.2
155.001128, 5.000053,149, 0,70890.9, 92522,0,70605
160.001045, 4.999917,132, 0,73285.4, 93328,0,72976.6
165.001079, 5.000034,127, 0,75109.6, 92821,0,74835.1
170.001082, 5.000003,152, 0,71073.4, 92194,0,70667.1
175.001036, 4.999954,142, 0,72989.2, 92424,0,72708
180.001079, 5.000043,128, 0,74176.3, 170806,0,71320.2
181.036231, 1.035152,28, 0,79122, 170806,0,76718.6

