elapsed, window, n, min, mean, median, 95th, 99th, 99_9th, max, errors
5.00166, 5.00166, 5, 64046, 64661.6, 64872, 65143, 65143, 65143, 65143, 1
10.000706, 4.999046, 6, 64564, 64973.7, 64966, 65201, 65201, 65201, 65201, 0
15.001852, 5.001146, 0, 0, 0, 0, 0, 0, 0, 0, 0
20.001661, 4.999809, 0, 0, 0, 0, 0, 0, 0, 0, 0
25.001663, 5.000002, 5, 64782, 65323.7, 65119, 66125, 66125, 66125, 66125, 1
30.001662, 4.999999, 0, 0, 0, 0, 0, 0, 0, 0, 0
35.001695, 5.000033, 0, 0, 0, 0, 0, 0, 0, 0, 0
40.000716, 4.999021, 0, 0, 0, 0, 0, 0, 0, 0, 1
45.001648, 5.000932, 0, 0, 0, 0, 0, 0, 0, 0, 0
50.001745, 5.000097, 0, 0, 0, 0, 0, 0, 0, 0, 0
55.00167, 4.999925, 0, 0, 0, 0, 0, 0, 0, 0, 0
60.001677, 5.000007, 5, 63814, 66681.2, 65197, 69938, 69938, 69938, 69938, 0
65.001698, 5.000021, 0, 0, 0, 0, 0, 0, 0, 0, 0
70.000757, 4.999059, 8, 64624, 65494.5, 65308, 67295, 67295, 67295, 67295, 3
75.001661, 5.000904, 5, 64713, 78428.6, 65450, 129822, 129822, 129822, 129822, 3
80.00168, 5.000019, 0, 0, 0, 0, 0, 0, 0, 0, 1
85.001767, 5.000087, 0, 0, 0, 0, 0, 0, 0, 0, 1
90.001776, 5.000009, 0, 0, 0, 0, 0, 0, 0, 0, 0
95.001712, 4.999936, 0, 0, 0, 0, 0, 0, 0, 0, 0
100.001704, 4.999992, 5, 64301, 65125.7, 65098, 65802, 65802, 65802, 65802, 1
105.001711, 5.000007, 7, 64166, 65622.0, 65745, 66889, 66889, 66889, 66889, 3
110.00173, 5.000019, 0, 0, 0, 0, 0, 0, 0, 0, 0
115.001702, 4.999972, 0, 0, 0, 0, 0, 0, 0, 0, 0
120.001645, 4.999943, 0, 0, 0, 0, 0, 0, 0, 0, 2
125.001664, 5.000019, 0, 0, 0, 0, 0, 0, 0, 0, 0
130.001709, 5.000045, 0, 0, 0, 0, 0, 0, 0, 0, 0
135.001719, 5.00001, 0, 0, 0, 0, 0, 0, 0, 0, 0
140.001661, 4.999942, 0, 0, 0, 0, 0, 0, 0, 0, 2
145.001698, 5.000037, 6, 64459, 65678.7, 64619, 70754, 70754, 70754, 70754, 0
150.001694, 4.999996, 0, 0, 0, 0, 0, 0, 0, 0, 0
155.001703, 5.000009, 0, 0, 0, 0, 0, 0, 0, 0, 0
160.001663, 4.99996, 0, 0, 0, 0, 0, 0, 0, 0, 0
165.001627, 4.999964, 0, 0, 0, 0, 0, 0, 0, 0, 0
170.001646, 5.000019, 0, 0, 0, 0, 0, 0, 0, 0, 1
175.00162, 4.999974, 4, 63935, 65665.8, 64882, 70427, 70427, 70427, 70427, 4
180.001712, 5.000092, 0, 0, 0, 0, 0, 0, 0, 0, 0
181.046823, 1.045111, 0, 0, 0, 0, 0, 0, 0, 0, 0
