elapsed, window, total, successful, failed
5.000362, 5.000362, 485939, 485939, 0
10.001366, 5.001004, 447711, 447711, 0
15.001373, 5.000007, 440252, 440252, 0
20.001413, 5.00004, 437184, 437184, 0
25.001383, 4.99997, 439522, 439522, 0
30.001367, 4.999984, 439012, 439012, 0
35.001386, 5.000019, 437808, 437808, 0
40.001368, 4.999982, 443309, 443309, 0
45.001402, 5.000034, 442638, 442638, 0
50.001376, 4.999974, 445871, 445871, 0
55.00137, 4.999994, 442593, 442593, 0
60.001472, 5.000102, 442132, 442132, 0
65.001415, 4.999943, 441146, 441146, 0
70.001404, 4.999989, 439064, 439064, 0
75.00146, 5.000056, 443173, 443173, 0
80.001402, 4.999942, 445688, 445688, 0
85.001495, 5.000093, 442166, 442166, 0
90.001383, 4.999888, 445149, 445149, 0
95.001412, 5.000029, 446409, 446409, 0
100.001373, 4.999961, 447338, 447338, 0
105.001373, 5.0, 443461, 443461, 0
110.001391, 5.000018, 449916, 449916, 0
115.001367, 4.999976, 449641, 449641, 0
120.001408, 5.000041, 445326, 445326, 0
121.011461, 1.010053, 94733, 94733, 0
