elapsed, window, n, min, mean, median, 95th, 99th, 99_9th, max, errors
5.000558, 5.000558, 242, 81, 98.0, 97, 111, 122, 134, 134, 0
10.001561, 5.001003, 242, 80, 98.9, 98, 112, 124, 132, 132, 0
15.001567, 5.000006, 242, 86, 99.7, 99, 111, 119, 164, 164, 0
20.001567, 5.0, 243, 83, 106.5, 103, 132, 164, 240, 240, 0
25.001563, 4.999996, 241, 83, 108.9, 106, 135, 152, 169, 169, 0
30.001564, 5.000001, 242, 84, 104.3, 102, 125, 138, 157, 157, 0
35.001562, 4.999998, 243, 84, 102.4, 100, 123, 137, 174, 174, 0
40.001562, 5.0, 242, 85, 100.5, 99, 114, 128, 211, 211, 0
45.001562, 5.0, 243, 86, 100.7, 100, 113, 130, 248, 248, 0
50.001565, 5.000003, 242, 84, 100.7, 99, 115, 128, 248, 248, 0
55.001564, 4.999999, 243, 83, 98.5, 97, 109, 116, 284, 284, 0
60.001559, 4.999995, 242, 83, 99.4, 97, 114, 131, 284, 284, 0
65.001559, 5.0, 242, 77, 106.2, 104, 129, 141, 166, 166, 0
70.001562, 5.000003, 242, 78, 105.3, 102, 133, 154, 166, 166, 0
75.001561, 4.999999, 242, 82, 105.6, 102, 131, 144, 155, 155, 0
80.00156, 4.999999, 242, 82, 103.2, 100, 129, 144, 157, 157, 0
85.001562, 5.000002, 242, 84, 102.6, 102, 120, 137, 162, 162, 0
90.001561, 4.999999, 242, 79, 103.8, 102, 125, 142, 163, 163, 0
95.001561, 5.0, 242, 81, 102.8, 100, 129, 140, 162, 162, 0
100.001563, 5.000002, 242, 78, 102.9, 101, 125, 134, 159, 159, 0
105.001561, 4.999998, 242, 73, 104.4, 101, 131, 144, 154, 154, 0
110.00156, 4.999999, 242, 87, 108.5, 106, 134, 147, 161, 161, 0
115.001562, 5.000002, 242, 87, 103.8, 103, 118, 124, 133, 133, 0
120.001558, 4.999996, 242, 90, 104.0, 103, 117, 122, 134, 134, 0
121.001606, 1.000048, 49, 84, 103.2, 102, 117, 126, 134, 134, 0
