elapsed, window, n, min, mean, median, 95th, 99th, 99_9th, max, errors
5.000978, 5.000978, 69340, 324, 3652.0, 1756, 6422, 42607, 44763, 86331, 0
10.002007, 5.001029, 71185, 305, 3510.6, 1784, 6050, 42232, 44647, 50160, 0
15.002052, 5.000045, 68519, 312, 3802.3, 1750, 7108, 42616, 44771, 84298, 0
20.001027, 4.998975, 66884, 308, 3737.3, 1767, 6642, 42701, 44961, 84298, 0
25.001028, 5.000001, 74041, 318, 3412.6, 1797, 5781, 42227, 44699, 84780, 0
30.000987, 4.999959, 80353, 313, 3114.6, 1766, 5384, 41597, 44290, 49212, 0
35.001979, 5.000992, 77033, 308, 3265.3, 1788, 5565, 41962, 44637, 83524, 0
40.001978, 4.999999, 75584, 294, 3324.5, 1791, 5756, 41881, 44215, 84846, 0
45.002001, 5.000023, 78837, 312, 3218.7, 1739, 5435, 42151, 44833, 84846, 0
50.002026, 5.000025, 71132, 313, 3408.8, 1796, 5830, 42341, 44580, 48045, 0
55.001043, 4.999017, 71048, 305, 3510.3, 1794, 6011, 42554, 45220, 83388, 0
60.000994, 4.999951, 76318, 317, 3235.6, 1777, 5536, 42030, 44653, 85430, 0
65.002027, 5.001033, 79358, 320, 3079.1, 1759, 5400, 41929, 44511, 48279, 0
70.000988, 4.998961, 78674, 320, 3137.1, 1784, 5401, 42151, 44426, 84652, 0
75.001971, 5.000983, 76890, 321, 3263.3, 1797, 5577, 41948, 44769, 86120, 0
80.002008, 5.000037, 68578, 321, 3581.9, 1792, 6148, 42498, 44957, 86695, 0
85.000993, 4.998985, 80411, 317, 3141.6, 1757, 5447, 41893, 44305, 85415, 0
90.002026, 5.001033, 69415, 319, 3584.3, 1768, 6123, 42581, 45309, 86524, 0
95.001024, 4.998998, 74847, 311, 3410.2, 1781, 5789, 42406, 44866, 86649, 0
100.001008, 4.999984, 72797, 302, 3447.4, 1781, 5971, 42412, 44814, 48172, 0
105.002037, 5.001029, 67874, 326, 3639.6, 1866, 6345, 42483, 44984, 83817, 0
110.001029, 4.998992, 71398, 300, 3573.2, 1909, 6142, 42254, 44777, 85422, 0
115.000972, 4.999943, 80322, 324, 3176.1, 1814, 5497, 41817, 44515, 82639, 0
120.001977, 5.001005, 67912, 321, 3705.0, 1840, 6511, 42357, 44963, 47858, 0
121.002083, 1.000106, 19054, 321, 3419.3, 1797, 5810, 42150, 44909, 47858, 0
