elapsed, window, n, min, mean, median, 95th, 99th, 99_9th, max, errors
5.000181, 5.000181, 5543, 20297, 22155.0, 21874, 24623, 26131, 29557, 30368, 0
10.001243, 5.001062, 5554, 20297, 22122.2, 21896, 24226, 25335, 27126, 28636, 0
15.001184, 4.999941, 5562, 20333, 22105.3, 21864, 24236, 25536, 27046, 27870, 0
20.001183, 4.999999, 5564, 20324, 22103.8, 21893, 24230, 25386, 27089, 28405, 0
25.001184, 5.000001, 5559, 20311, 22104.5, 21900, 24165, 25378, 26583, 27955, 0
30.001136, 4.999952, 5566, 20351, 22105.8, 21843, 24441, 25697, 27391, 28514, 0
35.001126, 4.99999, 5568, 20291, 22091.9, 21814, 24474, 25693, 26741, 28278, 0
40.001133, 5.000007, 5560, 20344, 22106.7, 21899, 24121, 25126, 26974, 28020, 0
45.001185, 5.000052, 5563, 20303, 22110.6, 21879, 24317, 25646, 26977, 28077, 0
50.001193, 5.000008, 5561, 20302, 22118.2, 21857, 24415, 25574, 26908, 27560, 0
55.001181, 4.999988, 5564, 20324, 22109.6, 21930, 24155, 25071, 26409, 27719, 0
60.001183, 5.000002, 5566, 20310, 22106.7, 21898, 24170, 25267, 26530, 26705, 0
65.001341, 5.000158, 5564, 20347, 22100.4, 21897, 24161, 25470, 27215, 27935, 0
70.001144, 4.999803, 5556, 20360, 22120.9, 21909, 24226, 25288, 26723, 27935, 0
75.001138, 4.999994, 5567, 20321, 22103.6, 21907, 24157, 25303, 26630, 28177, 0
80.001138, 5.0, 5562, 20338, 22094.7, 21864, 24380, 25630, 27056, 28957, 0
85.00114, 5.000002, 5575, 20346, 22100.8, 21901, 24149, 25172, 26231, 27247, 0
90.001183, 5.000043, 5564, 20321, 22096.5, 21879, 24271, 25326, 26632, 29020, 0
95.001184, 5.000001, 5572, 20301, 22076.6, 21835, 24264, 25522, 27505, 28500, 0
100.001136, 4.999952, 5569, 20301, 22096.9, 21893, 24171, 25165, 26342, 27797, 0
105.001182, 5.000046, 5571, 20305, 22087.3, 21872, 24230, 25412, 26562, 27407, 0
110.00142, 5.000238, 5568, 20295, 22087.7, 21838, 24344, 25625, 27113, 27769, 0
115.001189, 4.999769, 5568, 20344, 22104.2, 21888, 24252, 25562, 26768, 29070, 0
120.001185, 4.999996, 5567, 20308, 22096.9, 21876, 24166, 25384, 26936, 27957, 0
121.00218, 1.000995, 1115, 20308, 22093.2, 21876, 24196, 25365, 26936, 27957, 0
