elapsed, window, n, min, mean, median, 95th, 99th, 99_9th, max, errors
5.000614, 5.000614, 1447, 150982, 218169.8, 218800, 318105, 352835, 411382, 414981, 1
10.001605, 5.000991, 1517, 150940, 215644.3, 223512, 286376, 319989, 348609, 363055, 1
15.001661, 5.000056, 1523, 151101, 213197.8, 220933, 282314, 305959, 329788, 350679, 0
20.00155, 4.999889, 1532, 151047, 213705.1, 219576, 289793, 330753, 358570, 373844, 0
25.001576, 5.000026, 1505, 150879, 215149.1, 222054, 290257, 324816, 339637, 349184, 0
30.001587, 5.000011, 1500, 151136, 215986.0, 220102, 289686, 322385, 360142, 366133, 2
35.001638, 5.000051, 1527, 151034, 216338.3, 221865, 291578, 317338, 337147, 358566, 0
40.001667, 5.000029, 1507, 151165, 214243.2, 219773, 289175, 313830, 331899, 345083, 0
45.001617, 4.99995, 1482, 151102, 217798.2, 223863, 293885, 322787, 368626, 375410, 0
50.001626, 5.000009, 1521, 151437, 216939.3, 224331, 291366, 326342, 368626, 375410, 0
55.001639, 5.000013, 1520, 151116, 213045.9, 217835, 288583, 329167, 362095, 381545, 0
60.001596, 4.999957, 1525, 150903, 215683.9, 220101, 296724, 328637, 362725, 366175, 0
65.001673, 5.000077, 1500, 151108, 214658.4, 220933, 298910, 335983, 394776, 400890, 0
70.001636, 4.999963, 1489, 150945, 216511.0, 219541, 294240, 321594, 345108, 353758, 0
75.001677, 5.000041, 1514, 150902, 213297.2, 219889, 290048, 322494, 332374, 343980, 2
80.001613, 4.999936, 1522, 151234, 213261.3, 220010, 292946, 333579, 356419, 373159, 2
85.001613, 5.0, 1507, 151117, 213907.6, 216016, 294886, 336866, 379100, 386897, 1
90.001541, 4.999928, 1527, 151075, 216657.6, 220699, 292791, 324736, 350002, 356726, 2
95.001574, 5.000033, 1503, 151075, 217149.5, 223296, 291628, 339690, 367054, 368542, 1
100.001659, 5.000085, 1524, 151109, 216809.1, 222122, 295026, 331123, 354160, 360716, 1
105.001663, 5.000004, 1496, 151114, 217901.1, 222017, 303947, 350798, 378917, 394268, 0
110.001623, 4.99996, 1538, 151020, 215230.7, 221220, 290669, 330658, 355956, 365352, 2
115.001642, 5.000019, 1497, 151069, 218119.2, 222458, 299953, 338193, 364419, 379818, 0
120.001557, 4.999915, 1539, 150863, 212433.3, 220079, 287635, 329667, 354914, 386013, 1
121.005772, 1.004215, 320, 150863, 208938.1, 219049, 283314, 329667, 354914, 386013, 0
