elapsed, window, n, min, mean, median, 95th, 99th, 99_9th, max, errors
5.000614, 5.000614, 567, 1370, 33839.3, 3287, 117493, 159528, 183871, 185452, 0
10.001605, 5.000991, 587, 1336, 30274.5, 2228, 112880, 134360, 149157, 164856, 0
15.001661, 5.000056, 653, 1379, 27490.7, 1910, 113367, 131285, 151112, 163252, 0
20.00155, 4.999889, 561, 1350, 31445.5, 4651, 115833, 139740, 150037, 151463, 0
25.001576, 5.000026, 602, 1372, 27211.7, 1923, 110725, 124940, 141033, 142887, 0
30.001587, 5.000011, 542, 1387, 28420.7, 2097, 113773, 130017, 144946, 147547, 0
35.001638, 5.000051, 592, 1317, 30718.0, 3502, 113415, 137979, 143757, 147001, 0
40.001667, 5.000029, 615, 1337, 26084.2, 2002, 106967, 122314, 131487, 146979, 0
45.001617, 4.99995, 603, 1303, 28281.8, 2060, 109574, 127009, 141573, 165554, 0
50.001626, 5.000009, 590, 1337, 29335.2, 2555, 109643, 129143, 147518, 165554, 0
55.001639, 5.000013, 582, 1337, 30744.6, 2261, 109097, 146610, 153278, 155074, 0
60.001596, 4.999957, 574, 1319, 32531.3, 5055, 114094, 141233, 164076, 189990, 0
65.001673, 5.000077, 565, 1391, 31402.7, 3399, 117562, 138266, 169189, 189990, 0
70.001636, 4.999963, 627, 1321, 28747.3, 2084, 112132, 129459, 142711, 142748, 0
75.001677, 5.000041, 600, 1322, 29497.0, 2320, 113160, 128280, 142309, 144270, 0
80.001613, 4.999936, 580, 1295, 29845.0, 2094, 113387, 134427, 147135, 153270, 0
85.001613, 5.0, 563, 1322, 30493.5, 2269, 114116, 137760, 157005, 163242, 0
90.001541, 4.999928, 599, 1291, 30743.6, 3816, 113659, 142758, 152684, 165127, 0
95.001574, 5.000033, 602, 1354, 26847.1, 2095, 107685, 131255, 149022, 163455, 0
100.001659, 5.000085, 570, 1354, 29754.7, 1989, 114090, 137780, 147338, 147649, 0
105.001663, 5.000004, 622, 1358, 30384.5, 3104, 111657, 132744, 149556, 154230, 0
110.001623, 4.99996, 564, 1364, 29913.9, 3614, 113946, 132957, 145995, 149293, 0
115.001642, 5.000019, 597, 1408, 31314.4, 3471, 120863, 135962, 150673, 175632, 0
120.001557, 4.999915, 603, 1313, 29048.9, 1991, 112559, 138951, 155190, 165370, 0
121.005772, 1.004215, 152, 1313, 27805.5, 1822, 109251, 138951, 155190, 165370, 0
