elapsed, window, n, min, mean, median, 95th, 99th, 99_9th, max, errors
5.000488, 5.000488, 52996, 85, 202.4, 153, 416, 837, 2680, 5837, 0
10.001451, 5.000963, 56072, 84, 189.9, 155, 383, 613, 1110, 5128, 0
15.001554, 5.000103, 55995, 85, 194.6, 155, 395, 680, 1803, 5239, 0
20.001499, 4.999945, 55502, 83, 188.9, 155, 383, 605, 993, 4766, 0
25.001466, 4.999967, 55957, 85, 189.8, 155, 379, 611, 1386, 4619, 0
30.001496, 5.00003, 56025, 79, 189.7, 156, 385, 588, 980, 2994, 0
35.001505, 5.000009, 55980, 85, 187.4, 155, 375, 585, 947, 1771, 0
40.001498, 4.999993, 55462, 82, 187.1, 154, 370, 585, 971, 4334, 0
45.001486, 4.999988, 55647, 85, 187.8, 154, 378, 594, 967, 5337, 0
50.001457, 4.999971, 55596, 82, 186.0, 156, 361, 551, 883, 1401, 0
55.001478, 5.000021, 55770, 82, 186.1, 156, 363, 560, 894, 5420, 0
60.001443, 4.999965, 55102, 85, 189.8, 155, 378, 614, 1420, 3811, 0
65.001453, 5.00001, 55411, 83, 189.2, 156, 379, 611, 1002, 1832, 0
70.001491, 5.000038, 56101, 83, 188.2, 155, 375, 599, 1017, 1977, 0
75.001453, 4.999962, 56497, 84, 186.5, 156, 364, 547, 845, 1670, 0
80.001475, 5.000022, 56053, 85, 189.3, 157, 377, 587, 937, 1820, 0
85.001454, 4.999979, 56281, 80, 193.5, 160, 386, 602, 992, 4963, 0
90.001453, 4.999999, 56178, 84, 188.5, 158, 373, 570, 887, 1742, 0
95.001467, 5.000014, 56007, 86, 187.8, 158, 365, 554, 873, 1590, 0
100.001491, 5.000024, 54162, 82, 188.1, 154, 376, 621, 1159, 4655, 0
105.001448, 4.999957, 56556, 81, 192.3, 160, 379, 579, 1075, 4604, 0
110.001513, 5.000065, 56393, 83, 190.5, 160, 375, 563, 875, 1750, 0
115.00148, 4.999967, 56337, 86, 190.5, 157, 379, 592, 985, 4765, 0
120.001454, 4.999974, 56435, 82, 192.0, 160, 379, 574, 947, 4644, 0
121.005548, 1.004094, 11085, 82, 190.6, 159, 376, 578, 946, 4644, 0
