elapsed, window, n, min, mean, median, 95th, 99th, 99_9th, max, errors
5.001147, 5.001147, 15, 91679, 144765.9, 153532, 192779, 197828, 197828, 197828, 0
10.00115, 5.000003, 25, 91561, 94138.4, 92061, 101868, 105830, 105830, 105830, 0
15.001161, 5.000011, 10, 91240, 91728.8, 91747, 92256, 92256, 92256, 92256, 0
20.00114, 4.999979, 20, 91732, 167886.5, 185647, 199146, 199940, 199940, 199940, 0
25.001152, 5.000012, 5, 164006, 181626.5, 173684, 199146, 199146, 199146, 199146, 0
30.001056, 4.999904, 15, 159677, 179999.3, 182469, 197493, 198906, 198906, 198906, 0
35.001156, 5.0001, 15, 91193, 125752.2, 101026, 194956, 197257, 197257, 197257, 0
40.001151, 4.999995, 21, 91484, 138991.8, 93717, 199175, 199893, 199893, 199893, 0
45.00104, 4.999889, 19, 91667, 148372.6, 182984, 198844, 199893, 199893, 199893, 0
50.001151, 5.000111, 10, 91241, 94794.8, 91913, 103617, 103617, 103617, 103617, 0
55.001148, 4.999997, 24, 91333, 143699.2, 163524, 199391, 199801, 199801, 199801, 0
60.001158, 5.00001, 16, 91550, 119760.4, 92186, 199391, 200104, 200104, 200104, 0
65.001092, 4.999934, 5, 159468, 162013.8, 162542, 164905, 164905, 164905, 164905, 0
70.001098, 5.000006, 20, 91574, 94509.1, 91954, 102819, 103272, 103272, 103272, 0
75.001096, 4.999998, 10, 91411, 94643.3, 91904, 105416, 105416, 105416, 105416, 0
80.001192, 5.000096, 20, 91438, 142029.1, 103731, 199268, 199724, 199724, 199724, 0
85.001023, 4.999831, 15, 91838, 128072.9, 101828, 195972, 198140, 198140, 198140, 0
90.001098, 5.000075, 35, 91093, 137832.9, 156838, 192868, 197266, 197266, 197266, 0
95.001108, 5.00001, 15, 90979, 91982.8, 91707, 93455, 93592, 93592, 93592, 0
100.0011, 4.999992, 15, 91676, 125954.5, 92217, 196295, 198320, 198320, 198320, 0
105.001019, 4.999919, 15, 91275, 138988.9, 155630, 169615, 173804, 173804, 173804, 0
110.001099, 5.00008, 10, 91355, 168615.5, 175270, 184124, 185378, 185378, 185378, 0
115.001098, 4.999999, 15, 91429, 93535.3, 92080, 99440, 102159, 102159, 102159, 0
120.001101, 5.000003, 5, 91792, 92957.4, 92175, 95166, 95166, 95166, 95166, 0
121.002247, 1.001146, 1, 91792, 94293.7, 92175, 100975, 100975, 100975, 100975, 0
