elapsed, window, n, min, mean, median, 95th, 99th, 99_9th, max, errors
5.000818, 5.000818, 16658, 994, 8360.5, 4451, 11265, 129429, 346438, 506102, 0
10.001801, 5.000983, 15817, 886, 8506.9, 4415, 11422, 129307, 330733, 483001, 0
15.001778, 4.999977, 15793, 898, 8780.3, 4484, 11286, 141874, 363313, 554130, 0
20.001879, 5.000101, 16099, 945, 8237.7, 4431, 10646, 132250, 288793, 544510, 0
25.001778, 4.999899, 15904, 858, 8546.3, 4459, 10761, 141936, 321174, 706245, 0
30.001776, 4.999998, 15568, 846, 8763.6, 4372, 10722, 159846, 297295, 463395, 0
35.001775, 4.999999, 15681, 910, 9202.2, 4473, 11543, 156498, 325400, 562826, 0
40.001852, 5.000077, 15560, 862, 8857.8, 4607, 11069, 129987, 432842, 566874, 0
45.001817, 4.999965, 15699, 970, 8617.0, 4507, 11072, 133406, 332258, 513069, 0
50.001812, 4.999995, 15891, 751, 8326.3, 4513, 10903, 122269, 319150, 467092, 0
55.001802, 4.99999, 15991, 841, 8622.0, 4513, 11180, 141068, 343322, 442752, 0
60.001789, 4.999987, 15759, 813, 8304.1, 4414, 11300, 132332, 306753, 633230, 0
65.001772, 4.999983, 15848, 786, 8610.4, 4503, 11314, 138654, 308617, 503325, 0
70.00179, 5.000018, 15781, 891, 8908.0, 4362, 11658, 150595, 301452, 437860, 0
75.001805, 5.000015, 15870, 820, 8697.0, 4504, 11196, 140610, 331963, 483383, 0
80.001821, 5.000016, 15839, 899, 8319.6, 4439, 10896, 128626, 322675, 430719, 0
85.001793, 4.999972, 15623, 847, 9206.9, 4529, 11209, 161185, 330878, 412751, 0
90.001777, 4.999984, 15693, 848, 8700.5, 4501, 11305, 145003, 280863, 393900, 0
95.001799, 5.000022, 15580, 839, 8556.8, 4552, 11656, 130341, 308183, 442418, 0
100.00178, 4.999981, 15293, 805, 8627.9, 4569, 11194, 133066, 322419, 517218, 0
105.001777, 4.999997, 15233, 849, 8783.9, 4664, 11290, 139090, 295835, 589766, 0
110.001829, 5.000052, 15448, 801, 8600.3, 4652, 11567, 126414, 331361, 509586, 0
115.0018, 4.999971, 15629, 910, 8848.1, 4557, 11185, 137667, 387063, 570955, 0
120.001798, 4.999998, 15321, 778, 8689.6, 4432, 11084, 135639, 367314, 598723, 0
121.005847, 1.004049, 3088, 778, 8575.5, 4435, 11047, 133757, 370901, 598723, 0
