elapsed, window, n, min, mean, median, 95th, 99th, 99_9th, max, errors
5.000722, 5.000722, 5430, 5, 9.7, 9, 15, 18, 25, 55, 0
10.001797, 5.001075, 5440, 5, 9.6, 9, 14, 19, 35, 50, 0
15.001726, 4.999929, 5457, 5, 9.5, 9, 14, 19, 35, 65, 0
20.001942, 5.000216, 5451, 4, 9.5, 9, 14, 18, 25, 35, 0
25.001678, 4.999736, 5443, 5, 9.5, 9, 14, 18, 24, 58, 0
30.001722, 5.000044, 5461, 4, 9.5, 9, 14, 18, 24, 58, 0
35.001675, 4.999953, 5454, 4, 9.5, 9, 14, 17, 23, 53, 0
40.001675, 5.0, 5454, 4, 9.5, 9, 14, 18, 24, 41, 0
45.001688, 5.000013, 5451, 5, 9.5, 9, 14, 18, 26, 51, 0
50.001723, 5.000035, 5451, 5, 9.4, 9, 14, 18, 24, 66, 0
55.001676, 4.999953, 5453, 5, 9.5, 9, 14, 18, 27, 55, 0
60.001729, 5.000053, 5456, 4, 9.5, 9, 14, 19, 39, 60, 0
65.001738, 5.000009, 5452, 4, 9.5, 9, 14, 18, 27, 52, 0
70.001672, 4.999934, 5459, 5, 9.5, 9, 14, 19, 41, 55, 0
75.001675, 5.000003, 5460, 5, 9.4, 9, 14, 18, 25, 51, 0
80.001674, 4.999999, 5466, 4, 9.3, 9, 14, 18, 25, 43, 0
85.002034, 5.00036, 5461, 4, 9.6, 9, 14, 19, 30, 49, 0
90.0007, 4.998666, 5468, 5, 9.5, 9, 14, 18, 26, 54, 0
95.001724, 5.001024, 5455, 5, 9.4, 9, 14, 17, 27, 55, 0
100.001676, 4.999952, 5454, 5, 9.4, 9, 14, 18, 29, 57, 0
105.001721, 5.000045, 5446, 4, 9.4, 9, 14, 18, 25, 51, 0
110.00171, 4.999989, 5461, 5, 9.4, 9, 14, 18, 25, 58, 0
115.001726, 5.000016, 5455, 4, 9.5, 9, 14, 18, 29, 56, 0
120.001675, 4.999949, 5463, 5, 9.5, 9, 14, 19, 27, 152, 0
121.001714, 1.000039, 1091, 5, 9.5, 9, 14, 19, 28, 152, 0
