elapsed, window, n, min, mean, median, 95th, 99th, 99_9th, max, errors
5.000985, 5.000985, 5, 65508, 69176.4, 66106, 79231, 79231, 79231, 79231, 0
10.001003, 5.000018, 0, 0, 0, 0, 0, 0, 0, 0, 0
15.000998, 4.999995, 7, 64688, 76882.9, 65743, 141585, 141585, 141585, 141585, 1
20.000986, 4.999988, 0, 0, 0, 0, 0, 0, 0, 0, 0
25.001012, 5.000026, 0, 0, 0, 0, 0, 0, 0, 0, 0
30.00093, 4.999918, 0, 0, 0, 0, 0, 0, 0, 0, 0
35.000951, 5.000021, 5, 64490, 66273.4, 65847, 69528, 69528, 69528, 69528, 0
40.00098, 5.000029, 5, 63939, 65612.5, 64684, 69528, 69528, 69528, 69528, 0
45.000934, 4.999954, 7, 63610, 66150.4, 66131, 69176, 69176, 69176, 69176, 0
50.001928, 5.000994, 0, 0, 0, 0, 0, 0, 0, 0, 0
55.000978, 4.99905, 6, 64778, 66878.9, 66153, 73172, 73172, 73172, 73172, 0
60.001953, 5.000975, 5, 64519, 76846.9, 67458, 132182, 132182, 132182, 132182, 1
65.001016, 4.999063, 6, 63458, 94742.1, 69672, 135512, 135512, 135512, 135512, 2
70.000917, 4.999901, 0, 0, 0, 0, 0, 0, 0, 0, 0
75.001966, 5.001049, 6, 64439, 65866.0, 65510, 67937, 67937, 67937, 67937, 0
80.000977, 4.999011, 0, 0, 0, 0, 0, 0, 0, 0, 0
85.00197, 5.000993, 5, 64511, 79647.0, 67571, 131166, 131166, 131166, 131166, 1
90.001932, 4.999962, 5, 63685, 66410.8, 66397, 69851, 69851, 69851, 69851, 0
95.000992, 4.99906, 6, 65559, 66268.6, 65984, 67869, 67869, 67869, 67869, 0
100.000982, 4.99999, 5, 64897, 66324.8, 65770, 67937, 67937, 67937, 67937, 0
105.000925, 4.999943, 0, 0, 0, 0, 0, 0, 0, 0, 2
110.000929, 5.000004, 0, 0, 0, 0, 0, 0, 0, 0, 0
115.001988, 5.001059, 0, 0, 0, 0, 0, 0, 0, 0, 0
120.000973, 4.998985, 5, 64580, 66777.0, 66797, 70113, 70113, 70113, 70113, 0
125.001916, 5.000943, 6, 64337, 77726.2, 65998, 138060, 138060, 138060, 138060, 1
130.000934, 4.999018, 5, 64842, 67172.8, 66055, 70920, 70920, 70920, 70920, 0
135.001943, 5.001009, 0, 0, 0, 0, 0, 0, 0, 0, 0
140.001967, 5.000024, 0, 0, 0, 0, 0, 0, 0, 0, 0
145.001956, 4.999989, 0, 0, 0, 0, 0, 0, 0, 0, 0
150.001973, 5.000017, 6, 62970, 66103.2, 66537, 67888, 67888, 67888, 67888, 0
155.001069, 4.999096, 0, 0, 0, 0, 0, 0, 0, 0, 0
160.00093, 4.999861, 5, 64642, 65754.0, 65312, 67547, 67547, 67547, 67547, 0
165.001024, 5.000094, 6, 63807, 66212.9, 66028, 70158, 70158, 70158, 70158, 0
170.001968, 5.000944, 0, 0, 0, 0, 0, 0, 0, 0, 1
175.001967, 4.999999, 5, 65401, 66872.2, 66479, 69335, 69335, 69335, 69335, 0
180.001973, 5.000006, 0, 0, 0, 0, 0, 0, 0, 0, 0
181.04411, 1.042137, 1, 65007, 65803.0, 65659, 66620, 66620, 66620, 66620, 0
