elapsed, window, n, min, mean, median, 95th, 99th, 99_9th, max, errors
5.001105, 5.001105, 11829, 955, 26114.7, 2127, 215890, 362909, 750665, 776742, 0
10.0014, 5.000295, 12609, 937, 23862.6, 1864, 205720, 253001, 312919, 336081, 0
15.001087, 4.999687, 12852, 930, 23843.3, 1865, 210973, 276689, 322064, 345527, 0
20.001332, 5.000245, 12834, 941, 23516.8, 1871, 209917, 247302, 280652, 293033, 0
25.001153, 4.999821, 12743, 881, 22920.5, 1822, 195187, 237650, 267348, 277883, 0
30.001113, 4.99996, 12850, 926, 23690.2, 1824, 204289, 267728, 299767, 320859, 0
35.001215, 5.000102, 12164, 918, 25607.8, 1758, 233122, 293252, 333895, 352056, 0
40.001098, 4.999883, 13176, 907, 24004.3, 1844, 220364, 270314, 299576, 329201, 0
45.001106, 5.000008, 12321, 956, 25071.6, 1823, 224008, 277314, 307858, 330705, 0
50.001112, 5.000006, 12635, 909, 24070.0, 1927, 208107, 250741, 294313, 311473, 0
55.001112, 5.0, 12863, 891, 23389.5, 1817, 211323, 250933, 269193, 290089, 0
60.001176, 5.000064, 12977, 966, 23469.8, 1819, 210159, 248970, 280580, 306168, 0
65.001126, 4.99995, 12777, 974, 24216.4, 1943, 222099, 267477, 308824, 333027, 0
70.001084, 4.999958, 12647, 920, 24716.3, 2051, 207565, 269814, 324697, 349238, 0
75.001085, 5.000001, 12454, 940, 24365.8, 1982, 210795, 253705, 293721, 314072, 0
80.001163, 5.000078, 12665, 922, 23900.5, 1995, 208060, 260238, 279868, 317265, 0
85.001155, 4.999992, 12874, 937, 23505.6, 2028, 210530, 261579, 286368, 304561, 0
90.001171, 5.000016, 12744, 941, 23826.3, 1869, 209825, 261738, 285034, 311026, 0
95.001113, 4.999942, 12756, 910, 23712.0, 1891, 216384, 257112, 284185, 303468, 0
100.00113, 5.000017, 13336, 961, 22509.0, 1948, 200556, 262338, 295683, 305696, 0
105.00115, 5.00002, 12700, 948, 24512.4, 1970, 220753, 302969, 339259, 368410, 0
110.001101, 4.999951, 12221, 933, 25600.1, 1823, 213039, 277731, 321080, 354479, 0
115.001165, 5.000064, 12145, 964, 24007.7, 1934, 211080, 247671, 280453, 298935, 0
120.001271, 5.000106, 13192, 951, 23330.2, 1959, 202867, 253749, 272599, 283993, 0
121.004236, 1.002965, 3331, 950, 21999.0, 2047, 197130, 250030, 269811, 283993, 0
