elapsed, window, n, min, mean, median, 95th, 99th, 99_9th, max, errors
5.000533, 5.000533, 15596, 257, 312.0, 309, 352, 389, 458, 1809, 0
10.00142, 5.000887, 15713, 260, 308.8, 305, 347, 387, 460, 1150, 0
15.001375, 4.999955, 15752, 260, 308.0, 304, 345, 379, 444, 1275, 0
20.001368, 4.999993, 15742, 259, 308.3, 305, 346, 380, 432, 1357, 0
25.001376, 5.000008, 15649, 258, 310.3, 307, 347, 382, 445, 1331, 0
30.001373, 4.999997, 15677, 262, 309.5, 306, 346, 379, 448, 1297, 0
35.001367, 4.999994, 15615, 261, 310.8, 307, 349, 385, 451, 1473, 0
40.001374, 5.000007, 15563, 265, 311.8, 309, 347, 382, 447, 1289, 0
45.001373, 4.999999, 15518, 263, 312.6, 309, 349, 381, 426, 1415, 0
50.00137, 4.999997, 15509, 263, 312.9, 310, 349, 379, 442, 1508, 0
55.001369, 4.999999, 15481, 264, 313.5, 310, 349, 383, 441, 1589, 0
60.001377, 5.000008, 15494, 262, 313.1, 310, 349, 387, 451, 1258, 0
65.001368, 4.999991, 15487, 265, 313.4, 310, 351, 387, 456, 1375, 0
70.001367, 4.999999, 15571, 265, 311.8, 308, 349, 383, 446, 1396, 0
75.001373, 5.000006, 15636, 262, 310.4, 307, 347, 379, 443, 1560, 0
80.00137, 4.999997, 15568, 262, 311.9, 309, 348, 379, 428, 1683, 0
85.001366, 4.999996, 15597, 262, 311.2, 308, 347, 383, 442, 1508, 0
90.001373, 5.000007, 15580, 262, 311.4, 308, 350, 385, 448, 1384, 0
95.001376, 5.000003, 15618, 260, 310.9, 307, 348, 388, 449, 1863, 0
100.00137, 4.999994, 15647, 261, 310.2, 307, 349, 384, 447, 1435, 0
105.001367, 4.999997, 15658, 264, 310.0, 306, 348, 385, 449, 1454, 0
110.001369, 5.000002, 15585, 262, 311.5, 308, 350, 385, 449, 1668, 0
115.001388, 5.000019, 15527, 257, 312.7, 309, 350, 385, 448, 1345, 0
120.001373, 4.999985, 15458, 262, 314.0, 310, 352, 390, 456, 1486, 0
121.001461, 1.000088, 3076, 262, 314.1, 311, 352, 389, 451, 1670, 0
