elapsed, window, n, min, mean, median, 95th, 99th, 99_9th, max, errors
5.000147, 5.000147, 42595, 21244, 29457.1, 28556, 38270, 43545, 51017, 61960, 0
10.001128, 5.000981, 42742, 21210, 29243.2, 28458, 37654, 42287, 48194, 59075, 0
15.001139, 5.000011, 42950, 21367, 29137.3, 28315, 37639, 42514, 47947, 56232, 0
20.00115, 5.000011, 42759, 21182, 29172.8, 28359, 37668, 42368, 48183, 57552, 0
25.001182, 5.000032, 42807, 21306, 29218.4, 28396, 37831, 42420, 48668, 57807, 0
30.001118, 4.999936, 42848, 21218, 29169.0, 28380, 37501, 42119, 47569, 55773, 0
35.001195, 5.000077, 42766, 21177, 29217.9, 28430, 37594, 42229, 47735, 54827, 0
40.001117, 4.999922, 42713, 21191, 29239.1, 28443, 37692, 42292, 47882, 54624, 0
45.001117, 5.0, 42735, 21079, 29259.7, 28437, 37752, 42440, 48063, 58197, 0
50.001138, 5.000021, 42750, 21335, 29229.9, 28418, 37663, 42451, 48035, 59655, 0
55.001114, 4.999976, 42763, 21155, 29238.1, 28427, 37776, 42495, 48081, 53732, 0
60.001164, 5.00005, 42743, 21284, 29236.9, 28411, 37810, 42521, 48034, 56180, 0
65.001169, 5.000005, 42861, 21331, 29167.8, 28372, 37663, 42268, 47738, 54655, 0
70.001119, 4.99995, 42837, 21430, 29155.0, 28324, 37629, 42250, 47853, 59165, 0
75.001135, 5.000016, 42788, 21331, 29216.4, 28436, 37665, 42285, 48098, 59165, 0
80.001117, 4.999982, 42796, 21111, 29223.4, 28405, 37693, 42613, 48736, 59026, 0
85.001142, 5.000025, 42627, 21204, 29280.2, 28455, 37844, 42716, 48603, 56887, 0
90.00121, 5.000068, 42739, 21180, 29235.9, 28394, 37785, 42507, 48169, 59066, 0
95.001167, 4.999957, 42883, 21261, 29145.5, 28317, 37592, 42234, 47994, 55932, 0
100.001119, 4.999952, 42671, 21327, 29273.3, 28450, 37783, 42469, 48096, 55679, 0
105.001119, 5.0, 42841, 21095, 29186.9, 28381, 37632, 42420, 47966, 58894, 0
110.001117, 4.999998, 42776, 21210, 29220.4, 28408, 37788, 42458, 47729, 57472, 0
115.001126, 5.000009, 42852, 21346, 29179.8, 28384, 37664, 42243, 47974, 56149, 0
120.001114, 4.999988, 42754, 21147, 29205.7, 28389, 37657, 42547, 48377, 62284, 0
121.004259, 1.003145, 8559, 21147, 29216.4, 28409, 37678, 42594, 48643, 62284, 0
