elapsed, window, total, successful, failed
5.000713, 5.000713, 25557, 25557, 0
10.001773, 5.00106, 25662, 25662, 0
15.001592, 4.999819, 25496, 25496, 0
20.00174, 5.000148, 25418, 25418, 0
25.001678, 4.999938, 25306, 25306, 0
30.001608, 4.99993, 25413, 25413, 0
35.001661, 5.000053, 25405, 25405, 0
40.001601, 4.99994, 25198, 25198, 0
45.00161, 5.000009, 25543, 25543, 0
50.001653, 5.000043, 25852, 25852, 0
55.001586, 4.999933, 25418, 25418, 0
60.001607, 5.000021, 25184, 25184, 0
65.001654, 5.000047, 25105, 25105, 0
70.001647, 4.999993, 25698, 25698, 0
75.001701, 5.000054, 25240, 25240, 0
80.001595, 4.999894, 25347, 25347, 0
85.001616, 5.000021, 25007, 25007, 0
90.001604, 4.999988, 25436, 25436, 0
95.001619, 5.000015, 25709, 25709, 0
100.001614, 4.999995, 25297, 25297, 0
105.001608, 4.999994, 25094, 25094, 0
110.001605, 4.999997, 25201, 25201, 0
115.001624, 5.000019, 25575, 25575, 0
120.001591, 4.999967, 25448, 25448, 0
121.00302, 1.001429, 5213, 5213, 0
