elapsed, window, n, min, mean, median, 95th, 99th, 99_9th, max, errors
5.000382, 5.000382, 316, 1272, 43380.1, 7126, 96964, 97972, 101206, 101206, 0
10.001251, 5.000869, 312, 1272, 44947.4, 6922, 97165, 97972, 101649, 101649, 0
15.001388, 5.000137, 319, 1221, 46114.8, 7211, 97197, 98502, 105501, 105501, 0
20.00124, 4.999852, 297, 1320, 46538.6, 7045, 97357, 98748, 100953, 100953, 0
25.001382, 5.000142, 324, 1335, 46764.1, 7388, 97302, 98328, 104346, 104346, 0
30.001318, 4.999936, 307, 1328, 46050.7, 7111, 97194, 98328, 99093, 99093, 0
35.001321, 5.000003, 336, 1375, 46359.5, 7155, 97494, 98950, 101496, 101496, 0
40.001241, 4.99992, 353, 1274, 43547.4, 6483, 97388, 99477, 105405, 105405, 0
45.001351, 5.00011, 326, 1371, 42503.4, 4290, 97300, 98813, 101680, 101680, 0
50.001305, 4.999954, 302, 1309, 45370.5, 6779, 97189, 98813, 102684, 102684, 0
55.00136, 5.000055, 336, 1282, 45206.2, 7147, 97290, 97880, 111733, 111733, 0
60.001278, 4.999918, 295, 1356, 44158.4, 5501, 97582, 99152, 102297, 102297, 0
65.00134, 5.000062, 324, 1372, 45499.1, 6819, 97518, 99370, 104378, 104378, 0
70.001264, 4.999924, 314, 1351, 42423.0, 5209, 97149, 97868, 104378, 104378, 0
75.001272, 5.000008, 325, 1285, 40626.0, 4824, 96978, 98562, 101514, 101514, 0
80.001346, 5.000074, 341, 1378, 45910.6, 6493, 97232, 98051, 101514, 101514, 0
85.001378, 5.000032, 288, 1342, 43760.4, 5436, 97396, 98249, 99402, 99402, 0
90.001364, 4.999986, 326, 1297, 40927.0, 5291, 97233, 97614, 99697, 99697, 0
95.001253, 4.999889, 321, 1323, 43545.1, 5915, 97271, 99237, 102900, 102900, 0
100.00124, 4.999987, 309, 1355, 46789.9, 7583, 97042, 97687, 103879, 103879, 0
105.001252, 5.000012, 307, 1329, 45314.1, 7064, 97301, 98518, 103167, 103167, 0
110.001269, 5.000017, 301, 1282, 46259.8, 6975, 97258, 97694, 99460, 99460, 0
115.001315, 5.000046, 288, 1296, 48087.6, 8056, 97367, 98128, 99234, 99234, 0
120.001294, 4.999979, 319, 1316, 47617.9, 7558, 97295, 98128, 100125, 100125, 0
121.00345, 1.002156, 66, 1316, 46519.5, 7251, 97290, 97705, 100125, 100125, 0
