elapsed, window, n, min, mean, max, errors, median
5.001175, 5.001175,79180, 260,3052.8, 73327,0, 451
10.001124, 4.999949,75451, 265,2865.44, 48556,0, 479
15.000957, 4.999833,75911, 262,3021.73, 48666,0, 475
20.001948, 5.000991,78094, 262,2997.97, 49689,0, 489
25.002015, 5.000067,76788, 274,2957.76, 48749,0, 483
30.000964, 4.998949,78921, 269,2908.21, 48966,0, 487
35.001968, 5.001004,77023, 268,2882.92, 48811,0, 488
40.001975, 5.000007,77218, 267,2943.32, 48532,0, 484
45.001974, 4.999999,77507, 270,3039.31, 48579,0, 485
50.002042, 5.000068,77130, 266,3074.58, 48628,0, 486
55.000978, 4.998936,77467, 264,2910.46, 49259,0, 494
60.002042, 5.001064,78368, 266,2909.41, 48611,0, 491
65.000974, 4.998932,77543, 258,2911.56, 48812,0, 497
70.001976, 5.001002,78234, 262,3137.01, 48986,0, 501
75.001959, 4.999983,77023, 271,3067.3, 48986,0, 489
80.002018, 5.000059,77640, 266,3045.65, 48515,0, 499
85.00097, 4.998952,76670, 269,3038.93, 49105,0, 494
90.001974, 5.001004,77894, 267,2952.79, 48821,0, 487
95.001966, 4.999992,76861, 272,3058.71, 49366,0, 484
100.002026, 5.00006,78108, 270,2960.52, 48874,0, 482
105.000951, 4.998925,76815, 269,2920.76, 49624,0, 481
110.001972, 5.001021,77739, 270,2835.7, 48704,0, 480
115.00203, 5.000058,79046, 266,2863.81, 48955,0, 477
120.000957, 4.998927,77238, 264,2941.92, 48770,0, 477
121.010976, 1.010019,15458, 257,2924.05, 48770,0, 478

