elapsed, window, total, successful, failed
5.000579, 5.000579, 21739, 21739, 0
10.00146, 5.000881, 22480, 22480, 0
15.001483, 5.000023, 22032, 22032, 0
20.001497, 5.000014, 18922, 18922, 0
25.001464, 4.999967, 22124, 22124, 0
30.001582, 5.000118, 22061, 22061, 0
35.001432, 4.99985, 22039, 22039, 0
40.001478, 5.000046, 22054, 22054, 0
45.001566, 5.000088, 21960, 21960, 0
50.001628, 5.000062, 22144, 22144, 0
55.001566, 4.999938, 21760, 21760, 0
60.00149, 4.999924, 22129, 22129, 0
65.001458, 4.999968, 21910, 21910, 0
70.001565, 5.000107, 22043, 22043, 0
75.001421, 4.999856, 22105, 22105, 0
80.001562, 5.000141, 22046, 22046, 0
85.001454, 4.999892, 22007, 22007, 0
90.001483, 5.000029, 21556, 21556, 0
95.001469, 4.999986, 21988, 21988, 0
100.001479, 5.00001, 21613, 21613, 0
105.001502, 5.000023, 22329, 22329, 0
110.001444, 4.999942, 22493, 22493, 0
115.001423, 4.999979, 22057, 22057, 0
120.001503, 5.00008, 22160, 22160, 0
125.001437, 4.999934, 22166, 22166, 0
130.001478, 5.000041, 21647, 21647, 0
135.001457, 4.999979, 21857, 21857, 0
140.001466, 5.000009, 22167, 22167, 0
145.001452, 4.999986, 21889, 21889, 0
150.001458, 5.000006, 21479, 21479, 0
155.001456, 4.999998, 22092, 22092, 0
160.001462, 5.000006, 21725, 21725, 0
165.001437, 4.999975, 21475, 21475, 0
170.001469, 5.000032, 21315, 21315, 0
175.001471, 5.000002, 21850, 21850, 0
180.001452, 4.999981, 22215, 22215, 0
185.001503, 5.000051, 21733, 21733, 0
190.001564, 5.000061, 21598, 21598, 0
195.001543, 4.999979, 21462, 21462, 0
200.001456, 4.999913, 21624, 21624, 0
205.001461, 5.000005, 21643, 21643, 0
210.001486, 5.000025, 21828, 21828, 0
215.001442, 4.999956, 21877, 21877, 0
220.001458, 5.000016, 21843, 21843, 0
225.00148, 5.000022, 21937, 21937, 0
230.00149, 5.00001, 22140, 22140, 0
235.001448, 4.999958, 21757, 21757, 0
240.001486, 5.000038, 22095, 22095, 0
245.001445, 4.999959, 21395, 21395, 0
250.001463, 5.000018, 21737, 21737, 0
255.001455, 4.999992, 21873, 21873, 0
260.001483, 5.000028, 21549, 21549, 0
265.001435, 4.999952, 21132, 21132, 0
270.001434, 4.999999, 21240, 21240, 0
275.001449, 5.000015, 21521, 21521, 0
280.001431, 4.999982, 21619, 21619, 0
285.001453, 5.000022, 21178, 21178, 0
290.001429, 4.999976, 21517, 21517, 0
295.001461, 5.000032, 21641, 21641, 0
300.001479, 5.000018, 21321, 21321, 0
301.005687, 1.004208, 4284, 4284, 0
