elapsed, window, n, min, mean, median, 95th, 99th, 99_9th, max, errors
5.000875, 5.000875, 73, 575, 772.1, 762, 959, 1023, 1153, 1153, 0
10.001888, 5.001013, 10, 672, 760.8, 709, 942, 942, 942, 942, 0
15.001837, 4.999949, 0, 0, 0, 0, 0, 0, 0, 0, 0
20.001841, 5.000004, 7, 603, 705.4, 653, 867, 867, 867, 867, 0
25.001836, 4.999995, 5, 614, 731.4, 649, 962, 962, 962, 962, 0
30.001862, 5.000026, 9, 544, 677.6, 661, 912, 912, 912, 912, 0
35.001822, 4.99996, 17, 532, 659.7, 636, 807, 823, 823, 823, 0
40.001789, 4.999967, 7, 564, 659.1, 658, 742, 742, 742, 742, 0
45.001826, 5.000037, 8, 593, 658.0, 644, 726, 726, 726, 726, 0
50.001828, 5.000002, 10, 584, 646.7, 613, 754, 754, 754, 754, 0
55.001752, 4.999924, 12, 531, 685.3, 672, 808, 881, 881, 881, 0
60.001849, 5.000097, 7, 614, 643.9, 632, 721, 721, 721, 721, 0
65.001822, 4.999973, 8, 547, 654.8, 649, 717, 717, 717, 717, 0
70.001821, 4.999999, 12, 554, 651.8, 665, 712, 717, 717, 717, 0
75.001827, 5.000006, 0, 0, 0, 0, 0, 0, 0, 0, 0
80.001779, 4.999952, 12, 527, 643.5, 644, 720, 720, 720, 720, 0
85.001836, 5.000057, 9, 544, 652.2, 642, 725, 733, 733, 733, 0
90.001822, 4.999986, 14, 544, 630.6, 630, 716, 733, 733, 733, 0
95.001824, 5.000002, 11, 529, 623.0, 586, 738, 826, 826, 826, 0
100.001842, 5.000018, 14, 584, 636.7, 632, 691, 707, 707, 707, 0
105.001864, 5.000022, 7, 497, 1031.5, 621, 2090, 3895, 3895, 3895, 0
110.00186, 4.999996, 7, 490, 595.1, 578, 725, 725, 725, 725, 0
115.001845, 4.999985, 6, 530, 598.1, 578, 753, 753, 753, 753, 0
120.001867, 5.000022, 15, 501, 562.9, 557, 611, 655, 655, 655, 0
121.022931, 1.021064, 3, 501, 561.7, 555, 611, 655, 655, 655, 0
