elapsed, window, n, min, mean, median, 95th, 99th, 99_9th, max, errors
5.000875, 5.000875, 0, 0, 0, 0, 0, 0, 0, 0, 0
10.001888, 5.001013, 53, 762, 966.9, 934, 1171, 1298, 1384, 1384, 0
15.001837, 4.999949, 145, 723, 969.9, 923, 1322, 1505, 1899, 1899, 0
20.001841, 5.000004, 59, 732, 936.5, 911, 1134, 1175, 1203, 1203, 0
25.001836, 4.999995, 105, 670, 912.5, 895, 1139, 1258, 1491, 1491, 0
30.001862, 5.000026, 50, 725, 906.5, 885, 1147, 1216, 1327, 1327, 0
35.001822, 4.99996, 79, 652, 902.3, 865, 1183, 1283, 1454, 1454, 0
40.001789, 4.999967, 78, 647, 921.4, 892, 1229, 1438, 1454, 1454, 0
45.001826, 5.000037, 59, 656, 892.9, 857, 1167, 1240, 1254, 1254, 0
50.001828, 5.000002, 92, 697, 970.7, 860, 1106, 3204, 4438, 4438, 0
55.001752, 4.999924, 63, 657, 897.0, 876, 1144, 1249, 1250, 1250, 0
60.001849, 5.000097, 89, 655, 898.1, 878, 1067, 1229, 1250, 1250, 0
65.001822, 4.999973, 55, 695, 903.2, 875, 1211, 1384, 1506, 1506, 0
70.001821, 4.999999, 87, 683, 930.2, 871, 1135, 1940, 3277, 3277, 0
75.001827, 5.000006, 52, 683, 910.0, 883, 1198, 1303, 1444, 1444, 0
80.001779, 4.999952, 69, 672, 891.8, 864, 1167, 1177, 1336, 1336, 0
85.001836, 5.000057, 77, 711, 876.8, 860, 1042, 1177, 1260, 1260, 0
90.001822, 4.999986, 65, 680, 853.5, 829, 1088, 1169, 1196, 1196, 0
95.001824, 5.000002, 78, 701, 884.9, 858, 1155, 1230, 1244, 1244, 0
100.001842, 5.000018, 72, 682, 884.0, 859, 1139, 1221, 1481, 1481, 0
105.001864, 5.000022, 83, 685, 1051.0, 837, 1201, 5945, 9644, 9644, 0
110.00186, 4.999996, 78, 686, 826.8, 819, 994, 1093, 1125, 1125, 0
115.001845, 4.999985, 76, 628, 848.8, 816, 1125, 1267, 1311, 1311, 0
120.001867, 5.000022, 61, 667, 843.2, 834, 1030, 1159, 1327, 1327, 0
121.022931, 1.021064, 15, 663, 851.9, 847, 1030, 1186, 1327, 1327, 0
