elapsed, window, n, min, mean, median, 95th, 99th, 99_9th, max, errors
5.000805, 5.000805, 35770, 81, 2131.7, 337, 9050, 13590, 18416, 21036, 0
10.00161, 5.000805, 35683, 81, 2109.3, 312, 8962, 13239, 18663, 28869, 0
15.001628, 5.000018, 35650, 80, 2154.4, 321, 9260, 13971, 18922, 27021, 0
20.001619, 4.999991, 35750, 81, 2113.4, 318, 8991, 13201, 18361, 23264, 0
25.001617, 4.999998, 35780, 79, 2094.4, 318, 8874, 12945, 18481, 23264, 0
30.001652, 5.000035, 35703, 79, 2138.3, 352, 9029, 13310, 18370, 21929, 0
35.001714, 5.000062, 35708, 80, 2136.2, 332, 9114, 13401, 18749, 22147, 0
40.001607, 4.999893, 35606, 82, 2139.5, 332, 8997, 13426, 18749, 32039, 0
45.001604, 4.999997, 35660, 79, 2134.8, 337, 9014, 13518, 18329, 22915, 0
50.001823, 5.000219, 35805, 81, 2066.3, 302, 8742, 13333, 18307, 23942, 0
55.0016, 4.999777, 35623, 77, 2161.4, 343, 9155, 13624, 19211, 27037, 0
60.00162, 5.00002, 35764, 82, 2108.5, 313, 8827, 13275, 18529, 22187, 0
65.001603, 4.999983, 35697, 79, 2139.0, 304, 9070, 13616, 18859, 22187, 0
70.001613, 5.00001, 35757, 84, 2108.6, 339, 8882, 13309, 18223, 21890, 0
75.001639, 5.000026, 35683, 81, 2130.4, 333, 8931, 13453, 17986, 23543, 0
80.001602, 4.999963, 35615, 83, 2156.9, 356, 9070, 13958, 18988, 27667, 0
85.001643, 5.000041, 35684, 81, 2134.3, 337, 8928, 13416, 19142, 23963, 0
90.001842, 5.000199, 35716, 81, 2119.1, 334, 9056, 13384, 18078, 23963, 0
95.001626, 4.999784, 35878, 80, 2082.0, 299, 8758, 13097, 18539, 23594, 0
100.001656, 5.00003, 35737, 82, 2107.5, 311, 8921, 13396, 17837, 26716, 0
105.001687, 5.000031, 35608, 82, 2153.9, 344, 9070, 13702, 18864, 21715, 0
110.001671, 4.999984, 35723, 81, 2133.8, 341, 9050, 13126, 17949, 24214, 0
115.001616, 4.999945, 35613, 79, 2160.1, 349, 9183, 13637, 18716, 29061, 0
120.001655, 5.000039, 35788, 82, 2101.2, 288, 8921, 13477, 18010, 27640, 0
121.00391, 1.002255, 7109, 81, 2100.6, 291, 8905, 13330, 18268, 27640, 0
