elapsed, window, total, successful, failed
5.001211, 5.001211, 191, 191, 0
10.00119, 4.999979, 47, 47, 0
15.00118, 4.99999, 99, 99, 0
20.00118, 5.0, 80, 80, 0
25.001196, 5.000016, 113, 113, 0
30.00118, 4.999984, 64, 64, 0
35.001177, 4.999997, 110, 110, 0
40.001178, 5.000001, 79, 79, 0
45.001177, 4.999999, 71, 71, 0
50.001184, 5.000007, 92, 92, 0
55.001125, 4.999941, 86, 86, 0
60.00117, 5.000045, 104, 104, 0
65.001168, 4.999998, 73, 73, 0
70.001169, 5.000001, 97, 97, 0
75.001171, 5.000002, 78, 78, 0
80.001182, 5.000011, 79, 79, 0
85.001174, 4.999992, 92, 92, 0
90.001172, 4.999998, 91, 91, 0
95.001184, 5.000012, 100, 100, 0
100.001197, 5.000013, 83, 83, 0
105.001235, 5.000038, 92, 92, 0
110.001235, 5.0, 83, 83, 0
115.001228, 4.999993, 85, 85, 0
120.001222, 4.999994, 94, 94, 0
125.00121, 4.999988, 74, 74, 0
130.001227, 5.000017, 92, 92, 0
135.001293, 5.000066, 86, 85, 1
140.001203, 4.99991, 95, 95, 0
145.001186, 4.999983, 92, 92, 0
150.001184, 4.999998, 90, 90, 0
155.001203, 5.000019, 83, 83, 0
160.001217, 5.000014, 81, 81, 0
165.001195, 4.999978, 85, 85, 0
170.001209, 5.000014, 91, 91, 0
175.001183, 4.999974, 84, 84, 0
180.001187, 5.000004, 83, 83, 0
185.001183, 4.999996, 86, 86, 0
190.001139, 4.999956, 89, 89, 0
195.001177, 5.000038, 89, 89, 0
200.001212, 5.000035, 84, 84, 0
205.001219, 5.000007, 88, 88, 0
210.001215, 4.999996, 92, 92, 0
215.001221, 5.000006, 78, 78, 0
220.001174, 4.999953, 84, 84, 0
225.001226, 5.000052, 88, 88, 0
230.001123, 4.999897, 82, 82, 0
235.001175, 5.000052, 91, 91, 0
240.001173, 4.999998, 86, 86, 0
245.001123, 4.99995, 85, 85, 0
250.001175, 5.000052, 83, 83, 0
255.001127, 4.999952, 87, 87, 0
260.001176, 5.000049, 85, 85, 0
265.001121, 4.999945, 84, 84, 0
270.001171, 5.00005, 106, 106, 0
275.001213, 5.000042, 89, 89, 0
280.001119, 4.999906, 86, 86, 0
285.001151, 5.000032, 93, 93, 0
290.001259, 5.000108, 73, 73, 0
295.001227, 4.999968, 87, 87, 0
300.001218, 4.999991, 85, 85, 0
301.005396, 1.004178, 18, 18, 0
