elapsed, window, n, min, mean, median, 95th, 99th, 99_9th, max, errors
5.000647, 5.000647, 24340, 23009, 40317.5, 31999, 77722, 250104, 486729, 567569, 0
10.001579, 5.000932, 30497, 30700, 32182.7, 31832, 34693, 36893, 39885, 44572, 0
15.001553, 4.999974, 30533, 30692, 32178.4, 31861, 34433, 36689, 39129, 42506, 0
20.001554, 5.000001, 30527, 30700, 32123.2, 31807, 34450, 36710, 39031, 41948, 0
25.001551, 4.999997, 30561, 30696, 32095.3, 31801, 34226, 36420, 38988, 41710, 0
30.001561, 5.00001, 30547, 30721, 32122.8, 31811, 34354, 36529, 39290, 43291, 0
35.001557, 4.999996, 30513, 30682, 32127.9, 31811, 34426, 36575, 38950, 42546, 0
40.001585, 5.000028, 30563, 30669, 32126.7, 31818, 34375, 36574, 39156, 41025, 0
45.001587, 5.000002, 30566, 30736, 32130.0, 31818, 34304, 36419, 38777, 41830, 0
50.001555, 4.999968, 30547, 30706, 32124.8, 31800, 34442, 36739, 39572, 42723, 0
55.001552, 4.999997, 30479, 30700, 32130.2, 31827, 34312, 36453, 39070, 42300, 0
60.001603, 5.000051, 30589, 30702, 32106.4, 31793, 34340, 36456, 39067, 42408, 0
65.001572, 4.999969, 30583, 30746, 32076.8, 31771, 34277, 36393, 38923, 45717, 0
70.001554, 4.999982, 30614, 30693, 32094.5, 31793, 34301, 36545, 39290, 41730, 0
75.001559, 5.000005, 30502, 30712, 32137.3, 31814, 34428, 36596, 39099, 42470, 0
80.00161, 5.000051, 30531, 30697, 32156.8, 31823, 34545, 36906, 39194, 42355, 0
85.001568, 4.999958, 30555, 30683, 32122.6, 31796, 34415, 36639, 39237, 41956, 0
90.001551, 4.999983, 30506, 30714, 32159.6, 31850, 34437, 36620, 39234, 43751, 0
95.00158, 5.000029, 30551, 30714, 32129.3, 31811, 34429, 36622, 39357, 42572, 0
100.001616, 5.000036, 30559, 30709, 32098.2, 31792, 34352, 36475, 38823, 41828, 0
105.001605, 4.999989, 30597, 30634, 32095.9, 31803, 34282, 36482, 39037, 42882, 0
110.001609, 5.000004, 30516, 30672, 32137.5, 31835, 34342, 36459, 38624, 41513, 0
115.001622, 5.000013, 30538, 30731, 32096.6, 31813, 34228, 36201, 38595, 41043, 0
120.001573, 4.999951, 30570, 30722, 32139.4, 31807, 34450, 36556, 39043, 43010, 0
121.004617, 1.003044, 6113, 30722, 32127.9, 31792, 34437, 36559, 39014, 43010, 0
