elapsed, window, n, min, mean, max, errors, median
5.000788, 5.000788,70752, 335,415.662, 2584,0,411.996
10.001845, 5.001057,70922, 338,413.638, 1774,0,409.822
15.001852, 5.000007,71271, 330,412.004, 1491,0,408.488
20.001788, 4.999936,71226, 332,412.186, 2163,0,408.654
25.001796, 5.000008,70934, 337,414.003, 1866,0,410.155
30.001805, 5.000009,70858, 331,414.425, 1290,0,411.159
35.001867, 5.000062,70737, 335,415.287, 1388,0,411.987
40.001827, 4.99996,70583, 333,415.938, 1331,0,412.49
45.001792, 4.999965,70817, 333,414.845, 1086,0,411.497
50.001787, 4.999995,70657, 336,415.666, 944,0,412.333
55.001787, 5.0,70635, 338,415.527, 1648,0,412.161
60.001789, 5.000002,70603, 335,415.827, 1426,0,412.495
65.001847, 5.000058,70749, 332,415.226, 1506,0,411.826
70.00179, 4.999943,70717, 332,415.245, 1555,0,411.829
75.001799, 5.000009,70665, 334,415.598, 1038,0,412.332
80.001842, 5.000043,70515, 330,416.412, 1092,0,412.83
85.001841, 4.999999,70614, 332,415.743, 1268,0,412.328
90.001838, 4.999997,70437, 333,416.849, 911,0,413.617
95.001788, 4.99995,70745, 332,415.145, 1062,0,411.662
100.001843, 5.000055,70644, 331,415.845, 1120,0,412.328
105.00184, 4.999997,70649, 336,415.563, 981,0,412.33
110.001844, 5.000004,70738, 336,415.345, 1110,0,412.329
115.001841, 4.999997,70681, 337,415.431, 872,0,412.665
120.00206, 5.000219,70279, 338,417.698, 1028,0,414.499
121.001826, 0.999766,14009, 333,418.067, 1177,0,415

