elapsed, window, n, min, mean, median, 95th, 99th, 99_9th, max, errors
5.000247, 5.000247, 1214, 980, 39835.9, 4288, 100397, 101432, 103508, 158957, 0
10.001276, 5.001029, 1037, 1025, 45117.6, 8094, 100659, 102597, 186459, 212950, 0
15.001198, 4.999922, 1082, 1041, 43591.3, 7025, 100459, 101265, 102933, 102936, 0
20.001125, 4.999927, 1196, 1021, 41433.1, 4748, 100444, 101383, 103047, 103051, 0
25.001306, 5.000181, 1018, 987, 47452.3, 10304, 100712, 101885, 175143, 191114, 0
30.001198, 4.999892, 1101, 986, 45640.5, 8745, 100643, 102275, 154385, 183372, 0
35.001204, 5.000006, 1028, 946, 46058.6, 9046, 100722, 102427, 132564, 183372, 0
40.001204, 5.0, 1136, 885, 44008.4, 6794, 100527, 102365, 120316, 134881, 0
45.001199, 4.999995, 1098, 970, 44365.5, 7694, 100567, 102251, 178628, 207173, 0
50.001219, 5.00002, 1137, 977, 45869.3, 8806, 100652, 101946, 143987, 182566, 0
55.001251, 5.000032, 1151, 973, 46240.7, 8833, 100683, 102511, 176477, 218970, 0
60.001143, 4.999892, 978, 992, 46547.0, 9380, 100517, 101393, 126298, 139953, 0
65.001137, 4.999994, 1074, 921, 47476.9, 10445, 100946, 121939, 170140, 172415, 0
70.001147, 5.00001, 1085, 953, 44121.8, 6004, 100613, 102197, 113414, 142548, 0
75.001218, 5.000071, 1143, 945, 45618.4, 8138, 100664, 101860, 103093, 103215, 0
80.001129, 4.999911, 1156, 987, 44615.3, 6951, 100736, 101595, 103094, 103166, 0
85.001203, 5.000074, 995, 970, 47314.1, 9400, 100902, 102532, 175558, 187650, 0
90.001266, 5.000063, 1142, 928, 43912.0, 5935, 100581, 101516, 170736, 187650, 0
95.0012, 4.999934, 1132, 961, 44751.4, 6949, 100543, 101766, 102686, 102802, 0
100.001167, 4.999967, 1062, 936, 42987.7, 6400, 100826, 101892, 103368, 104427, 0
105.001201, 5.000034, 1031, 951, 46580.9, 8913, 100868, 102348, 103368, 103999, 0
110.00121, 5.000009, 1108, 1011, 47135.8, 9046, 100648, 101529, 103068, 103224, 0
115.001201, 4.999991, 1005, 989, 45657.2, 8336, 100659, 101759, 102867, 103094, 0
120.001206, 5.000005, 1007, 968, 45014.0, 8247, 100754, 102537, 117450, 153205, 0
121.00352, 1.002314, 237, 968, 44024.6, 6949, 100672, 102507, 117450, 153205, 0
