elapsed, window, total, successful, failed
5.000118, 5.000118, 19756, 19756, 0
10.001117, 5.000999, 20066, 20066, 0
15.001217, 5.0001, 19736, 19736, 0
20.001135, 4.999918, 19524, 19524, 0
25.001189, 5.000054, 19381, 19381, 0
30.001138, 4.999949, 19194, 19194, 0
35.001134, 4.999996, 18875, 18875, 0
40.001154, 5.00002, 18837, 18837, 0
45.001149, 4.999995, 18468, 18468, 0
50.001115, 4.999966, 17942, 17942, 0
55.001257, 5.000142, 17659, 17659, 0
60.001166, 4.999909, 17600, 17600, 0
65.001117, 4.999951, 17609, 17609, 0
70.001157, 5.00004, 18002, 18002, 0
75.001112, 4.999955, 17440, 17440, 0
80.001288, 5.000176, 16782, 16782, 0
85.001136, 4.999848, 17087, 17087, 0
90.001128, 4.999992, 17087, 17087, 0
95.001129, 5.000001, 16982, 16982, 0
100.001229, 5.0001, 16906, 16906, 0
105.001126, 4.999897, 16234, 16234, 0
110.001189, 5.000063, 16209, 16209, 0
115.001149, 4.99996, 15809, 15809, 0
120.001117, 4.999968, 16637, 16637, 0
125.001125, 5.000008, 18593, 18593, 0
130.001112, 4.999987, 20048, 20048, 0
135.001178, 5.000066, 21659, 21659, 0
140.001139, 4.999961, 23409, 23409, 0
145.00123, 5.000091, 24228, 24228, 0
150.00112, 4.99989, 25618, 25618, 0
155.00119, 5.00007, 27624, 27624, 0
160.001126, 4.999936, 28114, 28114, 0
165.001279, 5.000153, 27573, 27573, 0
170.00111, 4.999831, 29064, 29064, 0
175.00116, 5.00005, 30725, 30725, 0
180.00115, 4.99999, 31436, 31436, 0
185.001153, 5.000003, 32064, 32064, 0
190.001121, 4.999968, 31762, 31762, 0
195.00127, 5.000149, 31886, 31886, 0
200.001179, 4.999909, 30598, 30598, 0
205.001144, 4.999965, 29359, 29359, 0
210.001201, 5.000057, 29068, 29068, 0
215.001199, 4.999998, 28757, 28757, 0
220.001122, 4.999923, 28776, 28776, 0
225.001195, 5.000073, 27836, 27836, 0
230.001249, 5.000054, 27630, 27630, 0
235.001366, 5.000117, 26811, 26811, 0
240.001151, 4.999785, 26554, 26554, 0
245.001171, 5.00002, 26141, 26141, 0
250.00112, 4.999949, 26524, 26524, 0
255.001235, 5.000115, 26146, 26146, 0
260.001134, 4.999899, 26600, 26600, 0
265.001106, 4.999972, 26472, 26472, 0
270.001175, 5.000069, 26128, 26128, 0
275.001135, 4.99996, 26548, 26548, 0
280.001175, 5.00004, 26987, 26987, 0
285.001176, 5.000001, 26361, 26361, 0
290.001134, 4.999958, 26598, 26598, 0
295.001105, 4.999971, 26203, 26203, 0
300.001125, 5.00002, 25975, 25975, 0
301.00342, 1.002295, 5281, 5281, 0
