elapsed, window, n, min, mean, median, 95th, 99th, 99_9th, max, errors
5.000149, 5.000149, 40070, 1.0, 3.9, 3.0, 10.0, 16.0, 27.0, 44.0, 0
10.001256, 5.001107, 40046, 1.0, 3.9, 3.0, 10.0, 16.0, 26.0, 51.0, 0
15.001369, 5.000113, 40011, 1.0, 3.9, 3.0, 10.0, 17.0, 27.0, 49.0, 0
20.00137, 5.000001, 40095, 1.0, 3.9, 3.0, 10.0, 16.0, 27.0, 47.0, 0
25.001157, 4.999787, 40043, 1.0, 3.9, 3.0, 10.0, 16.0, 26.0, 46.0, 0
30.001152, 4.999995, 40068, 1.0, 3.9, 3.0, 10.0, 16.0, 27.0, 47.0, 0
35.001164, 5.000012, 40029, 1.0, 3.9, 3.0, 10.0, 16.0, 26.0, 74.0, 0
40.001154, 4.99999, 40043, 1.0, 3.9, 3.0, 10.0, 16.0, 26.0, 42.0, 0
45.001186, 5.000032, 40016, 1.0, 3.9, 3.0, 10.0, 17.0, 29.0, 55.0, 0
50.001176, 4.99999, 40014, 1.0, 3.9, 3.0, 10.0, 16.0, 28.0, 48.0, 0
55.001163, 4.999987, 40013, 1.0, 3.9, 3.0, 10.0, 17.0, 27.0, 47.0, 0
60.001159, 4.999996, 40004, 1.0, 3.9, 3.0, 10.0, 17.0, 27.0, 41.0, 0
65.001149, 4.99999, 40027, 1.0, 3.9, 3.0, 10.0, 17.0, 27.0, 71.0, 0
70.001232, 5.000083, 40022, 1.0, 4.0, 3.0, 10.0, 17.0, 27.0, 75.0, 0
75.001148, 4.999916, 40022, 1.0, 3.9, 3.0, 10.0, 17.0, 27.0, 43.0, 0
80.001244, 5.000096, 39978, 1.0, 3.9, 3.0, 10.0, 16.0, 28.0, 56.0, 0
85.001206, 4.999962, 40008, 1.0, 3.9, 3.0, 10.0, 17.0, 27.0, 64.0, 0
90.001157, 4.999951, 40049, 1.0, 3.9, 3.0, 10.0, 16.0, 27.0, 145.0, 0
95.001172, 5.000015, 39990, 1.0, 3.9, 3.0, 10.0, 16.0, 28.0, 45.0, 0
100.001156, 4.999984, 39986, 1.0, 3.9, 3.0, 10.0, 17.0, 26.0, 47.0, 0
105.001166, 5.00001, 40030, 1.0, 3.9, 3.0, 10.0, 17.0, 28.0, 59.0, 0
110.001172, 5.000006, 40006, 1.0, 3.9, 3.0, 10.0, 17.0, 28.0, 44.0, 0
115.00119, 5.000018, 40025, 1.0, 3.9, 3.0, 10.0, 17.0, 28.0, 41.0, 0
120.00115, 4.99996, 39967, 1.0, 3.9, 3.0, 10.0, 16.0, 27.0, 47.0, 0
121.004246, 1.003096, 7978, 1.0, 3.9, 3.0, 10.0, 17.0, 26.0, 49.0, 0
