elapsed, window, n, min, mean, median, 95th, 99th, 99_9th, max, errors
5.00094, 5.00094, 453156, 293, 11996.9, 7174, 39958, 59820, 82861, 152444, 0
10.00193, 5.00099, 414876, 250, 12130.8, 6769, 41275, 60530, 81644, 142881, 0
15.001999, 5.000069, 408590, 258, 12113.1, 7461, 38439, 53696, 72828, 121829, 0
20.002038, 5.000039, 416481, 277, 12038.5, 7438, 37889, 59096, 81161, 143942, 0
25.000942, 4.998904, 412879, 273, 12050.9, 7172, 39558, 59786, 81772, 143942, 0
30.001932, 5.00099, 417619, 264, 12022.5, 6984, 39694, 60497, 82036, 147662, 0
35.001933, 5.000001, 410084, 239, 12116.9, 7091, 38962, 59522, 83630, 157159, 0
40.002001, 5.000068, 417336, 264, 12053.2, 7221, 38098, 53449, 74648, 130209, 0
45.001931, 4.99993, 411868, 272, 12071.3, 7292, 38360, 58497, 79923, 142277, 0
50.001934, 5.000003, 415745, 267, 12067.4, 7652, 36598, 51395, 71634, 114055, 0
55.001983, 5.000049, 414533, 300, 12052.3, 7083, 38700, 60057, 80698, 143055, 0
60.001925, 4.999942, 416743, 320, 12032.4, 7155, 37724, 61608, 87802, 155671, 0
65.001928, 5.000003, 415401, 333, 11969.6, 7784, 35445, 50055, 68534, 111921, 0
70.002011, 5.000083, 414242, 290, 12093.6, 7487, 36586, 55457, 88254, 175993, 0
75.001048, 4.999037, 412811, 318, 12044.9, 7504, 36434, 56649, 79280, 146403, 0
80.000948, 4.9999, 411089, 296, 12123.2, 7307, 37321, 55575, 75220, 134323, 0
85.001969, 5.001021, 418506, 305, 11970.1, 7445, 36812, 52642, 72091, 112608, 0
90.002149, 5.00018, 415500, 321, 12063.2, 7323, 38353, 56371, 75746, 132081, 0
95.000967, 4.998818, 416341, 304, 11952.0, 7471, 35428, 56433, 85598, 162364, 0
100.001972, 5.001005, 417453, 304, 12005.4, 7466, 36581, 54436, 75106, 128826, 0
105.002006, 5.000034, 415618, 255, 11975.6, 7416, 36668, 53827, 72314, 120671, 0
110.001925, 4.999919, 412718, 301, 12133.7, 7178, 38291, 57574, 78024, 137292, 0
115.001955, 5.00003, 409441, 300, 12149.2, 7062, 37975, 59472, 84808, 158519, 0
120.002004, 5.000049, 414939, 307, 12116.9, 7385, 36565, 60094, 84175, 158519, 0
121.016022, 1.014018, 85760, 307, 12007.5, 7714, 35735, 50414, 68319, 116886, 0
