elapsed, window, n, min, mean, median, 95th, 99th, 99_9th, max, errors
5.000499, 5.000499, 45122, 0, 0.0, 0, 0, 0, 0, 0, 0
10.001469, 5.00097, 45167, 0, 0.0, 0, 0, 0, 0, 0, 0
15.001511, 5.000042, 45103, 0, 0.0, 0, 0, 0, 0, 0, 0
20.001506, 4.999995, 45458, 0, 0.0, 0, 0, 0, 0, 0, 0
25.001519, 5.000013, 45246, 0, 0.0, 0, 0, 0, 0, 0, 0
30.001455, 4.999936, 45369, 0, 0.0, 0, 0, 0, 0, 0, 0
35.001554, 5.000099, 44632, 0, 0.0, 0, 0, 0, 0, 0, 0
40.001548, 4.999994, 45339, 0, 0.0, 0, 0, 0, 0, 0, 0
45.001483, 4.999935, 44838, 0, 0.0, 0, 0, 0, 0, 0, 0
50.001477, 4.999994, 45342, 0, 0.0, 0, 0, 0, 0, 0, 0
55.001457, 4.99998, 45550, 0, 0.0, 0, 0, 0, 0, 0, 0
60.001461, 5.000004, 44744, 0, 0.0, 0, 0, 0, 0, 0, 0
65.001456, 4.999995, 45134, 0, 0.0, 0, 0, 0, 0, 0, 0
70.001454, 4.999998, 45099, 0, 0.0, 0, 0, 0, 0, 0, 0
75.001487, 5.000033, 45612, 0, 0.0, 0, 0, 0, 0, 0, 0
80.001465, 4.999978, 45058, 0, 0.0, 0, 0, 0, 0, 0, 0
85.001496, 5.000031, 45312, 0, 0.0, 0, 0, 0, 0, 0, 0
90.001509, 5.000013, 45118, 0, 0.0, 0, 0, 0, 0, 0, 0
95.001466, 4.999957, 44310, 0, 0.0, 0, 0, 0, 0, 0, 0
100.00146, 4.999994, 45314, 0, 0.0, 0, 0, 0, 0, 0, 0
105.001501, 5.000041, 44654, 0, 0.0, 0, 0, 0, 0, 0, 0
110.001451, 4.99995, 44395, 0, 0.0, 0, 0, 0, 0, 0, 0
115.001458, 5.000007, 45399, 0, 0.0, 0, 0, 0, 0, 0, 0
120.001457, 4.999999, 44867, 0, 0.0, 0, 0, 0, 0, 0, 0
121.003522, 1.002065, 9194, 0, 0.0, 0, 0, 0, 0, 0, 0
