elapsed, window, n, min, mean, median, 95th, 99th, 99_9th, max, errors
5.000655, 5.000655, 1050, 902, 5214.6, 2063, 24680, 56255, 76526, 93746, 0
10.001838, 5.001183, 480, 902, 6722.3, 1683, 35027, 63142, 139290, 139290, 0
15.00167, 4.999832, 663, 903, 5810.9, 1603, 31080, 77245, 109207, 120864, 0
20.001668, 4.999998, 571, 889, 7437.7, 1632, 45601, 71413, 100111, 104961, 0
25.001669, 5.000001, 775, 897, 7818.1, 1563, 42322, 95567, 141157, 141246, 0
30.001653, 4.999984, 684, 928, 4819.9, 1473, 22824, 60798, 122844, 125828, 0
35.001678, 5.000025, 751, 910, 3684.0, 1483, 12718, 51121, 69453, 105163, 0
40.001707, 5.000029, 909, 849, 4699.6, 1530, 23113, 58680, 91871, 129000, 0
45.001677, 4.99997, 574, 928, 6074.5, 1455, 39621, 71457, 98052, 121531, 0
50.00167, 4.999993, 742, 941, 6010.0, 1511, 39379, 66047, 101837, 103295, 0
55.001663, 4.999993, 741, 893, 8371.7, 1941, 41123, 116835, 152158, 179311, 0
60.001676, 5.000013, 790, 916, 4703.5, 1708, 19214, 65235, 130337, 133912, 0
65.001663, 4.999987, 588, 928, 5513.2, 1655, 27525, 66461, 130337, 148190, 0
70.001678, 5.000015, 619, 901, 6035.6, 1670, 30656, 85367, 112106, 114147, 0
75.001669, 4.999991, 848, 901, 4935.1, 1537, 27079, 59711, 80837, 109625, 0
80.001682, 5.000013, 688, 915, 5177.8, 1502, 28454, 69086, 93327, 106059, 0
85.001672, 4.99999, 762, 918, 5308.7, 1483, 25260, 76519, 117916, 144499, 0
90.001666, 4.999994, 605, 854, 6729.3, 1572, 41339, 77071, 101903, 138674, 0
95.001606, 4.99994, 791, 897, 4696.9, 1677, 20135, 56598, 100821, 127433, 0
100.001699, 5.000093, 848, 928, 5989.9, 1831, 28078, 77536, 119941, 135691, 0
105.001618, 4.999919, 547, 892, 4324.2, 1491, 17166, 52484, 122399, 153877, 0
110.001535, 4.999917, 761, 879, 8248.6, 1519, 51224, 107628, 162449, 178558, 0
115.00172, 5.000185, 519, 895, 5147.4, 1480, 30226, 63546, 78590, 96998, 0
120.001678, 4.999958, 801, 915, 5710.7, 1562, 30651, 64891, 102422, 104711, 0
121.003816, 1.002138, 136, 895, 5615.8, 1519, 30659, 60071, 102422, 104711, 0
