elapsed, window, n, min, mean, median, 95th, 99th, 99_9th, max, errors
5.000953, 5.000953, 45229, 1.0, 4.4, 4.0, 11.0, 17.0, 29.0, 52.0, 0
10.002022, 5.001069, 45227, 1.0, 4.3, 4.0, 11.0, 17.0, 29.0, 47.0, 0
15.000807, 4.998785, 45293, 1.0, 4.4, 4.0, 11.0, 17.0, 29.0, 73.0, 0
20.001843, 5.001036, 45181, 1.0, 4.4, 4.0, 11.0, 17.0, 28.0, 73.0, 0
25.001835, 4.999992, 45264, 1.0, 4.4, 4.0, 11.0, 18.0, 30.0, 60.0, 0
30.00187, 5.000035, 45245, 1.0, 4.4, 4.0, 11.0, 18.0, 28.0, 51.0, 0
35.001847, 4.999977, 45287, 1.0, 4.4, 4.0, 11.0, 18.0, 29.0, 61.0, 0
40.00195, 5.000103, 45250, 1.0, 4.3, 4.0, 11.0, 18.0, 29.0, 72.0, 0
45.001786, 4.999836, 45318, 1.0, 4.4, 4.0, 11.0, 17.0, 30.0, 72.0, 0
50.001792, 5.000006, 45260, 1.0, 4.4, 4.0, 11.0, 18.0, 28.0, 51.0, 0
55.001821, 5.000029, 45228, 1.0, 4.4, 4.0, 11.0, 18.0, 29.0, 97.0, 0
60.001805, 4.999984, 45246, 1.0, 4.4, 4.0, 11.0, 18.0, 29.0, 53.0, 0
65.002177, 5.000372, 45343, 1.0, 4.4, 4.0, 11.0, 18.0, 29.0, 156.0, 0
70.000814, 4.998637, 45288, 2.0, 4.4, 4.0, 11.0, 17.0, 29.0, 71.0, 0
75.001805, 5.000991, 45276, 1.0, 4.4, 4.0, 11.0, 17.0, 29.0, 103.0, 0
80.001792, 4.999987, 45256, 1.0, 4.4, 4.0, 11.0, 17.0, 28.0, 63.0, 0
85.00181, 5.000018, 45302, 1.0, 4.4, 4.0, 11.0, 18.0, 29.0, 50.0, 0
90.001873, 5.000063, 45172, 1.0, 4.4, 4.0, 11.0, 18.0, 29.0, 47.0, 0
95.001789, 4.999916, 45290, 1.0, 4.4, 4.0, 11.0, 18.0, 30.0, 44.0, 0
100.001808, 5.000019, 45265, 1.0, 4.4, 4.0, 11.0, 18.0, 30.0, 53.0, 0
105.002035, 5.000227, 45219, 1.0, 4.4, 4.0, 11.0, 18.0, 29.0, 65.0, 0
110.000844, 4.998809, 45145, 1.0, 4.4, 4.0, 11.0, 18.0, 29.0, 61.0, 0
115.001823, 5.000979, 45203, 1.0, 4.4, 4.0, 11.0, 18.0, 29.0, 111.0, 0
120.001799, 4.999976, 45190, 1.0, 4.4, 4.0, 11.0, 17.0, 29.0, 62.0, 0
121.003843, 1.002044, 9039, 1.0, 4.4, 4.0, 11.0, 18.0, 30.0, 62.0, 0
