elapsed, window, n, min, mean, median, 95th, 99th, 99_9th, max, errors
5.001276, 5.001276, 6556, 1398, 3466.7, 2485, 9764, 12865, 16309, 24455, 0
10.001208, 4.999932, 6437, 1410, 3445.1, 2452, 9890, 12825, 15934, 18335, 0
15.001336, 5.000128, 6488, 1433, 3415.9, 2421, 9639, 12751, 15375, 19041, 0
20.001193, 4.999857, 5560, 1439, 3722.1, 2452, 9885, 13742, 86419, 247904, 0
25.001243, 5.00005, 6401, 1430, 3566.2, 2438, 9776, 12884, 34715, 247904, 0
30.001233, 4.99999, 6494, 1396, 3437.6, 2449, 9677, 12496, 15403, 24841, 0
35.001247, 5.000014, 6408, 1401, 3452.9, 2453, 9905, 12700, 16007, 24841, 0
40.001245, 4.999998, 5479, 1384, 4055.0, 2490, 10249, 16542, 133243, 256653, 0
45.001288, 5.000043, 6500, 1304, 3502.3, 2435, 9921, 12644, 16383, 87553, 0
50.001297, 5.000009, 6479, 1436, 3423.0, 2443, 9703, 12301, 15271, 18221, 0
55.001178, 4.999881, 6565, 1377, 3386.8, 2422, 9514, 12260, 15581, 18751, 0
60.001222, 5.000044, 6632, 1327, 3434.2, 2446, 9558, 12249, 14901, 17479, 0
65.001168, 4.999946, 6519, 1377, 3389.2, 2408, 9739, 12522, 15565, 18560, 0
70.001255, 5.000087, 6506, 1414, 3352.4, 2400, 9630, 12320, 15253, 17846, 0
75.001272, 5.000017, 6543, 1342, 3396.0, 2423, 9723, 12550, 15726, 16568, 0
80.001162, 4.99989, 6625, 1404, 3438.1, 2417, 9734, 12770, 15080, 16170, 0
85.001179, 5.000017, 6560, 1408, 3445.9, 2429, 9956, 12691, 15310, 18332, 0
90.00122, 5.000041, 6457, 1408, 3467.2, 2444, 9979, 12766, 14647, 15918, 0
95.001175, 4.999955, 6531, 1362, 3440.7, 2445, 9726, 12519, 15262, 20751, 0
100.001177, 5.000002, 6518, 1414, 3439.9, 2439, 9730, 12533, 15262, 18932, 0
105.001182, 5.000005, 6568, 1441, 3465.3, 2464, 9772, 12585, 15507, 18932, 0
110.001205, 5.000023, 6498, 1383, 3450.6, 2461, 9776, 12632, 15627, 17372, 0
115.001185, 4.99998, 6328, 1473, 3421.9, 2480, 9641, 12394, 15627, 17975, 0
120.001271, 5.000086, 6454, 1420, 3428.8, 2433, 9691, 12587, 15901, 20407, 0
121.003454, 1.002183, 1351, 1420, 3410.5, 2403, 9644, 12639, 16005, 20407, 0
