elapsed, window, total, successful, failed
5.000218, 5.000218, 5071, 5071, 0
10.001352, 5.001134, 5099, 5099, 0
15.001221, 4.999869, 5084, 5084, 0
20.001268, 5.000047, 5095, 5095, 0
25.001221, 4.999953, 5110, 5110, 0
30.00127, 5.000049, 5100, 5100, 0
35.001255, 4.999985, 5106, 5106, 0
40.001271, 5.000016, 5104, 5104, 0
45.001272, 5.000001, 5115, 5115, 0
50.001267, 4.999995, 5107, 5107, 0
55.001269, 5.000002, 5102, 5102, 0
60.001271, 5.000002, 5095, 5095, 0
65.001275, 5.000004, 5102, 5102, 0
70.001271, 4.999996, 5108, 5108, 0
75.001271, 5.0, 5096, 5096, 0
80.001271, 5.0, 5114, 5114, 0
85.001273, 5.000002, 5093, 5093, 0
90.001271, 4.999998, 5101, 5101, 0
95.001268, 4.999997, 5092, 5092, 0
100.001426, 5.000158, 5111, 5111, 0
105.001272, 4.999846, 5103, 5103, 0
110.001269, 4.999997, 5117, 5117, 0
115.001272, 5.000003, 5108, 5108, 0
120.001275, 5.000003, 5105, 5105, 0
121.001267, 0.999992, 1019, 1019, 0
