elapsed, window, total, successful, failed
5.000304, 5.000304, 32593, 32593, 0
10.001362, 5.001058, 32945, 32945, 0
15.00132, 4.999958, 32932, 32932, 0
20.001353, 5.000033, 33209, 33209, 0
25.001376, 5.000023, 32995, 32995, 0
30.00139, 5.000014, 32870, 32870, 0
35.00142, 5.00003, 32940, 32940, 0
40.001307, 4.999887, 32861, 32861, 0
45.00133, 5.000023, 32976, 32976, 0
50.00136, 5.00003, 33149, 33149, 0
55.001317, 4.999957, 33127, 33127, 0
60.001338, 5.000021, 32600, 32600, 0
65.00135, 5.000012, 32922, 32922, 0
70.001312, 4.999962, 33159, 33159, 0
75.001345, 5.000033, 33035, 33035, 0
80.001337, 4.999992, 32834, 32834, 0
85.001317, 4.99998, 32967, 32967, 0
90.001316, 4.999999, 32554, 32554, 0
95.00137, 5.000054, 32645, 32645, 0
100.001401, 5.000031, 32687, 32687, 0
105.001336, 4.999935, 32657, 32657, 0
110.001307, 4.999971, 32430, 32430, 0
115.00135, 5.000043, 32511, 32511, 0
120.001351, 5.000001, 33165, 33165, 0
121.002452, 1.001101, 6844, 6844, 0
