elapsed, window, total, successful, failed
5.000706, 5.000706, 64355, 64355, 0
10.001729, 5.001023, 63163, 63163, 0
15.001657, 4.999928, 62746, 62746, 0
20.001684, 5.000027, 63472, 63472, 0
25.001675, 4.999991, 62838, 62838, 0
30.001727, 5.000052, 63302, 63302, 0
35.001638, 4.999911, 63224, 63224, 0
40.001908, 5.00027, 62429, 62429, 0
45.001743, 4.999835, 63235, 63235, 0
50.001651, 4.999908, 62931, 62931, 0
55.001682, 5.000031, 62679, 62679, 0
60.001733, 5.000051, 63054, 63054, 0
65.001732, 4.999999, 65239, 65239, 0
70.001774, 5.000042, 63527, 63527, 0
75.001697, 4.999923, 65511, 65511, 0
80.001706, 5.000009, 63400, 63400, 0
85.001718, 5.000012, 63446, 63446, 0
90.001637, 4.999919, 63483, 63483, 0
95.001676, 5.000039, 63216, 63216, 0
100.001703, 5.000027, 63134, 63134, 0
105.001656, 4.999953, 64945, 64945, 0
110.001834, 5.000178, 63172, 63172, 0
115.001647, 4.999813, 63438, 63438, 0
120.001686, 5.000039, 63617, 63617, 0
121.003014, 1.001328, 12944, 12944, 0
