elapsed, window, total, successful, failed
5.000758, 5.000758, 57301, 57301, 0
10.001713, 5.000955, 55851, 55851, 0
15.001779, 5.000066, 52901, 52901, 0
20.001624, 4.999845, 45515, 45515, 0
25.001696, 5.000072, 39264, 39264, 0
30.001606, 4.99991, 48840, 48840, 0
35.001735, 5.000129, 41314, 41314, 0
40.001712, 4.999977, 44370, 44370, 0
45.001739, 5.000027, 48944, 48944, 0
50.001705, 4.999966, 34120, 34120, 0
55.001697, 4.999992, 31573, 31573, 0
60.001726, 5.000029, 48683, 48683, 0
65.001603, 4.999877, 41651, 41651, 0
70.001587, 4.999984, 39902, 39902, 0
75.001649, 5.000062, 30960, 30960, 0
80.001701, 5.000052, 49375, 49375, 0
85.001616, 4.999915, 38270, 38270, 0
90.00159, 4.999974, 33098, 33098, 0
95.001594, 5.000004, 39375, 39375, 0
100.00183, 5.000236, 43265, 43265, 0
105.001611, 4.999781, 52486, 52486, 0
110.001659, 5.000048, 31412, 31412, 0
115.0016, 4.999941, 32276, 32276, 0
120.001743, 5.000143, 45664, 45664, 0
121.004035, 1.002292, 0, 0, 0
