elapsed, window, n, min, mean, median, 95th, 99th, 99_9th, max, errors
5.000809, 5.000809, 0, 0, 0, 0, 0, 0, 0, 0, 0
10.001789, 5.00098, 0, 0, 0, 0, 0, 0, 0, 0, 0
15.001764, 4.999975, 0, 0, 0, 0, 0, 0, 0, 0, 0
20.001812, 5.000048, 0, 0, 0, 0, 0, 0, 0, 0, 0
25.001942, 5.00013, 572, 92087, 199503.7, 115199, 483317, 543136, 560837, 575452, 0
30.001871, 4.999929, 28, 93246, 363506.1, 403757, 617530, 628442, 630293, 630293, 0
35.001881, 5.00001, 0, 0, 0, 0, 0, 0, 0, 0, 0
40.001862, 4.999981, 600, 91444, 92841.7, 92642, 94581, 95982, 96756, 97221, 0
45.001876, 5.000014, 0, 0, 0, 0, 0, 0, 0, 0, 0
50.001824, 4.999948, 7, 898649, 1224483.1, 1132285, 1663869, 1663869, 1663869, 1663869, 0
55.001874, 5.00005, 593, 898649, 1617656.0, 1631162, 1821361, 1883436, 1913045, 1914369, 0
60.001742, 4.999868, 0, 1613583, 1793205.5, 1826524, 1894071, 1894071, 1894071, 1894071, 0
65.001823, 5.000081, 0, 0, 0, 0, 0, 0, 0, 0, 0
70.00182, 4.999997, 0, 0, 0, 0, 0, 0, 0, 0, 0
75.001749, 4.999929, 0, 0, 0, 0, 0, 0, 0, 0, 0
80.001925, 5.000176, 0, 0, 0, 0, 0, 0, 0, 0, 0
85.001882, 4.999957, 0, 0, 0, 0, 0, 0, 0, 0, 0
90.001869, 4.999987, 0, 0, 0, 0, 0, 0, 0, 0, 0
95.001854, 4.999985, 0, 0, 0, 0, 0, 0, 0, 0, 0
100.001872, 5.000018, 0, 0, 0, 0, 0, 0, 0, 0, 0
105.001924, 5.000052, 0, 0, 0, 0, 0, 0, 0, 0, 0
110.001867, 4.999943, 0, 0, 0, 0, 0, 0, 0, 0, 0
115.001883, 5.000016, 216, 91084, 96059.7, 93079, 121480, 129972, 132752, 132752, 0
120.001827, 4.999944, 384, 91084, 94291.6, 92718, 100323, 127047, 130000, 132752, 0
121.026265, 1.024438, 0, 91092, 93341.6, 92648, 96893, 99672, 126857, 126857, 0
