elapsed, window, total, successful, failed
5.000257, 5.000257, 5648, 5648, 0
10.001361, 5.001104, 1301, 1301, 0
15.001331, 4.99997, 814, 814, 0
20.001282, 4.999951, 667, 667, 0
25.001352, 5.00007, 448, 448, 0
30.001271, 4.999919, 287, 287, 0
35.001265, 4.999994, 370, 370, 0
40.00127, 5.000005, 407, 407, 0
45.001267, 4.999997, 325, 325, 0
50.001273, 5.000006, 312, 312, 0
55.00127, 4.999997, 298, 298, 0
60.001269, 4.999999, 336, 336, 0
65.001301, 5.000032, 240, 240, 0
70.001273, 4.999972, 256, 256, 0
75.00132, 5.000047, 240, 240, 0
80.001266, 4.999946, 305, 305, 0
85.001285, 5.000019, 431, 431, 0
90.001268, 4.999983, 262, 262, 0
95.001349, 5.000081, 184, 184, 0
100.001281, 4.999932, 232, 232, 0
105.001269, 4.999988, 470, 470, 0
110.001264, 4.999995, 297, 297, 0
115.001271, 5.000007, 279, 279, 0
120.001269, 4.999998, 370, 370, 0
121.004408, 1.003139, 32, 32, 0
