elapsed, window, n, min, mean, median, 95th, 99th, 99_9th, max, errors
5.00074, 5.00074, 228, 550, 40474.5, 2899, 120974, 130569, 134775, 134775, 0
10.00165, 5.00091, 283, 557, 57556.0, 88404, 122332, 138515, 147281, 147281, 0
15.001677, 5.000027, 249, 557, 65729.8, 90647, 115982, 128952, 136819, 136819, 0
20.001751, 5.000074, 54, 521, 30085.9, 2319, 94690, 98560, 106301, 106301, 0
25.001618, 4.999867, 118, 540, 45274.7, 6549, 102856, 127907, 128860, 128860, 0
30.001752, 5.000134, 133, 526, 19338.3, 755, 94636, 107951, 119884, 119884, 0
35.001667, 4.999915, 337, 559, 34661.5, 1140, 97094, 116696, 126561, 126561, 0
40.00176, 5.000093, 237, 546, 49733.8, 56328, 97936, 110563, 118058, 118058, 0
45.001709, 4.999949, 213, 544, 46947.4, 6279, 110454, 134916, 144854, 144854, 0
50.001752, 5.000043, 254, 520, 43868.6, 24774, 96628, 104323, 119950, 119950, 0
55.001701, 4.999949, 233, 509, 41782.2, 6246, 99593, 118169, 123481, 123481, 0
60.001784, 5.000083, 237, 486, 51249.3, 59083, 109641, 154323, 162076, 162076, 0
65.001715, 4.999931, 262, 542, 49658.3, 60710, 96480, 110275, 129872, 129872, 0
70.001753, 5.000038, 137, 523, 41001.3, 6168, 104114, 132042, 136980, 136980, 0
75.001729, 4.999976, 134, 554, 39200.4, 969, 114234, 136980, 138186, 138186, 0
80.001682, 4.999953, 203, 522, 24169.1, 805, 94699, 102308, 104514, 104514, 0
85.00177, 5.000088, 390, 502, 35634.6, 944, 102413, 110317, 114558, 114558, 0
90.001652, 4.999882, 405, 511, 48800.8, 60844, 107985, 128796, 145272, 145272, 0
95.001669, 5.000017, 407, 538, 46892.0, 40961, 110368, 126444, 140565, 140565, 0
100.001684, 5.000015, 360, 548, 45107.8, 18839, 102126, 128161, 146449, 146449, 0
105.001741, 5.000057, 247, 548, 42927.8, 21314, 96093, 100375, 136721, 136721, 0
110.001756, 5.000015, 237, 525, 47714.2, 50878, 96490, 104643, 109832, 109832, 0
115.001757, 5.000001, 261, 540, 50610.1, 74159, 105091, 122400, 148452, 148452, 0
120.001739, 4.999982, 247, 535, 41927.1, 971, 119902, 132937, 163085, 163085, 0
121.002872, 1.001133, 62, 535, 41132.5, 905, 112367, 132937, 163085, 163085, 0
