elapsed, window, total, successful, failed
5.001594, 5.001594, 1452, 1450, 2
10.001633, 5.000039, 1464, 1460, 4
15.000617, 4.998984, 1437, 1434, 3
20.00063, 5.000013, 1492, 1491, 1
25.000587, 4.999957, 1495, 1493, 2
30.001575, 5.000988, 1464, 1464, 0
35.001572, 4.999997, 1474, 1473, 1
40.000618, 4.999046, 1514, 1513, 1
45.000618, 5.0, 1463, 1460, 3
50.001574, 5.000956, 1432, 1429, 3
55.001574, 5.0, 1446, 1446, 0
60.001573, 4.999999, 1486, 1485, 1
65.00157, 4.999997, 1431, 1428, 3
70.000569, 4.998999, 1471, 1468, 3
75.001626, 5.001057, 1474, 1474, 0
80.001573, 4.999947, 1452, 1451, 1
85.001568, 4.999995, 1400, 1400, 0
90.001567, 4.999999, 1455, 1452, 3
95.001567, 5.0, 1463, 1463, 0
100.001618, 5.000051, 1468, 1467, 1
105.00159, 4.999972, 1468, 1466, 2
110.001583, 4.999993, 1458, 1456, 2
115.001568, 4.999985, 1460, 1459, 1
120.001588, 5.00002, 1456, 1454, 2
125.001546, 4.999958, 1494, 1493, 1
130.001508, 4.999962, 1467, 1466, 1
135.001588, 5.00008, 1493, 1491, 2
140.001575, 4.999987, 1460, 1459, 1
145.001502, 4.999927, 1426, 1424, 2
150.001632, 5.00013, 1412, 1411, 1
155.001577, 4.999945, 1472, 1469, 3
160.001636, 5.000059, 1497, 1496, 1
165.00151, 4.999874, 1480, 1479, 1
170.00158, 5.00007, 1476, 1475, 1
175.001533, 4.999953, 1479, 1478, 1
180.001571, 5.000038, 1451, 1450, 1
185.001573, 5.000002, 1495, 1493, 2
190.001578, 5.000005, 1444, 1443, 1
195.00157, 4.999992, 1435, 1434, 1
200.001568, 4.999998, 1441, 1438, 3
205.001523, 4.999955, 1461, 1459, 2
210.001576, 5.000053, 1520, 1517, 3
215.001635, 5.000059, 1426, 1425, 1
220.001631, 4.999996, 1473, 1473, 0
225.001509, 4.999878, 1455, 1453, 2
230.001579, 5.00007, 1489, 1489, 0
235.0016, 5.000021, 1500, 1498, 2
240.001566, 4.999966, 1450, 1448, 2
245.001576, 5.00001, 1443, 1439, 4
250.001638, 5.000062, 1460, 1458, 2
255.001568, 4.99993, 1529, 1527, 2
260.001571, 5.000003, 1441, 1441, 0
265.001543, 4.999972, 1453, 1450, 3
270.001614, 5.000071, 1479, 1478, 1
275.001578, 4.999964, 1420, 1417, 3
280.001591, 5.000013, 1487, 1486, 1
285.001557, 4.999966, 1455, 1454, 1
290.00157, 5.000013, 1473, 1469, 4
295.001565, 4.999995, 1454, 1453, 1
300.001638, 5.000073, 1455, 1453, 2
301.034747, 1.033109, 324, 324, 0
