elapsed, window, total, successful, failed
5.000914, 5.000914, 42522, 42522, 0
10.001929, 5.001015, 42330, 42330, 0
15.001922, 4.999993, 42363, 42363, 0
20.001926, 5.000004, 41710, 41710, 0
25.001999, 5.000073, 42251, 42251, 0
30.002046, 5.000047, 41721, 41721, 0
35.000932, 4.998886, 41467, 41467, 0
40.002053, 5.001121, 41337, 41337, 0
45.000957, 4.998904, 41027, 41027, 0
50.001927, 5.00097, 40199, 40199, 0
55.001922, 4.999995, 37618, 37618, 0
60.001927, 5.000005, 35868, 35868, 0
65.001983, 5.000056, 32055, 32055, 0
70.002066, 5.000083, 32882, 32882, 0
75.001005, 4.998939, 35966, 35966, 0
80.002017, 5.001012, 35058, 35058, 0
85.000966, 4.998949, 39760, 39760, 0
90.001956, 5.00099, 37312, 37312, 0
95.001912, 4.999956, 37093, 37093, 0
100.00192, 5.000008, 38436, 38436, 0
105.00197, 5.00005, 39782, 39782, 0
110.001913, 4.999943, 39249, 39249, 0
115.001913, 5.0, 38997, 38997, 0
120.001967, 5.000054, 38750, 38750, 0
125.001935, 4.999968, 39623, 39623, 0
130.001937, 5.000002, 39218, 39218, 0
135.001924, 4.999987, 39529, 39529, 0
140.002106, 5.000182, 40010, 40010, 0
145.000944, 4.998838, 39774, 39774, 0
150.001935, 5.000991, 38549, 38549, 0
155.001918, 4.999983, 39284, 39284, 0
160.002026, 5.000108, 39331, 39331, 0
165.000943, 4.998917, 39988, 39988, 0
170.001915, 5.000972, 40328, 40328, 0
175.001908, 4.999993, 39549, 39549, 0
180.00192, 5.000012, 40132, 40132, 0
181.002023, 1.000103, 7956, 7956, 0
