elapsed, window, total, successful, failed
5.000787, 5.000787, 453675, 453675, 0
10.001736, 5.000949, 418030, 418030, 0
15.001777, 5.000041, 418011, 418011, 0
20.001723, 4.999946, 413379, 413379, 0
25.001754, 5.000031, 411502, 411502, 0
30.001757, 5.000003, 416919, 416919, 0
35.001868, 5.000111, 414717, 414717, 0
40.001714, 4.999846, 417069, 417069, 0
45.001717, 5.000003, 413591, 413591, 0
50.00174, 5.000023, 414344, 414344, 0
55.001745, 5.000005, 415218, 415218, 0
60.001789, 5.000044, 415388, 415388, 0
65.001735, 4.999946, 417065, 417065, 0
70.001759, 5.000024, 417550, 417550, 0
75.001817, 5.000058, 412181, 412181, 0
80.00172, 4.999903, 413631, 413631, 0
85.00172, 5.0, 415771, 415771, 0
90.001737, 5.000017, 419867, 419867, 0
95.001727, 4.99999, 411017, 411017, 0
100.00179, 5.000063, 415255, 415255, 0
105.001718, 4.999928, 418672, 418672, 0
110.001724, 5.000006, 416051, 416051, 0
115.001767, 5.000043, 420950, 420950, 0
120.001789, 5.000022, 413137, 413137, 0
121.03185, 1.030061, 83795, 83795, 0
