elapsed, window, total, successful, failed
5.001247, 5.001247, 5448, 5448, 0
10.001078, 4.999831, 5739, 5739, 0
15.0013, 5.000222, 6420, 6420, 0
20.001188, 4.999888, 6890, 6890, 0
25.001189, 5.000001, 7659, 7659, 0
30.001137, 4.999948, 8123, 8123, 0
35.00106, 4.999923, 7360, 7360, 0
40.001191, 5.000131, 6076, 6076, 0
45.001102, 4.999911, 5132, 5132, 0
50.001222, 5.00012, 7872, 7872, 0
55.001241, 5.000019, 7134, 7134, 0
60.001195, 4.999954, 7303, 7303, 0
65.001075, 4.99988, 6026, 6026, 0
70.001192, 5.000117, 7967, 7967, 0
75.001182, 4.99999, 7947, 7947, 0
80.001227, 5.000045, 8104, 8104, 0
85.001218, 4.999991, 6882, 6882, 0
90.00119, 4.999972, 6117, 6117, 0
95.00114, 4.99995, 5977, 5977, 0
100.001069, 4.999929, 6784, 6784, 0
105.001133, 5.000064, 7171, 7171, 0
110.001124, 4.999991, 7812, 7812, 0
115.001241, 5.000117, 6819, 6819, 0
120.001206, 4.999965, 5503, 5503, 0
121.00337, 1.002164, 3288, 3288, 0
