elapsed, window, total, successful, failed
5.000465, 5.000465, 48808, 48808, 0
10.001416, 5.000951, 51887, 51887, 0
15.00143, 5.000014, 50603, 50603, 0
20.001445, 5.000015, 53809, 53809, 0
25.001406, 4.999961, 52678, 52678, 0
30.001399, 4.999993, 52574, 52574, 0
35.001449, 5.00005, 52004, 52004, 0
40.001657, 5.000208, 53845, 53845, 0
45.001386, 4.999729, 53838, 53838, 0
50.001389, 5.000003, 54488, 54488, 0
55.001473, 5.000084, 54021, 54021, 0
60.001427, 4.999954, 53583, 53583, 0
65.001418, 4.999991, 53872, 53872, 0
70.001392, 4.999974, 54191, 54191, 0
75.001394, 5.000002, 53734, 53734, 0
80.001436, 5.000042, 52504, 52504, 0
85.001405, 4.999969, 52681, 52681, 0
90.001383, 4.999978, 52481, 52481, 0
95.001397, 5.000014, 52928, 52928, 0
100.001386, 4.999989, 54069, 54069, 0
105.00145, 5.000064, 54145, 54145, 0
110.001406, 4.999956, 54551, 54551, 0
115.001618, 5.000212, 54499, 54499, 0
120.00139, 4.999772, 53658, 53658, 0
121.005508, 1.004118, 10949, 10949, 0
