elapsed, window, n, min, mean, median, 95th, 99th, 99_9th, max, errors
5.00097, 5.00097, 803, 1519, 30225.3, 2205, 95742, 97350, 98137, 99292, 0
10.00184, 5.00087, 739, 1440, 32020.1, 2098, 95741, 97210, 107256, 125587, 0
15.001831, 4.999991, 745, 1511, 33285.3, 2197, 95958, 133609, 268920, 276337, 0
20.001954, 5.000123, 765, 1531, 31657.2, 2068, 95898, 97856, 128424, 167049, 0
25.001958, 5.000004, 766, 1521, 34742.1, 2161, 96121, 153323, 198934, 226823, 0
30.001959, 5.000001, 738, 1526, 31134.4, 2087, 95752, 97247, 116474, 134592, 0
35.001863, 4.999904, 760, 1515, 30667.9, 2085, 95521, 96936, 97500, 97602, 0
40.001929, 5.000066, 805, 1533, 31924.6, 2101, 95746, 97329, 97868, 101185, 0
45.001893, 4.999964, 818, 1494, 33232.3, 2378, 95745, 97875, 109746, 133588, 0
50.001935, 5.000042, 768, 1426, 30628.9, 2054, 95685, 97380, 99214, 99287, 0
55.001933, 4.999998, 783, 1531, 30990.1, 2111, 95898, 97620, 98996, 99163, 0
60.001831, 4.999898, 739, 1463, 32870.6, 2200, 95659, 97450, 98885, 101176, 0
65.001903, 5.000072, 775, 1545, 31183.3, 2087, 95670, 97448, 98217, 99349, 0
70.001907, 5.000004, 781, 1450, 32499.1, 2015, 95689, 97345, 97866, 98074, 0
75.001822, 4.999915, 796, 1478, 32009.6, 2094, 95533, 96724, 97451, 97518, 0
80.001854, 5.000032, 762, 1450, 30393.2, 2057, 95639, 97435, 98296, 98971, 0
85.001859, 5.000005, 780, 1485, 28521.5, 2038, 95716, 97484, 99374, 99451, 0
90.001851, 4.999992, 741, 1466, 31512.1, 2065, 95669, 97251, 98371, 99963, 0
95.001862, 5.000011, 791, 1476, 32323.3, 2160, 95661, 97218, 100255, 104209, 0
100.001851, 4.999989, 838, 1534, 32930.2, 2627, 95925, 97510, 100231, 100520, 0
105.001909, 5.000058, 784, 1474, 30915.5, 2155, 95618, 96975, 97574, 97864, 0
110.001864, 4.999955, 793, 1570, 30087.0, 2045, 95760, 97298, 97821, 98497, 0
115.001872, 5.000008, 798, 1497, 34323.8, 2135, 95761, 97258, 98105, 99030, 0
120.001867, 4.999995, 700, 1521, 32358.0, 2033, 95826, 97752, 99285, 99946, 0
121.007061, 1.005194, 160, 1542, 33270.7, 2044, 95826, 97714, 99285, 99946, 0
