elapsed, window, n, min, mean, median, 95th, 99th, 99_9th, max, errors
5.000675, 5.000675, 37929, 0, 0.0, 0, 0, 0, 0, 0, 0
10.001638, 5.000963, 37912, 0, 0.0, 0, 0, 0, 0, 0, 0
15.001633, 4.999995, 37874, 0, 0.0, 0, 0, 0, 0, 0, 0
20.001675, 5.000042, 37875, 0, 0.0, 0, 0, 0, 0, 0, 0
25.001633, 4.999958, 37988, 0, 0.0, 0, 0, 0, 0, 0, 0
30.001688, 5.000055, 37890, 0, 0.0, 0, 0, 0, 0, 0, 0
35.001665, 4.999977, 37876, 0, 0.0, 0, 0, 0, 0, 0, 0
40.001637, 4.999972, 37982, 0, 0.0, 0, 0, 0, 0, 0, 0
45.001768, 5.000131, 37927, 0, 0.0, 0, 0, 0, 0, 0, 0
50.001659, 4.999891, 37885, 0, 0.0, 0, 0, 0, 0, 0, 0
55.001701, 5.000042, 38024, 0, 0.0, 0, 0, 0, 0, 0, 0
60.001628, 4.999927, 37976, 0, 0.0, 0, 0, 0, 0, 0, 0
65.001648, 5.00002, 38025, 0, 0.0, 0, 0, 0, 0, 0, 0
70.001641, 4.999993, 38026, 0, 0.0, 0, 0, 0, 0, 0, 0
75.001648, 5.000007, 37979, 0, 0.0, 0, 0, 0, 0, 0, 0
80.001676, 5.000028, 37913, 0, 0.0, 0, 0, 0, 0, 0, 0
85.001659, 4.999983, 38053, 0, 0.0, 0, 0, 0, 0, 0, 0
90.001819, 5.00016, 38003, 0, 0.0, 0, 0, 0, 0, 0, 0
95.001689, 4.99987, 37962, 0, 0.0, 0, 0, 0, 0, 0, 0
100.001654, 4.999965, 38041, 0, 0.0, 0, 0, 0, 0, 0, 0
105.001693, 5.000039, 38004, 0, 0.0, 0, 0, 0, 0, 0, 0
110.001687, 4.999994, 38031, 0, 0.0, 0, 0, 0, 0, 0, 0
115.001693, 5.000006, 37941, 0, 0.0, 0, 0, 0, 0, 0, 0
120.001636, 4.999943, 37965, 0, 0.0, 0, 0, 0, 0, 0, 0
121.003675, 1.002039, 7596, 0, 0.0, 0, 0, 0, 0, 0, 0
