elapsed, window, total, successful, failed
5.000478, 5.000478, 446156, 446156, 0
10.001417, 5.000939, 414401, 414401, 0
15.001437, 5.00002, 408845, 408845, 0
20.00143, 4.999993, 409650, 409650, 0
25.001418, 4.999988, 410561, 410561, 0
30.001418, 5.0, 406507, 406507, 0
35.001419, 5.000001, 405173, 405173, 0
40.001456, 5.000037, 404319, 404319, 0
45.001446, 4.99999, 410231, 410231, 0
50.001432, 4.999986, 407529, 407529, 0
55.001432, 5.0, 407644, 407644, 0
60.001463, 5.000031, 408159, 408159, 0
65.001408, 4.999945, 406686, 406686, 0
70.001488, 5.00008, 402785, 402785, 0
75.001453, 4.999965, 412094, 412094, 0
80.001415, 4.999962, 410415, 410415, 0
85.001476, 5.000061, 407127, 407127, 0
90.00145, 4.999974, 406718, 406718, 0
95.001417, 4.999967, 407676, 407676, 0
100.001448, 5.000031, 414158, 414158, 0
105.001497, 5.000049, 412922, 412922, 0
110.001421, 4.999924, 407920, 407920, 0
115.00142, 4.999999, 407049, 407049, 0
120.001417, 4.999997, 405058, 405058, 0
121.014523, 1.013106, 80003, 80003, 0
