elapsed, window, n, min, mean, median, 95th, 99th, 99_9th, max, errors
5.001132, 5.001132, 91, 92172, 193184.9, 170017, 448233, 481240, 645303, 645303, 235
10.001218, 5.000086, 101, 91880, 177230.2, 131010, 406807, 426849, 447592, 447592, 250
15.001127, 4.999909, 112, 91866, 180020.6, 161629, 338904, 419744, 452838, 452838, 238
20.001149, 5.000022, 140, 91972, 175182.1, 162945, 346829, 369260, 392129, 392129, 225
25.001126, 4.999977, 147, 91996, 174352.1, 161835, 350014, 397986, 413742, 413742, 200
30.001135, 5.000009, 142, 91641, 188970.2, 164660, 361359, 410438, 416979, 416979, 180
35.001139, 5.000004, 192, 91813, 178293.8, 158183, 360039, 380541, 382805, 382805, 176
40.001176, 5.000037, 176, 91840, 175489.4, 158410, 354440, 382227, 391313, 391313, 179
45.00121, 5.000034, 124, 92064, 172938.6, 125396, 350677, 388753, 404525, 404525, 89
50.00122, 5.00001, 0, 0, 0, 0, 0, 0, 0, 0, 0
55.001167, 4.999947, 0, 0, 0, 0, 0, 0, 0, 0, 0
60.001199, 5.000032, 0, 0, 0, 0, 0, 0, 0, 0, 0
65.001177, 4.999978, 0, 0, 0, 0, 0, 0, 0, 0, 0
70.001161, 4.999984, 0, 0, 0, 0, 0, 0, 0, 0, 0
75.001195, 5.000034, 0, 0, 0, 0, 0, 0, 0, 0, 0
80.001181, 4.999986, 0, 0, 0, 0, 0, 0, 0, 0, 0
85.001252, 5.000071, 6, 99488, 19876433.2, 245160, 39998429, 39998429, 39998429, 39998429, 3
90.001262, 5.00001, 0, 0, 0, 0, 0, 0, 0, 0, 0
95.00117, 4.999908, 0, 0, 0, 0, 0, 0, 0, 0, 0
100.001182, 5.000012, 0, 0, 0, 0, 0, 0, 0, 0, 0
105.001171, 4.999989, 0, 0, 0, 0, 0, 0, 0, 0, 0
110.001178, 5.000007, 0, 0, 0, 0, 0, 0, 0, 0, 0
115.001211, 5.000033, 0, 0, 0, 0, 0, 0, 0, 0, 0
120.00116, 4.999949, 0, 0, 0, 0, 0, 0, 0, 0, 0
121.004331, 1.003171, 0, 0, 0, 0, 0, 0, 0, 0, 0
