elapsed, window, total, successful, failed
5.000625, 5.000625, 635, 635, 0
10.001636, 5.001011, 626, 626, 0
15.001623, 4.999987, 640, 640, 0
20.001624, 5.000001, 598, 598, 0
25.001645, 5.000021, 574, 574, 0
30.001577, 4.999932, 700, 700, 0
35.001577, 5.0, 628, 628, 0
40.00158, 5.000003, 700, 700, 0
45.001578, 4.999998, 648, 648, 0
50.001584, 5.000006, 622, 622, 0
55.00152, 4.999936, 631, 631, 0
60.001589, 5.000069, 624, 624, 0
65.001574, 4.999985, 598, 598, 0
70.001578, 5.000004, 643, 643, 0
75.001572, 4.999994, 561, 561, 0
80.001581, 5.000009, 617, 617, 0
85.001572, 4.999991, 518, 518, 0
90.001581, 5.000009, 539, 539, 0
95.001578, 4.999997, 598, 598, 0
100.001579, 5.000001, 530, 530, 0
105.001572, 4.999993, 640, 640, 0
110.001584, 5.000012, 644, 644, 0
115.001582, 4.999998, 591, 591, 0
120.00158, 4.999998, 602, 602, 0
125.001578, 4.999998, 604, 604, 0
130.001582, 5.000004, 721, 721, 0
135.001577, 4.999995, 564, 564, 0
140.001573, 4.999996, 568, 568, 0
145.001573, 5.0, 564, 564, 0
150.001576, 5.000003, 651, 651, 0
155.001585, 5.000009, 637, 637, 0
160.001628, 5.000043, 681, 681, 0
165.001569, 4.999941, 644, 644, 0
170.00163, 5.000061, 663, 663, 0
175.001625, 4.999995, 762, 762, 0
180.001592, 4.999967, 721, 721, 0
185.001582, 4.99999, 745, 745, 0
190.001581, 4.999999, 643, 643, 0
195.00151, 4.999929, 853, 853, 0
200.00159, 5.00008, 689, 689, 0
205.001574, 4.999984, 797, 797, 0
210.001583, 5.000009, 760, 760, 0
215.001582, 4.999999, 778, 778, 0
220.001551, 4.999969, 792, 792, 0
225.001584, 5.000033, 865, 865, 0
230.001598, 5.000014, 763, 762, 1
235.001591, 4.999993, 715, 715, 0
240.001578, 4.999987, 709, 709, 0
245.001574, 4.999996, 670, 670, 0
250.001579, 5.000005, 832, 832, 0
255.001579, 5.0, 741, 741, 0
260.001582, 5.000003, 690, 690, 0
265.001575, 4.999993, 725, 725, 0
270.001575, 5.0, 775, 775, 0
275.001582, 5.000007, 791, 791, 0
280.001576, 4.999994, 663, 663, 0
285.001573, 4.999997, 711, 711, 0
290.001576, 5.000003, 799, 799, 0
295.001582, 5.000006, 773, 773, 0
300.001573, 4.999991, 749, 749, 0
301.004773, 1.0032, 218, 218, 0
