elapsed, window, n, min, mean, median, 95th, 99th, 99_9th, max, errors
5.000684, 5.000684, 18120, 10299, 18044.6, 18153, 20929, 22037, 23705, 26771, 0
10.001524, 5.00084, 17501, 10460, 17785.7, 17760, 20881, 21813, 23744, 25491, 0
15.001524, 5.0, 16855, 9972, 18573.2, 18992, 21449, 22768, 24658, 28226, 0
20.001523, 4.999999, 16899, 10159, 18398.8, 18743, 21408, 22445, 24402, 26065, 0
25.001587, 5.000064, 17109, 10533, 18183.5, 18326, 21236, 22269, 24234, 27387, 0
30.001553, 4.999966, 17231, 10466, 18192.4, 18347, 21208, 22768, 25308, 27626, 0
35.001528, 4.999975, 17089, 10761, 18486.0, 18554, 21792, 23766, 26080, 29502, 0
40.001555, 5.000027, 17748, 9969, 17658.5, 17620, 20854, 22431, 25021, 28818, 0
45.001534, 4.999979, 17548, 10326, 17704.3, 17652, 20793, 21652, 26039, 27721, 0
50.001542, 5.000008, 18244, 10465, 17411.3, 17303, 20512, 21418, 23910, 25854, 0
55.001608, 5.000066, 17718, 9812, 17574.6, 17507, 20691, 21563, 22652, 25392, 0
60.001518, 4.99991, 17598, 10380, 17658.9, 17563, 20546, 21464, 23916, 26487, 0
65.00152, 5.000002, 17802, 10277, 17586.4, 17513, 20742, 21484, 24173, 28780, 0
70.001659, 5.000139, 17433, 10661, 17989.1, 18133, 20677, 21429, 22859, 24533, 0
75.001621, 4.999962, 17710, 10758, 17702.0, 17679, 20662, 21338, 22412, 24067, 0
80.001522, 4.999901, 17133, 10756, 18158.4, 18499, 20817, 21569, 22989, 25609, 0
85.001524, 5.000002, 17494, 9697, 17795.8, 17832, 20828, 21830, 23895, 26158, 0
90.001539, 5.000015, 17209, 10369, 18085.8, 18259, 21070, 22098, 24976, 28955, 0
95.001543, 5.000004, 17502, 10402, 17841.5, 17835, 20864, 21878, 24034, 29554, 0
100.001528, 4.999985, 17987, 10518, 17619.1, 17584, 20769, 21819, 24252, 25984, 0
105.001547, 5.000019, 17077, 9951, 18162.2, 18334, 21061, 22101, 24528, 28036, 0
110.001669, 5.000122, 17017, 10659, 18357.5, 18642, 21203, 22240, 24207, 25832, 0
115.001664, 4.999995, 17619, 10898, 17913.4, 17920, 20905, 22021, 24036, 28210, 0
120.001527, 4.999863, 17075, 11008, 18464.4, 18725, 21334, 22267, 23898, 25905, 0
121.018709, 1.017182, 2510, 11100, 18638.7, 18965, 21363, 22269, 23898, 25905, 0
