elapsed, window, n, min, mean, median, 95th, 99th, 99_9th, max, errors
5.001068, 5.001068, 4461, 20318, 42019.0, 39613, 67552, 78643, 90169, 95847, 0
10.001024, 4.999956, 4507, 20317, 41632.9, 39189, 66966, 76595, 88714, 100857, 0
15.001021, 4.999997, 4502, 20316, 41637.6, 39291, 67099, 77366, 89448, 95039, 0
20.001019, 4.999998, 4573, 20313, 41397.5, 39200, 66378, 76844, 85548, 99255, 0
25.00102, 5.000001, 4533, 20297, 41446.8, 39171, 66444, 77673, 88042, 99255, 0
30.001303, 5.000283, 4519, 20324, 41352.8, 39122, 66763, 78127, 88814, 101367, 0
35.001021, 4.999718, 4535, 20301, 41461.6, 39210, 66777, 77316, 86505, 95446, 0
40.001129, 5.000108, 4504, 20312, 41231.5, 38947, 66964, 77544, 88964, 104317, 0
45.001067, 4.999938, 4539, 20300, 40971.1, 38927, 66139, 75205, 87638, 103166, 0
50.001069, 5.000002, 4559, 20332, 41058.6, 38836, 66565, 76106, 85577, 90486, 0
55.001029, 4.99996, 4544, 20310, 41319.9, 39295, 66424, 76736, 85552, 90809, 0
60.001018, 4.999989, 4516, 20324, 41580.9, 39271, 66794, 76855, 84707, 96341, 0
65.001019, 5.000001, 4538, 20316, 41352.5, 39266, 66841, 76834, 84810, 105383, 0
70.00107, 5.000051, 4563, 20317, 41372.9, 39157, 66458, 77685, 86399, 90961, 0
75.001068, 4.999998, 4504, 20304, 41469.0, 39069, 66756, 77565, 86712, 91879, 0
80.001024, 4.999956, 4515, 20319, 41521.0, 39144, 66991, 77503, 87901, 98977, 0
85.001019, 4.999995, 4477, 20311, 41797.0, 39371, 67681, 78524, 87250, 104901, 0
90.001075, 5.000056, 4517, 20306, 41654.9, 39245, 67533, 78915, 90286, 108830, 0
95.001019, 4.999944, 4491, 20316, 41432.0, 39331, 66347, 78076, 87460, 97509, 0
100.001032, 5.000013, 4500, 20308, 41454.6, 39238, 66695, 77796, 87670, 97509, 0
105.001019, 4.999987, 4482, 20313, 41444.7, 39198, 67501, 78628, 87019, 97185, 0
110.001018, 4.999999, 4523, 20321, 41145.3, 38891, 67553, 78273, 89407, 105763, 0
115.001019, 5.000001, 4561, 20310, 41310.8, 39182, 66713, 77414, 86763, 108956, 0
120.001015, 4.999996, 4500, 20310, 41562.1, 39225, 66674, 77228, 90519, 98822, 0
121.003109, 1.002094, 917, 20310, 41373.5, 39092, 66537, 76656, 88453, 98822, 0
