elapsed, window, n, min, mean, median, 95th, 99th, 99_9th, max, errors
5.001068, 5.001068, 4461, 84, 6581.9, 125, 29122, 38440, 42959, 45887, 0
10.001024, 4.999956, 4507, 82, 6737.0, 123, 30121, 37809, 42161, 43928, 0
15.001021, 4.999997, 4502, 81, 6961.0, 126, 30422, 39081, 42416, 45097, 0
20.001019, 4.999998, 4573, 81, 6595.5, 125, 29991, 37451, 42171, 44821, 0
25.00102, 5.000001, 4533, 81, 6994.0, 125, 30591, 37712, 41856, 44046, 0
30.001303, 5.000283, 4519, 82, 6853.5, 125, 30600, 37922, 42810, 47782, 0
35.001021, 4.999718, 4535, 81, 6950.6, 125, 30403, 37877, 41892, 43200, 0
40.001129, 5.000108, 4504, 85, 6871.0, 127, 29812, 37444, 42117, 43715, 0
45.001067, 4.999938, 4539, 83, 7102.8, 128, 31134, 37996, 42874, 44558, 0
50.001069, 5.000002, 4559, 82, 6754.2, 124, 30393, 37973, 42201, 43551, 0
55.001029, 4.99996, 4544, 83, 6842.7, 125, 30573, 38169, 42378, 44127, 0
60.001018, 4.999989, 4516, 82, 6598.0, 123, 29878, 37441, 41975, 47496, 0
65.001019, 5.000001, 4538, 83, 6815.0, 124, 30691, 38202, 41570, 46539, 0
70.00107, 5.000051, 4563, 84, 6558.4, 124, 29798, 38570, 42252, 43365, 0
75.001068, 4.999998, 4504, 82, 6987.8, 129, 30359, 37525, 42454, 45315, 0
80.001024, 4.999956, 4515, 83, 6939.6, 127, 30603, 38105, 42442, 46707, 0
85.001019, 4.999995, 4477, 86, 6973.8, 124, 30970, 38655, 42095, 45477, 0
90.001075, 5.000056, 4517, 85, 6754.1, 126, 30578, 38653, 42229, 43797, 0
95.001019, 4.999944, 4491, 81, 7195.7, 131, 30530, 38299, 43351, 46808, 0
100.001032, 5.000013, 4500, 85, 7190.6, 136, 31061, 38577, 42326, 45755, 0
105.001019, 4.999987, 4482, 86, 6930.3, 136, 30074, 38563, 42491, 45270, 0
110.001018, 4.999999, 4523, 83, 6998.3, 139, 30837, 38427, 40907, 43802, 0
115.001019, 5.000001, 4561, 84, 6752.1, 132, 29485, 37326, 41920, 43036, 0
120.001015, 4.999996, 4500, 84, 6995.9, 127, 30131, 38194, 42216, 44441, 0
121.003109, 1.002094, 917, 84, 7027.4, 127, 30141, 38434, 42216, 44441, 0
