elapsed, window, n, min, mean, median, 95th, 99th, 99_9th, max, errors
5.00057, 5.00057, 100, 91761, 95667.2, 94295, 101319, 105187, 105356, 105356, 0
10.001579, 5.001009, 100, 91737, 93948.5, 93385, 96926, 97558, 97676, 97676, 0
15.001577, 4.999998, 0, 0, 0, 0, 0, 0, 0, 0, 0
20.001582, 5.000005, 200, 91358, 92801.2, 92614, 94458, 96846, 98276, 98276, 0
25.00153, 4.999948, 50, 91776, 92319.3, 92228, 92878, 93676, 93676, 93676, 0
30.001573, 5.000043, 100, 91384, 92551.8, 92427, 93889, 94488, 95139, 95139, 0
35.001573, 5.0, 200, 91618, 92818.8, 92613, 94412, 96421, 99191, 99191, 0
40.001564, 4.999991, 50, 91331, 93078.3, 92752, 95067, 97189, 99191, 99191, 0
45.001574, 5.00001, 100, 91659, 92737.7, 92615, 94055, 94433, 94961, 94961, 0
50.00157, 4.999996, 200, 91352, 92561.6, 92489, 93526, 94020, 94148, 94148, 0
55.00157, 5.0, 50, 91393, 92517.3, 92474, 93334, 93844, 94057, 94057, 0
60.001563, 4.999993, 0, 91393, 92591.9, 92563, 93422, 93771, 93771, 93771, 0
65.001441, 4.999878, 100, 91882, 93280.0, 92972, 95581, 97133, 98060, 98060, 0
70.00159, 5.000149, 50, 91765, 93020.0, 92869, 94797, 97153, 97153, 97153, 0
75.001573, 4.999983, 100, 91292, 92752.1, 92593, 93889, 95503, 97768, 97768, 0
80.001652, 5.000079, 0, 0, 0, 0, 0, 0, 0, 0, 0
85.001571, 4.999919, 99, 91632, 93028.8, 92592, 95597, 97142, 98283, 98283, 0
90.001568, 4.999997, 51, 91632, 92831.5, 92485, 95511, 97142, 98283, 98283, 0
95.001571, 5.000003, 50, 91655, 92418.8, 92456, 93035, 93761, 93761, 93761, 0
100.001577, 5.000006, 100, 91504, 92459.4, 92485, 93192, 93329, 93342, 93342, 0
105.001578, 5.000001, 100, 91249, 93586.3, 92393, 94088, 126017, 126598, 126598, 0
110.00147, 4.999892, 50, 91506, 92592.5, 92622, 93454, 93628, 93628, 93628, 0
115.00157, 5.0001, 0, 91506, 92592.5, 92622, 93454, 93628, 93628, 93628, 0
120.001571, 5.000001, 50, 91678, 92520.2, 92362, 94016, 94409, 94409, 94409, 0
121.00372, 1.002149, 0, 91678, 92520.2, 92362, 94016, 94409, 94409, 94409, 0
