elapsed, window, total, successful, failed
5.000794, 5.000794, 106658, 106658, 0
10.001814, 5.00102, 103558, 103558, 0
15.001886, 5.000072, 102328, 102328, 0
20.001989, 5.000103, 103848, 103848, 0
25.001775, 4.999786, 105628, 105628, 0
30.00176, 4.999985, 103786, 103786, 0
35.001777, 5.000017, 102529, 102529, 0
40.001813, 5.000036, 101258, 101258, 0
45.00178, 4.999967, 103040, 103040, 0
50.001809, 5.000029, 101961, 101961, 0
55.001765, 4.999956, 99935, 99935, 0
60.001762, 4.999997, 102943, 102943, 0
65.00178, 5.000018, 100302, 100302, 0
70.001765, 4.999985, 100643, 100643, 0
75.001763, 4.999998, 100107, 100107, 0
80.001758, 4.999995, 98422, 98422, 0
85.001833, 5.000075, 97985, 97985, 0
90.001786, 4.999953, 101046, 101046, 0
95.001758, 4.999972, 99989, 99989, 0
100.00178, 5.000022, 97698, 97698, 0
105.001815, 5.000035, 99422, 99422, 0
110.00176, 4.999945, 98869, 98869, 0
115.001772, 5.000012, 97760, 97760, 0
120.001788, 5.000016, 99655, 99655, 0
121.00289, 1.001102, 19549, 19549, 0
