elapsed, window, n, min, mean, median, 95th, 99th, 99_9th, max, errors
5.000557, 5.000557, 3766, 948, 11869.1, 1446, 65328, 71781, 74344, 79975, 0
10.001467, 5.00091, 3281, 908, 17478.7, 1440, 69333, 72724, 74923, 76595, 0
15.001794, 5.000327, 3345, 954, 17527.7, 1416, 69333, 72766, 75322, 83072, 0
20.001645, 4.999851, 3563, 937, 16483.0, 1467, 68818, 72669, 74245, 78581, 0
25.001468, 4.999823, 3464, 928, 16975.4, 1473, 69375, 73200, 123227, 210268, 0
30.001458, 4.99999, 3333, 950, 17214.9, 1505, 69095, 72730, 74699, 80911, 0
35.001516, 5.000058, 3441, 939, 17060.3, 1453, 68791, 72571, 74379, 84321, 0
40.001624, 5.000108, 3588, 922, 16705.7, 1422, 68822, 72598, 74455, 75572, 0
45.001562, 4.999938, 3351, 961, 17193.8, 1462, 69113, 72701, 75136, 77778, 0
50.001476, 4.999914, 3415, 965, 16784.7, 1432, 68340, 72466, 74399, 81458, 0
55.001471, 4.999995, 3310, 939, 16982.2, 1405, 68382, 72504, 74347, 76927, 0
60.001519, 5.000048, 3351, 941, 17000.0, 1443, 68950, 72396, 73257, 81083, 0
65.00147, 4.999951, 3291, 942, 17273.8, 1419, 68968, 72457, 74709, 81083, 0
70.001467, 4.999997, 3429, 942, 16575.0, 1443, 68553, 72006, 74626, 85971, 0
75.001462, 4.999995, 3332, 935, 17449.9, 1386, 68597, 72320, 74998, 76708, 0
80.001459, 4.999997, 3431, 948, 16973.4, 1457, 68821, 72043, 74551, 76417, 0
85.001554, 5.000095, 3408, 935, 17252.5, 1437, 68888, 72404, 74746, 79763, 0
90.001466, 4.999912, 3499, 932, 16420.3, 1459, 68484, 71710, 73630, 75150, 0
95.001467, 5.000001, 3462, 932, 17192.9, 1429, 69112, 72865, 149450, 173330, 0
100.001547, 5.00008, 3283, 932, 17328.2, 1415, 68768, 72054, 73295, 74374, 0
105.001517, 4.99997, 3204, 932, 17908.7, 1422, 68768, 72151, 73295, 74957, 0
110.001527, 5.00001, 3430, 944, 17443.6, 1426, 68806, 71783, 73816, 76346, 0
115.001548, 5.000021, 3314, 937, 17188.1, 1413, 68254, 72296, 73491, 74838, 0
120.001509, 4.999961, 3434, 954, 16827.7, 1428, 67432, 71815, 73619, 74826, 0
121.003621, 1.002112, 679, 954, 16882.2, 1434, 67570, 71657, 73619, 84319, 0
