elapsed, window, n, min, mean, median, 95th, 99th, 99_9th, max, errors
5.000557, 5.000557, 74, 91376, 133984.1, 131773, 205131, 208013, 208059, 208059, 163
10.001467, 5.00091, 113, 91301, 133676.8, 136885, 203771, 209736, 211213, 211213, 100
15.001794, 5.000327, 106, 91308, 136180.5, 142335, 205000, 208992, 210421, 210421, 99
20.001645, 4.999851, 114, 91255, 137518.7, 146424, 205457, 208992, 210771, 210771, 98
25.001468, 4.999823, 110, 91274, 136697.8, 146337, 207440, 210141, 248074, 248074, 111
30.001458, 4.99999, 105, 91306, 126266.6, 92526, 205939, 210507, 213718, 213718, 103
35.001516, 5.000058, 120, 91156, 138693.7, 142362, 204818, 212280, 213982, 213982, 100
40.001624, 5.000108, 112, 91005, 135172.8, 141697, 203778, 208030, 210596, 210596, 101
45.001562, 4.999938, 97, 91385, 136871.3, 141839, 206892, 208723, 210528, 210528, 88
50.001476, 4.999914, 120, 91098, 138709.5, 144663, 205805, 210658, 210856, 210856, 95
55.001471, 4.999995, 113, 91288, 127978.4, 95333, 202729, 206898, 210658, 210658, 110
60.001519, 5.000048, 119, 91162, 136303.8, 134659, 205272, 208340, 208518, 208518, 99
65.00147, 4.999951, 121, 91196, 137434.6, 143302, 205648, 210536, 211168, 211168, 117
70.001467, 4.999997, 112, 91196, 138296.5, 147797, 206551, 208194, 210644, 210644, 96
75.001462, 4.999995, 96, 90951, 132449.3, 101965, 205573, 206971, 207981, 207981, 84
80.001459, 4.999997, 114, 90951, 136876.4, 147283, 206874, 210216, 211321, 211321, 111
85.001554, 5.000095, 101, 91223, 134861.5, 104183, 207238, 208841, 209439, 209439, 107
90.001466, 4.999912, 125, 91090, 131246.8, 96994, 201524, 206756, 207271, 207271, 116
95.001467, 5.000001, 107, 91286, 137555.5, 145068, 202907, 205643, 208308, 208308, 96
100.001547, 5.00008, 118, 91319, 130123.1, 95971, 203527, 206613, 208872, 208872, 105
105.001517, 4.99997, 102, 91298, 142327.3, 153239, 206252, 210013, 210090, 210090, 91
110.001527, 5.00001, 114, 91379, 131765.2, 97492, 204242, 210013, 210589, 210589, 108
115.001548, 5.000021, 118, 91314, 130880.1, 97516, 204351, 209617, 210589, 210589, 97
120.001509, 4.999961, 105, 91280, 131712.9, 98647, 200668, 204430, 205215, 205215, 97
121.003621, 1.002112, 26, 91280, 128930.4, 95219, 203436, 205215, 207196, 207196, 20
