elapsed, window, total, successful, failed
5.000268, 5.000268, 363384, 363384, 0
10.001259, 5.000991, 344763, 344763, 0
15.00134, 5.000081, 342770, 342770, 0
20.001271, 4.999931, 344370, 344370, 0
25.00132, 5.000049, 343170, 343170, 0
30.001299, 4.999979, 342994, 342994, 0
35.001306, 5.000007, 343728, 343728, 0
40.001272, 4.999966, 343356, 343356, 0
45.001283, 5.000011, 344854, 344854, 0
50.001381, 5.000098, 344675, 344675, 0
55.001254, 4.999873, 344489, 344489, 0
60.001408, 5.000154, 344295, 344295, 0
65.001267, 4.999859, 344086, 344086, 0
70.001486, 5.000219, 341754, 341754, 0
75.001263, 4.999777, 342898, 342898, 0
80.001267, 5.000004, 342291, 342291, 0
85.001364, 5.000097, 342688, 342688, 0
90.001327, 4.999963, 341896, 341896, 0
95.001365, 5.000038, 340203, 340203, 0
100.001318, 4.999953, 343052, 343052, 0
105.00132, 5.000002, 340973, 340973, 0
110.001495, 5.000175, 340178, 340178, 0
115.001275, 4.99978, 341977, 341977, 0
120.001281, 5.000006, 340524, 340524, 0
121.003466, 1.002185, 67995, 67995, 0
