elapsed, window, n, min, mean, median, 95th, 99th, 99_9th, max, errors
5.000999, 5.000999, 18379, 849, 8184.6, 6619, 18277, 36872, 66193, 114420, 0
10.001957, 5.000958, 17815, 1218, 8122.4, 6592, 17966, 36178, 66721, 129323, 0
15.001957, 5.0, 17665, 901, 8238.3, 6769, 17970, 34175, 71573, 114921, 0
20.001996, 5.000039, 17785, 1333, 8135.1, 6672, 17290, 34269, 78694, 128798, 0
25.001956, 4.99996, 17783, 929, 8194.5, 6849, 17647, 31279, 55063, 83921, 0
30.001956, 5.0, 17479, 1536, 8309.6, 7031, 17009, 29641, 59431, 127099, 0
35.001946, 4.99999, 17346, 993, 8417.5, 7033, 17697, 33066, 62192, 98590, 0
40.00195, 5.000004, 17207, 1100, 8427.7, 6845, 19327, 34919, 60853, 89123, 0
45.001949, 4.999999, 17048, 781, 8384.3, 6851, 19054, 35006, 63598, 118055, 0
50.00195, 5.000001, 16945, 878, 8469.0, 6794, 19718, 38598, 67773, 103936, 0
55.002002, 5.000052, 16860, 885, 8529.4, 6803, 19916, 36600, 72694, 202122, 0
60.001953, 4.999951, 17344, 832, 8391.6, 6838, 18914, 34934, 61898, 156551, 0
65.002013, 5.00006, 17269, 826, 8471.9, 6823, 19933, 35610, 62974, 115937, 0
70.001946, 4.999933, 16928, 822, 8383.0, 6826, 18934, 35751, 63586, 107299, 0
75.001997, 5.000051, 17162, 812, 8480.4, 6831, 18587, 38855, 81597, 137543, 0
80.00197, 4.999973, 16940, 847, 8472.9, 6895, 19262, 36826, 64158, 131464, 0
85.001941, 4.999971, 16834, 805, 8531.3, 7022, 19375, 35116, 57384, 78537, 0
90.001956, 5.000015, 16861, 895, 8557.1, 7186, 18334, 32682, 61885, 139656, 0
95.00201, 5.000054, 17025, 892, 8424.8, 7065, 17732, 31695, 59662, 112052, 0
100.002017, 5.000007, 16636, 896, 8622.2, 7092, 19175, 33890, 57159, 104580, 0
105.000959, 4.998942, 17050, 925, 8500.6, 7054, 18687, 33619, 66054, 101033, 0
110.001978, 5.001019, 16571, 840, 8646.4, 7157, 18708, 35125, 64814, 107542, 0
115.002013, 5.000035, 16710, 1019, 8609.3, 7260, 18226, 32063, 55061, 114670, 0
120.000956, 4.998943, 16636, 752, 8677.0, 7233, 18820, 35099, 60672, 109254, 0
121.005093, 1.004137, 3303, 752, 8754.9, 7256, 19213, 35735, 62452, 109254, 0
