elapsed, window, total, successful, failed
5.000968, 5.000968, 21801, 21801, 0
10.002144, 5.001176, 22510, 22510, 0
15.001048, 4.998904, 22223, 22223, 0
20.00096, 4.999912, 21945, 21945, 0
25.001943, 5.000983, 21847, 21847, 0
30.001983, 5.00004, 22036, 22036, 0
35.00195, 4.999967, 22152, 22152, 0
40.002055, 5.000105, 22105, 22105, 0
45.001024, 4.998969, 21683, 21683, 0
50.000943, 4.999919, 21755, 21755, 0
55.002039, 5.001096, 22334, 22334, 0
60.000986, 4.998947, 21997, 21997, 0
65.001943, 5.000957, 21515, 21515, 0
70.002038, 5.000095, 21999, 21999, 0
75.000971, 4.998933, 22504, 22504, 0
80.00197, 5.000999, 21946, 21946, 0
85.001984, 5.000014, 21954, 21954, 0
90.002037, 5.000053, 22236, 22236, 0
95.000971, 4.998934, 21916, 21916, 0
100.001965, 5.000994, 22419, 22419, 0
105.002031, 5.000066, 22213, 22213, 0
110.000987, 4.998956, 22251, 22251, 0
115.001957, 5.00097, 21831, 21831, 0
120.001926, 4.999969, 21484, 21484, 0
125.00193, 5.000004, 21772, 21772, 0
130.002009, 5.000079, 22105, 22105, 0
135.002139, 5.00013, 21923, 21923, 0
140.001161, 4.999022, 21820, 21820, 0
145.001089, 4.999928, 22120, 22120, 0
150.000942, 4.999853, 21938, 21938, 0
155.001942, 5.001, 22484, 22484, 0
160.001942, 5.0, 22598, 22598, 0
165.001971, 5.000029, 22559, 22559, 0
170.001962, 4.999991, 21762, 21762, 0
175.001956, 4.999994, 22507, 22507, 0
180.001922, 4.999966, 22089, 22089, 0
185.001922, 5.0, 21980, 21980, 0
190.001971, 5.000049, 21666, 21666, 0
195.001929, 4.999958, 21976, 21976, 0
200.002112, 5.000183, 21121, 21121, 0
205.000932, 4.99882, 22459, 22459, 0
210.001966, 5.001034, 22107, 22107, 0
215.001918, 4.999952, 22049, 22049, 0
220.001991, 5.000073, 21694, 21694, 0
225.001961, 4.99997, 21528, 21528, 0
230.002014, 5.000053, 21745, 21745, 0
235.001933, 4.999919, 21253, 21253, 0
240.002023, 5.00009, 21729, 21729, 0
245.001005, 4.998982, 21785, 21785, 0
250.001936, 5.000931, 22000, 22000, 0
255.001959, 5.000023, 21708, 21708, 0
260.001951, 4.999992, 21910, 21910, 0
265.001961, 5.00001, 21564, 21564, 0
270.002022, 5.000061, 22160, 22160, 0
275.000957, 4.998935, 22234, 22234, 0
280.001944, 5.000987, 21940, 21940, 0
285.001972, 5.000028, 21844, 21844, 0
290.001979, 5.000007, 22130, 22130, 0
295.001982, 5.000003, 21226, 21226, 0
300.001926, 4.999944, 21876, 21876, 0
301.003183, 1.001257, 4319, 4319, 0
