elapsed, window, n, min, mean, median, 95th, 99th, 99_9th, max, errors
5.001238, 5.001238, 300, 638, 3694.7, 1616, 8189, 9370, 9684, 9684, 0
10.001236, 4.999998, 450, 580, 855.3, 821, 1036, 1277, 5055, 5055, 0
15.001194, 4.999958, 300, 626, 946.6, 821, 1832, 3382, 4781, 4781, 0
20.001229, 5.000035, 402, 610, 11605.7, 814, 59891, 216084, 255979, 255979, 0
25.001245, 5.000016, 296, 620, 91115.9, 834, 517177, 543028, 559014, 559014, 0
30.001241, 4.999996, 52, 620, 793.5, 785, 939, 1001, 1086, 1086, 0
35.001109, 4.999868, 220, 603, 813.3, 787, 1058, 1204, 1824, 1824, 0
40.001194, 5.000085, 230, 567, 1258.0, 783, 1045, 14903, 17280, 17280, 0
45.001229, 5.000035, 300, 583, 856.4, 794, 1183, 1853, 3663, 3663, 0
50.001126, 4.999897, 150, 558, 781.4, 759, 1039, 1269, 1280, 1280, 0
55.00122, 5.000094, 150, 632, 93709.3, 108164, 193992, 249903, 271780, 271780, 0
60.001223, 5.000003, 185, 607, 791.5, 780, 937, 1123, 1182, 1182, 0
65.001165, 4.999942, 482, 554, 792.6, 768, 986, 1296, 2150, 2349, 0
70.001239, 5.000074, 233, 576, 777.4, 768, 962, 1059, 1096, 1096, 0
75.001175, 4.999936, 0, 0, 0, 0, 0, 0, 0, 0, 0
80.001185, 5.00001, 300, 616, 804.3, 766, 1025, 1868, 2161, 2161, 0
85.001251, 5.000066, 150, 615, 860.2, 773, 1615, 3058, 3096, 3096, 0
90.001269, 5.000018, 450, 602, 829.7, 795, 1093, 1708, 3298, 3298, 0
95.001185, 4.999916, 300, 561, 798.0, 770, 1042, 1313, 1774, 1774, 0
100.001257, 5.000072, 155, 589, 795.3, 762, 1010, 1360, 1872, 1872, 0
105.001236, 4.999979, 445, 602, 805.7, 782, 985, 1513, 1871, 1871, 0
110.001247, 5.000011, 150, 532, 827.8, 784, 1081, 2663, 2670, 2670, 0
115.001252, 5.000005, 315, 585, 804.1, 788, 971, 1157, 1563, 1563, 0
120.001224, 4.999972, 280, 592, 832.1, 787, 1158, 1393, 2306, 2306, 0
121.008327, 1.007103, 5, 592, 826.0, 783, 1119, 1347, 2293, 2293, 0
