elapsed, window, n, min, mean, median, 95th, 99th, 99_9th, max, errors
5.001238, 5.001238, 0, 0, 0, 0, 0, 0, 0, 0, 0
10.001236, 4.999998, 150, 91082, 94055.3, 92685, 94866, 129562, 131144, 131144, 0
15.001194, 4.999958, 0, 0, 0, 0, 0, 0, 0, 0, 0
20.001229, 5.000035, 0, 0, 0, 0, 0, 0, 0, 0, 0
25.001245, 5.000016, 102, 91337, 92438.1, 92344, 93575, 94759, 96013, 96013, 0
30.001241, 4.999996, 48, 91175, 92679.4, 92488, 94730, 96351, 96351, 96351, 0
35.001109, 4.999868, 0, 0, 0, 0, 0, 0, 0, 0, 0
40.001194, 5.000085, 0, 0, 0, 0, 0, 0, 0, 0, 0
45.001229, 5.000035, 150, 91041, 92607.9, 92095, 93105, 111354, 132629, 132629, 0
50.001126, 4.999897, 0, 0, 0, 0, 0, 0, 0, 0, 0
55.00122, 5.000094, 216, 91205, 92489.3, 92388, 93688, 94343, 94457, 94457, 0
60.001223, 5.000003, 234, 91249, 92405.6, 92288, 93545, 94372, 95874, 95874, 0
65.001165, 4.999942, 0, 0, 0, 0, 0, 0, 0, 0, 0
70.001239, 5.000074, 300, 91054, 92268.0, 92147, 93398, 94386, 99280, 99280, 0
75.001175, 4.999936, 0, 0, 0, 0, 0, 0, 0, 0, 0
80.001185, 5.00001, 150, 90936, 92168.1, 92108, 93127, 93440, 93703, 93703, 0
85.001251, 5.000066, 150, 91256, 92339.8, 92214, 93463, 94448, 94532, 94532, 0
90.001269, 5.000018, 0, 0, 0, 0, 0, 0, 0, 0, 0
95.001185, 4.999916, 300, 91085, 92131.7, 92082, 93037, 93668, 94400, 94400, 0
100.001257, 5.000072, 150, 91121, 92110.0, 92059, 92833, 93666, 95861, 95861, 0
105.001236, 4.999979, 0, 0, 0, 0, 0, 0, 0, 0, 0
110.001247, 5.000011, 300, 91274, 92159.3, 92120, 92983, 93469, 94123, 94123, 0
115.001252, 5.000005, 187, 91084, 92092.2, 92053, 92736, 92974, 93876, 93876, 0
120.001224, 4.999972, 113, 91142, 92144.5, 92095, 92880, 93592, 93675, 93675, 0
121.008327, 1.007103, 0, 0, 0, 0, 0, 0, 0, 0, 0
