elapsed, window, n, min, mean, median, 95th, 99th, 99_9th, max, errors
5.001025, 5.001025, 189290, 515, 6048.0, 5218, 12420, 19682, 32621, 60870, 0
10.001044, 5.000019, 183048, 522, 6040.1, 5251, 12189, 19061, 32069, 60856, 0
15.001092, 5.000048, 180754, 506, 6060.3, 5187, 12697, 20187, 34199, 64268, 0
20.001034, 4.999942, 180370, 498, 6097.7, 5227, 12781, 20155, 32414, 62050, 0
25.001022, 4.999988, 180668, 556, 6087.0, 5239, 12606, 20128, 33089, 85116, 0
30.001025, 5.000003, 178934, 582, 6119.5, 5321, 12443, 19174, 31926, 56923, 0
35.001029, 5.000004, 177831, 505, 6176.1, 5284, 12996, 20573, 33460, 58249, 0
40.00103, 5.000001, 177221, 566, 6196.4, 5322, 12943, 20243, 32807, 73773, 0
45.001111, 5.000081, 176825, 567, 6227.8, 5384, 12783, 19707, 32000, 72155, 0
50.001087, 4.999976, 175958, 544, 6210.4, 5401, 12635, 19672, 32357, 54531, 0
55.001064, 4.999977, 177343, 603, 6219.1, 5427, 12494, 19283, 31670, 86123, 0
60.001047, 4.999983, 175414, 612, 6235.4, 5466, 12378, 18800, 30518, 70645, 0
65.001121, 5.000074, 176290, 656, 6224.9, 5446, 12429, 19155, 31010, 59123, 0
70.001081, 4.99996, 175612, 635, 6266.6, 5438, 12797, 19542, 31443, 56459, 0
75.001047, 4.999966, 177342, 534, 6214.2, 5373, 12770, 19930, 32045, 56459, 0
80.00103, 4.999983, 176493, 549, 6224.0, 5445, 12458, 18963, 30329, 58031, 0
85.001088, 5.000058, 176756, 585, 6238.6, 5502, 12278, 18458, 29301, 61374, 0
90.001068, 4.99998, 175240, 575, 6268.1, 5515, 12343, 18834, 30534, 66630, 0
95.001027, 4.999959, 176302, 578, 6260.4, 5464, 12597, 19591, 32277, 61334, 0
100.001029, 5.000002, 175282, 524, 6257.4, 5519, 12291, 18420, 29462, 60084, 0
105.001139, 5.00011, 174422, 639, 6293.3, 5519, 12503, 19126, 30733, 56965, 0
110.001102, 4.999963, 172934, 508, 6342.9, 5555, 12717, 19289, 31049, 59872, 0
115.001123, 5.000021, 172799, 554, 6355.7, 5518, 12966, 20060, 31863, 72061, 0
120.001058, 4.999935, 173820, 561, 6321.5, 5520, 12679, 19524, 32931, 90505, 0
121.005135, 1.004077, 35289, 575, 6330.0, 5503, 12823, 19850, 32910, 90505, 0
