elapsed, window, total, successful, failed
5.000685, 5.000685, 206175, 206175, 0
10.001698, 5.001013, 197647, 197647, 0
15.001697, 4.999999, 195717, 195717, 0
20.00171, 5.000013, 195945, 195945, 0
25.001724, 5.000014, 195857, 195857, 0
30.001713, 4.999989, 196115, 196115, 0
35.00167, 4.999957, 195095, 195095, 0
40.001662, 4.999992, 194799, 194799, 0
45.001764, 5.000102, 193859, 193859, 0
50.001656, 4.999892, 193725, 193725, 0
55.001767, 5.000111, 191855, 191855, 0
60.001672, 4.999905, 192535, 192535, 0
65.001718, 5.000046, 192211, 192211, 0
70.001685, 4.999967, 192517, 192517, 0
75.00179, 5.000105, 192712, 192712, 0
80.001672, 4.999882, 192543, 192543, 0
85.001659, 4.999987, 192021, 192021, 0
90.001663, 5.000004, 191615, 191615, 0
95.001668, 5.000005, 190559, 190559, 0
100.001724, 5.000056, 192081, 192081, 0
105.001689, 4.999965, 192204, 192204, 0
110.00166, 4.999971, 189712, 189712, 0
115.001724, 5.000064, 190515, 190515, 0
120.001681, 4.999957, 189996, 189996, 0
121.005742, 1.004061, 39497, 39497, 0
