elapsed, window, n, min, mean, median, 95th, 99th, 99_9th, max, errors
5.000241, 5.000241, 31398, 31402, 39874.2, 36514, 59347, 103739, 143360, 172285, 0
10.001139, 5.000898, 33806, 31253, 37017.1, 36173, 44098, 49825, 60187, 72567, 0
15.001085, 4.999946, 33696, 31395, 37077.1, 36207, 44566, 50316, 57212, 65253, 0
20.001125, 5.00004, 33785, 31304, 36972.5, 36223, 43839, 48989, 56758, 69140, 0
25.0011, 4.999975, 33798, 31330, 36987.0, 36225, 43786, 49041, 56701, 69140, 0
30.001098, 4.999998, 33936, 31428, 36818.6, 36157, 43118, 47637, 53575, 64097, 0
35.001087, 4.999989, 33898, 31378, 36864.7, 36206, 43205, 47240, 53435, 60487, 0
40.001138, 5.000051, 33908, 31431, 36862.3, 36222, 43077, 47211, 54227, 64941, 0
45.001089, 4.999951, 33826, 31345, 36935.2, 36248, 43520, 47861, 54534, 63952, 0
50.001117, 5.000028, 33842, 31349, 36892.4, 36277, 43076, 47026, 52928, 61640, 0
55.001092, 4.999975, 33885, 31397, 36890.6, 36258, 43116, 47182, 53164, 61273, 0
60.001156, 5.000064, 33831, 31329, 36953.2, 36305, 43309, 47543, 53201, 57718, 0
65.001102, 4.999946, 33891, 31193, 36886.0, 36287, 43073, 46815, 51814, 56934, 0
70.001084, 4.999982, 33834, 31313, 36916.4, 36287, 43148, 47267, 53118, 60292, 0
75.001114, 5.00003, 33739, 31245, 37038.6, 36380, 43479, 47634, 53005, 59042, 0
80.001098, 4.999984, 33739, 31359, 37074.6, 36440, 43415, 47255, 52166, 59810, 0
85.001347, 5.000249, 33672, 31359, 37068.9, 36423, 43508, 47404, 53386, 63746, 0
90.001088, 4.999741, 33680, 31279, 37105.8, 36412, 43642, 48286, 56760, 79947, 0
95.001087, 4.999999, 33658, 31187, 37114.5, 36412, 43778, 48117, 53680, 58461, 0
100.001093, 5.000006, 33651, 31308, 37118.1, 36488, 43580, 47664, 53170, 58880, 0
105.001447, 5.000354, 33739, 31332, 37066.8, 36395, 43634, 47688, 53418, 60490, 0
110.001085, 4.999638, 33698, 31203, 37070.1, 36416, 43566, 47583, 53327, 59438, 0
115.001085, 5.0, 33664, 31294, 37106.8, 36483, 43563, 47423, 52737, 59982, 0
120.001094, 5.000009, 33761, 31369, 37055.0, 36422, 43380, 47578, 53526, 59845, 0
121.005191, 1.004097, 6752, 31369, 37039.0, 36385, 43406, 47605, 53593, 59845, 0
