elapsed, window, n, min, mean, median, 95th, 99th, 99_9th, max, errors
5.000698, 5.000698, 164, 516, 1786.0, 664, 4218, 26549, 40382, 40382, 0
10.001625, 5.000927, 452, 516, 1450.9, 704, 2290, 20761, 29059, 40382, 0
15.001647, 5.000022, 509, 472, 1507.9, 683, 2733, 18801, 42522, 46749, 0
20.001719, 5.000072, 250, 493, 1029.2, 655, 1120, 16595, 21633, 21633, 0
25.001595, 4.999876, 75, 490, 1432.5, 695, 2136, 20274, 26416, 26416, 0
30.001744, 5.000149, 54, 481, 1131.6, 683, 1681, 20274, 26416, 26416, 0
35.001664, 4.99992, 71, 481, 1326.4, 680, 2475, 15281, 32464, 32464, 0
40.001708, 5.000044, 105, 477, 2717.0, 665, 16516, 47889, 58895, 58895, 0
45.001706, 4.999998, 870, 466, 1734.3, 737, 2921, 31814, 62450, 62456, 0
50.001751, 5.000045, 495, 469, 1850.4, 712, 4362, 33889, 55903, 61944, 0
55.001712, 4.999961, 212, 496, 1524.6, 729, 4224, 14450, 31950, 31950, 0
60.001702, 4.99999, 247, 507, 1421.1, 708, 2630, 16656, 46454, 46454, 0
65.001741, 5.000039, 221, 486, 1470.2, 696, 4104, 20253, 40638, 40638, 0
70.001708, 4.999967, 302, 475, 1818.2, 693, 3806, 28096, 64371, 64371, 0
75.001663, 4.999955, 60, 481, 2415.3, 675, 17821, 20438, 23234, 23234, 0
80.001704, 5.000041, 452, 481, 1258.8, 713, 2121, 12316, 82282, 82282, 0
85.00157, 4.999866, 495, 495, 1299.9, 673, 1537, 12316, 52953, 82282, 0
90.001729, 5.000159, 243, 470, 1301.1, 649, 1051, 28649, 52953, 52953, 0
95.001614, 4.999885, 110, 470, 770.0, 663, 892, 2775, 10437, 10437, 0
100.001608, 4.999994, 154, 482, 1268.4, 692, 2063, 4627, 48336, 48336, 0
105.001705, 5.000097, 109, 497, 1442.7, 649, 6280, 19707, 34099, 34099, 0
110.001731, 5.000026, 264, 477, 2061.6, 655, 2558, 38205, 74370, 74370, 0
115.001581, 4.99985, 479, 477, 2700.5, 676, 10209, 62702, 80226, 88374, 0
120.001706, 5.000125, 888, 454, 1601.4, 668, 1561, 44239, 60331, 66429, 0
121.002708, 1.001002, 68, 454, 1219.8, 668, 1206, 18841, 54406, 54451, 0
