elapsed, window, total, successful, failed
5.000261, 5.000261, 167236, 167236, 0
10.001274, 5.001013, 162707, 162707, 0
15.00127, 4.999996, 163720, 163720, 0
20.001344, 5.000074, 163255, 163255, 0
25.00127, 4.999926, 162406, 162406, 0
30.001263, 4.999993, 164323, 164323, 0
35.001338, 5.000075, 163306, 163306, 0
40.001263, 4.999925, 163314, 163314, 0
45.00125, 4.999987, 162919, 162919, 0
50.00126, 5.00001, 163542, 163542, 0
55.001384, 5.000124, 162195, 162195, 0
60.001248, 4.999864, 162825, 162825, 0
65.001247, 4.999999, 162975, 162975, 0
70.001284, 5.000037, 162399, 162399, 0
75.001286, 5.000002, 162276, 162276, 0
80.001251, 4.999965, 162438, 162438, 0
85.00131, 5.000059, 162817, 162817, 0
90.001288, 4.999978, 162641, 162641, 0
95.001271, 4.999983, 163547, 163547, 0
100.001344, 5.000073, 161970, 161970, 0
105.001304, 4.99996, 161758, 161758, 0
110.001307, 5.000003, 162233, 162233, 0
115.001326, 5.000019, 161043, 161043, 0
120.001343, 5.000017, 162471, 162471, 0
121.002491, 1.001148, 32246, 32246, 0
