elapsed, window, total, successful, failed
5.000429, 5.000429, 188210, 188210, 0
10.001427, 5.000998, 181690, 181690, 0
15.001418, 4.999991, 181204, 181204, 0
20.001456, 5.000038, 177479, 177479, 0
25.00144, 4.999984, 178067, 178067, 0
30.001476, 5.000036, 178353, 178353, 0
35.001481, 5.000005, 174747, 174747, 0
40.001441, 4.99996, 173066, 173066, 0
45.001474, 5.000033, 173368, 173368, 0
50.001431, 4.999957, 171607, 171607, 0
55.001434, 5.000003, 171191, 171191, 0
60.001439, 5.000005, 170923, 170923, 0
65.001423, 4.999984, 170782, 170782, 0
70.001438, 5.000015, 171998, 171998, 0
75.001474, 5.000036, 168548, 168548, 0
80.001535, 5.000061, 168789, 168789, 0
85.001425, 4.99989, 167920, 167920, 0
90.001465, 5.00004, 169991, 169991, 0
95.001454, 4.999989, 171344, 171344, 0
100.001424, 4.99997, 170501, 170501, 0
105.001423, 4.999999, 168304, 168304, 0
110.001453, 5.00003, 167867, 167867, 0
115.00143, 4.999977, 166819, 166819, 0
120.001419, 4.999989, 167647, 167647, 0
121.004484, 1.003065, 33207, 33207, 0
