elapsed, window, n, min, mean, median, 95th, 99th, 99_9th, max, errors
5.000584, 5.000584, 61259, 10531, 18003.3, 20734, 26150, 30238, 59322, 77995, 0
10.001566, 5.000982, 61081, 10506, 17869.4, 20709, 25961, 29029, 32529, 38017, 0
15.001566, 5.0, 61082, 10556, 17866.1, 20717, 25956, 28984, 32546, 38436, 0
20.001564, 4.999998, 61279, 10518, 17813.1, 20673, 25859, 28752, 32488, 37889, 0
25.001579, 5.000015, 61257, 10544, 17830.3, 20687, 25954, 28900, 32277, 38891, 0
30.001563, 4.999984, 61363, 10570, 17833.5, 20662, 25923, 28993, 32775, 38850, 0
35.001579, 5.000016, 61391, 10548, 17836.1, 20690, 25918, 28879, 32321, 38850, 0
40.001622, 5.000043, 61357, 10564, 17843.0, 20662, 26038, 28989, 32721, 38509, 0
45.001657, 5.000035, 61261, 10511, 17827.4, 20686, 25914, 28895, 32492, 37681, 0
50.001584, 4.999927, 61353, 10534, 17819.3, 20101, 25914, 28917, 32301, 39287, 0
55.001564, 4.99998, 61307, 10563, 17837.8, 20686, 25946, 28990, 32245, 39287, 0
60.001563, 4.999999, 61133, 10547, 17866.5, 20739, 25949, 28930, 32367, 40142, 0
65.001561, 4.999998, 61059, 10508, 17893.6, 20732, 25995, 29071, 32445, 38500, 0
70.001772, 5.000211, 61186, 10554, 17885.7, 20681, 25997, 29109, 32619, 40196, 0
75.001565, 4.999793, 61151, 10584, 17888.6, 20691, 26019, 29041, 32573, 40196, 0
80.001572, 5.000007, 61276, 10555, 17863.0, 20703, 25981, 28994, 32328, 36875, 0
85.001581, 5.000009, 61199, 10524, 17859.0, 20730, 25972, 28866, 32316, 36814, 0
90.001574, 4.999993, 61242, 10522, 17853.5, 20717, 25923, 28947, 32425, 39076, 0
95.001578, 5.000004, 61031, 10518, 17884.9, 20732, 26027, 29030, 32391, 40561, 0
100.001594, 5.000016, 61045, 10518, 17912.5, 20755, 26004, 29068, 32730, 37810, 0
105.001585, 4.999991, 61045, 10542, 17921.6, 20787, 25982, 29076, 32729, 40380, 0
110.001585, 5.0, 61157, 10520, 17893.4, 20757, 25990, 28961, 32598, 39773, 0
115.001642, 5.000057, 61290, 10533, 17863.5, 20731, 25927, 28969, 32262, 40928, 0
120.001591, 4.999949, 61288, 10542, 17852.9, 20700, 25944, 28972, 32820, 40865, 0
121.00464, 1.003049, 12180, 10542, 17875.2, 20728, 25967, 29024, 32684, 38234, 0
