elapsed, window, n, min, mean, median, 95th, 99th, 99_9th, max, errors
5.000931, 5.000931, 200, 1625, 208993.9, 33290, 664242, 746333, 962583, 962583, 0
10.002107, 5.001176, 400, 1075, 213889.5, 97221, 609141, 639865, 668847, 668847, 0
15.001836, 4.999729, 351, 1051, 299883.6, 359193, 619349, 640132, 668847, 668847, 0
20.001953, 5.000117, 356, 950, 276338.4, 323440, 586993, 624700, 640132, 645336, 0
25.001818, 4.999865, 213, 1118, 195132.8, 82989, 518159, 544866, 547969, 547969, 0
30.001933, 5.000115, 180, 1217, 146444.6, 15145, 404457, 490238, 611206, 611206, 0
35.001948, 5.000015, 100, 5476, 360431.7, 401382, 500884, 530673, 566124, 566124, 0
40.001904, 4.999956, 200, 1121, 190696.5, 108597, 478498, 544835, 592800, 592800, 0
45.00186, 4.999956, 100, 2211, 394391.5, 445828, 508112, 526156, 526753, 526753, 0
50.001932, 5.000072, 275, 1143, 398744.5, 434119, 618865, 639888, 650733, 650733, 0
55.001876, 4.999944, 25, 54629, 456257.6, 469229, 618865, 634224, 639888, 639888, 0
60.001888, 5.000012, 330, 1302, 347844.6, 390353, 529835, 551410, 570727, 570727, 0
65.001944, 5.000056, 382, 1111, 116982.9, 4387, 510777, 554145, 612826, 612826, 0
70.001923, 4.999979, 88, 62508, 476481.0, 533351, 658419, 675119, 701139, 701139, 0
75.001933, 5.00001, 100, 4983, 391960.2, 423227, 596699, 625930, 633342, 633342, 0
80.001821, 4.999888, 0, 0, 0, 0, 0, 0, 0, 0, 0
85.001995, 5.000174, 103, 1897, 283047.9, 329923, 518771, 538784, 552814, 552814, 0
90.001939, 4.999944, 651, 1017, 132712.7, 10178, 521939, 623218, 689074, 689704, 0
95.001803, 4.999864, 790, 991, 172052.5, 30810, 525252, 570718, 595242, 628946, 0
100.001978, 5.000175, 157, 1031, 185264.3, 64112, 512944, 546519, 556619, 556619, 0
105.001974, 4.999996, 235, 995, 199993.9, 101427, 537371, 663701, 745843, 745843, 0
110.001881, 4.999907, 264, 934, 161177.5, 5778, 557359, 654814, 745843, 745843, 0
115.001931, 5.00005, 105, 1197, 304066.0, 350805, 535659, 571198, 575688, 575688, 0
120.001945, 5.000014, 396, 1135, 183463.7, 35803, 564877, 604383, 616431, 616431, 0
121.004002, 1.002057, 13, 1135, 189717.1, 48865, 568406, 605590, 635819, 635819, 0
