elapsed, window, n, min, mean, median, 95th, 99th, 99_9th, max, errors
5.000561, 5.000561, 59623, 20618, 24930.9, 24493, 29533, 33073, 37763, 45274, 0
10.001424, 5.000863, 59812, 20702, 24671.8, 24345, 28743, 31051, 34217, 37775, 0
15.001388, 4.999964, 59865, 20752, 24676.6, 24340, 28738, 31037, 33823, 38034, 0
20.001383, 4.999995, 59874, 20709, 24645.6, 24336, 28628, 30866, 33616, 39152, 0
25.001392, 5.000009, 59911, 20669, 24659.9, 24324, 28728, 31089, 34092, 39152, 0
30.00139, 4.999998, 59936, 20671, 24637.5, 24317, 28668, 30847, 33647, 40189, 0
35.001662, 5.000272, 59961, 20557, 24618.9, 24300, 28607, 30860, 33484, 39213, 0
40.001492, 4.99983, 59972, 20710, 24596.6, 24285, 28557, 30777, 33936, 37901, 0
45.001376, 4.999884, 59936, 20587, 24608.6, 24292, 28562, 30741, 33336, 37080, 0
50.001432, 5.000056, 60071, 20587, 24622.1, 24303, 28578, 30806, 33240, 40443, 0
55.001372, 4.99994, 59883, 20644, 24625.2, 24320, 28555, 30699, 33355, 36445, 0
60.001388, 5.000016, 60028, 20572, 24589.7, 24290, 28483, 30613, 33190, 37196, 0
65.001573, 5.000185, 59993, 20665, 24608.6, 24308, 28579, 30642, 33195, 37962, 0
70.001385, 4.999812, 59835, 20665, 24644.6, 24344, 28615, 30687, 33386, 39082, 0
75.001372, 4.999987, 59980, 20658, 24612.9, 24302, 28544, 30623, 33157, 39137, 0
80.00156, 5.000188, 60057, 20680, 24594.1, 24292, 28496, 30574, 33131, 37701, 0
85.001443, 4.999883, 59962, 20680, 24617.2, 24313, 28558, 30693, 33247, 37737, 0
90.00141, 4.999967, 59912, 20681, 24615.2, 24312, 28533, 30688, 33088, 36874, 0
95.001494, 5.000084, 60053, 20770, 24586.7, 24294, 28478, 30531, 33058, 37104, 0
100.001437, 4.999943, 60004, 20677, 24604.2, 24306, 28491, 30576, 33152, 36704, 0
105.001439, 5.000002, 60032, 20721, 24613.9, 24314, 28494, 30558, 33369, 38281, 0
110.001411, 4.999972, 60041, 20697, 24598.2, 24284, 28538, 30669, 33202, 38281, 0
115.001434, 5.000023, 59974, 20680, 24598.7, 24301, 28505, 30595, 33069, 36776, 0
120.001401, 4.999967, 60022, 20691, 24592.0, 24280, 28533, 30612, 33008, 36349, 0
121.005548, 1.004147, 12057, 20691, 24587.3, 24279, 28526, 30607, 33016, 36349, 0
