elapsed, window, n, min, mean, median, 95th, 99th, 99_9th, max, errors
5.001004, 5.001004, 23300, 22072, 38412.5, 38019, 52874, 63050, 85680, 98793, 8833
10.002025, 5.001021, 25869, 22314, 39156.8, 38652, 54089, 63323, 79636, 93012, 5847
15.000954, 4.998929, 26767, 21876, 39525.5, 38647, 57113, 73420, 98251, 116607, 4652
20.001968, 5.001014, 26966, 22113, 39844.4, 39114, 55773, 67934, 87053, 114840, 4309
25.001961, 4.999993, 27558, 22113, 39986.5, 39121, 56809, 72033, 90551, 111356, 3611
30.001993, 5.000032, 27851, 22068, 40114.8, 39519, 55564, 65697, 79423, 89632, 3199
35.001953, 4.99996, 28108, 22068, 40351.6, 39768, 55695, 65017, 77849, 88665, 2808
40.001991, 5.000038, 28406, 22368, 40479.8, 39674, 57154, 68521, 84980, 106990, 2393
45.002132, 5.000141, 28520, 22333, 40847.3, 39783, 58016, 76950, 103949, 126986, 1988
50.000953, 4.998821, 27921, 22521, 40631.7, 39966, 56345, 67700, 86501, 97529, 2764
55.001954, 5.001001, 28222, 22110, 40732.9, 39846, 58211, 70323, 86130, 105338, 2392
60.00206, 5.000106, 27688, 22348, 41036.1, 40212, 57127, 69058, 87516, 104948, 2663
65.000954, 4.998894, 27560, 22579, 41448.1, 40031, 57743, 84575, 118913, 143815, 2454
70.002199, 5.001245, 28257, 22712, 41823.6, 40249, 59145, 84308, 113488, 131313, 1569
75.000956, 4.998757, 28026, 22407, 42240.8, 40126, 60692, 99348, 128552, 154555, 1480
80.001953, 5.000997, 28194, 22432, 42295.3, 40390, 60554, 94954, 136119, 158373, 1238
85.002136, 5.000183, 28249, 22314, 42121.4, 40473, 60038, 86402, 136192, 158373, 1434
90.000954, 4.998818, 28465, 22144, 42019.1, 40755, 59586, 74975, 97628, 122918, 1241
95.001977, 5.001023, 27974, 22144, 42410.0, 40814, 60489, 79851, 104842, 130968, 1418
100.001981, 5.000004, 28166, 22313, 42270.1, 40289, 61772, 90236, 141652, 174473, 1376
105.002038, 5.000057, 28354, 23147, 42116.8, 40768, 60177, 74466, 94554, 114762, 1261
110.001006, 4.998968, 28481, 22559, 42312.3, 40596, 59667, 91903, 129773, 148017, 1034
115.001954, 5.000948, 28175, 22413, 42362.6, 41031, 59211, 80181, 123403, 152702, 1264
120.001971, 5.000017, 27915, 22622, 42909.8, 40887, 64009, 86419, 117727, 130021, 1148
121.005055, 1.003084, 5575, 22622, 42960.4, 40894, 64457, 87045, 116950, 140667, 209
