elapsed, window, total, successful, failed
5.001167, 5.001167, 11399, 11399, 0
10.001246, 5.000079, 11447, 11447, 0
15.001141, 4.999895, 11433, 11433, 0
20.00108, 4.999939, 11408, 11408, 0
25.001033, 4.999953, 11457, 11457, 0
30.001035, 5.000002, 11356, 11356, 0
35.001025, 4.99999, 11332, 11332, 0
40.001068, 5.000043, 11355, 11355, 0
45.001049, 4.999981, 11274, 11274, 0
50.00104, 4.999991, 11244, 11244, 0
55.001175, 5.000135, 11166, 11166, 0
60.001037, 4.999862, 11158, 11158, 0
65.001026, 4.999989, 11158, 11158, 0
70.00106, 5.000034, 11126, 11126, 0
75.001075, 5.000015, 11114, 11114, 0
80.001038, 4.999963, 10999, 10999, 0
85.001105, 5.000067, 10983, 10983, 0
90.001056, 4.999951, 11041, 11041, 0
95.001175, 5.000119, 10914, 10914, 0
100.00108, 4.999905, 10930, 10930, 0
105.001014, 4.999934, 10858, 10858, 0
110.00105, 5.000036, 10980, 10980, 0
115.001086, 5.000036, 10758, 10758, 0
120.001033, 4.999947, 10771, 10771, 0
125.001052, 5.000019, 10725, 10725, 0
130.001058, 5.000006, 10741, 10741, 0
135.001099, 5.000041, 10660, 10660, 0
140.001046, 4.999947, 10717, 10717, 0
145.001015, 4.999969, 10698, 10698, 0
150.001076, 5.000061, 10748, 10748, 0
155.001123, 5.000047, 10741, 10741, 0
160.001042, 4.999919, 10707, 10707, 0
165.001027, 4.999985, 10723, 10723, 0
170.001154, 5.000127, 10680, 10680, 0
175.001039, 4.999885, 10787, 10787, 0
180.00107, 5.000031, 10699, 10699, 0
185.001093, 5.000023, 10766, 10766, 0
190.001038, 4.999945, 10738, 10738, 0
195.001089, 5.000051, 10713, 10713, 0
200.001032, 4.999943, 10680, 10680, 0
205.001162, 5.00013, 10697, 10697, 0
210.001077, 4.999915, 10664, 10664, 0
215.001052, 4.999975, 10789, 10789, 0
220.001148, 5.000096, 10737, 10737, 0
225.001047, 4.999899, 10777, 10777, 0
230.00104, 4.999993, 10705, 10705, 0
235.00112, 5.00008, 10688, 10688, 0
240.001076, 4.999956, 10616, 10616, 0
245.001143, 5.000067, 10659, 10659, 0
250.001143, 5.0, 10640, 10640, 0
255.001141, 4.999998, 10654, 10654, 0
260.00118, 5.000039, 10246, 10246, 0
265.001016, 4.999836, 9173, 9173, 0
270.001013, 4.999997, 10356, 10356, 0
275.001052, 5.000039, 10538, 10538, 0
280.001127, 5.000075, 10535, 10535, 0
285.001157, 5.00003, 10395, 10395, 0
290.001036, 4.999879, 10537, 10537, 0
295.001097, 5.000061, 10501, 10501, 0
300.001022, 4.999925, 10458, 10458, 0
301.041327, 1.040305, 2272, 2272, 0
