elapsed, window, n, min, mean, median, 95th, 99th, 99_9th, max, errors
5.000707, 5.000707, 6049, 0, 0.0, 0, 0, 0, 0, 0, 0
10.001708, 5.001001, 6053, 0, 0.0, 0, 0, 0, 0, 0, 0
15.001715, 5.000007, 6054, 0, 0.0, 0, 0, 0, 0, 0, 0
20.001713, 4.999998, 6056, 0, 0.0, 0, 0, 0, 0, 0, 0
25.001715, 5.000002, 6054, 0, 0.0, 0, 0, 0, 0, 0, 0
30.001709, 4.999994, 6062, 0, 0.0, 0, 0, 0, 0, 0, 0
35.001712, 5.000003, 6058, 0, 0.0, 0, 0, 0, 0, 0, 0
40.001713, 5.000001, 6057, 0, 0.0, 0, 0, 0, 0, 0, 0
45.00171, 4.999997, 6057, 0, 0.0, 0, 0, 0, 0, 0, 0
50.001707, 4.999997, 6061, 0, 0.0, 0, 0, 0, 0, 0, 0
55.001709, 5.000002, 6058, 0, 0.0, 0, 0, 0, 0, 0, 0
60.00171, 5.000001, 6056, 0, 0.0, 0, 0, 0, 0, 0, 0
65.001707, 4.999997, 6065, 0, 0.0, 0, 0, 0, 0, 0, 0
70.00166, 4.999953, 6053, 0, 0.0, 0, 0, 0, 0, 0, 0
75.001709, 5.000049, 6054, 0, 0.0, 0, 0, 0, 0, 0, 0
80.00169, 4.999981, 6059, 0, 0.0, 0, 0, 0, 0, 0, 0
85.001659, 4.999969, 6056, 0, 0.0, 0, 0, 0, 0, 0, 0
90.00171, 5.000051, 6063, 0, 0.0, 0, 0, 0, 0, 0, 0
95.001709, 4.999999, 6056, 0, 0.0, 0, 0, 0, 0, 0, 0
100.001716, 5.000007, 6061, 0, 0.0, 0, 0, 0, 0, 0, 0
105.001712, 4.999996, 6064, 0, 0.0, 0, 0, 0, 0, 0, 0
110.00171, 4.999998, 6055, 0, 0.0, 0, 0, 0, 0, 0, 0
115.001708, 4.999998, 6053, 0, 0.0, 0, 0, 0, 0, 0, 0
120.00171, 5.000002, 6059, 0, 0.0, 0, 0, 0, 0, 0, 0
121.001748, 1.000038, 1211, 0, 0.0, 0, 0, 0, 0, 0, 0
