elapsed, window, n, min, mean, median, 95th, 99th, 99_9th, max, errors
5.000654, 5.000654, 50, 492, 19160.9, 935, 125640, 173580, 173580, 173580, 0
10.00168, 5.001026, 982, 447, 9445.5, 787, 77958, 130453, 164108, 168793, 0
15.001717, 5.000037, 446, 482, 7861.7, 746, 60623, 147120, 172490, 182638, 0
20.001776, 5.000059, 695, 500, 13824.3, 779, 118003, 172490, 189265, 198527, 0
25.001655, 4.999879, 345, 481, 13010.1, 750, 90529, 135228, 190284, 190284, 0
30.001677, 5.000022, 232, 506, 11760.2, 732, 91939, 130823, 178042, 178042, 0
35.001745, 5.000068, 120, 534, 10360.1, 699, 99502, 143134, 157376, 157376, 0
40.001627, 4.999882, 30, 534, 12223.2, 718, 99502, 138371, 143134, 143134, 0
45.001636, 5.000009, 196, 554, 23028.8, 767, 143993, 222606, 246734, 246734, 0
50.001603, 4.999967, 54, 583, 17510.5, 757, 99332, 192367, 196332, 196332, 0
55.001703, 5.0001, 201, 531, 10224.2, 710, 78256, 122885, 148304, 148304, 0
60.001741, 5.000038, 835, 493, 12586.4, 763, 99506, 196670, 259908, 277359, 0
65.001633, 4.999892, 1066, 463, 10744.9, 739, 90909, 178129, 269092, 280620, 0
70.00161, 4.999977, 792, 468, 15477.5, 750, 113855, 162045, 229292, 254272, 0
75.001647, 5.000037, 332, 498, 15725.2, 760, 116217, 200359, 240688, 240688, 0
80.001746, 5.000099, 194, 498, 9562.8, 730, 72333, 142424, 160340, 160340, 0
85.001747, 5.000001, 419, 535, 13680.2, 757, 101589, 135565, 184122, 184122, 0
90.001735, 4.999988, 409, 506, 19000.6, 784, 125347, 182315, 226590, 226590, 0
95.001741, 5.000006, 341, 502, 12096.7, 742, 81977, 142398, 170357, 170357, 0
100.001695, 4.999954, 377, 501, 15842.5, 756, 109925, 173664, 224441, 224441, 0
105.001824, 5.000129, 67, 561, 19602.3, 758, 145864, 190074, 196480, 196480, 0
110.001632, 4.999808, 429, 501, 7491.8, 730, 52607, 134371, 157723, 157723, 0
115.001744, 5.000112, 543, 497, 13269.4, 768, 98015, 190133, 222433, 224391, 0
120.001804, 5.00006, 786, 492, 13914.8, 768, 116425, 229060, 283106, 325254, 0
121.005878, 1.004074, 121, 492, 13761.6, 798, 119316, 229060, 283106, 325254, 0
