elapsed, window, n, min, mean, median, 95th, 99th, 99_9th, max, errors
5.001023, 5.001023, 8417, 950, 2428.7, 1283, 8806, 12344, 14923, 15607, 0
10.001145, 5.000122, 8817, 921, 2337.8, 1237, 8682, 11919, 14569, 17378, 0
15.001168, 5.000023, 8770, 902, 2348.5, 1267, 8580, 11612, 14828, 20927, 0
20.001031, 4.999863, 8487, 917, 2391.3, 1305, 8786, 11947, 14892, 20927, 0
25.002071, 5.00104, 8758, 942, 2335.5, 1294, 8525, 11411, 14731, 15459, 0
30.00105, 4.998979, 8691, 945, 2368.3, 1277, 8644, 11851, 14889, 15492, 0
35.001063, 5.000013, 8826, 946, 2317.0, 1267, 8590, 11970, 14845, 16751, 0
40.001163, 5.0001, 8753, 923, 2325.1, 1302, 8590, 11872, 14494, 15363, 0
45.001017, 4.999854, 9057, 923, 2285.1, 1238, 8479, 11940, 14590, 16248, 0
50.002151, 5.001134, 8711, 894, 2319.2, 1233, 8579, 11921, 14740, 15760, 0
55.001086, 4.998935, 9010, 948, 2303.7, 1256, 8562, 12052, 14399, 15692, 0
60.001151, 5.000065, 8887, 970, 2334.7, 1267, 8558, 11895, 14677, 16019, 0
65.001039, 4.999888, 8902, 929, 2320.3, 1227, 8636, 12366, 14618, 18236, 0
70.001088, 5.000049, 8663, 938, 2329.5, 1264, 8539, 11365, 14697, 16297, 0
75.001064, 4.999976, 8632, 920, 2364.0, 1244, 8782, 11686, 14535, 15549, 0
80.001034, 4.99997, 8505, 946, 2389.1, 1286, 8754, 12228, 14810, 22155, 0
85.001105, 5.000071, 8686, 976, 2386.7, 1332, 8700, 12136, 14678, 18193, 0
90.001036, 4.999931, 8464, 995, 2407.8, 1322, 8674, 12147, 14781, 15495, 0
95.001113, 5.000077, 8833, 976, 2333.2, 1329, 8532, 11503, 14617, 15446, 0
100.001039, 4.999926, 8617, 943, 2364.1, 1315, 8507, 12094, 14668, 15446, 0
105.002103, 5.001064, 8509, 934, 2410.6, 1326, 8582, 11755, 14376, 15522, 0
110.001165, 4.999062, 8515, 997, 2409.3, 1326, 8707, 11575, 14043, 15337, 0
115.00102, 4.999855, 8779, 933, 2352.0, 1313, 8539, 11493, 14734, 20166, 0
120.001124, 5.000104, 8637, 993, 2392.8, 1321, 8626, 12117, 14942, 18180, 0
121.00237, 1.001246, 1695, 982, 2392.2, 1313, 8649, 12276, 14771, 18180, 0
