elapsed, window, n, min, mean, median, 95th, 99th, 99_9th, max, errors
5.00064, 5.00064, 70671, 374, 2403.4, 1779, 6914, 8576, 10350, 12242, 0
10.00163, 5.00099, 66420, 368, 2401.4, 1831, 6865, 8535, 10043, 12629, 0
15.001658, 5.000028, 66322, 368, 2397.1, 1802, 6861, 8544, 10181, 13325, 0
20.001607, 4.999949, 66628, 383, 2388.6, 1795, 6844, 8568, 10174, 12814, 0
25.001614, 5.000007, 65846, 367, 2399.8, 1815, 6889, 8557, 10019, 12538, 0
30.001578, 4.999964, 65859, 346, 2427.7, 1849, 6904, 8673, 10158, 13233, 0
35.001607, 5.000029, 66316, 376, 2415.7, 1821, 6879, 8593, 10255, 13876, 0
40.001704, 5.000097, 65890, 368, 2415.4, 1819, 6949, 8587, 10196, 12188, 0
45.001674, 4.99997, 66362, 316, 2412.7, 1819, 6924, 8725, 10556, 17939, 0
50.001594, 4.99992, 65834, 373, 2421.7, 1816, 6931, 8652, 10250, 12607, 0
55.001648, 5.000054, 65650, 365, 2424.9, 1817, 6935, 8721, 10438, 16053, 0
60.001584, 4.999936, 65240, 369, 2424.5, 1822, 6897, 8653, 10323, 15178, 0
65.00157, 4.999986, 64973, 352, 2422.7, 1798, 6906, 8672, 10272, 13506, 0
70.001654, 5.000084, 65780, 373, 2421.3, 1803, 6916, 8695, 10307, 12591, 0
75.001603, 4.999949, 65258, 380, 2416.4, 1789, 6937, 8741, 10417, 13370, 0
80.001619, 5.000016, 65173, 391, 2438.7, 1827, 6932, 8708, 10327, 12969, 0
85.001635, 5.000016, 64822, 360, 2459.8, 1862, 6911, 8736, 10299, 12666, 0
90.001565, 4.99993, 64587, 360, 2479.2, 1870, 6929, 8784, 10471, 12802, 0
95.0017, 5.000135, 64557, 346, 2466.9, 1868, 6895, 8748, 10418, 12683, 0
100.001725, 5.000025, 64741, 376, 2467.0, 1879, 6882, 8731, 10338, 11946, 0
105.001589, 4.999864, 63989, 372, 2471.2, 1864, 6922, 8775, 10438, 13681, 0
110.001573, 4.999984, 65013, 344, 2470.9, 1859, 6938, 8798, 10340, 13681, 0
115.00162, 5.000047, 65166, 382, 2463.9, 1871, 6952, 8793, 10399, 12687, 0
120.001705, 5.000085, 64850, 369, 2455.5, 1869, 6928, 8748, 10441, 13844, 0
121.003629, 1.001924, 13455, 369, 2456.1, 1860, 6932, 8726, 10361, 13844, 0
