elapsed, window, n, min, mean, median, 95th, 99th, 99_9th, max, errors
5.000306, 5.000306, 150616, 324, 2889.4, 872, 6773, 7260, 24189, 47975, 0
10.001263, 5.000957, 150081, 329, 2823.7, 876, 6763, 7177, 7829, 12312, 0
15.001307, 5.000044, 147294, 315, 2858.9, 877, 6762, 7159, 7927, 12042, 0
20.001259, 4.999952, 148590, 321, 2859.6, 868, 6759, 7174, 7931, 11807, 0
25.001284, 5.000025, 146718, 317, 2877.7, 873, 6759, 7168, 7854, 11807, 0
30.001267, 4.999983, 148175, 317, 2863.0, 874, 6757, 7149, 7787, 10462, 0
35.001303, 5.000036, 148001, 329, 2864.7, 867, 6754, 7145, 7836, 12521, 0
40.001363, 5.00006, 146905, 324, 2883.4, 879, 6756, 7149, 7855, 11280, 0
45.00129, 4.999927, 149293, 324, 2847.5, 878, 6756, 7145, 7761, 10429, 0
50.001354, 5.000064, 146782, 325, 2868.7, 874, 6750, 7120, 7704, 10875, 0
55.001284, 4.99993, 146973, 327, 2885.1, 894, 6771, 7181, 8240, 18457, 0
60.001274, 4.99999, 146576, 330, 2889.4, 868, 6756, 7146, 7793, 11718, 0
65.001301, 5.000027, 145116, 315, 2913.9, 871, 6755, 7143, 7885, 15475, 0
70.001253, 4.999952, 145909, 332, 2898.7, 877, 6757, 7144, 7762, 10959, 0
75.00131, 5.000057, 145001, 321, 2918.3, 876, 6762, 7133, 7746, 11680, 0
80.001269, 4.999959, 144695, 321, 2927.2, 879, 6750, 7124, 7667, 11113, 0
85.001301, 5.000032, 146161, 336, 2902.4, 897, 6780, 7171, 7898, 10949, 0
90.001256, 4.999955, 146245, 330, 2899.5, 897, 6773, 7168, 7839, 10512, 0
95.001251, 4.999995, 147533, 330, 2877.3, 899, 6780, 7188, 7860, 11589, 0
100.001294, 5.000043, 146708, 331, 2880.9, 909, 6805, 7224, 8069, 13932, 0
105.001337, 5.000043, 146951, 327, 2885.7, 899, 6778, 7175, 8040, 13932, 0
110.001343, 5.000006, 146394, 333, 2890.0, 898, 6782, 7188, 7875, 11207, 0
115.00127, 4.999927, 146360, 307, 2908.5, 909, 6786, 7189, 7966, 12220, 0
120.001349, 5.000079, 146208, 329, 2900.9, 911, 6798, 7204, 7847, 11038, 0
121.002432, 1.001083, 28948, 329, 2901.6, 908, 6793, 7191, 7863, 11424, 0
