elapsed, window, n, min, mean, median, 95th, 99th, 99_9th, max, errors
5.000381, 5.000381, 21948, 4, 11.2, 10, 18, 25, 35, 115, 0
10.001336, 5.000955, 21964, 5, 11.1, 10, 18, 25, 36, 76, 0
15.001142, 4.999806, 21966, 5, 11.0, 10, 18, 24, 34, 93, 0
20.001141, 4.999999, 22029, 5, 11.1, 10, 18, 25, 37, 73, 0
25.001153, 5.000012, 21980, 5, 11.0, 10, 18, 24, 38, 79, 0
30.001181, 5.000028, 22051, 5, 10.9, 10, 18, 23, 34, 64, 0
35.00115, 4.999969, 22050, 5, 10.9, 10, 17, 24, 34, 78, 0
40.00115, 5.0, 22007, 5, 10.9, 10, 17, 24, 37, 83, 0
45.001151, 5.000001, 22023, 5, 11.0, 10, 18, 24, 35, 87, 0
50.001221, 5.00007, 22023, 5, 11.0, 10, 18, 24, 35, 121, 0
55.001367, 5.000146, 22030, 5, 11.0, 10, 18, 25, 36, 89, 0
60.001134, 4.999767, 22045, 5, 10.9, 10, 17, 24, 36, 81, 0
65.001139, 5.000005, 22031, 5, 10.9, 10, 17, 24, 34, 79, 0
70.001139, 5.0, 22008, 5, 11.0, 10, 17, 24, 34, 72, 0
75.001207, 5.000068, 22026, 5, 10.9, 10, 18, 24, 37, 73, 0
80.001151, 4.999944, 22024, 5, 11.0, 10, 17, 25, 35, 78, 0
85.001148, 4.999997, 22012, 5, 11.0, 10, 18, 25, 38, 78, 0
90.00118, 5.000032, 22001, 5, 10.9, 10, 18, 24, 35, 70, 0
95.001152, 4.999972, 22016, 5, 10.9, 10, 17, 24, 37, 86, 0
100.001143, 4.999991, 22031, 4, 10.8, 10, 17, 23, 35, 69, 0
105.001146, 5.000003, 21994, 5, 10.8, 10, 17, 23, 33, 68, 0
110.001135, 4.999989, 21989, 4, 11.0, 10, 17, 24, 36, 80, 0
115.001139, 5.000004, 21984, 5, 11.1, 10, 18, 25, 37, 82, 0
120.001166, 5.000027, 21983, 5, 10.9, 10, 17, 24, 35, 174, 0
121.002198, 1.001032, 4401, 5, 10.9, 10, 17, 24, 36, 174, 0
