elapsed, window, n, min, mean, median, 95th, 99th, 99_9th, max, errors
5.00049, 5.00049, 2289, 91353, 137959.9, 98589, 216488, 248457, 259535, 263236, 3
10.001517, 5.001027, 1863, 91436, 156032.5, 164405, 251452, 352596, 381314, 420722, 0
15.00161, 5.000093, 1939, 91586, 149413.8, 164551, 214630, 234775, 290560, 307936, 2
20.001436, 4.999826, 1921, 91622, 148159.3, 161974, 211876, 236810, 265089, 278351, 1
25.001441, 5.000005, 1855, 91586, 151373.3, 160343, 223773, 245904, 272940, 273571, 0
30.001437, 4.999996, 1944, 91534, 149752.9, 168924, 212160, 229802, 240952, 243957, 2
35.00143, 4.999993, 1815, 91480, 152003.7, 167289, 224109, 254365, 296135, 305782, 0
40.001518, 5.000088, 1899, 91474, 151374.1, 166329, 220789, 239707, 255655, 259680, 1
45.001548, 5.00003, 1948, 91585, 147658.8, 163880, 211081, 224304, 235551, 245557, 1
50.001435, 4.999887, 1924, 91327, 149553.3, 167061, 215905, 247016, 282986, 289456, 1
55.001456, 5.000021, 1839, 91537, 151904.2, 168086, 222854, 255081, 291759, 313834, 0
60.001457, 5.000001, 1871, 91482, 150833.5, 162126, 225771, 275884, 306332, 311281, 1
65.001574, 5.000117, 1908, 91287, 148073.4, 161922, 214979, 241877, 274669, 276478, 2
70.001483, 4.999909, 1966, 91553, 149130.7, 168550, 212373, 227650, 247185, 253982, 0
75.001428, 4.999945, 1898, 91490, 153120.4, 178250, 218113, 233492, 247197, 253415, 1
80.001429, 5.000001, 1979, 91565, 149508.3, 169871, 212530, 228771, 246201, 248169, 2
85.001498, 5.000069, 1966, 91360, 149377.5, 167622, 212364, 231825, 255296, 258860, 1
90.001526, 5.000028, 1932, 91496, 149177.8, 165321, 212754, 234742, 261235, 264542, 2
95.001449, 4.999923, 1871, 91363, 151691.5, 164073, 228097, 261434, 283033, 289783, 2
100.001525, 5.000076, 1947, 91627, 147944.0, 165728, 212074, 231019, 253858, 265693, 1
105.001458, 4.999933, 1960, 91499, 150436.3, 169773, 214185, 229718, 244206, 270777, 0
110.001461, 5.000003, 1824, 91446, 153793.9, 160646, 226302, 358817, 618166, 651918, 0
115.00155, 5.000089, 1971, 91176, 148400.9, 164809, 211621, 228540, 242511, 250200, 1
120.001428, 4.999878, 1941, 91393, 149208.5, 165284, 213882, 239372, 267601, 269471, 0
121.005597, 1.004169, 373, 91508, 150229.8, 167562, 215947, 242675, 267601, 269471, 0
