elapsed, window, n, min, mean, median, 95th, 99th, 99_9th, max, errors
5.000742, 5.000742, 41646, 81, 145.6, 123, 222, 408, 2390, 3560, 0
10.00127, 5.000528, 43439, 80, 133.9, 123, 206, 276, 421, 1050, 0
15.001318, 5.000048, 45171, 83, 135.0, 124, 210, 278, 397, 1509, 0
20.001259, 4.999941, 44613, 83, 134.3, 123, 208, 272, 398, 991, 0
25.001325, 5.000066, 45475, 79, 136.1, 124, 213, 289, 474, 4693, 0
30.001294, 4.999969, 45386, 79, 135.2, 124, 211, 285, 441, 2412, 0
35.001259, 4.999965, 45593, 81, 135.1, 124, 212, 283, 422, 798, 0
40.001265, 5.000006, 45494, 81, 134.7, 123, 211, 281, 400, 911, 0
45.001319, 5.000054, 45262, 78, 136.8, 125, 214, 281, 413, 4632, 0
50.001263, 4.999944, 44963, 79, 135.4, 124, 212, 281, 405, 776, 0
55.001281, 5.000018, 45380, 80, 134.3, 123, 210, 279, 397, 788, 0
60.001256, 4.999975, 45442, 80, 136.0, 124, 212, 285, 421, 3123, 0
65.001316, 5.00006, 45686, 81, 136.2, 125, 214, 283, 401, 744, 0
70.001371, 5.000055, 44520, 81, 135.9, 124, 212, 282, 397, 1174, 0
75.001345, 4.999974, 44970, 80, 135.8, 124, 213, 285, 493, 1859, 0
80.001277, 4.999932, 45441, 79, 134.5, 123, 208, 278, 426, 791, 0
85.001258, 4.999981, 44979, 81, 137.3, 125, 214, 285, 431, 4055, 0
90.001258, 5.0, 44751, 81, 137.0, 125, 215, 288, 467, 4170, 0
95.001535, 5.000277, 45587, 77, 139.8, 127, 220, 290, 455, 4077, 0
100.001275, 4.99974, 45444, 80, 139.5, 127, 221, 291, 424, 4595, 0
105.001274, 4.999999, 44835, 78, 137.2, 125, 214, 289, 448, 4702, 0
110.00127, 4.999996, 45535, 81, 138.8, 127, 218, 289, 417, 1764, 0
115.001259, 4.999989, 45082, 83, 139.9, 128, 220, 294, 439, 792, 0
120.001282, 5.000023, 44570, 82, 139.3, 127, 221, 290, 414, 958, 0
121.004406, 1.003124, 9178, 81, 138.3, 127, 218, 283, 393, 769, 0
