elapsed, window, n, min, mean, max, errors, median
5.000419, 5.000419,4560, 638,946.801, 4294,0,925.175
10.000493, 5.000074,4992, 659,919.035, 5467,0,898.127
15.001507, 5.001014,4919, 630,910.043, 9805,0,890.111
20.001435, 4.999928,4864, 650,902.549, 2548,0,883.945
25.001489, 5.000054,4848, 657,898.194, 2841,0,881.647
30.001508, 5.000019,4867, 631,891.518, 3702,0,874.4
35.001501, 4.999993,4936, 644,886.83, 10095,0,866.639
40.001433, 4.999932,4836, 636,884.21, 2156,0,867.285
45.001449, 5.000016,4877, 645,886.235, 2664,0,868.618
50.001489, 5.00004,4905, 623,884.082, 2427,0,865.713
55.001486, 4.999997,4816, 631,884.735, 3378,0,865.778
60.001495, 5.000009,4901, 635,880.105, 13495,0,859.327
65.001492, 4.999997,4937, 638,884.499, 6347,0,863.077
70.001503, 5.000011,4756, 631,885.282, 4246,0,866.403
75.001445, 4.999942,4833, 631,885.121, 3329,0,867.127
80.001492, 5.000047,4919, 632,884.685, 6486,0,862.283
85.001497, 5.000005,4856, 663,886.531, 2279,0,867.695
90.001486, 4.999989,4842, 640,884.295, 4848,0,864.76
95.001437, 4.999951,4906, 647,880.133, 2829,0,862.018
100.001449, 5.000012,4835, 639,880.64, 2086,0,861.919
105.001438, 4.999989,4830, 614,884.397, 2024,0,866.916
110.001486, 5.000048,4871, 640,880.653, 2312,0,863.462
115.001493, 5.000007,4932, 654,882.889, 3513,0,866.104
120.00145, 4.999957,4849, 643,886.733, 8239,0,869.628
125.001436, 4.999986,4823, 652,882.466, 9022,0,864.312
130.001495, 5.000059,4808, 654,882.474, 2870,0,865.784
135.001499, 5.000004,4941, 666,886.496, 6803,0,865.631
140.001448, 4.999949,4881, 630,882.452, 2115,0,863.295
145.001441, 4.999993,4850, 591,882.332, 2429,0,864.231
150.001491, 5.00005,4893, 591,884.222, 2571,0,866.62
155.001442, 4.999951,4917, 632,883.836, 7754,0,862.724
160.001505, 5.000063,4762, 621,881.76, 2232,0,864.531
165.001482, 4.999977,4787, 632,884.239, 3108,0,865.174
170.001487, 5.000005,4849, 607,877.644, 5127,0,859.64
175.001447, 4.99996,4951, 596,876.313, 7009,0,858.13
180.001433, 4.999986,4783, 635,882.196, 4686,0,865.722
181.043574, 1.042141,1021, 659,880.534, 4686,0,864.842

