elapsed, window, n, min, mean, median, 95th, 99th, 99_9th, max, errors
5.000781, 5.000781, 1647, 91620, 126470.3, 116728, 164919, 254384, 281795, 292127, 2
10.001819, 5.001038, 1460, 91423, 144605.0, 150782, 167941, 248316, 276001, 285411, 0
15.00184, 5.000021, 1449, 91567, 145122.1, 150287, 174610, 246555, 289827, 300515, 0
20.001883, 5.000043, 1467, 91578, 146235.5, 150646, 175072, 258350, 300619, 314219, 1
25.001868, 4.999985, 1483, 91637, 143302.5, 149929, 158705, 197855, 286664, 302059, 1
30.001791, 4.999923, 1462, 91605, 144140.4, 150045, 158787, 208200, 279824, 296373, 1
35.001792, 5.000001, 1457, 91605, 145410.3, 150475, 161509, 253328, 304996, 313364, 0
40.001797, 5.000005, 1371, 91591, 149377.6, 150929, 221816, 286671, 302684, 304088, 0
45.001791, 4.999994, 1451, 91591, 148700.9, 150699, 189849, 265972, 292429, 297034, 0
50.001775, 4.999984, 1463, 91635, 145794.2, 151027, 160030, 221347, 266611, 276085, 0
55.00185, 5.000075, 1461, 91497, 144515.6, 150471, 157954, 160371, 236845, 294996, 2
60.001794, 4.999944, 1431, 91734, 147847.8, 150764, 165206, 240984, 303085, 316391, 0
65.001836, 5.000042, 1443, 91580, 146348.5, 150926, 158970, 228322, 284641, 311855, 0
70.001832, 4.999996, 1436, 91768, 148363.0, 151333, 167887, 250969, 293513, 311855, 0
75.001799, 4.999967, 1448, 91134, 147529.7, 151070, 161476, 224414, 284918, 315575, 0
80.001802, 5.000003, 1434, 91661, 146135.5, 150745, 159709, 226042, 292657, 305769, 1
85.001857, 5.000055, 1405, 91620, 145739.0, 150488, 159225, 214718, 277157, 291943, 1
90.001842, 4.999985, 1455, 91411, 147340.4, 151207, 159359, 235055, 277391, 291219, 0
95.001841, 4.999999, 1441, 91955, 147268.3, 151078, 159595, 225860, 280471, 284779, 1
100.001857, 5.000016, 1397, 91737, 151554.5, 151955, 207102, 271102, 304256, 310468, 1
105.001811, 4.999954, 1464, 91700, 146651.5, 150828, 159332, 199794, 271462, 275633, 0
110.001797, 4.999986, 1435, 91569, 146382.9, 150855, 158887, 187621, 284979, 299491, 2
115.001818, 5.000021, 1435, 91603, 145946.7, 151037, 158587, 174984, 261606, 273102, 0
120.001802, 4.999984, 1447, 91810, 146533.1, 150860, 159345, 218319, 282988, 291965, 0
121.006037, 1.004235, 293, 91755, 147193.4, 151082, 159861, 233245, 289813, 291965, 0
