elapsed, window, n, min, mean, median, 95th, 99th, 99_9th, max, errors
5.001057, 5.001057, 0, 0, 0, 0, 0, 0, 0, 0, 0
10.001077, 5.00002, 0, 0, 0, 0, 0, 0, 0, 0, 0
15.001066, 4.999989, 32, 1465, 1779.7, 1785, 1990, 2032, 2032, 2032, 0
20.000943, 4.999877, 257, 1396, 1774.7, 1737, 2116, 2243, 2487, 2487, 0
25.001929, 5.000986, 318, 1407, 1846.6, 1793, 2326, 2843, 3165, 3165, 0
30.002063, 5.000134, 346, 1438, 1795.9, 1743, 2177, 2599, 4405, 4405, 0
35.001055, 4.998992, 165, 1335, 1780.3, 1740, 2141, 2599, 2942, 2942, 0
40.00102, 4.999965, 283, 1437, 1836.7, 1780, 2248, 2781, 3693, 3693, 0
45.002005, 5.000985, 171, 1410, 1765.4, 1736, 2121, 2585, 2687, 2687, 0
50.002044, 5.000039, 119, 1385, 1730.8, 1717, 1962, 2234, 2236, 2236, 0
55.000949, 4.998905, 205, 1348, 1749.8, 1720, 2046, 2302, 2440, 2440, 0
60.002087, 5.001138, 139, 1429, 1763.0, 1736, 2078, 2555, 2782, 2782, 0
65.001059, 4.998972, 143, 1430, 1737.4, 1689, 2126, 2364, 2611, 2611, 0
70.00105, 4.999991, 75, 1417, 1712.8, 1682, 2021, 2364, 2611, 2611, 0
75.001062, 5.000012, 114, 1400, 1716.7, 1682, 2041, 2336, 2390, 2390, 0
80.001053, 4.999991, 105, 1405, 1698.7, 1665, 1976, 2088, 2902, 2902, 0
85.001114, 5.000061, 60, 1398, 1670.9, 1659, 1846, 1995, 2146, 2146, 0
90.001055, 4.999941, 76, 1410, 1692.6, 1682, 1916, 2114, 2143, 2143, 0
95.00102, 4.999965, 45, 1435, 1686.7, 1674, 1988, 2060, 2060, 2060, 0
100.002031, 5.001011, 61, 1471, 1727.3, 1656, 2043, 2281, 2481, 2481, 0
105.002049, 5.000018, 33, 1517, 1729.3, 1695, 2015, 2101, 2481, 2481, 0
110.001069, 4.99902, 38, 1395, 1702.2, 1663, 1985, 2153, 2153, 2153, 0
115.001082, 5.000013, 34, 1436, 1692.5, 1677, 1894, 1914, 1914, 1914, 0
120.00109, 5.000008, 28, 1433, 1634.7, 1614, 1825, 1891, 1891, 1891, 0
125.001105, 5.000015, 27, 1405, 1627.3, 1616, 1826, 1911, 1911, 1911, 0
130.001075, 4.99997, 19, 1472, 1656.4, 1610, 1802, 2545, 2545, 2545, 0
135.001082, 5.000007, 24, 1333, 1631.8, 1614, 1854, 1978, 1978, 1978, 0
140.001061, 4.999979, 17, 1309, 1589.9, 1581, 1857, 1916, 1916, 1916, 0
145.001106, 5.000045, 13, 1470, 1647.5, 1619, 2052, 2057, 2057, 2057, 0
150.001108, 5.000002, 14, 1474, 1640.6, 1608, 1790, 1845, 1845, 1845, 0
155.001102, 4.999994, 11, 1520, 1706.1, 1748, 1845, 1860, 1860, 1860, 0
160.001104, 5.000002, 4, 1594, 1733.0, 1751, 1914, 1914, 1914, 1914, 0
165.001126, 5.000022, 7, 1617, 1744.6, 1737, 1914, 1914, 1914, 1914, 0
165.724389, 0.723263, 3, 1570, 1686.9, 1644, 1895, 1895, 1895, 1895, 1
