elapsed, window, n, min, mean, median, 95th, 99th, 99_9th, max, errors
5.000214, 5.000214, 109343, 419, 2641.1, 2112, 7307, 8486, 9847, 13248, 0
10.001212, 5.000998, 107286, 428, 2647.4, 2124, 7317, 8514, 9877, 12543, 0
15.00119, 4.999978, 106185, 428, 2653.3, 2118, 7335, 8540, 9864, 12823, 0
20.001165, 4.999975, 106555, 441, 2658.5, 2127, 7334, 8551, 9805, 12823, 0
25.001191, 5.000026, 107094, 453, 2647.7, 2123, 7304, 8536, 9795, 12012, 0
30.001226, 5.000035, 106340, 442, 2652.1, 2114, 7329, 8513, 9808, 13032, 0
35.00118, 4.999954, 106470, 439, 2654.4, 2129, 7326, 8502, 9787, 12321, 0
40.001162, 4.999982, 106336, 439, 2657.0, 2130, 7309, 8517, 9874, 14252, 0
45.001242, 5.00008, 106032, 419, 2670.7, 2128, 7344, 8564, 9924, 13983, 0
50.001161, 4.999919, 106533, 444, 2657.7, 2120, 7332, 8532, 9832, 13983, 0
55.001177, 5.000016, 106360, 420, 2663.4, 2130, 7346, 8565, 9912, 17336, 0
60.00116, 4.999983, 105677, 426, 2676.6, 2136, 7356, 8546, 9737, 12114, 0
65.001161, 5.000001, 106112, 428, 2672.0, 2136, 7353, 8558, 9910, 16086, 0
70.001156, 4.999995, 106107, 428, 2666.2, 2133, 7355, 8573, 9905, 14701, 0
75.001195, 5.000039, 105765, 461, 2672.7, 2149, 7348, 8576, 9870, 13315, 0
80.001169, 4.999974, 105800, 445, 2679.9, 2145, 7364, 8581, 9892, 13315, 0
85.001163, 4.999994, 105900, 428, 2663.7, 2137, 7341, 8561, 9886, 13256, 0
90.001201, 5.000038, 104830, 436, 2688.7, 2154, 7358, 8597, 9875, 12786, 0
95.001212, 5.000011, 105106, 428, 2685.4, 2152, 7364, 8564, 10173, 21621, 0
100.001184, 4.999972, 105897, 441, 2672.9, 2146, 7328, 8549, 9975, 12672, 0
105.001178, 4.999994, 106016, 433, 2678.6, 2147, 7346, 8587, 9940, 12714, 0
110.001201, 5.000023, 105386, 445, 2688.4, 2145, 7352, 8566, 9924, 12655, 0
115.00121, 5.000009, 104783, 431, 2694.7, 2149, 7339, 8586, 9993, 17485, 0
120.001161, 4.999951, 105993, 431, 2673.6, 2152, 7331, 8551, 9910, 16244, 0
121.002317, 1.001156, 21252, 435, 2669.3, 2151, 7331, 8536, 9874, 11923, 0
