elapsed, window, n, min, mean, max, errors, median
5.000394, 5.000394,403870, 325,1091.18, 18134,0,990.929
10.001515, 5.001121,381971, 313,1088.33, 7752,0,989.98
15.001439, 4.999924,380202, 302,1088.6, 7752,0,989.493
20.001426, 4.999987,381873, 324,1092.72, 7861,0,992.836
25.00148, 5.000054,380575, 324,1090.07, 7713,0,990.631
30.001479, 4.999999,380193, 310,1091.25, 8357,0,991.296
35.001393, 4.999914,380400, 315,1088.32, 8337,0,990.803
40.001377, 4.999984,382619, 305,1090.77, 9196,0,993.791
45.001452, 5.000075,380671, 327,1093.18, 9665,0,995.616
50.001376, 4.999924,381819, 312,1096.26, 14711,0,996.132
55.001496, 5.00012,379523, 338,1095.39, 7566,0,996.439
60.001428, 4.999932,378650, 316,1093.42, 8350,0,996.796
65.001375, 4.999947,378605, 306,1096.6, 9269,0,997.146
70.001391, 5.000016,378249, 334,1096.32, 8321,0,999.573
75.001421, 5.00003,380030, 350,1098.76, 8393,0,1004.73
80.001438, 5.000017,378473, 347,1100.99, 8276,0,1006.09
85.001386, 4.999948,375608, 322,1104.37, 7296,0,1005.51
90.001429, 5.000043,376986, 332,1104.28, 8652,0,1006.97
95.001547, 5.000118,375822, 338,1104.19, 8550,0,1006.8
100.001429, 4.999882,376985, 335,1104.68, 9435,0,1006.96
105.001435, 5.000006,374720, 348,1104.48, 8480,0,1006.98
110.001375, 4.99994,375753, 325,1108.27, 11465,0,1007.31
115.001484, 5.000109,377166, 325,1106.99, 11465,0,1008.49
120.001494, 5.00001,376016, 332,1104.58, 8428,0,1007.63
121.002552, 1.001058,76518, 350,1103.88, 8428,0,1007.7

