elapsed, window, total, successful, failed
5.000821, 5.000821, 37318, 37318, 0
10.001817, 5.000996, 42741, 42741, 0
15.00179, 4.999973, 42580, 42580, 0
20.001758, 4.999968, 42660, 42660, 0
25.001774, 5.000016, 42775, 42775, 0
30.00176, 4.999986, 42791, 42791, 0
35.001776, 5.000016, 42769, 42769, 0
40.001803, 5.000027, 42746, 42746, 0
45.001755, 4.999952, 42717, 42717, 0
50.001757, 5.000002, 42815, 42815, 0
55.001764, 5.000007, 42698, 42698, 0
60.001787, 5.000023, 42607, 42607, 0
65.001766, 4.999979, 42620, 42620, 0
70.001761, 4.999995, 42724, 42724, 0
75.00186, 5.000099, 42664, 42664, 0
80.001799, 4.999939, 42627, 42627, 0
85.001895, 5.000096, 42557, 42557, 0
90.001762, 4.999867, 42624, 42624, 0
95.001791, 5.000029, 42562, 42562, 0
100.00178, 4.999989, 42559, 42559, 0
105.001759, 4.999979, 42661, 42661, 0
110.001779, 5.00002, 42636, 42636, 0
115.00176, 4.999981, 42736, 42736, 0
120.001758, 4.999998, 42569, 42569, 0
121.005811, 1.004053, 8545, 8545, 0
