elapsed, window, total, successful, failed
5.000447, 5.000447, 165774, 165774, 0
10.001465, 5.001018, 147362, 147362, 0
15.001475, 5.00001, 155210, 155210, 0
20.001452, 4.999977, 142877, 142877, 0
25.00145, 4.999998, 145936, 145936, 0
30.001552, 5.000102, 142451, 142451, 0
35.00145, 4.999898, 149627, 149627, 0
40.001449, 4.999999, 150221, 150221, 0
45.001466, 5.000017, 153886, 153886, 0
50.00147, 5.000004, 151734, 151734, 0
55.001727, 5.000257, 144664, 144664, 0
60.001501, 4.999774, 142669, 142669, 0
65.00146, 4.999959, 144187, 144187, 0
70.001446, 4.999986, 139479, 139479, 0
75.001491, 5.000045, 133683, 133683, 0
80.001527, 5.000036, 145085, 145085, 0
85.001497, 4.99997, 148315, 148315, 0
90.001459, 4.999962, 148521, 148521, 0
95.00147, 5.000011, 140323, 140323, 0
100.00153, 5.00006, 138867, 138867, 0
105.001468, 4.999938, 136904, 136904, 0
110.001529, 5.000061, 136117, 136117, 0
115.001459, 4.99993, 137854, 137854, 0
120.001463, 5.000004, 134317, 134317, 0
121.00453, 1.003067, 27075, 27075, 0
