elapsed, window, total, successful, failed
5.000743, 5.000743, 117584, 117584, 0
10.001747, 5.001004, 112642, 112642, 0
15.001757, 5.00001, 112319, 112319, 0
20.001789, 5.000032, 112068, 112068, 0
25.001755, 4.999966, 112188, 112188, 0
30.001817, 5.000062, 111087, 111087, 0
35.001813, 4.999996, 110895, 110895, 0
40.001765, 4.999952, 110635, 110635, 0
45.001818, 5.000053, 109838, 109838, 0
50.001735, 4.999917, 110271, 110271, 0
55.001796, 5.000061, 113662, 113662, 0
60.001763, 4.999967, 115285, 115285, 0
65.001773, 5.00001, 114242, 114242, 0
70.001801, 5.000028, 115372, 115372, 0
75.001741, 4.99994, 114394, 114394, 0
80.001724, 4.999983, 113913, 113913, 0
85.001778, 5.000054, 113951, 113951, 0
90.001727, 4.999949, 114559, 114559, 0
95.001829, 5.000102, 113635, 113635, 0
100.001754, 4.999925, 113801, 113801, 0
105.001754, 5.0, 114393, 114393, 0
110.001807, 5.000053, 113511, 113511, 0
115.001747, 4.99994, 113101, 113101, 0
120.001735, 4.999988, 113006, 113006, 0
121.008321, 1.006586, 22511, 22511, 0
