elapsed, window, n, min, mean, median, 95th, 99th, 99_9th, max, errors
5.001002, 5.001002, 0, 0, 0, 0, 0, 0, 0, 0, 0
10.002117, 5.001115, 0, 0, 0, 0, 0, 0, 0, 0, 0
15.001012, 4.998895, 10, 618, 689.6, 671, 895, 895, 895, 895, 0
20.002004, 5.000992, 590, 509, 29605.9, 738, 190259, 310066, 729739, 788163, 0
25.001979, 4.999975, 0, 0, 0, 0, 0, 0, 0, 0, 0
30.002007, 5.000028, 0, 0, 0, 0, 0, 0, 0, 0, 0
35.002013, 5.000006, 0, 0, 0, 0, 0, 0, 0, 0, 0
40.001957, 4.999944, 0, 0, 0, 0, 0, 0, 0, 0, 0
45.001904, 4.999947, 0, 0, 0, 0, 0, 0, 0, 0, 0
50.001962, 5.000058, 0, 0, 0, 0, 0, 0, 0, 0, 0
55.001965, 5.000003, 0, 0, 0, 0, 0, 0, 0, 0, 0
60.002019, 5.000054, 0, 0, 0, 0, 0, 0, 0, 0, 0
65.001978, 4.999959, 0, 0, 0, 0, 0, 0, 0, 0, 0
70.002015, 5.000037, 0, 0, 0, 0, 0, 0, 0, 0, 0
75.002048, 5.000033, 0, 0, 0, 0, 0, 0, 0, 0, 0
80.000895, 4.998847, 0, 0, 0, 0, 0, 0, 0, 0, 0
85.002021, 5.001126, 600, 521, 714.1, 682, 950, 1207, 1727, 1962, 0
90.002023, 5.000002, 525, 502, 726.7, 689, 936, 1178, 1587, 6956, 0
95.00101, 4.998987, 652, 520, 1860.1, 689, 1071, 48562, 108292, 125397, 0
100.001912, 5.000902, 23, 532, 723.4, 690, 973, 1102, 1128, 1128, 0
105.001954, 5.000042, 507, 523, 734.7, 686, 983, 1869, 2441, 3507, 0
110.00196, 5.000006, 280, 528, 725.2, 680, 1093, 1346, 1874, 1874, 0
115.002014, 5.000054, 413, 526, 743.9, 691, 1121, 1414, 3040, 3040, 0
120.002039, 5.000025, 0, 0, 0, 0, 0, 0, 0, 0, 0
121.025447, 1.023408, 10, 586, 728.9, 642, 969, 969, 969, 969, 0
