elapsed, window, n, min, mean, median, 95th, 99th, 99_9th, max, errors
5.001002, 5.001002, 0, 0, 0, 0, 0, 0, 0, 0, 0
10.002117, 5.001115, 661, 151893, 1102883.2, 1156267, 1987394, 2098235, 2125833, 2133456, 0
15.001012, 4.998895, 539, 151721, 709873.7, 437951, 1453166, 1476114, 1487382, 1489798, 0
20.002004, 5.000992, 259, 151926, 595051.1, 408125, 1632295, 1668566, 1718715, 1718715, 0
25.001979, 4.999975, 595, 151929, 1129864.5, 1280972, 2286059, 2411088, 2469287, 2469985, 0
30.002007, 5.000028, 346, 152081, 933472.3, 985101, 1957110, 1986799, 2023580, 2023580, 0
35.002013, 5.000006, 0, 0, 0, 0, 0, 0, 0, 0, 0
40.001957, 4.999944, 0, 0, 0, 0, 0, 0, 0, 0, 0
45.001904, 4.999947, 519, 152076, 558869.8, 313030, 1578336, 1703351, 1793872, 1794551, 0
50.001962, 5.000058, 726, 152289, 972900.5, 656457, 2205056, 2250759, 2275547, 2279971, 0
55.001965, 5.000003, 530, 151591, 1132649.3, 367812, 2365306, 2518664, 2533754, 2548989, 0
60.002019, 5.000054, 592, 151399, 688142.8, 186504, 2307627, 2564985, 2589099, 2591190, 0
65.001978, 4.999959, 133, 151702, 317205.9, 153667, 890391, 937708, 968754, 968754, 0
70.002015, 5.000037, 500, 151389, 153937.9, 153115, 157078, 181049, 213030, 213135, 0
75.002048, 5.000033, 0, 0, 0, 0, 0, 0, 0, 0, 0
80.000895, 4.998847, 611, 151483, 170571.4, 153462, 253869, 299205, 307699, 317486, 0
85.002021, 5.001126, 586, 151483, 160542.4, 153213, 203944, 241453, 258173, 272674, 0
90.002023, 5.000002, 623, 151536, 290480.7, 179209, 642041, 695773, 719108, 735166, 0
95.00101, 4.998987, 627, 151468, 501745.4, 320047, 1194442, 1276359, 1362165, 1364795, 0
100.001912, 5.000902, 901, 151812, 445073.8, 165494, 1178335, 1315277, 1417445, 1418303, 0
105.001954, 5.000042, 816, 151222, 239702.5, 153531, 870134, 1029811, 1072612, 1078424, 0
110.00196, 5.000006, 33, 151799, 162370.6, 152886, 219705, 229744, 234960, 234960, 0
115.002014, 5.000054, 472, 151502, 173496.4, 153865, 259542, 317159, 323447, 323447, 0
120.002039, 5.000025, 170, 151502, 177474.7, 153414, 265984, 283192, 299058, 299058, 0
121.025447, 1.023408, 72, 151690, 160507.5, 153103, 214047, 234121, 272975, 272975, 0
