elapsed, window, n, min, mean, median, 95th, 99th, 99_9th, max, errors
5.000828, 5.000828, 42223, 20625, 53381.8, 52956, 62407, 86020, 126776, 140934, 0
10.001791, 5.000963, 41849, 23272, 53742.5, 53499, 60086, 67440, 92510, 102816, 0
15.001745, 4.999954, 41870, 21210, 53723.5, 53450, 59406, 73714, 103262, 113981, 0
20.001752, 5.000007, 42086, 21210, 53555.5, 53300, 58728, 76342, 103273, 113981, 0
25.001744, 4.999992, 41991, 30374, 53621.7, 53479, 58901, 66715, 83074, 91770, 0
30.001746, 5.000002, 42109, 32979, 53416.5, 53374, 58132, 61831, 75757, 82555, 0
35.001744, 4.999998, 41884, 37592, 53656.0, 53604, 58466, 61769, 69328, 80184, 0
40.001865, 5.000121, 41918, 37532, 53696.9, 53629, 58749, 62776, 71371, 80184, 0
45.001766, 4.999901, 41721, 20746, 53873.0, 53560, 58884, 64963, 134186, 143025, 0
50.001756, 4.99999, 41907, 20834, 53720.0, 53469, 58804, 75437, 103059, 113415, 0
55.001746, 4.99999, 41811, 26609, 53700.9, 53631, 58631, 61940, 66376, 95055, 0
60.001743, 4.999997, 41622, 20807, 54037.3, 53461, 59909, 98387, 129962, 138954, 0
65.001745, 5.000002, 41767, 37093, 53890.8, 53831, 59049, 62749, 68974, 75077, 0
70.001774, 5.000029, 41224, 20776, 54448.8, 53485, 59744, 128985, 190574, 202810, 0
75.001751, 4.999977, 41509, 20684, 54476.5, 53346, 61200, 117530, 190574, 202810, 0
80.001759, 5.000008, 41661, 21280, 54104.7, 53837, 59778, 67422, 106133, 112985, 0
85.001753, 4.999994, 41695, 35075, 53934.0, 53870, 58761, 61737, 67379, 77923, 0
90.00176, 5.000007, 41727, 35075, 53908.1, 53809, 59011, 63243, 72238, 84002, 0
95.001747, 4.999987, 41734, 36870, 53851.4, 53682, 59100, 63552, 87899, 104545, 0
100.001785, 5.000038, 41520, 20810, 54155.7, 53911, 59206, 66095, 124758, 134168, 0
105.001813, 5.000028, 41496, 24162, 54241.1, 54004, 59328, 70838, 93310, 101528, 0
110.001835, 5.000022, 41530, 27021, 54125.0, 54015, 59122, 62713, 83807, 91851, 0
115.001749, 4.999914, 41679, 38198, 53968.5, 53941, 58686, 61568, 65785, 73143, 0
120.001749, 5.0, 41700, 34158, 53976.9, 53869, 59194, 64555, 75698, 86432, 0
121.008849, 1.0071, 8385, 34158, 53932.9, 53800, 59376, 64772, 75698, 86432, 0
