elapsed, window, n, min, mean, median, 95th, 99th, 99_9th, max, errors
5.001257, 5.001257, 41941, 0, 0.0, 0, 0, 0, 0, 0, 0
10.001054, 4.999797, 44457, 0, 0.0, 0, 0, 0, 0, 0, 0
15.001019, 4.999965, 44463, 0, 0.0, 0, 0, 0, 0, 0, 0
20.001084, 5.000065, 44334, 0, 0.0, 0, 0, 0, 0, 0, 0
25.001149, 5.000065, 44182, 0, 0.0, 0, 0, 0, 0, 0, 0
30.001008, 4.999859, 44352, 0, 0.0, 0, 0, 0, 0, 0, 0
35.001288, 5.00028, 44215, 0, 0.0, 0, 0, 0, 0, 0, 0
40.00101, 4.999722, 44479, 0, 0.0, 0, 0, 0, 0, 0, 0
45.002008, 5.000998, 44548, 0, 0.0, 0, 0, 0, 0, 0, 0
50.001199, 4.999191, 44439, 0, 0.0, 0, 0, 0, 0, 0, 0
55.001019, 4.99982, 44474, 0, 0.0, 0, 0, 0, 0, 0, 0
60.001027, 5.000008, 44356, 0, 0.0, 0, 0, 0, 0, 0, 0
65.001011, 4.999984, 44433, 0, 0.0, 0, 0, 0, 0, 0, 0
70.001023, 5.000012, 44427, 0, 0.0, 0, 0, 0, 0, 0, 0
75.001007, 4.999984, 43696, 0, 0.0, 0, 0, 0, 0, 0, 0
80.002075, 5.001068, 44198, 0, 0.0, 0, 0, 0, 0, 0, 0
85.001019, 4.998944, 43824, 0, 0.0, 0, 0, 0, 0, 0, 0
90.001062, 5.000043, 44416, 0, 0.0, 0, 0, 0, 0, 0, 0
95.00101, 4.999948, 44402, 0, 0.0, 0, 0, 0, 0, 0, 0
100.001031, 5.000021, 44391, 0, 0.0, 0, 0, 0, 0, 0, 0
105.001085, 5.000054, 44329, 0, 0.0, 0, 0, 0, 0, 0, 0
110.001029, 4.999944, 44397, 0, 0.0, 0, 0, 0, 0, 0, 0
115.001092, 5.000063, 44332, 0, 0.0, 0, 0, 0, 0, 0, 0
120.001009, 4.999917, 44507, 0, 0.0, 0, 0, 0, 0, 0, 0
121.005104, 1.004095, 8926, 0, 0.0, 0, 0, 0, 0, 0, 0
