elapsed, window, n, min, mean, median, 95th, 99th, 99_9th, max, errors
5.00068, 5.00068, 16573, 815, 6268.8, 4148, 10261, 67784, 152331, 269615, 0
10.00164, 5.00096, 15161, 742, 6791.5, 4588, 10978, 73943, 160875, 291701, 0
15.001645, 5.000005, 15800, 737, 6556.7, 4123, 10681, 73282, 228463, 346526, 0
20.001631, 4.999986, 15009, 770, 6797.1, 4572, 11319, 70619, 178482, 346526, 0
25.001626, 4.999995, 15835, 670, 6402.8, 4092, 10334, 74196, 176915, 301918, 0
30.001682, 5.000056, 14865, 711, 6685.2, 4680, 11048, 71883, 151196, 279691, 0
35.001654, 4.999972, 15796, 815, 6394.1, 4308, 10220, 70901, 168535, 261706, 0
40.001624, 4.99997, 15195, 813, 6984.3, 4949, 11831, 61917, 188028, 419808, 0
45.001624, 5.0, 15746, 712, 6500.3, 4360, 10540, 69990, 172587, 277530, 0
50.00164, 5.000016, 15056, 712, 6843.4, 4733, 11164, 71874, 166214, 292694, 0
55.001677, 5.000037, 16040, 806, 6428.8, 4226, 10583, 70837, 176812, 371100, 0
60.001657, 4.99998, 15266, 772, 6658.3, 4594, 10820, 69234, 172684, 245912, 0
65.001697, 5.00004, 16012, 769, 6466.0, 4214, 10649, 72949, 193950, 259361, 0
70.001661, 4.999964, 14685, 847, 6948.7, 4613, 11254, 74454, 178109, 424039, 0
75.001719, 5.000058, 15819, 842, 6515.7, 4240, 10382, 76303, 168352, 274769, 0
80.001624, 4.999905, 14858, 778, 6905.1, 4701, 11257, 74337, 161359, 260307, 0
85.001624, 5.0, 15615, 732, 6634.7, 4265, 10741, 75171, 197710, 374239, 0
90.001654, 5.00003, 14946, 797, 6869.5, 4678, 11642, 69604, 174402, 274718, 0
95.001629, 4.999975, 15576, 734, 6675.9, 4226, 10564, 76071, 193250, 320991, 0
100.001646, 5.000017, 14835, 793, 6896.9, 4606, 11030, 73800, 175891, 328904, 0
105.001672, 5.000026, 15261, 712, 6944.1, 4240, 11534, 84148, 207591, 332438, 0
110.001704, 5.000032, 14934, 712, 6961.3, 4597, 11400, 74982, 173261, 379364, 0
115.001641, 4.999937, 15543, 747, 6629.3, 4093, 10403, 79351, 231354, 324216, 0
120.001694, 5.000053, 14558, 695, 7086.2, 4642, 11417, 78739, 202945, 445696, 0
121.003786, 1.002092, 3174, 784, 7139.1, 4867, 12147, 72078, 189254, 445696, 0
