elapsed, window, n, min, mean, median, 95th, 99th, 99_9th, max, errors
5.000484, 5.000484, 45, 1499, 2269.6, 1853, 4125, 8371, 8371, 8371, 0
10.001549, 5.001065, 5, 1536, 1604.6, 1580, 1742, 1742, 1742, 1742, 0
15.001525, 4.999976, 0, 0, 0, 0, 0, 0, 0, 0, 0
20.001408, 4.999883, 0, 0, 0, 0, 0, 0, 0, 0, 0
25.001533, 5.000125, 7, 1674, 2032.1, 1875, 2931, 2931, 2931, 2931, 0
30.001525, 4.999992, 7, 1468, 1663.4, 1544, 2331, 2331, 2331, 2331, 0
35.001509, 4.999984, 5, 1445, 1649.0, 1664, 1824, 1824, 1824, 1824, 0
40.001463, 4.999954, 0, 0, 0, 0, 0, 0, 0, 0, 0
45.00153, 5.000067, 0, 0, 0, 0, 0, 0, 0, 0, 0
50.001517, 4.999987, 5, 1366, 1621.4, 1613, 1979, 1979, 1979, 1979, 0
55.001531, 5.000014, 5, 1559, 1710.4, 1644, 2132, 2132, 2132, 2132, 0
60.001568, 5.000037, 0, 0, 0, 0, 0, 0, 0, 0, 0
65.001525, 4.999957, 5, 1525, 1831.2, 1843, 2144, 2144, 2144, 2144, 0
70.001548, 5.000023, 0, 0, 0, 0, 0, 0, 0, 0, 0
75.001471, 4.999923, 5, 1281, 1505.8, 1496, 1711, 1711, 1711, 1711, 0
80.001528, 5.000057, 0, 0, 0, 0, 0, 0, 0, 0, 0
85.001483, 4.999955, 0, 0, 0, 0, 0, 0, 0, 0, 0
90.001467, 4.999984, 0, 0, 0, 0, 0, 0, 0, 0, 0
93.224772, 3.223305, 0, 0, 0, 0, 0, 0, 0, 0, 0
