elapsed, window, n, min, mean, median, 95th, 99th, 99_9th, max, errors
5.000888, 5.000888, 60, 672, 12037.1, 1365, 82480, 84508, 84760, 84760, 0
10.001758, 5.00087, 708, 510, 19108.2, 869, 137491, 207328, 238916, 257238, 0
15.001908, 5.00015, 630, 518, 12120.0, 765, 90139, 213198, 242914, 247208, 0
20.00177, 4.999862, 958, 504, 15600.0, 798, 114088, 174718, 198298, 200161, 0
25.001891, 5.000121, 368, 516, 17538.2, 732, 98379, 158608, 230378, 230378, 0
30.001854, 4.999963, 455, 544, 19722.5, 1064, 143297, 200557, 266680, 266680, 0
35.00186, 5.000006, 121, 591, 19055.5, 1202, 144721, 152219, 155118, 155118, 0
40.001874, 5.000014, 116, 549, 7884.6, 755, 65965, 107552, 124119, 124119, 0
45.001894, 5.00002, 64, 549, 5237.7, 705, 30923, 70118, 91278, 91278, 0
50.001865, 4.999971, 171, 527, 24404.7, 899, 142824, 229968, 250472, 250472, 0
55.001864, 4.999999, 114, 546, 26305.0, 857, 145297, 254330, 278430, 278430, 0
60.001905, 5.000041, 163, 505, 20436.1, 787, 151496, 204237, 250861, 250861, 0
65.001868, 4.999963, 344, 507, 14096.1, 756, 100965, 178501, 248403, 248403, 0
70.001835, 4.999967, 1177, 508, 12360.8, 777, 110356, 189222, 245252, 247885, 0
75.001874, 5.000039, 1294, 506, 8424.6, 786, 58869, 162393, 208841, 209291, 0
80.001876, 5.000002, 721, 491, 1655.0, 750, 2091, 26756, 64272, 86331, 0
85.001886, 5.00001, 313, 463, 4178.5, 740, 20683, 108046, 160968, 160968, 0
90.001899, 5.000013, 367, 530, 1162.8, 708, 1880, 8406, 50903, 50903, 0
95.0019, 5.000001, 547, 513, 1020.2, 745, 2301, 4216, 11423, 11898, 0
100.001782, 4.999882, 264, 522, 3170.6, 795, 2337, 80012, 112798, 112798, 0
105.001873, 5.000091, 677, 512, 8967.4, 741, 78204, 135040, 168146, 188226, 0
110.001891, 5.000018, 146, 533, 4346.8, 754, 38211, 72790, 84512, 84512, 0
115.001896, 5.000005, 359, 512, 1584.7, 753, 2409, 7426, 82352, 82352, 0
120.001919, 5.000023, 644, 506, 1755.3, 750, 2152, 41997, 63006, 82352, 0
121.004166, 1.002247, 176, 518, 1416.9, 759, 2152, 22372, 52389, 55096, 0
