elapsed, window, total, successful, failed
5.00042, 5.00042, 128242, 128242, 0
10.001369, 5.000949, 123683, 123683, 0
15.001411, 5.000042, 119698, 119698, 0
20.001411, 5.0, 11804, 11804, 0
25.001369, 4.999958, 11450, 11450, 0
30.00141, 5.000041, 15108, 15108, 0
35.001408, 4.999998, 14999, 14999, 0
40.001411, 5.000003, 12562, 12562, 0
45.001413, 5.000002, 14933, 14933, 0
50.001411, 4.999998, 16214, 16214, 0
55.00141, 4.999999, 17126, 17126, 0
60.00141, 5.0, 17911, 17911, 0
65.001411, 5.000001, 16411, 16411, 0
70.00136, 4.999949, 14980, 14980, 0
75.00138, 5.00002, 16930, 16930, 0
80.001581, 5.000201, 15792, 15792, 0
85.00141, 4.999829, 20447, 20447, 0
90.001408, 4.999998, 16686, 16686, 0
95.00141, 5.000002, 18112, 18112, 0
100.001408, 4.999998, 19591, 19591, 0
105.001409, 5.000001, 22661, 22661, 0
110.001406, 4.999997, 16585, 16585, 0
115.001371, 4.999965, 17779, 17779, 0
120.001411, 5.00004, 20363, 20363, 0
121.014559, 1.013148, 1672, 1672, 0
