elapsed, window, n, min, mean, median, 95th, 99th, 99_9th, max, errors
5.000609, 5.000609, 130701, 354, 4859.7, 3124, 14450, 38682, 81094, 150871, 0
10.001643, 5.001034, 127709, 356, 4879.4, 3119, 13179, 38877, 104801, 304315, 0
15.001603, 4.99996, 127929, 353, 4878.5, 3147, 14219, 37844, 86252, 194280, 0
20.001631, 5.000028, 126903, 367, 4929.7, 3148, 14158, 39198, 97968, 196583, 0
25.001604, 4.999973, 125846, 363, 4950.8, 3149, 14097, 40242, 98696, 202398, 0
30.001629, 5.000025, 127675, 350, 4881.6, 3139, 14602, 37012, 81162, 202398, 0
35.001734, 5.000105, 124786, 372, 4970.4, 3191, 14299, 38764, 91574, 204029, 0
40.0016, 4.999866, 123142, 350, 5073.4, 3225, 13756, 41258, 113865, 260114, 0
45.001607, 5.000007, 120627, 350, 5140.5, 3263, 13776, 43827, 116683, 264205, 0
50.001608, 5.000001, 121501, 342, 5162.4, 3289, 15212, 41543, 94419, 200713, 0
55.001604, 4.999996, 119136, 343, 5234.1, 3331, 14840, 41069, 111887, 227939, 0
60.001609, 5.000005, 119740, 350, 5232.0, 3338, 14401, 42288, 108885, 302797, 0
65.001615, 5.000006, 118323, 352, 5241.4, 3315, 14551, 42371, 114348, 302797, 0
70.001597, 4.999982, 119894, 356, 5251.7, 3341, 15094, 41914, 102519, 221437, 0
75.0016, 5.000003, 120686, 365, 5197.6, 3325, 15065, 40285, 99245, 180265, 0
80.001648, 5.000048, 118343, 356, 5256.0, 3371, 15558, 39957, 92211, 175254, 0
85.001597, 4.999949, 118677, 366, 5274.0, 3388, 15890, 39852, 86393, 169699, 0
90.001649, 5.000052, 116892, 362, 5325.1, 3403, 15817, 41916, 90596, 190041, 0
95.001631, 4.999982, 115503, 356, 5397.0, 3453, 16411, 41681, 87551, 242018, 0
100.001624, 4.999993, 118597, 359, 5283.2, 3383, 15208, 41952, 98590, 262035, 0
105.001608, 4.999984, 117081, 352, 5312.0, 3412, 15400, 41131, 95467, 240034, 0
110.00163, 5.000022, 115704, 365, 5384.7, 3446, 16572, 39843, 87244, 213831, 0
115.001602, 4.999972, 116383, 374, 5379.9, 3446, 16623, 39881, 82253, 180775, 0
120.001607, 5.000005, 118891, 362, 5271.4, 3395, 15734, 40432, 88631, 167688, 0
121.002714, 1.001107, 23488, 362, 5257.8, 3374, 15552, 40386, 93634, 170812, 0
