elapsed, window, n, min, mean, median, 95th, 99th, 99_9th, max, errors
5.000287, 5.000287, 13605, 653, 9771.4, 3925, 12748, 153992, 1048940, 1383571, 0
10.001316, 5.001029, 13604, 723, 9950.3, 3868, 11916, 153549, 861283, 1095614, 0
15.00134, 5.000024, 13258, 730, 10510.3, 4020, 12556, 211970, 520137, 983582, 0
20.0014, 5.00006, 13311, 721, 9504.4, 3949, 12235, 178988, 442282, 983582, 0
25.001327, 4.999927, 13394, 788, 9724.1, 3930, 12120, 182089, 510476, 853398, 0
30.001279, 4.999952, 12525, 773, 10315.4, 3958, 12868, 214680, 426055, 853398, 0
35.001269, 4.99999, 13065, 768, 9760.0, 3968, 12514, 203985, 440643, 623939, 0
40.001281, 5.000012, 13037, 809, 10579.1, 3918, 12755, 215830, 530110, 718199, 0
45.001273, 4.999992, 13156, 715, 9863.7, 3960, 12697, 182492, 542489, 705370, 0
50.001286, 5.000013, 13320, 749, 10371.3, 3948, 12137, 191625, 670514, 740443, 0
55.001297, 5.000011, 13364, 785, 9998.6, 3940, 12253, 186995, 494545, 714718, 0
60.001273, 4.999976, 13250, 716, 10057.5, 3896, 13053, 190051, 582133, 752958, 0
65.001277, 5.000004, 13004, 763, 10244.3, 4009, 14044, 198638, 605644, 729952, 0
70.001297, 5.00002, 13313, 782, 9854.4, 3974, 12546, 182734, 481167, 918716, 0
75.001276, 4.999979, 13183, 757, 10045.2, 3990, 12196, 184880, 540681, 998596, 0
80.001284, 5.000008, 12951, 723, 10431.5, 4027, 13311, 201323, 459936, 629233, 0
85.001273, 4.999989, 12897, 736, 10498.9, 4108, 13791, 208182, 518808, 780422, 0
90.001313, 5.00004, 13026, 744, 10256.9, 4073, 12179, 185864, 646741, 999599, 0
95.001273, 4.99996, 12804, 787, 10918.4, 4047, 13166, 230012, 498053, 611867, 0
100.001278, 5.000005, 13100, 758, 10513.7, 4147, 12380, 240788, 466929, 702990, 0
105.001301, 5.000023, 12788, 758, 10441.7, 4175, 12677, 213998, 481314, 659653, 0
110.0013, 4.999999, 12419, 788, 10563.5, 4202, 12907, 219420, 462528, 716698, 0
115.001329, 5.000029, 12740, 823, 10594.7, 4221, 13468, 213847, 407592, 581634, 0
120.001325, 4.999996, 12946, 771, 10361.1, 4171, 12481, 196060, 536496, 740566, 0
121.005358, 1.004033, 2407, 771, 10411.2, 4182, 12364, 196583, 560606, 740566, 0
