elapsed, window, n, min, mean, median, 95th, 99th, 99_9th, max, errors
5.000486, 5.000486, 481367, 361, 11391.6, 7725, 34247, 51380, 70752, 117241, 0
10.00151, 5.001024, 444734, 333, 11389.0, 7501, 33613, 50183, 68140, 113015, 0
15.001449, 4.999939, 445925, 340, 11261.0, 7737, 32027, 46782, 63969, 108014, 0
20.001482, 5.000033, 438003, 334, 11318.4, 7866, 31874, 46227, 63279, 105924, 0
25.001514, 5.000032, 440585, 355, 11373.6, 7757, 32294, 45798, 64254, 110601, 0
30.001446, 4.999932, 440734, 317, 11326.2, 7646, 33959, 48862, 67991, 111441, 0
35.001512, 5.000066, 443768, 307, 11256.0, 7790, 31717, 47025, 64868, 117942, 0
40.00142, 4.999908, 441147, 364, 11255.9, 7814, 31721, 44835, 61299, 101154, 0
45.00142, 5.0, 442917, 305, 11293.2, 7790, 31632, 45340, 61701, 107027, 0
50.001462, 5.000042, 437847, 313, 11352.9, 8400, 30158, 43114, 58701, 99539, 0
55.001458, 4.999996, 434334, 412, 11481.4, 9250, 27750, 42430, 59975, 108824, 0
60.001531, 5.000073, 432987, 384, 11504.4, 8863, 29752, 43836, 64670, 120634, 0
65.001434, 4.999903, 429589, 384, 11551.7, 8582, 31310, 47476, 63225, 105135, 0
70.00145, 5.000016, 433056, 416, 11588.3, 8916, 29820, 42197, 57126, 99194, 0
75.001425, 4.999975, 431643, 359, 11546.6, 8547, 30489, 47984, 65638, 112321, 0
80.001426, 5.000001, 426088, 327, 11686.7, 8353, 32047, 47298, 63051, 109413, 0
85.001435, 5.000009, 431163, 380, 11590.6, 8957, 29586, 43649, 59014, 103190, 0
90.001427, 4.999992, 427708, 397, 11633.8, 8493, 31373, 45807, 62916, 111111, 0
95.001437, 5.00001, 429305, 337, 11654.7, 8107, 33037, 47801, 64475, 113453, 0
100.001431, 4.999994, 431560, 308, 11617.3, 8786, 30636, 44104, 58700, 99888, 0
105.001424, 4.999993, 427611, 308, 11670.8, 8257, 32660, 49628, 71771, 127488, 0
110.001699, 5.000275, 430623, 319, 11638.1, 8451, 31619, 46331, 64583, 117551, 0
115.001432, 4.999733, 429731, 356, 11631.0, 8859, 30210, 45852, 62658, 114522, 0
120.00143, 4.999998, 434792, 345, 11517.2, 9179, 28657, 41098, 55115, 87824, 0
121.019538, 1.018108, 88802, 345, 11475.5, 9131, 28582, 41262, 55341, 87824, 0
