elapsed, window, total, successful, failed
5.000447, 5.000447, 457803, 457803, 0
10.001646, 5.001199, 422898, 422898, 0
15.001457, 4.999811, 417613, 417613, 0
20.001451, 4.999994, 417120, 417120, 0
25.001435, 4.999984, 419051, 419051, 0
30.001493, 5.000058, 414997, 414997, 0
35.001534, 5.000041, 420775, 420775, 0
40.001496, 4.999962, 420315, 420315, 0
45.001459, 4.999963, 420808, 420808, 0
50.001464, 5.000005, 417230, 417230, 0
55.00154, 5.000076, 415928, 415928, 0
60.001446, 4.999906, 415145, 415145, 0
65.001493, 5.000047, 409808, 409808, 0
70.001458, 4.999965, 411690, 411690, 0
75.001442, 4.999984, 406980, 406980, 0
80.001543, 5.000101, 413872, 413872, 0
85.001473, 4.99993, 409771, 409771, 0
90.001437, 4.999964, 409220, 409220, 0
95.001492, 5.000055, 409575, 409575, 0
100.00144, 4.999948, 409785, 409785, 0
105.001465, 5.000025, 409532, 409532, 0
110.001453, 4.999988, 412173, 412173, 0
115.001438, 4.999985, 410520, 410520, 0
120.001451, 5.000013, 412961, 412961, 0
121.017546, 1.016095, 82385, 82385, 0
