elapsed, window, n, min, mean, median, 95th, 99th, 99_9th, max, errors
5.000898, 5.000898, 36433, 82, 892.1, 242, 3641, 5910, 11406, 19034, 0
10.00187, 5.000972, 36400, 78, 850.7, 225, 3481, 5334, 7488, 11622, 0
15.001783, 4.999913, 36325, 77, 863.0, 232, 3557, 5448, 7580, 10284, 0
20.001788, 5.000005, 36429, 79, 854.8, 225, 3470, 5360, 7998, 11017, 0
25.001795, 5.000007, 36443, 84, 854.9, 229, 3528, 5740, 8474, 13551, 0
30.001794, 4.999999, 36468, 83, 864.2, 232, 3534, 5608, 8072, 10957, 0
35.001848, 5.000054, 36426, 81, 863.5, 228, 3540, 5589, 8338, 11882, 0
40.001787, 4.999939, 36346, 82, 878.2, 236, 3549, 5557, 8536, 12474, 0
45.001839, 5.000052, 36446, 81, 876.0, 238, 3639, 5521, 7960, 12474, 0
50.001853, 5.000014, 36491, 79, 847.9, 228, 3431, 5442, 8165, 13824, 0
55.001808, 4.999955, 36396, 83, 870.3, 227, 3581, 5760, 8541, 11529, 0
60.001788, 4.99998, 36431, 78, 860.0, 227, 3558, 5608, 8035, 10632, 0
65.0018, 5.000012, 36489, 78, 848.8, 231, 3469, 5571, 7834, 10671, 0
70.001839, 5.000039, 36345, 82, 864.3, 237, 3535, 5580, 7996, 10671, 0
75.001794, 4.999955, 36401, 80, 881.2, 237, 3629, 5657, 7967, 11056, 0
80.001797, 5.000003, 36395, 80, 873.9, 238, 3583, 5663, 8062, 11182, 0
85.001795, 4.999998, 36480, 80, 858.4, 235, 3448, 5375, 7901, 11755, 0
90.001789, 4.999994, 36481, 82, 859.1, 235, 3473, 5475, 7815, 11178, 0
95.001791, 5.000002, 36411, 83, 860.8, 233, 3485, 5618, 7998, 11385, 0
100.001807, 5.000016, 36383, 80, 875.2, 242, 3523, 5484, 7875, 9860, 0
105.001856, 5.000049, 36349, 80, 869.3, 240, 3534, 5378, 7590, 10365, 0
110.001839, 4.999983, 36412, 80, 856.8, 230, 3469, 5445, 7546, 11646, 0
115.001797, 4.999958, 36449, 81, 848.5, 231, 3432, 5396, 7878, 11110, 0
120.001807, 5.00001, 36468, 83, 865.1, 234, 3505, 5432, 7838, 10116, 0
121.003935, 1.002128, 7284, 84, 856.6, 230, 3482, 5304, 7463, 9841, 0
