elapsed, window, n, min, mean, max, errors, median
5.000651, 5.000651,582, 876,6586.55, 153756,0,1913.22
10.001573, 5.000922,1131, 858,9863.68, 233516,0,2020.73
15.001646, 5.000073,1801, 793,5775.95, 202618,0,1673.82
20.001557, 4.999911,1854, 867,8723.71, 202618,0,1792.37
25.00158, 5.000023,1412, 886,15221.3, 182955,0,1437.23
30.001683, 5.000103,1210, 859,8823.02, 166841,0,1372.39
35.001692, 5.000009,815, 868,8746.18, 253519,0,1358.84
40.001627, 4.999935,899, 872,8919.64, 185488,0,1418.41
45.001633, 5.000006,980, 899,13547.3, 231507,0,1501.22
50.001671, 5.000038,1057, 809,9008.59, 146716,0,1647.83
55.001662, 4.999991,812, 867,9997.56, 263080,0,1491.45
60.001673, 5.000011,997, 866,13175.3, 280709,0,1483.34
65.001565, 4.999892,984, 868,12554.1, 280627,0,1446.94
70.001664, 5.000099,1630, 777,8950.17, 280627,0,1549.71
75.001659, 4.999995,448, 879,7693.69, 157308,0,1370.85
80.001594, 4.999935,927, 876,8260.09, 191421,0,1351.02
85.001616, 5.000022,851, 856,6891.27, 225322,0,1392.59
90.001684, 5.000068,1187, 862,9598.36, 157241,0,1653.73
95.001662, 4.999978,1489, 796,6906.56, 147045,0,1624.76
100.001552, 4.99989,1533, 848,7279.94, 153431,0,1659.37
105.001597, 5.000045,546, 848,5854.54, 161803,0,1332.39
110.001587, 4.99999,542, 917,9730.86, 166677,0,1706.52
115.00162, 5.000033,609, 899,5893.91, 219547,0,1298.61
120.001617, 4.999997,990, 884,7621.53, 275298,0,1335.97
121.003801, 1.002184,93, 884,9456.79, 275298,0,1326.94

