elapsed, window, total, successful, failed
5.001058, 5.001058, 33546, 33546, 0
10.000915, 4.999857, 33785, 33785, 0
15.001913, 5.000998, 33849, 33849, 0
20.001923, 5.00001, 33936, 33936, 0
25.001942, 5.000019, 33892, 33892, 0
30.001962, 5.00002, 33933, 33933, 0
35.001932, 4.99997, 33920, 33920, 0
40.002115, 5.000183, 33811, 33811, 0
45.000962, 4.998847, 33748, 33748, 0
50.001934, 5.000972, 33865, 33865, 0
55.001909, 4.999975, 33874, 33874, 0
60.001978, 5.000069, 33811, 33811, 0
65.00194, 4.999962, 33749, 33749, 0
70.001988, 5.000048, 33841, 33841, 0
75.002043, 5.000055, 33843, 33843, 0
80.000946, 4.998903, 33759, 33759, 0
85.00194, 5.000994, 33783, 33783, 0
90.00194, 5.0, 33846, 33846, 0
95.001935, 4.999995, 33845, 33845, 0
100.001955, 5.00002, 33914, 33914, 0
105.001919, 4.999964, 33971, 33971, 0
110.001941, 5.000022, 33885, 33885, 0
115.001913, 4.999972, 33927, 33927, 0
120.001928, 5.000015, 33848, 33848, 0
121.002968, 1.00104, 6746, 6746, 0
