elapsed, window, n, min, mean, median, 95th, 99th, 99_9th, max, errors
5.001075, 5.001075, 4916, 85, 6366.9, 133, 27585, 34297, 39343, 44263, 0
10.001186, 5.000111, 5085, 83, 6205.5, 132, 27516, 34215, 38586, 40790, 0
15.001028, 4.999842, 5100, 83, 6289.6, 144, 26437, 33812, 38424, 45824, 0
20.001026, 4.999998, 5190, 81, 5999.3, 142, 26712, 32803, 37619, 42698, 0
25.00103, 5.000004, 5116, 84, 6195.6, 132, 26455, 33401, 38731, 40319, 0
30.001028, 4.999998, 5182, 83, 6111.7, 131, 26331, 32973, 37941, 40267, 0
35.001076, 5.000048, 5135, 83, 6213.1, 134, 26559, 32973, 37397, 41804, 0
40.001075, 4.999999, 5101, 82, 6358.1, 141, 26717, 33098, 37793, 40861, 0
45.001076, 5.000001, 5132, 81, 6232.4, 131, 27044, 33191, 38413, 40781, 0
50.001341, 5.000265, 5163, 83, 5998.9, 140, 26999, 33038, 38079, 44194, 0
55.001026, 4.999685, 5140, 76, 6340.2, 136, 26852, 33316, 37096, 43184, 0
60.001022, 4.999996, 5143, 79, 6226.7, 133, 26514, 33025, 38624, 41262, 0
65.001032, 5.00001, 5123, 81, 6169.5, 139, 27051, 33521, 37867, 40993, 0
70.001028, 4.999996, 5155, 81, 6012.1, 131, 26445, 32679, 37580, 40993, 0
75.001075, 5.000047, 5146, 83, 6270.0, 134, 26915, 34034, 38815, 40923, 0
80.001028, 4.999953, 5147, 81, 6156.0, 132, 26967, 33146, 37818, 42444, 0
85.001075, 5.000047, 5109, 84, 6373.6, 131, 27667, 33256, 37751, 41506, 0
90.001076, 5.000001, 5168, 82, 6025.9, 131, 26928, 32995, 37877, 41271, 0
95.001077, 5.000001, 5147, 82, 6157.0, 130, 26586, 32562, 37266, 39814, 0
100.00107, 4.999993, 5191, 84, 6125.0, 137, 26292, 32691, 37433, 39368, 0
105.001247, 5.000177, 5127, 82, 6235.5, 134, 26405, 32729, 38148, 42441, 0
110.001075, 4.999828, 5149, 81, 6103.1, 133, 26606, 33046, 38035, 43102, 0
115.001027, 4.999952, 5137, 83, 6213.0, 146, 26305, 32424, 36719, 41418, 0
120.001026, 4.999999, 5109, 82, 6326.7, 145, 26949, 33294, 38023, 42109, 0
121.002058, 1.001032, 1052, 82, 6273.3, 146, 26837, 32815, 37137, 42109, 0
