elapsed, window, n, min, mean, median, 95th, 99th, 99_9th, max, errors
5.00033, 5.00033, 70, 646, 2102.7, 879, 10526, 12953, 34530, 34530, 0
10.001334, 5.001004, 45, 686, 867.4, 862, 1029, 1044, 1044, 1044, 0
15.001332, 4.999998, 60, 713, 2017.1, 887, 1677, 24037, 32794, 32794, 0
20.001378, 5.000046, 50, 623, 1982.4, 830, 1489, 26741, 36948, 36948, 0
25.001336, 4.999958, 42, 706, 1592.2, 845, 6797, 19264, 19264, 19264, 0
30.001412, 5.000076, 77, 716, 3842.2, 885, 19264, 41100, 68279, 68279, 0
35.001321, 4.999909, 71, 629, 3211.2, 914, 14411, 41100, 56988, 56988, 0
40.001333, 5.000012, 70, 645, 3327.5, 877, 22233, 28749, 44521, 44521, 0
45.00133, 4.999997, 210, 599, 1795.0, 865, 8160, 18417, 46337, 46337, 0
50.001331, 5.000001, 63, 676, 2070.6, 894, 8555, 20871, 33225, 33225, 0
55.001378, 5.000047, 162, 652, 2275.2, 870, 4958, 32378, 56056, 56056, 0
60.001329, 4.999951, 50, 692, 2751.5, 855, 12541, 26709, 44488, 44488, 0
65.001391, 5.000062, 84, 697, 2832.6, 909, 18781, 26709, 28871, 28871, 0
70.00134, 4.999949, 54, 638, 3830.3, 861, 22176, 28871, 60927, 60927, 0
75.00138, 5.00004, 74, 671, 2584.7, 879, 10749, 37007, 40500, 40500, 0
80.001329, 4.999949, 128, 672, 2283.9, 879, 8405, 42824, 54212, 54212, 0
85.001364, 5.000035, 66, 638, 4047.7, 852, 34865, 40363, 42824, 42824, 0
90.001333, 4.999969, 25, 672, 3688.6, 875, 20564, 40363, 40363, 40363, 0
95.001323, 4.99999, 18, 609, 1353.4, 829, 4330, 8667, 8667, 8667, 0
100.00134, 5.000017, 40, 671, 2546.9, 914, 4458, 60980, 60980, 60980, 0
105.00138, 5.00004, 61, 678, 3686.4, 870, 23121, 40603, 50040, 50040, 0
110.001382, 5.000002, 51, 665, 4048.8, 854, 28140, 32933, 42464, 42464, 0
115.001382, 5.0, 59, 673, 2649.6, 905, 8022, 38768, 46295, 46295, 0
120.001395, 5.000013, 80, 668, 1179.1, 877, 1737, 8022, 14625, 14625, 0
121.003473, 1.002078, 12, 668, 1526.3, 877, 1145, 14625, 41213, 41213, 0
