elapsed, window, total, successful, failed
5.000719, 5.000719, 2066, 2066, 0
10.001641, 5.000922, 1725, 1725, 0
15.001736, 5.000095, 1761, 1761, 0
20.001813, 5.000077, 1866, 1866, 0
25.001602, 4.999789, 1599, 1599, 0
30.001719, 5.000117, 1841, 1841, 0
35.001673, 4.999954, 1836, 1836, 0
40.001733, 5.00006, 1720, 1720, 0
45.001721, 4.999988, 1682, 1682, 0
50.001728, 5.000007, 1790, 1790, 0
55.001724, 4.999996, 1809, 1809, 0
60.001755, 5.000031, 1820, 1820, 0
65.001737, 4.999982, 1770, 1770, 0
70.001676, 4.999939, 1753, 1753, 0
75.001611, 4.999935, 1646, 1646, 0
80.001727, 5.000116, 1857, 1857, 0
85.001769, 5.000042, 1768, 1768, 0
90.001721, 4.999952, 1467, 1467, 0
95.001726, 5.000005, 1815, 1815, 0
100.001681, 4.999955, 1842, 1842, 0
105.001721, 5.00004, 1847, 1847, 0
110.001675, 4.999954, 1787, 1787, 0
115.001685, 5.00001, 1689, 1689, 0
120.001762, 5.000077, 1647, 1647, 0
125.001675, 4.999913, 1790, 1790, 0
130.001724, 5.000049, 1836, 1836, 0
135.001827, 5.000103, 1719, 1719, 0
140.001751, 4.999924, 1844, 1844, 0
145.001733, 4.999982, 1838, 1838, 0
150.001675, 4.999942, 1697, 1697, 0
155.001735, 5.00006, 1550, 1550, 0
160.001775, 5.00004, 1555, 1555, 0
165.001769, 4.999994, 1854, 1854, 0
170.001759, 4.99999, 1891, 1891, 0
175.001747, 4.999988, 1856, 1856, 0
180.001677, 4.99993, 1803, 1803, 0
185.001726, 5.000049, 1893, 1893, 0
190.001737, 5.000011, 1898, 1898, 0
195.001671, 4.999934, 1859, 1859, 0
200.001676, 5.000005, 1741, 1741, 0
205.001759, 5.000083, 1700, 1700, 0
210.001682, 4.999923, 1798, 1798, 0
215.001688, 5.000006, 1907, 1907, 0
220.001592, 4.999904, 1799, 1799, 0
225.001619, 5.000027, 1779, 1779, 0
230.001717, 5.000098, 1887, 1887, 0
235.001785, 5.000068, 1769, 1769, 0
240.001676, 4.999891, 1777, 1777, 0
245.001765, 5.000089, 1821, 1821, 0
250.001738, 4.999973, 1537, 1537, 0
255.001627, 4.999889, 1799, 1799, 0
260.00177, 5.000143, 1820, 1820, 0
265.001676, 4.999906, 1804, 1804, 0
270.001701, 5.000025, 1653, 1653, 0
275.001724, 5.000023, 1520, 1520, 0
280.001723, 4.999999, 1423, 1423, 0
285.001792, 5.000069, 1812, 1812, 0
290.001675, 4.999883, 1901, 1901, 0
295.001708, 5.000033, 1885, 1885, 0
300.001741, 5.000033, 1837, 1837, 0
301.003803, 1.002062, 348, 348, 0
