elapsed, window, n, min, mean, median, 95th, 99th, 99_9th, max, errors
5.000327, 5.000327, 978, 91395, 98210.1, 94083, 113988, 152790, 178381, 182525, 0
10.001645, 5.001318, 659, 91522, 129047.9, 98514, 253600, 325738, 422942, 439932, 0
15.001324, 4.999679, 761, 91570, 128554.6, 97229, 258969, 350360, 378257, 383074, 0
20.001338, 5.000014, 776, 91701, 141384.5, 98500, 321165, 468406, 513143, 518743, 0
25.00141, 5.000072, 635, 91584, 169349.3, 111071, 431831, 558308, 633304, 641654, 0
30.001444, 5.000034, 728, 91737, 141268.0, 101851, 300739, 363516, 420657, 426033, 0
35.001322, 4.999878, 625, 91597, 149930.5, 102773, 375033, 480845, 519239, 585291, 0
40.001447, 5.000125, 609, 91505, 174792.7, 103751, 460842, 576227, 594416, 621052, 0
45.001401, 4.999954, 646, 91791, 160334.5, 107935, 397330, 497107, 529112, 530250, 0
50.001328, 4.999927, 640, 91683, 156233.5, 104884, 375541, 467318, 543682, 572149, 0
55.001458, 5.00013, 605, 91776, 154755.7, 103381, 342847, 461545, 493422, 495795, 0
60.001465, 5.000007, 748, 91675, 170886.5, 118283, 421421, 506561, 541953, 543067, 0
65.001443, 4.999978, 733, 91710, 157311.9, 105644, 392762, 500891, 565245, 574530, 0
70.001493, 5.00005, 554, 91657, 177546.0, 116495, 459043, 564411, 644063, 673095, 0
75.001377, 4.999884, 717, 91739, 165071.7, 107424, 424720, 564411, 657581, 676378, 0
80.001332, 4.999955, 691, 91765, 167300.9, 106260, 456616, 561074, 603387, 657581, 0
85.001312, 4.99998, 609, 91700, 160984.9, 110022, 383404, 477244, 565917, 659381, 0
90.001456, 5.000144, 575, 91863, 170363.5, 106450, 501142, 629190, 671093, 757415, 0
95.001438, 4.999982, 611, 91631, 174341.0, 111161, 448752, 632502, 671093, 757415, 0
100.001456, 5.000018, 613, 91631, 142614.8, 97330, 323277, 405808, 448752, 469670, 0
105.001504, 5.000048, 318, 91631, 324390.2, 97144, 2350262, 2533012, 2585883, 2585883, 0
110.001494, 4.99999, 323, 91642, 349230.4, 150729, 1300062, 1680038, 1815052, 1815052, 0
115.001446, 4.999952, 510, 91605, 231320.1, 133828, 714009, 964710, 1158584, 1163820, 0
120.001462, 5.000016, 612, 91692, 189581.2, 108416, 520634, 787292, 913400, 938235, 0
121.003565, 1.002103, 123, 91718, 177417.6, 102545, 491539, 727327, 810981, 869554, 0
