elapsed, window, n, min, mean, median, 95th, 99th, 99_9th, max, errors
5.000216, 5.000216, 100, 200, 2242.1, 520, 15712, 29797, 34377, 34377, 0
10.001225, 5.001009, 200, 191, 2387.0, 271, 14250, 36581, 54028, 54028, 0
15.001264, 5.000039, 247, 200, 3450.8, 263, 22053, 56494, 89814, 89814, 0
20.001264, 5.0, 304, 186, 4973.9, 270, 29670, 91371, 118634, 118634, 0
25.001269, 5.000005, 236, 196, 13645.8, 251, 95404, 158187, 271410, 271410, 0
30.001215, 4.999946, 207, 193, 2869.5, 246, 19694, 42055, 61978, 61978, 0
35.001264, 5.000049, 206, 194, 3366.0, 256, 24189, 63300, 66142, 66142, 0
40.001264, 5.0, 102, 194, 4026.6, 256, 13263, 77944, 96314, 96314, 0
45.001265, 5.000001, 199, 192, 2846.9, 264, 15669, 51943, 58249, 58249, 0
50.001369, 5.000104, 199, 197, 2247.0, 267, 12263, 35876, 54403, 54403, 0
55.001266, 4.999897, 200, 193, 1942.4, 249, 14086, 40102, 57904, 57904, 0
60.001233, 4.999967, 164, 176, 788.6, 248, 1849, 17660, 19877, 19877, 0
65.001265, 5.000032, 186, 176, 1424.7, 249, 5861, 28268, 68261, 68261, 0
70.001216, 4.999951, 295, 188, 2067.9, 251, 13408, 33833, 71616, 71616, 0
75.001264, 5.000048, 146, 190, 1431.1, 239, 7691, 28284, 33833, 33833, 0
80.001265, 5.000001, 129, 190, 1906.9, 244, 8018, 38355, 50086, 50086, 0
85.001218, 4.999953, 175, 195, 1515.8, 254, 550, 51453, 68385, 68385, 0
90.001266, 5.000048, 169, 196, 3528.7, 277, 25293, 68263, 76126, 76126, 0
95.001393, 5.000127, 302, 190, 2186.9, 241, 17637, 34106, 71936, 71936, 0
100.001266, 4.999873, 310, 197, 1599.2, 243, 9502, 26569, 44241, 44241, 0
105.001264, 4.999998, 88, 189, 1402.5, 239, 8339, 25505, 34180, 34180, 0
110.001263, 4.999999, 87, 201, 1619.7, 294, 7675, 23670, 50157, 50157, 0
115.001345, 5.000082, 100, 193, 458.6, 267, 588, 5739, 8303, 8303, 0
120.001264, 4.999919, 149, 195, 678.2, 265, 549, 13618, 19828, 19828, 0
121.002306, 1.001042, 18, 195, 722.3, 263, 617, 13618, 19828, 19828, 0
