elapsed, window, total, successful, failed
5.001031, 5.001031, 86349, 86349, 0
10.000979, 4.999948, 74438, 74438, 0
15.001944, 5.000965, 69941, 69941, 0
20.002071, 5.000127, 66885, 66885, 0
25.001008, 4.998937, 65642, 65642, 0
30.001938, 5.00093, 65043, 65043, 0
35.001959, 5.000021, 63200, 63200, 0
40.001953, 4.999994, 62358, 62358, 0
45.001971, 5.000018, 62486, 62486, 0
50.001969, 4.999998, 61813, 61813, 0
55.002069, 5.0001, 61172, 61172, 0
60.000945, 4.998876, 61225, 61225, 0
65.00195, 5.001005, 61626, 61626, 0
70.001957, 5.000007, 60302, 60302, 0
75.001958, 5.000001, 60776, 60776, 0
80.002033, 5.000075, 61047, 61047, 0
85.000976, 4.998943, 60230, 60230, 0
90.001959, 5.000983, 59753, 59753, 0
95.00199, 5.000031, 60456, 60456, 0
100.002009, 5.000019, 59560, 59560, 0
105.002026, 5.000017, 59744, 59744, 0
110.000978, 4.998952, 59119, 59119, 0
115.002011, 5.001033, 58956, 58956, 0
120.002034, 5.000023, 58991, 58991, 0
121.002048, 1.000014, 11964, 11964, 0
