elapsed, window, n, min, mean, max, errors, median
0.286085, 0.286085,2346, 0,1.59585e+06, 4790950,3,1.53203e+06

