elapsed, window, n, min, mean, median, 95th, 99th, 99_9th, max, errors
5.000551, 5.000551, 30, 151429, 159847.8, 152352, 203413, 256571, 256571, 256571, 0
10.001577, 5.001026, 60, 151256, 161595.2, 152469, 198572, 210583, 232420, 232420, 0
15.001552, 4.999975, 103, 151138, 158418.2, 152289, 192445, 203692, 205562, 205562, 0
20.001564, 5.000012, 97, 151176, 169687.9, 152604, 223277, 233993, 246599, 246599, 0
25.001501, 4.999937, 85, 151168, 156394.1, 152552, 173771, 203238, 204982, 204982, 0
30.001561, 5.00006, 45, 150994, 156464.3, 152428, 177263, 212590, 212590, 212590, 0
35.001505, 4.999944, 47, 151176, 187361.8, 156676, 251906, 260223, 260223, 260223, 0
40.001556, 5.000051, 60, 150965, 201025.6, 172606, 299865, 318071, 324285, 324285, 0
45.001547, 4.999991, 62, 150965, 180033.8, 152633, 260426, 298009, 306436, 306436, 0
50.001506, 4.999959, 63, 150991, 158463.5, 152325, 187301, 200054, 231413, 231413, 0
55.001501, 4.999995, 27, 150991, 163644.2, 152596, 216757, 223090, 223090, 223090, 0
60.00157, 5.000069, 82, 150949, 186448.6, 168538, 243815, 284386, 305175, 305175, 0
65.001503, 4.999933, 66, 150863, 169344.8, 152782, 229137, 244595, 256944, 256944, 0
70.001517, 5.000014, 63, 151181, 178867.8, 152720, 265179, 302259, 331934, 331934, 0
75.001566, 5.000049, 40, 151181, 196167.9, 155474, 345145, 384943, 384943, 384943, 0
80.001523, 4.999957, 50, 150951, 180160.3, 160597, 240016, 264577, 264577, 264577, 0
85.001593, 5.00007, 50, 151176, 164752.1, 152687, 239818, 252793, 252793, 252793, 0
90.001514, 4.999921, 79, 150719, 171125.4, 152926, 215656, 229967, 237251, 237251, 0
95.0015, 4.999986, 91, 150999, 174846.8, 152738, 230004, 234816, 242138, 242138, 0
100.001446, 4.999946, 36, 151252, 166419.9, 152460, 229119, 230435, 230435, 230435, 0
105.001502, 5.000056, 28, 150811, 155138.8, 152186, 162805, 225848, 225848, 225848, 0
110.00155, 5.000048, 32, 150895, 184182.5, 174248, 226580, 231738, 231738, 231738, 0
115.001511, 4.999961, 37, 151078, 163909.8, 152416, 209328, 315471, 315471, 315471, 0
120.001439, 4.999928, 32, 151183, 161295.3, 152425, 187176, 244504, 244504, 244504, 0
121.002651, 1.001212, 6, 150919, 158143.7, 152419, 186228, 222704, 222704, 222704, 0
