elapsed, window, n, min, mean, max, errors, median
5.00055, 5.00055,10073, 483,781.492, 3874,0,746.15
10.00152, 5.00097,10493, 468,725.602, 8467,0,705.621
15.001514, 4.999994,10363, 460,707.101, 6651,0,688.556
20.001556, 5.000042,10418, 468,706.33, 1965,0,690.86
25.001462, 4.999906,10615, 435,699.893, 2442,0,685.046
30.000535, 4.999073,10216, 429,695.137, 2292,0,678.082
35.00059, 5.000055,10128, 449,695.036, 4665,0,677.829
40.001536, 5.000946,10086, 459,692.582, 2036,0,677.01
45.001552, 5.000016,10007, 458,700.469, 5720,0,682.155
50.001502, 4.99995,10409, 459,695.484, 2674,0,678.175
55.001453, 4.999951,10488, 468,697.156, 7299,0,676.721
60.001445, 4.999992,10127, 473,696.185, 5998,0,677.887
65.001559, 5.000114,10269, 457,692.049, 1741,0,675.022
70.001551, 4.999992,10340, 445,696.136, 6925,0,676.486
75.001443, 4.999892,10274, 442,692.888, 3152,0,675.412
80.001546, 5.000103,10262, 444,693.69, 5533,0,674.423
85.001592, 5.000046,9902, 465,694.52, 2633,0,676.834
90.001425, 4.999833,10236, 454,692.724, 2539,0,675.481
95.00143, 5.000005,9964, 457,690.849, 2323,0,674.45
100.001433, 5.000003,10133, 449,695.216, 3960,0,676.234
105.001415, 4.999982,10162, 467,696.789, 3157,0,678.887
110.001516, 5.000101,10245, 460,695.531, 8004,0,674.932
115.001492, 4.999976,10100, 455,691.382, 4089,0,673.853
120.00153, 5.000038,10483, 474,691.2, 4089,0,674.969
125.001548, 5.000018,10297, 474,690.272, 3066,0,674.579
130.001488, 4.99994,10439, 444,693.464, 1779,0,676.659
135.001416, 4.999928,10350, 458,695.294, 9826,0,676.995
140.001499, 5.000083,10341, 459,695.432, 24788,0,674.526
145.001545, 5.000046,10383, 466,689.556, 2182,0,673.582
150.001539, 4.999994,9996, 465,688.544, 2182,0,672.566
155.001551, 5.000012,10032, 462,689.539, 5090,0,671.455
160.001543, 4.999992,9962, 467,694.731, 2183,0,677.808
165.001503, 4.99996,10405, 442,694.806, 10599,0,676.919
170.001488, 4.999985,10440, 468,988.547, 181058,0,677.574
175.001491, 5.000003,10379, 446,697.061, 5810,0,674.74
180.001498, 5.000007,10348, 460,691.341, 1877,0,674.851
181.073643, 1.072145,2202, 466,692.388, 1877,0,676.073

