elapsed, window, n, min, mean, median, 95th, 99th, 99_9th, max, errors
5.001203, 5.001203, 35, 91047, 92453.9, 91918, 94857, 96015, 96015, 96015, 0
10.001101, 4.999898, 0, 0, 0, 0, 0, 0, 0, 0, 0
15.001127, 5.000026, 0, 0, 0, 0, 0, 0, 0, 0, 0
20.00121, 5.000083, 0, 0, 0, 0, 0, 0, 0, 0, 0
25.001227, 5.000017, 0, 0, 0, 0, 0, 0, 0, 0, 0
30.001126, 4.999899, 0, 0, 0, 0, 0, 0, 0, 0, 0
35.001222, 5.000096, 0, 0, 0, 0, 0, 0, 0, 0, 0
40.001143, 4.999921, 0, 0, 0, 0, 0, 0, 0, 0, 0
45.001093, 4.99995, 0, 0, 0, 0, 0, 0, 0, 0, 0
50.001222, 5.000129, 0, 0, 0, 0, 0, 0, 0, 0, 0
55.001216, 4.999994, 0, 0, 0, 0, 0, 0, 0, 0, 0
60.001248, 5.000032, 0, 0, 0, 0, 0, 0, 0, 0, 0
65.001214, 4.999966, 14, 185573, 190222.7, 188981, 195834, 195948, 195948, 195948, 0
70.00122, 5.000006, 56, 91677, 155000.3, 179829, 197780, 199096, 215085, 215085, 0
75.001211, 4.999991, 0, 0, 0, 0, 0, 0, 0, 0, 0
80.001217, 5.000006, 0, 0, 0, 0, 0, 0, 0, 0, 0
85.001215, 4.999998, 0, 0, 0, 0, 0, 0, 0, 0, 0
90.001103, 4.999888, 0, 0, 0, 0, 0, 0, 0, 0, 0
95.001257, 5.000154, 0, 0, 0, 0, 0, 0, 0, 0, 0
100.001212, 4.999955, 0, 0, 0, 0, 0, 0, 0, 0, 0
105.001156, 4.999944, 0, 0, 0, 0, 0, 0, 0, 0, 0
110.00119, 5.000034, 0, 0, 0, 0, 0, 0, 0, 0, 0
115.001216, 5.000026, 0, 0, 0, 0, 0, 0, 0, 0, 0
120.001116, 4.9999, 70, 91298, 113555.6, 100789, 169024, 176359, 209952, 209952, 0
121.003243, 1.002127, 1, 91298, 111422.6, 99969, 169024, 176359, 209952, 209952, 0
