elapsed, window, n, min, mean, median, 95th, 99th, 99_9th, max, errors
5.001203, 5.001203, 1058, 938, 5702.2, 2786, 13229, 80016, 117584, 128547, 0
10.001101, 4.999898, 534, 986, 6719.1, 2180, 35669, 73124, 87226, 90314, 0
15.001127, 5.000026, 671, 941, 4373.5, 1733, 19414, 56743, 87184, 100833, 0
20.00121, 5.000083, 681, 909, 5756.0, 1640, 33601, 72436, 90965, 92934, 0
25.001227, 5.000017, 708, 958, 7876.9, 1772, 44873, 90476, 111838, 147289, 0
30.001126, 4.999899, 662, 903, 7312.9, 1618, 48588, 103882, 126781, 129163, 0
35.001222, 5.000096, 687, 948, 4007.4, 1741, 20134, 45361, 52757, 65222, 0
40.001143, 4.999921, 887, 911, 4371.1, 1539, 22785, 49125, 109255, 140285, 0
45.001093, 4.99995, 572, 924, 5710.6, 1504, 27510, 91007, 110862, 148766, 0
50.001222, 5.000129, 775, 930, 7567.0, 1887, 39495, 87794, 145796, 178923, 0
55.001216, 4.999994, 820, 953, 4982.6, 1999, 21183, 53280, 102754, 103185, 0
60.001248, 5.000032, 791, 975, 4730.4, 1917, 18442, 70518, 111019, 111456, 0
65.001214, 4.999966, 603, 955, 4633.8, 1611, 25027, 57319, 74983, 100872, 0
70.00122, 5.000006, 771, 886, 4073.6, 1794, 17216, 44113, 66808, 76060, 0
75.001211, 4.999991, 723, 920, 6404.2, 1761, 31699, 93064, 129378, 131363, 0
80.001217, 5.000006, 720, 947, 6660.5, 1728, 38143, 75801, 121063, 151446, 0
85.001215, 4.999998, 710, 977, 6164.2, 1482, 36733, 100857, 155293, 172626, 0
90.001103, 4.999888, 643, 909, 6366.8, 1770, 38493, 74503, 103157, 104257, 0
95.001257, 5.000154, 717, 922, 5062.3, 1646, 18165, 76118, 106925, 144390, 0
100.001212, 4.999955, 839, 924, 5731.6, 1781, 31672, 67246, 98798, 114702, 0
105.001156, 4.999944, 607, 956, 6180.1, 1729, 30814, 79362, 122918, 141802, 0
110.00119, 5.000034, 774, 953, 4681.0, 1574, 23371, 63155, 108042, 111725, 0
115.001216, 5.000026, 550, 927, 5224.7, 1793, 25447, 67343, 83498, 83612, 0
120.001116, 4.9999, 711, 959, 6633.0, 1570, 42903, 86926, 107584, 109712, 0
121.003243, 1.002127, 114, 959, 6898.2, 1577, 43042, 86926, 107584, 109712, 0
