elapsed, window, total, successful, failed
5.001023, 5.001023, 9176, 9176, 0
10.001987, 5.000964, 7289, 7289, 0
15.001972, 4.999985, 8349, 8349, 0
20.00202, 5.000048, 7308, 7308, 0
25.001992, 4.999972, 8272, 8272, 0
30.002025, 5.000033, 7369, 7369, 0
35.001983, 4.999958, 8137, 8137, 0
40.001912, 4.999929, 8738, 8738, 0
45.001938, 5.000026, 7053, 7053, 0
50.001981, 5.000043, 6847, 6847, 0
55.001982, 5.000001, 8820, 8820, 0
60.001994, 5.000012, 6833, 6833, 0
65.00195, 4.999956, 11998, 11998, 0
70.001992, 5.000042, 10758, 10758, 0
75.002, 5.000008, 8639, 8639, 0
80.001993, 4.999993, 9727, 9727, 0
85.001993, 5.0, 6856, 6856, 0
90.002004, 5.000011, 6746, 6746, 0
95.001938, 4.999934, 8640, 8640, 0
100.001996, 5.000058, 8870, 8870, 0
105.001994, 4.999998, 7756, 7756, 0
110.001879, 4.999885, 9767, 9767, 0
115.001999, 5.00012, 8432, 8432, 0
120.001995, 4.999996, 8730, 8730, 0
121.002992, 1.000997, 1833, 1833, 0
