elapsed, window, n, min, mean, median, 95th, 99th, 99_9th, max, errors
5.000502, 5.000502, 90543, 353, 6773.7, 2241, 9690, 132412, 524032, 880818, 0
10.001501, 5.000999, 98375, 369, 6379.1, 2154, 6790, 89088, 732699, 950215, 0
15.001502, 5.000001, 91410, 375, 6724.1, 2136, 7208, 137121, 706369, 1210441, 0
20.001519, 5.000017, 83355, 358, 7288.4, 2134, 8357, 127082, 763143, 1048507, 0
25.001512, 4.999993, 90452, 369, 7024.9, 2160, 7586, 149306, 681903, 1028496, 0
30.001539, 5.000027, 92221, 374, 6809.2, 2129, 7410, 116819, 689265, 1317237, 0
35.001573, 5.000034, 77299, 353, 7879.5, 2120, 9827, 118055, 872079, 1504898, 0
40.001507, 4.999934, 89115, 371, 7041.4, 2075, 7911, 133237, 747605, 1318574, 0
45.001489, 4.999982, 87918, 371, 7166.3, 2200, 8060, 149338, 638905, 1300539, 0
50.001505, 5.000016, 90614, 369, 6977.1, 2224, 7590, 128754, 682986, 1034587, 0
55.001495, 4.99999, 91819, 359, 6799.0, 2187, 7335, 115172, 699112, 1006172, 0
60.001566, 5.000071, 84261, 370, 7324.2, 2188, 8150, 129024, 753945, 1116111, 0
65.001485, 4.999919, 90561, 379, 6971.9, 2159, 7513, 117301, 734363, 1116111, 0
70.001548, 5.000063, 81665, 374, 7444.3, 2132, 9028, 115050, 971968, 1224984, 0
75.001487, 4.999939, 85755, 377, 7441.0, 2179, 7875, 101792, 1088386, 1531938, 0
80.001508, 5.000021, 87414, 381, 7105.6, 2169, 7703, 102566, 820907, 1124400, 0
85.001563, 5.000055, 66044, 361, 9216.8, 2089, 18135, 146580, 1280590, 2236812, 0
90.001546, 4.999983, 75092, 367, 8178.9, 2088, 12684, 175522, 746045, 1819966, 0
95.001514, 4.999968, 72448, 374, 8758.6, 2160, 12053, 134498, 950189, 2056548, 0
100.001521, 5.000007, 82136, 375, 7548.5, 2189, 8945, 145524, 815250, 1170162, 0
105.001561, 5.00004, 85716, 370, 7410.5, 2180, 8348, 135280, 754135, 1241766, 0
110.001602, 5.000041, 91921, 374, 6840.7, 2196, 7522, 130923, 629032, 897519, 0
115.001489, 4.999887, 88614, 363, 7025.3, 2160, 7974, 130923, 696002, 1128853, 0
120.001492, 5.000003, 81050, 371, 7470.4, 2114, 9015, 164890, 683821, 1082463, 0
121.002642, 1.00115, 15123, 367, 7649.8, 2118, 9923, 165876, 674832, 1140799, 0
