elapsed, window, total, successful, failed
5.001202, 5.001202, 45533, 45533, 0
10.001052, 4.99985, 45770, 45770, 0
15.001022, 4.99997, 45772, 45772, 0
20.001037, 5.000015, 45845, 45845, 0
25.001021, 4.999984, 45934, 45934, 0
30.001047, 5.000026, 45896, 45896, 0
35.00107, 5.000023, 45939, 45939, 0
40.001025, 4.999955, 45947, 45947, 0
45.001018, 4.999993, 45975, 45975, 0
50.001263, 5.000245, 45874, 45874, 0
55.001146, 4.999883, 45901, 45901, 0
60.001025, 4.999879, 46109, 46109, 0
65.001066, 5.000041, 45823, 45823, 0
70.00103, 4.999964, 45879, 45879, 0
75.001023, 4.999993, 46141, 46141, 0
80.001256, 5.000233, 46172, 46172, 0
85.001038, 4.999782, 45943, 45943, 0
90.001145, 5.000107, 46025, 46025, 0
95.001119, 4.999974, 45906, 45906, 0
100.001246, 5.000127, 46100, 46100, 0
105.001035, 4.999789, 46013, 46013, 0
110.001056, 5.000021, 46178, 46178, 0
115.001032, 4.999976, 46029, 46029, 0
120.00128, 5.000248, 46096, 46096, 0
121.004066, 1.002786, 9183, 9183, 0
