elapsed, window, total, successful, failed
5.000817, 5.000817, 518239, 518239, 0
10.00185, 5.001033, 474439, 474439, 0
15.001888, 5.000038, 468358, 468358, 0
20.0018, 4.999912, 469192, 469192, 0
25.001816, 5.000016, 463648, 463648, 0
30.00179, 4.999974, 468112, 468112, 0
35.00182, 5.00003, 464813, 464813, 0
40.001826, 5.000006, 465650, 465650, 0
45.002031, 5.000205, 465574, 465574, 0
50.000937, 4.998906, 460779, 460779, 0
55.001808, 5.000871, 463406, 463406, 0
60.001798, 4.99999, 465851, 465851, 0
65.001824, 5.000026, 465614, 465614, 0
70.001868, 5.000044, 463340, 463340, 0
75.00198, 5.000112, 463438, 463438, 0
80.001912, 4.999932, 466250, 466250, 0
85.001812, 4.9999, 461576, 461576, 0
90.001833, 5.000021, 461912, 461912, 0
95.001801, 4.999968, 463273, 463273, 0
100.001801, 5.0, 461203, 461203, 0
105.001806, 5.000005, 461921, 461921, 0
110.002018, 5.000212, 461924, 461924, 0
115.001831, 4.999813, 463105, 463105, 0
120.001845, 5.000014, 461786, 461786, 0
121.002973, 1.001128, 94305, 94305, 0
