elapsed, window, total, successful, failed
5.001245, 5.001245, 517, 517, 0
10.001265, 5.00002, 353, 350, 3
15.001259, 4.999994, 376, 375, 1
20.001281, 5.000022, 333, 330, 3
25.001286, 5.000005, 438, 438, 0
30.001254, 4.999968, 501, 500, 1
35.001246, 4.999992, 324, 324, 0
40.00119, 4.999944, 504, 503, 1
45.001245, 5.000055, 428, 428, 0
50.001197, 4.999952, 534, 534, 0
55.001269, 5.000072, 369, 369, 0
60.001205, 4.999936, 448, 448, 0
65.001236, 5.000031, 430, 430, 0
70.001224, 4.999988, 376, 376, 0
75.001286, 5.000062, 484, 483, 1
80.001217, 4.999931, 417, 417, 0
85.001239, 5.000022, 442, 442, 0
90.001243, 5.000004, 401, 401, 0
95.001194, 4.999951, 426, 426, 0
100.001204, 5.00001, 501, 499, 2
105.001197, 4.999993, 424, 423, 1
110.001245, 5.000048, 459, 458, 1
115.001192, 4.999947, 426, 425, 1
120.001232, 5.00004, 461, 461, 0
125.001192, 4.99996, 427, 427, 0
130.001194, 5.000002, 441, 441, 0
135.001242, 5.000048, 432, 432, 0
140.001244, 5.000002, 420, 420, 0
145.00116, 4.999916, 446, 445, 1
150.001239, 5.000079, 422, 422, 0
155.001163, 4.999924, 438, 438, 0
160.001283, 5.00012, 423, 423, 0
165.001213, 4.99993, 453, 453, 0
170.00123, 5.000017, 427, 427, 0
175.001254, 5.000024, 430, 430, 0
180.001213, 4.999959, 449, 449, 0
185.001246, 5.000033, 414, 412, 2
190.00125, 5.000004, 448, 448, 0
195.001198, 4.999948, 449, 449, 0
200.001217, 5.000019, 432, 432, 0
205.001266, 5.000049, 460, 459, 1
210.001244, 4.999978, 457, 457, 0
215.00128, 5.000036, 435, 435, 0
220.001197, 4.999917, 438, 438, 0
225.001248, 5.000051, 434, 434, 0
230.001277, 5.000029, 443, 443, 0
235.001249, 4.999972, 456, 456, 0
240.001189, 4.99994, 426, 426, 0
245.001243, 5.000054, 426, 426, 0
250.001242, 4.999999, 425, 424, 1
255.00126, 5.000018, 430, 430, 0
260.001206, 4.999946, 436, 436, 0
265.001248, 5.000042, 412, 412, 0
270.00127, 5.000022, 439, 438, 1
275.001292, 5.000022, 438, 438, 0
280.001201, 4.999909, 444, 444, 0
285.00122, 5.000019, 431, 431, 0
290.001257, 5.000037, 433, 433, 0
295.001241, 4.999984, 425, 425, 0
300.001211, 4.99997, 443, 443, 0
301.031379, 1.030168, 86, 86, 0
