elapsed, window, total, successful, failed
5.000757, 5.000757,4501,4501,0
10.001827, 5.00107,4342,4340,2
15.001754, 4.999927,4377,4376,1
20.001826, 5.000072,4341,4341,0
25.001767, 4.999941,4348,4348,0
30.001787, 5.00002,4382,4382,0
35.001759, 4.999972,4357,4356,1
40.001759, 5.0,4384,4382,2
45.001778, 5.000019,4341,4341,0
50.001765, 4.999987,4354,4354,0
55.001761, 4.999996,4356,4356,0
60.001818, 5.000057,4339,4339,0
65.00186, 5.000042,4376,4375,1
70.001776, 4.999916,4356,4356,0
75.001758, 4.999982,4351,4351,0
80.001753, 4.999995,4381,4381,0
85.001819, 5.000066,4358,4358,0
90.001758, 4.999939,4353,4353,0
95.00176, 5.000002,4350,4349,1
100.001817, 5.000057,4359,4359,0
105.001857, 5.00004,4370,4370,0
110.001763, 4.999906,4367,4367,0
115.001809, 5.000046,4327,4327,0
120.001809, 5.0,4377,4376,1
125.001756, 4.999947,4331,4330,1
130.001759, 5.000003,4352,4352,0
135.001761, 5.000002,4391,4391,0
140.001757, 4.999996,4346,4346,0
145.001759, 5.000002,4354,4354,0
150.001759, 5.0,4350,4350,0
155.001756, 4.999997,4374,4374,0
160.00179, 5.000034,4346,4346,0
165.001757, 4.999967,4377,4375,2
170.001758, 5.000001,4339,4338,1
175.001752, 4.999994,4364,4364,0
180.001762, 5.00001,4367,4366,1
181.003976, 1.002214,876,876,0

