elapsed, window, total, successful, failed
5.000276, 5.000276, 326, 326, 0
10.001283, 5.001007, 345, 345, 0
15.001214, 4.999931, 296, 296, 0
20.001208, 4.999994, 340, 340, 0
25.001285, 5.000077, 320, 320, 0
30.001222, 4.999937, 354, 354, 0
35.001276, 5.000054, 285, 285, 0
40.001271, 4.999995, 286, 286, 0
45.001274, 5.000003, 277, 277, 0
50.001272, 4.999998, 318, 318, 0
55.001271, 4.999999, 294, 294, 0
60.00122, 4.999949, 253, 253, 0
65.001309, 5.000089, 318, 318, 0
70.001271, 4.999962, 322, 322, 0
75.001218, 4.999947, 296, 296, 0
80.001299, 5.000081, 317, 317, 0
85.001222, 4.999923, 339, 339, 0
90.001222, 5.0, 312, 312, 0
95.001219, 4.999997, 339, 339, 0
100.001218, 4.999999, 273, 273, 0
105.001225, 5.000007, 319, 319, 0
110.001199, 4.999974, 327, 327, 0
115.001228, 5.000029, 292, 292, 0
120.001223, 4.999995, 359, 359, 0
121.003419, 1.002196, 48, 48, 0
