elapsed, window, n, min, mean, median, 95th, 99th, 99_9th, max, errors
5.000596, 5.000596, 124815, 481, 13305.9, 2981, 15808, 352725, 723299, 1032483, 0
10.001598, 5.001002, 124412, 461, 13747.0, 3337, 67350, 238812, 508610, 878499, 0
15.001598, 5.0, 121701, 491, 13649.1, 3300, 69075, 223751, 543638, 797934, 0
20.001597, 4.999999, 124760, 501, 13474.0, 3320, 61284, 263420, 484124, 823106, 0
25.001618, 5.000021, 123750, 466, 13475.7, 3261, 67657, 251558, 454923, 841406, 0
30.001614, 4.999996, 121461, 503, 13670.9, 3315, 37550, 305230, 587580, 1509915, 0
35.001612, 4.999998, 124432, 480, 13576.0, 3282, 50433, 243070, 970631, 1416567, 0
40.001594, 4.999982, 126185, 514, 13305.7, 3265, 50658, 263464, 599366, 1101088, 0
45.0016, 5.000006, 122798, 526, 13716.4, 3322, 65740, 258849, 454300, 866878, 0
50.001616, 5.000016, 121939, 488, 13622.1, 3381, 73325, 220988, 448205, 642813, 0
55.001596, 4.99998, 123712, 512, 13560.3, 3348, 70049, 240141, 430351, 692031, 0
60.001599, 5.000003, 123448, 515, 13611.3, 3318, 69516, 238685, 463668, 687633, 0
65.001623, 5.000024, 122390, 515, 13583.4, 3386, 81084, 216534, 343281, 566289, 0
70.001593, 4.99997, 120201, 488, 13902.1, 3445, 79742, 200968, 353148, 624977, 0
75.00166, 5.000067, 121953, 514, 13908.3, 3369, 73117, 235545, 451396, 692904, 0
80.00161, 4.99995, 121985, 479, 13728.4, 3369, 77556, 222823, 399162, 666405, 0
85.001623, 5.000013, 122230, 499, 13536.2, 3317, 45576, 278300, 735604, 1245426, 0
90.001617, 4.999994, 119780, 517, 14132.6, 3354, 62988, 266469, 612442, 999799, 0
95.001732, 5.000115, 120631, 519, 13868.5, 3372, 59379, 262986, 651004, 986448, 0
100.001679, 4.999947, 121858, 494, 13799.5, 3378, 61874, 261137, 616998, 1000276, 0
105.001597, 4.999918, 121007, 480, 13894.1, 3391, 68903, 245355, 538454, 931456, 0
110.001619, 5.000022, 120684, 516, 13871.7, 3366, 69101, 256314, 500190, 951913, 0
115.001657, 5.000038, 121185, 516, 13875.0, 3412, 59645, 280503, 569028, 1085943, 0
120.001604, 4.999947, 118443, 516, 14071.3, 3404, 73492, 253595, 478482, 1025312, 0
121.006721, 1.005117, 27379, 516, 14185.9, 3415, 74392, 252213, 485277, 1025312, 0
