elapsed, window, n, min, mean, median, 95th, 99th, 99_9th, max, errors
5.001206, 5.001206, 65895, 310, 1907.9, 1802, 5551, 6345, 7992, 10055, 0
10.001071, 4.999865, 64968, 301, 1911.6, 1796, 5634, 6348, 8017, 8747, 0
15.001056, 4.999985, 65073, 308, 1914.4, 1800, 5595, 6362, 8053, 8663, 0
20.001045, 4.999989, 64960, 318, 1912.9, 1808, 5603, 6358, 8048, 8579, 0
25.001045, 5.0, 64355, 318, 1927.5, 1813, 5654, 6398, 8116, 9900, 0
30.001088, 5.000043, 64543, 293, 1930.3, 1829, 5557, 6353, 8000, 9900, 0
35.001087, 4.999999, 65280, 313, 1906.0, 1811, 4830, 6353, 8049, 10479, 0
40.001097, 5.00001, 64711, 315, 1922.6, 1813, 5588, 6396, 8017, 8713, 0
45.001048, 4.999951, 65351, 310, 1906.0, 1829, 4645, 6330, 7998, 8612, 0
50.001056, 5.000008, 65082, 326, 1906.9, 1829, 5486, 6354, 8018, 8514, 0
55.001111, 5.000055, 64990, 314, 1918.7, 1830, 5537, 6348, 8061, 8616, 0
60.001061, 4.99995, 64153, 314, 1937.9, 1850, 5568, 6349, 8035, 8687, 0
65.00118, 5.000119, 64439, 321, 1929.2, 1844, 5536, 6359, 8058, 8538, 0
70.001056, 4.999876, 65893, 315, 1886.1, 1835, 4529, 6314, 8051, 8977, 0
75.001045, 4.999989, 64770, 304, 1918.5, 1869, 4623, 6365, 8119, 8597, 0
80.001062, 5.000017, 65462, 325, 1900.7, 1856, 4583, 6327, 8035, 8661, 0
85.001052, 4.99999, 66196, 314, 1878.7, 1842, 4546, 6319, 8029, 9129, 0
90.00117, 5.000118, 65009, 309, 1913.1, 1867, 4685, 6353, 8081, 9456, 0
95.001147, 4.999977, 64626, 309, 1925.1, 1876, 4726, 6403, 8066, 8918, 0
100.00116, 5.000013, 65762, 329, 1891.7, 1862, 4573, 6321, 8037, 8795, 0
105.001056, 4.999896, 65663, 329, 1892.4, 1866, 4550, 6343, 8054, 8557, 0
110.001053, 4.999997, 65760, 321, 1894.7, 1863, 4599, 6348, 8069, 9563, 0
115.001102, 5.000049, 65632, 326, 1891.0, 1869, 4542, 6329, 8012, 8571, 0
120.001125, 5.000023, 65666, 324, 1894.6, 1876, 4524, 6328, 8000, 8554, 0
121.002191, 1.001066, 12963, 324, 1899.3, 1879, 4526, 6327, 8020, 8554, 0
