elapsed, window, n, min, mean, median, 95th, 99th, 99_9th, max, errors
5.000841, 5.000841, 25479, 21601, 34034.1, 32726, 46809, 59278, 75590, 90748, 11084
10.001865, 5.001024, 26670, 21633, 34801.4, 33449, 48273, 59266, 76649, 103509, 9006
15.001836, 4.999971, 27784, 21633, 35198.5, 33521, 50169, 63298, 86763, 104259, 7680
20.001838, 5.000002, 29018, 21862, 35403.7, 33787, 50427, 62718, 76714, 101596, 6225
25.001957, 5.000119, 29547, 21464, 35430.3, 33336, 51963, 70877, 99650, 120331, 5586
30.001837, 4.99988, 29640, 22201, 35887.0, 34156, 51587, 63691, 80176, 98525, 5055
35.001964, 5.000127, 30418, 21890, 36154.1, 34464, 51796, 64009, 78574, 92769, 4105
40.001842, 4.999878, 30906, 21722, 36318.1, 34260, 53425, 71480, 94583, 110521, 3418
45.001862, 5.00002, 31580, 22063, 36548.5, 34546, 53154, 67725, 96637, 110521, 2597
50.001837, 4.999975, 31528, 21531, 36590.5, 34910, 52520, 62907, 75530, 96745, 2647
55.001845, 5.000008, 30671, 21927, 36660.0, 34427, 54362, 73156, 98789, 131049, 3295
60.001835, 4.99999, 31182, 22178, 36816.3, 34802, 54311, 67231, 83760, 107842, 2829
65.001873, 5.000038, 30783, 22088, 36779.5, 34584, 54703, 70330, 88516, 108052, 3113
70.001834, 4.999961, 30937, 22307, 37168.8, 35073, 54418, 70778, 97987, 110070, 2637
75.001839, 5.000005, 30387, 22443, 37340.1, 34691, 56534, 79985, 126992, 151984, 3105
80.002001, 5.000162, 29574, 22043, 38038.5, 35191, 57570, 84027, 164782, 181479, 3049
85.001911, 4.99991, 29755, 21982, 38252.2, 34799, 61270, 90591, 156179, 181479, 2943
90.001906, 4.999995, 30054, 21700, 38249.2, 35136, 61275, 85362, 105091, 122610, 2631
95.001846, 4.99994, 29809, 22243, 38280.3, 35256, 61339, 79356, 98131, 124489, 2722
100.001843, 4.999997, 28330, 21947, 38573.9, 34830, 61522, 97116, 184954, 204736, 3904
105.001838, 4.999995, 29910, 22216, 38513.3, 35928, 59020, 79555, 104852, 122005, 2521
110.001899, 5.000061, 29567, 22216, 38748.0, 35898, 59799, 88277, 119752, 131847, 2704
115.001838, 4.999939, 29555, 22124, 38870.2, 35922, 60146, 82447, 131606, 143759, 2570
120.001891, 5.000053, 29698, 22124, 39050.4, 35595, 63181, 88637, 128707, 164330, 2286
121.00488, 1.002989, 5868, 22374, 39040.1, 35455, 63973, 88199, 125114, 164330, 511
