elapsed, window, total, successful, failed
5.000171, 5.000171, 145620, 145620, 0
10.001159, 5.000988, 141256, 141256, 0
15.001153, 4.999994, 141939, 141939, 0
20.001156, 5.000003, 139836, 139836, 0
25.001159, 5.000003, 141555, 141555, 0
30.001172, 5.000013, 138986, 138986, 0
35.001177, 5.000005, 138276, 138276, 0
40.001168, 4.999991, 140661, 140661, 0
45.001174, 5.000006, 139088, 139088, 0
50.00122, 5.000046, 136488, 136488, 0
55.001159, 4.999939, 139414, 139414, 0
60.001181, 5.000022, 136729, 136729, 0
65.001184, 5.000003, 135958, 135958, 0
70.001183, 4.999999, 137643, 137643, 0
75.001178, 4.999995, 136260, 136260, 0
80.001208, 5.00003, 135686, 135686, 0
85.001212, 5.000004, 135762, 135762, 0
90.001182, 4.99997, 135813, 135813, 0
95.001162, 4.99998, 135001, 135001, 0
100.001154, 4.999992, 134151, 134151, 0
105.00116, 5.000006, 134365, 134365, 0
110.001196, 5.000036, 134142, 134142, 0
115.001175, 4.999979, 131361, 131361, 0
120.001222, 5.000047, 128710, 128710, 0
121.004272, 1.00305, 26726, 26726, 0
