elapsed, window, total, successful, failed
5.000716, 5.000716, 2099, 2099, 0
10.001721, 5.001005, 2183, 2183, 0
15.001703, 4.999982, 2268, 2268, 0
20.001758, 5.000055, 2225, 2225, 0
25.001621, 4.999863, 2251, 2251, 0
30.001715, 5.000094, 2188, 2188, 0
35.001758, 5.000043, 2149, 2149, 0
40.001716, 4.999958, 2230, 2230, 0
45.001662, 4.999946, 2135, 2135, 0
50.001646, 4.999984, 2067, 2067, 0
55.00167, 5.000024, 2024, 2024, 0
60.00166, 4.99999, 1995, 1995, 0
65.001646, 4.999986, 2121, 2121, 0
70.001652, 5.000006, 1989, 1989, 0
75.001704, 5.000052, 2163, 2163, 0
80.001655, 4.999951, 2021, 2021, 0
85.001748, 5.000093, 1972, 1972, 0
90.001658, 4.99991, 1908, 1908, 0
95.001652, 4.999994, 1891, 1891, 0
100.001653, 5.000001, 2006, 2006, 0
105.001692, 5.000039, 2120, 2120, 0
110.00165, 4.999958, 1954, 1954, 0
115.001699, 5.000049, 1864, 1864, 0
120.00165, 4.999951, 2011, 2011, 0
125.00163, 4.99998, 2073, 2073, 0
130.001659, 5.000029, 2006, 2006, 0
135.001662, 5.000003, 1835, 1835, 0
140.001709, 5.000047, 1945, 1945, 0
145.001702, 4.999993, 1917, 1917, 0
150.001685, 4.999983, 2072, 2072, 0
155.001717, 5.000032, 2124, 2124, 0
160.001695, 4.999978, 2241, 2241, 0
165.001737, 5.000042, 2307, 2307, 0
170.001695, 4.999958, 2262, 2262, 0
175.001662, 4.999967, 2414, 2414, 0
180.001634, 4.999972, 2370, 2370, 0
185.001704, 5.00007, 2284, 2284, 0
190.001661, 4.999957, 2344, 2344, 0
195.001714, 5.000053, 2456, 2456, 0
200.001712, 4.999998, 2497, 2497, 0
205.001663, 4.999951, 2465, 2465, 0
210.00165, 4.999987, 2442, 2442, 0
215.001696, 5.000046, 2493, 2493, 0
220.001662, 4.999966, 2403, 2403, 0
225.001647, 4.999985, 2424, 2424, 0
230.001674, 5.000027, 2470, 2470, 0
235.001685, 5.000011, 2569, 2569, 0
240.001713, 5.000028, 2429, 2429, 0
245.001662, 4.999949, 2397, 2397, 0
250.001659, 4.999997, 2489, 2489, 0
255.001625, 4.999966, 2465, 2465, 0
260.001627, 5.000002, 2473, 2473, 0
265.001654, 5.000027, 2486, 2486, 0
270.001667, 5.000013, 2446, 2446, 0
275.001716, 5.000049, 2426, 2426, 0
280.001701, 4.999985, 2415, 2415, 0
285.001698, 4.999997, 2523, 2523, 0
290.001649, 4.999951, 2468, 2468, 0
295.001657, 5.000008, 2340, 2340, 0
300.001671, 5.000014, 2390, 2390, 0
301.030818, 1.029147, 535, 535, 0
