elapsed, window, n, min, mean, median, 95th, 99th, 99_9th, max, errors
5.000573, 5.000573, 766, 151051, 195713.7, 215347, 253036, 255128, 258239, 258264, 1
10.00155, 5.000977, 768, 151048, 197052.1, 216203, 253048, 254430, 255853, 256805, 0
15.001502, 4.999952, 781, 150947, 199173.7, 219631, 252825, 254582, 255289, 255836, 0
20.001556, 5.000054, 762, 151024, 195751.2, 216568, 252633, 254291, 254920, 254949, 1
25.001559, 5.000003, 789, 150838, 197071.1, 218214, 252711, 254714, 255887, 385043, 0
30.00151, 4.999951, 761, 151202, 197604.3, 217543, 252796, 254527, 256053, 256227, 0
35.001625, 5.000115, 774, 150913, 196210.6, 216609, 252755, 254336, 254989, 255026, 0
40.001543, 4.999918, 779, 150913, 197825.3, 218431, 252697, 254459, 255203, 256002, 0
45.001474, 4.999931, 769, 150975, 198824.0, 219125, 252576, 254048, 255039, 256328, 0
50.001615, 5.000141, 773, 151238, 196991.4, 216532, 252785, 254907, 258012, 261268, 0
55.001508, 4.999893, 771, 151097, 195941.5, 215715, 252618, 254690, 255761, 255927, 1
60.001552, 5.000044, 794, 151071, 197608.4, 218101, 252344, 254393, 255974, 260045, 0
65.001633, 5.000081, 780, 151389, 197845.1, 218524, 252423, 254098, 256584, 259144, 0
70.001551, 4.999918, 790, 151382, 197053.7, 217678, 252586, 254348, 259903, 260621, 0
75.001553, 5.000002, 751, 151368, 198517.0, 218290, 252622, 254297, 255586, 260628, 0
80.001583, 5.00003, 781, 151229, 195903.6, 215632, 252417, 254345, 255586, 256366, 0
85.001526, 4.999943, 772, 151342, 198873.2, 218714, 252466, 254247, 256211, 262647, 0
90.001548, 5.000022, 780, 151539, 195986.8, 215474, 252384, 253921, 254946, 255260, 0
95.001545, 4.999997, 768, 151459, 197590.2, 216732, 252508, 260999, 366809, 393174, 1
100.001479, 4.999934, 778, 151069, 196494.8, 216372, 252462, 254285, 256219, 256225, 0
105.001495, 5.000016, 802, 151496, 196064.1, 216780, 252167, 254437, 257463, 257737, 1
110.001648, 5.000153, 773, 151386, 196798.5, 217260, 252414, 254224, 257737, 263286, 0
115.001656, 5.000008, 784, 151359, 196322.6, 216447, 252475, 254478, 261326, 268285, 0
120.001485, 4.999829, 772, 151364, 195674.9, 215023, 252289, 254521, 263734, 264268, 0
121.00368, 1.002195, 155, 150995, 196224.9, 216444, 252209, 254100, 263734, 264268, 0
