elapsed, window, n, min, mean, median, 95th, 99th, 99_9th, max, errors
5.001109, 5.001109, 1145, 1417, 12610.3, 1799, 100809, 105845, 142103, 219664, 0
10.001554, 5.000445, 1171, 1333, 10926.4, 1763, 96223, 105227, 107831, 108352, 0
15.001106, 4.999552, 1152, 1349, 11146.2, 1739, 99363, 105286, 107921, 107965, 0
20.001122, 5.000016, 936, 1369, 13230.0, 1792, 99726, 105498, 108550, 109483, 0
25.001242, 5.00012, 1152, 1362, 12498.3, 1765, 101154, 106383, 109025, 109219, 0
30.001122, 4.99988, 1178, 1345, 11286.0, 1742, 97427, 107065, 109093, 143141, 0
35.001085, 4.999963, 1228, 1375, 11186.7, 1742, 97041, 105444, 141675, 206021, 0
40.001153, 5.000068, 1156, 1280, 11670.3, 1715, 97903, 105281, 108844, 109111, 0
45.00108, 4.999927, 1124, 1285, 12892.3, 1713, 99608, 107069, 109323, 120601, 0
50.001128, 5.000048, 1176, 1285, 11934.7, 1698, 98926, 107262, 113651, 147027, 0
55.001091, 4.999963, 1138, 1283, 11741.3, 1721, 99579, 106903, 109570, 120473, 0
60.001128, 5.000037, 1120, 1334, 10826.4, 1710, 96679, 107080, 120473, 132522, 0
65.001084, 4.999956, 1089, 1334, 13087.1, 1726, 103052, 108849, 128494, 132522, 0
70.001206, 5.000122, 1137, 1313, 12882.4, 1729, 101411, 108172, 121077, 128494, 0
75.00123, 5.000024, 1136, 1313, 12157.6, 1791, 102432, 106102, 112888, 129241, 0
80.001161, 4.999931, 1128, 1319, 13114.4, 1727, 101391, 104904, 114962, 115270, 0
85.001153, 4.999992, 1199, 1299, 10783.2, 1734, 97105, 102860, 105357, 105547, 0
90.001091, 4.999938, 1173, 1338, 12291.4, 1764, 97336, 101717, 114748, 117685, 0
95.001185, 5.000094, 1127, 1343, 10455.0, 1744, 95597, 100695, 101580, 114748, 0
100.001121, 4.999936, 1192, 1360, 11699.7, 1741, 96237, 99490, 107833, 141349, 0
105.001163, 5.000042, 1171, 1282, 11599.5, 1707, 95673, 99244, 141513, 159233, 0
110.001109, 4.999946, 1109, 1285, 12697.0, 1729, 95548, 98326, 141513, 186340, 0
115.001204, 5.000095, 1116, 1326, 11816.2, 1757, 95209, 97513, 154408, 157346, 0
120.00109, 4.999886, 1084, 1270, 11565.4, 1745, 95095, 97327, 97875, 99810, 0
121.005256, 1.004166, 193, 1270, 12207.2, 1747, 95254, 97376, 97875, 99810, 0
