elapsed, window, n, min, mean, median, 95th, 99th, 99_9th, max, errors
5.001162, 5.001162, 182, 556, 807.5, 744, 1188, 1339, 1380, 1380, 0
10.001198, 5.000036, 34, 566, 729.4, 723, 819, 873, 873, 873, 0
15.001201, 5.000003, 91, 542, 745.4, 717, 931, 1100, 1102, 1102, 0
20.001124, 4.999923, 82, 517, 699.4, 662, 857, 1195, 1236, 1236, 0
25.00118, 5.000056, 93, 532, 659.1, 656, 792, 866, 870, 870, 0
30.001125, 4.999945, 47, 543, 674.2, 659, 785, 1018, 1018, 1018, 0
35.001174, 5.000049, 105, 481, 671.3, 671, 788, 822, 909, 909, 0
40.001155, 4.999981, 73, 537, 697.0, 693, 824, 835, 866, 866, 0
45.00113, 4.999975, 62, 552, 661.2, 659, 762, 853, 853, 853, 0
50.001136, 5.000006, 70, 514, 670.2, 672, 773, 804, 841, 841, 0
55.001119, 4.999983, 57, 557, 667.8, 654, 776, 844, 886, 886, 0
60.001173, 5.000054, 95, 480, 632.1, 621, 758, 825, 827, 827, 0
65.001154, 4.999981, 80, 479, 666.5, 650, 810, 882, 937, 937, 0
70.001129, 4.999975, 87, 479, 651.4, 647, 802, 871, 894, 894, 0
75.001127, 4.999998, 62, 531, 651.6, 644, 775, 842, 861, 861, 0
80.001145, 5.000018, 79, 492, 648.2, 641, 741, 839, 885, 885, 0
85.001121, 4.999976, 66, 499, 628.6, 629, 734, 753, 792, 792, 0
90.001128, 5.000007, 58, 511, 629.8, 625, 720, 795, 837, 837, 0
95.001118, 4.99999, 85, 534, 629.4, 617, 744, 821, 837, 837, 0
100.001174, 5.000056, 68, 507, 637.0, 630, 746, 790, 817, 817, 0
105.001181, 5.000007, 81, 507, 615.4, 607, 725, 743, 1031, 1031, 0
110.001127, 4.999946, 71, 485, 641.7, 622, 791, 829, 880, 880, 0
115.001119, 4.999992, 95, 514, 638.8, 623, 781, 870, 983, 983, 0
120.001147, 5.000028, 81, 525, 649.3, 637, 800, 841, 888, 888, 0
121.025273, 1.024126, 15, 525, 647.9, 629, 800, 841, 888, 888, 0
