elapsed, window, n, min, mean, median, 95th, 99th, 99_9th, max, errors
5.000882, 5.000882, 52, 1325, 926826.6, 692034, 2099166, 2124107, 2148547, 2148547, 0
10.001861, 5.000979, 8, 981, 1541.4, 1523, 2390, 2390, 2390, 2390, 0
15.001887, 5.000026, 0, 0, 0, 0, 0, 0, 0, 0, 0
20.001892, 5.000005, 0, 0, 0, 0, 0, 0, 0, 0, 0
25.001785, 4.999893, 7, 1868, 26639.7, 16051, 75630, 75630, 75630, 75630, 0
30.001757, 4.999972, 8, 1598, 232173.6, 4997, 893633, 893633, 893633, 893633, 0
35.001766, 5.000009, 5, 2718, 641585.5, 436025, 1544371, 1544371, 1544371, 1544371, 0
40.00186, 5.000094, 0, 0, 0, 0, 0, 0, 0, 0, 0
45.001883, 5.000023, 0, 0, 0, 0, 0, 0, 0, 0, 0
50.001766, 4.999883, 5, 2257, 5224835.2, 5116114, 10663025, 10663025, 10663025, 10663025, 0
55.001765, 4.999999, 0, 0, 0, 0, 0, 0, 0, 0, 0
60.001835, 5.00007, 0, 0, 0, 0, 0, 0, 0, 0, 0
65.001784, 4.999949, 0, 0, 0, 0, 0, 0, 0, 0, 0
70.001837, 5.000053, 7, 1017648, 9411220.0, 10320129, 13817119, 13817119, 13817119, 13817119, 0
75.001866, 5.000029, 0, 0, 0, 0, 0, 0, 0, 0, 0
80.001782, 4.999916, 0, 0, 0, 0, 0, 0, 0, 0, 0
82.327974, 2.326192, 0, 0, 0, 0, 0, 0, 0, 0, 0
