elapsed, window, n, min, mean, median, 95th, 99th, 99_9th, max, errors
5.000882, 5.000882, 199, 1481, 2595.0, 2296, 5422, 7485, 7820, 7820, 0
10.001861, 5.000979, 72, 1496, 2242.6, 2179, 3028, 3300, 3419, 3419, 0
15.001887, 5.000026, 14, 1660, 2070.7, 1964, 2700, 2805, 2805, 2805, 0
20.001892, 5.000005, 14, 1595, 2634.1, 2290, 3656, 4838, 4838, 4838, 0
25.001785, 4.999893, 24, 1894, 20251.4, 3542, 87354, 177406, 177406, 177406, 0
30.001757, 4.999972, 27, 1705, 6200.1, 2851, 25031, 38709, 38709, 38709, 0
35.001766, 5.000009, 16, 1979, 8300.6, 2970, 26649, 30640, 30640, 30640, 0
40.00186, 5.000094, 19, 1803, 16472.9, 14297, 38571, 64918, 64918, 64918, 0
45.001883, 5.000023, 29, 1722, 12363.6, 6735, 36451, 67922, 67922, 67922, 0
50.001766, 4.999883, 5, 2495, 432439.0, 16188, 2094508, 2094508, 2094508, 2094508, 0
55.001765, 4.999999, 25, 4004, 37319.9, 26946, 99888, 147022, 147022, 147022, 0
60.001835, 5.00007, 5, 6791, 850057.4, 49385, 4048789, 4048789, 4048789, 4048789, 0
65.001784, 4.999949, 29, 3887, 89942.6, 31976, 341543, 379562, 379562, 379562, 0
70.001837, 5.000053, 16, 5682, 248385.8, 25680, 656187, 2022788, 2022788, 2022788, 0
75.001866, 5.000029, 0, 0, 0, 0, 0, 0, 0, 0, 0
80.001782, 4.999916, 19, 4424, 517467.4, 8600, 2787797, 6836673, 6836673, 6836673, 0
82.327974, 2.326192, 7, 4457, 1204774.6, 15430, 6613538, 9668953, 9668953, 9668953, 0
