elapsed, window, n, min, mean, median, 95th, 99th, 99_9th, max, errors
5.000177, 5.000177, 280283, 193, 1360.9, 1048, 3387, 4509, 6223, 9568, 0
10.001121, 5.000944, 267542, 186, 1359.7, 1064, 3330, 4480, 6134, 10452, 0
15.001114, 4.999993, 263960, 186, 1365.4, 1062, 3367, 4515, 6268, 9504, 0
20.001136, 5.000022, 265885, 198, 1361.1, 1040, 3405, 4568, 6264, 9718, 0
25.001215, 5.000079, 263175, 191, 1364.6, 1054, 3371, 4499, 6184, 10627, 0
30.001177, 4.999962, 266933, 201, 1356.6, 1053, 3297, 4436, 5948, 10219, 0
35.001196, 5.000019, 264487, 196, 1355.0, 1057, 3308, 4407, 6091, 9765, 0
40.001146, 4.99995, 266043, 203, 1357.2, 1072, 3299, 4414, 6020, 8739, 0
45.001169, 5.000023, 265157, 190, 1360.9, 1070, 3304, 4402, 5953, 9526, 0
50.001132, 4.999963, 264611, 190, 1357.6, 1063, 3295, 4388, 5872, 8756, 0
55.001112, 4.99998, 265738, 191, 1360.8, 1055, 3340, 4444, 6054, 9625, 0
60.001236, 5.000124, 266538, 195, 1355.0, 1051, 3327, 4479, 6144, 10670, 0
65.001152, 4.999916, 265432, 189, 1360.4, 1070, 3301, 4447, 5989, 10670, 0
70.001146, 4.999994, 264094, 183, 1364.6, 1054, 3368, 4501, 6139, 9069, 0
75.001135, 4.999989, 263539, 198, 1361.7, 1054, 3368, 4507, 6223, 10991, 0
80.00114, 5.000005, 265527, 188, 1364.7, 1063, 3334, 4452, 6158, 9487, 0
85.00119, 5.00005, 264544, 188, 1362.7, 1070, 3293, 4388, 6035, 9487, 0
90.001154, 4.999964, 263400, 189, 1362.9, 1069, 3312, 4446, 6022, 10054, 0
95.00114, 4.999986, 262692, 192, 1374.1, 1059, 3406, 4544, 6285, 10364, 0
100.001153, 5.000013, 261404, 197, 1373.2, 1070, 3339, 4470, 6052, 10364, 0
105.001136, 4.999983, 264909, 202, 1361.9, 1071, 3289, 4436, 5961, 9455, 0
110.001111, 4.999975, 265234, 197, 1362.6, 1078, 3272, 4334, 5838, 9844, 0
115.001127, 5.000016, 262880, 194, 1369.4, 1060, 3367, 4511, 6233, 10037, 0
120.00114, 5.000013, 263334, 193, 1368.2, 1068, 3334, 4468, 6147, 9323, 0
121.002214, 1.001074, 53246, 183, 1369.4, 1070, 3333, 4453, 6143, 10167, 0
