elapsed, window, total, successful, failed
5.001323, 5.001323, 886, 886, 0
10.001327, 5.000004, 903, 903, 0
15.001336, 5.000009, 878, 878, 0
20.001346, 5.00001, 886, 886, 0
25.001255, 4.999909, 862, 862, 0
30.001259, 5.000004, 867, 867, 0
35.00126, 5.000001, 877, 877, 0
40.00128, 5.00002, 909, 909, 0
45.001263, 4.999983, 927, 927, 0
50.001278, 5.000015, 946, 946, 0
55.001268, 4.99999, 918, 918, 0
60.001265, 4.999997, 919, 919, 0
65.001266, 5.000001, 963, 963, 0
70.001276, 5.00001, 931, 931, 0
75.001262, 4.999986, 969, 969, 0
80.001268, 5.000006, 999, 999, 0
85.001275, 5.000007, 995, 995, 0
90.001264, 4.999989, 1018, 1018, 0
95.001259, 4.999995, 989, 989, 0
100.001185, 4.999926, 1011, 1011, 0
105.001316, 5.000131, 998, 998, 0
110.001263, 4.999947, 1023, 1023, 0
115.001296, 5.000033, 1017, 1017, 0
120.001248, 4.999952, 1050, 1050, 0
125.001262, 5.000014, 1035, 1035, 0
130.001261, 4.999999, 1066, 1066, 0
135.001312, 5.000051, 1074, 1074, 0
140.001258, 4.999946, 1078, 1078, 0
145.001333, 5.000075, 1065, 1065, 0
150.00134, 5.000007, 1101, 1101, 0
155.001258, 4.999918, 1095, 1095, 0
160.00132, 5.000062, 1074, 1074, 0
165.001248, 4.999928, 1093, 1093, 0
170.001195, 4.999947, 1106, 1106, 0
175.001184, 4.999989, 1156, 1156, 0
180.001269, 5.000085, 1170, 1170, 0
181.032456, 1.031187, 231, 231, 0
