elapsed, window, n, min, mean, median, 95th, 99th, 99_9th, max, errors
5.000327, 5.000327, 40967, 1298, 1835.3, 1851, 2065, 2166, 2366, 3493, 0
10.00131, 5.000983, 41092, 1299, 1814.7, 1834, 2058, 2152, 2269, 2603, 0
15.001289, 4.999979, 40197, 1135, 1857.2, 1861, 2059, 2153, 2287, 6199, 0
20.001301, 5.000012, 40579, 1108, 1839.5, 1847, 2055, 2147, 2319, 5498, 0
25.001347, 5.000046, 40644, 1304, 1836.0, 1839, 2039, 2133, 2321, 3176, 0
30.001382, 5.000035, 41624, 1237, 1793.6, 1812, 2026, 2116, 2229, 2512, 0
35.001261, 4.999879, 40619, 1329, 1838.0, 1847, 2052, 2144, 2251, 2421, 0
40.001311, 5.00005, 40646, 1289, 1835.9, 1842, 2043, 2135, 2246, 2469, 0
45.001298, 4.999987, 40969, 1283, 1821.9, 1833, 2038, 2128, 2259, 2625, 0
50.001299, 5.000001, 40797, 1264, 1830.1, 1838, 2038, 2131, 2272, 2741, 0
55.00127, 4.999971, 40694, 1331, 1834.3, 1837, 2034, 2132, 2307, 3398, 0
60.001351, 5.000081, 40775, 1268, 1829.0, 1842, 2049, 2140, 2244, 2491, 0
65.001257, 4.999906, 41034, 1237, 1820.4, 1833, 2039, 2126, 2237, 2533, 0
70.001321, 5.000064, 40891, 1231, 1824.6, 1834, 2031, 2120, 2235, 2685, 0
75.001427, 5.000106, 40274, 1275, 1852.2, 1850, 2045, 2137, 2304, 5282, 0
80.001251, 4.999824, 41171, 1289, 1813.5, 1829, 2039, 2129, 2273, 2769, 0
85.001285, 5.000034, 41112, 1230, 1815.4, 1833, 2041, 2134, 2272, 2642, 0
90.00132, 5.000035, 40683, 1290, 1835.4, 1844, 2045, 2134, 2237, 2530, 0
95.001257, 4.999937, 40968, 1321, 1824.8, 1830, 2030, 2123, 2318, 3343, 0
100.001254, 4.999997, 40770, 1247, 1827.4, 1837, 2043, 2135, 2333, 4097, 0
105.001304, 5.00005, 40716, 1238, 1833.0, 1838, 2036, 2128, 2314, 2819, 0
110.001297, 4.999993, 40761, 1265, 1831.4, 1840, 2039, 2127, 2233, 2406, 0
115.001313, 5.000016, 41113, 1235, 1815.6, 1831, 2035, 2130, 2286, 2665, 0
120.001263, 4.99995, 41410, 1331, 1801.2, 1814, 2024, 2117, 2251, 2783, 0
121.002497, 1.001234, 8360, 1273, 1804.1, 1817, 2026, 2118, 2248, 2783, 0
