elapsed, window, n, min, mean, median, 95th, 99th, 99_9th, max, errors
5.00086, 5.00086, 13546, 1183, 18789.3, 3524, 42601, 307570, 664735, 697488, 0
10.001846, 5.000986, 11880, 1243, 25057.2, 2779, 208072, 272835, 315465, 328880, 0
15.001875, 5.000029, 11629, 1206, 25459.8, 2729, 211082, 284771, 365645, 442041, 0
20.001801, 4.999926, 12327, 1225, 23204.2, 2465, 201997, 242240, 271900, 283009, 0
25.001874, 5.000073, 11799, 1247, 24047.5, 2514, 197195, 246499, 277943, 292131, 0
30.001793, 4.999919, 11917, 1219, 24284.4, 2521, 203465, 270824, 305094, 323470, 0
35.001804, 5.000011, 12145, 1188, 23720.2, 2371, 208253, 252244, 286408, 306019, 0
40.001873, 5.000069, 12391, 1171, 23796.3, 2412, 215009, 269640, 319165, 341274, 0
45.001797, 4.999924, 11892, 1205, 24781.8, 2367, 217662, 276801, 321246, 348190, 0
50.001834, 5.000037, 11831, 1225, 24074.6, 2618, 204404, 239318, 264771, 277766, 0
55.001897, 5.000063, 11814, 1223, 24271.0, 2446, 207849, 240447, 264376, 279212, 0
60.001857, 4.99996, 12676, 1215, 23378.2, 2470, 208484, 247933, 269190, 289712, 0
65.001798, 4.999941, 11698, 1183, 25414.2, 2441, 222369, 271653, 311405, 323336, 0
70.00192, 5.000122, 11646, 1246, 26833.9, 2677, 218417, 285018, 315701, 338062, 0
75.00188, 4.99996, 11064, 1254, 26441.4, 2755, 219843, 269428, 298583, 329485, 0
80.00185, 4.99997, 12148, 1211, 25124.6, 2737, 204591, 270009, 310840, 335470, 0
85.001922, 5.000072, 11746, 1209, 25364.8, 3083, 201134, 266823, 316766, 336399, 0
90.001791, 4.999869, 12437, 1196, 23964.1, 2720, 209156, 258176, 309497, 336399, 0
95.001804, 5.000013, 11778, 1222, 24496.6, 2484, 206580, 249776, 273288, 287765, 0
100.001882, 5.000078, 11965, 1264, 24068.2, 2591, 208481, 258222, 285708, 301318, 0
105.001831, 4.999949, 11428, 1225, 26713.0, 2585, 230277, 283594, 309341, 328371, 0
110.001794, 4.999963, 12482, 1183, 24061.8, 2720, 208968, 260098, 307987, 331191, 0
115.001805, 5.000011, 12000, 1239, 24526.1, 2637, 202735, 250679, 291019, 321923, 0
120.001785, 4.99998, 11121, 1213, 25308.0, 2664, 205247, 244848, 296253, 319680, 0
121.004993, 1.003208, 2527, 1213, 24984.3, 2694, 198996, 244740, 296253, 319680, 0
