elapsed, window, n, min, mean, median, 95th, 99th, 99_9th, max, errors
5.000772, 5.000772, 40852, 1.0, 4.2, 3.0, 10.0, 17.0, 28.0, 65.0, 0
10.001784, 5.001012, 41063, 1.0, 4.2, 3.0, 10.0, 17.0, 28.0, 51.0, 0
15.001787, 5.000003, 41147, 1.0, 4.2, 3.0, 10.0, 17.0, 27.0, 49.0, 0
20.001822, 5.000035, 41250, 1.0, 4.2, 3.0, 10.0, 17.0, 30.0, 60.0, 0
25.001782, 4.99996, 41115, 1.0, 4.2, 3.0, 10.0, 17.0, 30.0, 54.0, 0
30.001766, 4.999984, 41145, 1.0, 4.2, 3.0, 10.0, 17.0, 29.0, 51.0, 0
35.001775, 5.000009, 41167, 1.0, 4.2, 3.0, 10.0, 17.0, 29.0, 53.0, 0
40.002038, 5.000263, 41061, 1.0, 4.2, 3.0, 10.0, 17.0, 28.0, 50.0, 0
45.000822, 4.998784, 41068, 1.0, 4.2, 3.0, 10.0, 17.0, 29.0, 49.0, 0
50.001773, 5.000951, 41104, 1.0, 4.2, 3.0, 10.0, 17.0, 29.0, 144.0, 0
55.001815, 5.000042, 41119, 1.0, 4.2, 3.0, 10.0, 17.0, 28.0, 70.0, 0
60.001775, 4.99996, 41129, 1.0, 4.2, 3.0, 10.0, 17.0, 27.0, 40.0, 0
65.001858, 5.000083, 41063, 1.0, 4.2, 3.0, 10.0, 16.0, 29.0, 118.0, 0
70.001956, 5.000098, 41129, 1.0, 4.2, 3.0, 10.0, 17.0, 28.0, 59.0, 0
75.001779, 4.999823, 41095, 1.0, 4.2, 3.0, 10.0, 17.0, 28.0, 60.0, 0
80.001772, 4.999993, 41108, 1.0, 4.2, 3.0, 10.0, 17.0, 27.0, 45.0, 0
85.001785, 5.000013, 41111, 1.0, 4.2, 3.0, 10.0, 17.0, 29.0, 53.0, 0
90.001773, 4.999988, 40989, 1.0, 4.2, 3.0, 10.0, 17.0, 28.0, 57.0, 0
95.001801, 5.000028, 41061, 1.0, 4.2, 3.0, 10.0, 17.0, 29.0, 227.0, 0
100.001823, 5.000022, 41011, 1.0, 4.2, 3.0, 10.0, 17.0, 28.0, 67.0, 0
105.002138, 5.000315, 41123, 1.0, 4.2, 3.0, 10.0, 17.0, 30.0, 66.0, 0
110.000836, 4.998698, 40992, 1.0, 4.2, 3.0, 10.0, 17.0, 26.0, 66.0, 0
115.001774, 5.000938, 40998, 1.0, 4.2, 3.0, 10.0, 17.0, 28.0, 55.0, 0
120.002117, 5.000343, 41062, 1.0, 4.2, 3.0, 10.0, 17.0, 28.0, 47.0, 0
121.003874, 1.001757, 8213, 2.0, 4.2, 3.0, 10.0, 17.0, 28.0, 47.0, 0
