elapsed, window, n, min, mean, median, 95th, 99th, 99_9th, max, errors
5.000626, 5.000626, 23371, 949, 2652.8, 1523, 9424, 12422, 14504, 26247, 0
10.001719, 5.001093, 23446, 965, 2632.7, 1522, 9339, 12312, 14945, 41534, 0
15.001697, 4.999978, 14450, 1045, 3761.0, 1588, 9390, 12582, 301178, 1669951, 0
20.001715, 5.000018, 14933, 971, 4161.5, 1577, 9449, 12657, 317997, 1421603, 0
25.001754, 5.000039, 318, 1124, 182497.2, 1562, 252589, 4321679, 4327206, 4327206, 0
30.001768, 5.000014, 280, 1105, 167936.1, 1515, 249614, 3867723, 3917492, 3917492, 0
35.001668, 4.9999, 0, 0, 0, 0, 0, 0, 0, 0, 0
40.001715, 5.000047, 843, 1092, 140765.0, 1623, 10670, 9254066, 9510068, 9515214, 0
45.001724, 5.000009, 139, 1207, 583986.6, 1876, 6715818, 6741706, 6752329, 6752329, 0
50.001677, 4.999953, 102, 1126, 111998.8, 1477, 449189, 2796978, 2877144, 2877144, 0
55.001756, 5.000079, 0, 0, 0, 0, 0, 0, 0, 0, 0
60.001707, 4.999951, 154, 1127, 1168788.0, 2019, 13090841, 13593136, 13600552, 13600552, 0
65.001663, 4.999956, 0, 0, 0, 0, 0, 0, 0, 0, 0
70.001669, 5.000006, 302, 1070, 336216.6, 1601, 428400, 9152003, 9171460, 9171460, 0
75.001716, 5.000047, 0, 0, 0, 0, 0, 0, 0, 0, 0
80.001675, 4.999959, 0, 0, 0, 0, 0, 0, 0, 0, 0
85.001707, 5.000032, 0, 0, 0, 0, 0, 0, 0, 0, 0
90.00175, 5.000043, 0, 0, 0, 0, 0, 0, 0, 0, 0
95.001713, 4.999963, 0, 0, 0, 0, 0, 0, 0, 0, 0
100.001734, 5.000021, 0, 0, 0, 0, 0, 0, 0, 0, 0
105.001703, 4.999969, 0, 0, 0, 0, 0, 0, 0, 0, 0
110.001704, 5.000001, 0, 0, 0, 0, 0, 0, 0, 0, 0
115.001714, 5.00001, 0, 0, 0, 0, 0, 0, 0, 0, 0
120.0017, 4.999986, 0, 0, 0, 0, 0, 0, 0, 0, 0
125.001715, 5.000015, 0, 0, 0, 0, 0, 0, 0, 0, 0
130.001754, 5.000039, 0, 0, 0, 0, 0, 0, 0, 0, 0
135.001718, 4.999964, 0, 0, 0, 0, 0, 0, 0, 0, 0
140.001678, 4.99996, 0, 0, 0, 0, 0, 0, 0, 0, 0
145.001721, 5.000043, 0, 0, 0, 0, 0, 0, 0, 0, 0
150.001715, 4.999994, 0, 0, 0, 0, 0, 0, 0, 0, 0
155.001721, 5.000006, 0, 0, 0, 0, 0, 0, 0, 0, 0
160.001683, 4.999962, 0, 0, 0, 0, 0, 0, 0, 0, 0
165.00172, 5.000037, 0, 0, 0, 0, 0, 0, 0, 0, 0
170.001715, 4.999995, 0, 0, 0, 0, 0, 0, 0, 0, 0
175.001718, 5.000003, 0, 0, 0, 0, 0, 0, 0, 0, 0
180.001724, 5.000006, 0, 0, 0, 0, 0, 0, 0, 0, 0
181.002821, 1.001097, 0, 0, 0, 0, 0, 0, 0, 0, 0
