elapsed, window, total, successful, failed
5.001533, 5.001533, 5672, 5672, 0
10.00154, 5.000007, 5201, 5201, 0
15.001518, 4.999978, 5063, 5063, 0
20.001443, 4.999925, 5000, 5000, 0
25.001444, 5.000001, 4977, 4977, 0
30.001454, 5.00001, 4831, 4831, 0
35.001542, 5.000088, 4616, 4616, 0
40.001418, 4.999876, 4474, 4474, 0
45.001378, 4.99996, 4423, 4423, 0
50.001475, 5.000097, 4358, 4358, 0
55.001409, 4.999934, 4349, 4349, 0
60.001524, 5.000115, 4327, 4327, 0
65.001466, 4.999942, 4244, 4244, 0
70.001399, 4.999933, 4185, 4185, 0
75.001431, 5.000032, 4158, 4158, 0
80.001403, 4.999972, 4061, 4061, 0
85.001509, 5.000106, 4023, 4023, 0
90.001573, 5.000064, 4035, 4035, 0
95.001487, 4.999914, 3971, 3971, 0
100.001501, 5.000014, 3946, 3946, 0
105.001399, 4.999898, 3905, 3905, 0
110.001508, 5.000109, 3830, 3830, 0
115.001501, 4.999993, 3788, 3788, 0
120.001384, 4.999883, 3737, 3737, 0
125.001491, 5.000107, 3727, 3727, 0
130.001384, 4.999893, 3703, 3703, 0
135.001451, 5.000067, 3639, 3639, 0
140.001533, 5.000082, 3660, 3660, 0
145.001404, 4.999871, 3693, 3693, 0
150.001448, 5.000044, 3714, 3714, 0
155.00144, 4.999992, 3769, 3769, 0
160.001388, 4.999948, 3750, 3750, 0
165.001439, 5.000051, 3758, 3758, 0
170.001399, 4.99996, 3838, 3838, 0
175.00137, 4.999971, 3827, 3827, 0
180.001404, 5.000034, 3855, 3855, 0
185.001498, 5.000094, 3816, 3816, 0
190.001444, 4.999946, 3874, 3874, 0
195.001425, 4.999981, 3873, 3873, 0
200.001435, 5.00001, 3907, 3907, 0
205.001429, 4.999994, 3949, 3949, 0
210.001505, 5.000076, 3957, 3957, 0
215.001488, 4.999983, 3959, 3959, 0
220.00151, 5.000022, 3972, 3972, 0
225.001534, 5.000024, 3993, 3993, 0
230.00141, 4.999876, 3990, 3990, 0
235.001365, 4.999955, 3997, 3997, 0
240.001463, 5.000098, 3987, 3987, 0
245.001496, 5.000033, 3990, 3990, 0
250.00139, 4.999894, 3987, 3987, 0
255.001439, 5.000049, 4033, 4033, 0
260.001365, 4.999926, 4022, 4022, 0
265.001412, 5.000047, 4059, 4059, 0
270.001368, 4.999956, 4126, 4126, 0
275.001471, 5.000103, 4038, 4038, 0
280.001418, 4.999947, 4028, 4028, 0
285.001498, 5.00008, 4015, 4015, 0
290.001398, 4.9999, 4084, 4084, 0
295.001477, 5.000079, 4022, 4022, 0
300.00155, 5.000073, 4074, 4074, 0
301.032601, 1.031051, 834, 834, 0
