elapsed, window, total, successful, failed
5.00083, 5.00083, 35303, 35303, 0
10.001892, 5.001062, 30634, 30634, 0
15.001821, 4.999929, 29745, 29745, 0
20.001886, 5.000065, 29256, 29256, 0
25.001832, 4.999946, 28996, 28996, 0
30.001827, 4.999995, 28612, 28612, 0
35.00182, 4.999993, 28962, 28962, 0
40.001864, 5.000044, 28840, 28840, 0
45.001891, 5.000027, 28162, 28162, 0
50.001863, 4.999972, 28633, 28633, 0
55.001833, 4.99997, 28425, 28425, 0
60.001916, 5.000083, 28220, 28220, 0
65.00192, 5.000004, 28595, 28595, 0
70.00182, 4.9999, 27824, 27824, 0
75.001885, 5.000065, 28005, 28005, 0
80.001817, 4.999932, 27696, 27696, 0
85.001834, 5.000017, 27651, 27651, 0
90.001831, 4.999997, 28090, 28090, 0
95.001823, 4.999992, 28277, 28277, 0
100.001824, 5.000001, 28071, 28071, 0
105.001842, 5.000018, 27680, 27680, 0
110.00185, 5.000008, 28383, 28383, 0
115.001875, 5.000025, 25961, 25961, 0
120.001836, 4.999961, 28239, 28239, 0
121.001929, 1.000093, 5756, 5756, 0
