elapsed, window, n, min, mean, median, 95th, 99th, 99_9th, max, errors
5.000988, 5.000988, 0, 0, 0, 0, 0, 0, 0, 0, 0
10.000999, 5.000011, 5, 64153, 67685.6, 66922, 72108, 72108, 72108, 72108, 0
15.000978, 4.999979, 5, 64613, 67459.0, 68094, 70980, 70980, 70980, 70980, 1
20.001886, 5.000908, 6, 63718, 65886.5, 65501, 69346, 69346, 69346, 69346, 1
25.000871, 4.998985, 4, 64544, 65704.0, 65501, 67513, 67513, 67513, 67513, 0
30.000963, 5.000092, 0, 0, 0, 0, 0, 0, 0, 0, 0
35.000964, 5.000001, 0, 0, 0, 0, 0, 0, 0, 0, 0
40.000979, 5.000015, 7, 64875, 67362.4, 65653, 72570, 72570, 72570, 72570, 1
45.000965, 4.999986, 5, 65366, 65768.0, 65767, 66183, 66183, 66183, 66183, 1
50.00089, 4.999925, 0, 0, 0, 0, 0, 0, 0, 0, 2
55.000985, 5.000095, 0, 0, 0, 0, 0, 0, 0, 0, 0
60.000956, 4.999971, 0, 0, 0, 0, 0, 0, 0, 0, 0
65.000915, 4.999959, 5, 65160, 65711.8, 65501, 66773, 66773, 66773, 66773, 0
70.001025, 5.00011, 0, 0, 0, 0, 0, 0, 0, 0, 0
75.001952, 5.000927, 0, 0, 0, 0, 0, 0, 0, 0, 1
80.000953, 4.999001, 0, 0, 0, 0, 0, 0, 0, 0, 0
85.001942, 5.000989, 0, 0, 0, 0, 0, 0, 0, 0, 0
90.00187, 4.999928, 0, 0, 0, 0, 0, 0, 0, 0, 0
95.000982, 4.999112, 0, 0, 0, 0, 0, 0, 0, 0, 0
100.00189, 5.000908, 0, 0, 0, 0, 0, 0, 0, 0, 0
105.001975, 5.000085, 0, 0, 0, 0, 0, 0, 0, 0, 1
110.001918, 4.999943, 8, 64370, 65381.1, 65056, 67105, 67105, 67105, 67105, 3
115.00189, 4.999972, 5, 64671, 66379.4, 65318, 70140, 70140, 70140, 70140, 2
120.001883, 4.999993, 8, 64671, 65523.6, 65290, 67286, 67286, 67286, 67286, 1
125.001949, 5.000066, 7, 65115, 65882.1, 65599, 67185, 67185, 67185, 67185, 1
130.001945, 4.999996, 0, 0, 0, 0, 0, 0, 0, 0, 2
135.001958, 5.000013, 0, 0, 0, 0, 0, 0, 0, 0, 0
140.00195, 4.999992, 0, 0, 0, 0, 0, 0, 0, 0, 0
145.001968, 5.000018, 5, 65214, 67165.8, 66343, 71464, 71464, 71464, 71464, 2
150.001978, 5.00001, 5, 65110, 67831.8, 66189, 71308, 71308, 71308, 71308, 2
155.001969, 4.999991, 7, 64200, 65383.3, 65709, 66468, 66468, 66468, 66468, 1
160.001961, 4.999992, 6, 63765, 68885.2, 66678, 75465, 75465, 75465, 75465, 5
165.001966, 5.000005, 6, 65238, 65693.5, 65608, 66127, 66127, 66127, 66127, 1
170.001997, 5.000031, 5, 64135, 65336.2, 65082, 67184, 67184, 67184, 67184, 1
175.001973, 4.999976, 4, 65118, 66745.0, 67184, 68938, 68938, 68938, 68938, 0
180.00094, 4.998967, 0, 0, 0, 0, 0, 0, 0, 0, 2
181.069029, 1.068089, 0, 0, 0, 0, 0, 0, 0, 0, 4
