elapsed, window, n, min, mean, max, errors, median
5.000939, 5.000939,180, 91069,176393, 259492,0,174530
10.001951, 5.001012,60, 0,123552, 167970,0,123384
15.001941, 4.99999,174, 0,117417, 168921,0,106965
20.001938, 4.999997,126, 0,148373, 198586,0,143035
25.001963, 5.000025,300, 91162,183390, 257848,0,182001
30.001888, 4.999925,419, 0,125197, 199019,0,117460
35.001958, 5.00007,181, 0,244379, 259844,0,244036
40.001894, 4.999936,240, 90871,161605, 257938,0,155356
45.001936, 5.000042,246, 0,165430, 199585,0,162815
50.001891, 4.999955,234, 0,168348, 200260,0,166526
55.001877, 4.999986,80, 0,211816, 258155,0,209407
60.001896, 5.000019,337, 90983,209980, 259055,0,207768
65.001879, 4.999983,251, 0,209646, 258321,0,207416
70.001812, 4.999933,49, 0,114411, 175336,0,103195
75.001944, 5.000132,159, 0,169570, 198326,0,166656
80.001936, 4.999992,141, 0,226339, 258577,0,225153
85.001931, 4.999995,60, 0,114347, 164553,0,107429
90.001944, 5.000013,180, 0,137107, 197820,0,130481
95.001932, 4.999988,60, 0,246308, 258001,0,244724
100.001952, 5.00002,195, 0,155525, 258528,0,150667
105.001934, 4.999982,182, 0,163139, 197639,0,159415
110.001948, 5.000014,203, 0,117058, 163679,0,111647
115.001933, 4.999985,28, 0,116551, 160535,0,110933
120.001946, 5.000013,172, 91426,187755, 258784,0,187532
121.003028, 1.001082,0, 91616,0, 258784,0,0

