elapsed, window, n, min, mean, median, 95th, 99th, 99_9th, max, errors
5.000519, 5.000519, 149762, 6465, 15146.6, 15661, 16985, 17813, 19119, 22340, 0
10.001519, 5.001, 155969, 6768, 14153.7, 14437, 16766, 17827, 19808, 24060, 0
15.00158, 5.000061, 151787, 6521, 14366.3, 14638, 17168, 18660, 20739, 24982, 0
20.001559, 4.999979, 151088, 6858, 14477.0, 14682, 17410, 19168, 21107, 25382, 0
25.001518, 4.999959, 158162, 6409, 13912.5, 14090, 16794, 17835, 20113, 24439, 0
30.001519, 5.000001, 158926, 6604, 13758.3, 13780, 16563, 17248, 17999, 21916, 0
35.001567, 5.000048, 154983, 6159, 14079.1, 14425, 16908, 17663, 20282, 25134, 0
40.001553, 4.999986, 156795, 6917, 13988.9, 14247, 16860, 17578, 19386, 25017, 0
45.001544, 4.999991, 151828, 5938, 14374.2, 15003, 16942, 17544, 18442, 22166, 0
50.001513, 4.999969, 157190, 6139, 13915.7, 14109, 16696, 17333, 18129, 21570, 0
55.001557, 5.000044, 152133, 6769, 14302.2, 14646, 16918, 17821, 20666, 26199, 0
60.00158, 5.000023, 158116, 6344, 13966.3, 14110, 16749, 17666, 19174, 23272, 0
65.001539, 4.999959, 160382, 5205, 13682.1, 13706, 16533, 17385, 19126, 22925, 0
70.001543, 5.000004, 164989, 6191, 13258.5, 13169, 16282, 17137, 18513, 22925, 0
75.001555, 5.000012, 160210, 6604, 13524.7, 13464, 16511, 17518, 19421, 24572, 0
80.001555, 5.0, 158087, 6439, 13830.3, 13888, 16698, 17640, 19326, 22123, 0
85.001565, 5.00001, 157213, 6519, 13876.1, 13956, 16690, 17498, 19302, 23096, 0
90.001564, 4.999999, 156023, 6389, 14026.2, 14240, 16768, 17601, 19035, 21495, 0
95.001603, 5.000039, 155460, 6111, 14044.6, 14229, 16795, 17742, 19676, 24139, 0
100.001513, 4.99991, 158356, 6825, 13817.4, 13850, 16627, 17575, 19558, 23597, 0
105.001784, 5.000271, 152915, 6407, 14187.5, 14408, 16918, 18030, 19912, 22689, 0
110.001529, 4.999745, 155814, 6575, 14123.8, 14344, 16876, 17945, 19915, 25057, 0
115.001544, 5.000015, 150923, 6879, 14402.6, 14685, 17126, 18276, 20467, 23426, 0
120.001527, 4.999983, 153572, 6807, 14265.0, 14534, 17046, 18149, 20407, 24546, 0
121.014614, 1.013087, 25964, 6807, 14118.4, 14316, 16981, 18133, 20632, 24546, 0
