elapsed, window, n, min, mean, median, 95th, 99th, 99_9th, max, errors
5.001193, 5.001193, 2416, 510, 4521.2, 1448, 16412, 43677, 170366, 261781, 0
10.001299, 5.000106, 719, 535, 22104.4, 1388, 136035, 179130, 238529, 238612, 0
15.001293, 4.999994, 1722, 492, 15841.2, 1279, 113719, 183124, 251088, 271058, 0
20.001276, 4.999983, 2050, 485, 12778.5, 1310, 90038, 152091, 224189, 257724, 0
25.00135, 5.000074, 2424, 480, 14227.0, 1196, 94004, 185261, 281879, 295865, 0
30.001272, 4.999922, 2281, 460, 11771.6, 1082, 81083, 148228, 256461, 267846, 0
35.00115, 4.999878, 2381, 486, 18918.3, 1544, 127972, 249416, 267179, 271457, 0
40.001268, 5.000118, 2274, 504, 11242.9, 1232, 71632, 180708, 244426, 249669, 0
45.001185, 4.999917, 1827, 482, 6029.9, 949, 38342, 129258, 196560, 247350, 0
50.00128, 5.000095, 1653, 455, 11762.4, 1052, 78162, 210033, 233700, 275351, 0
55.001252, 4.999972, 1770, 503, 11280.9, 1319, 66373, 194817, 262548, 274352, 0
60.001271, 5.000019, 1657, 496, 11329.4, 1260, 76614, 156921, 207942, 212620, 0
65.001227, 4.999956, 1347, 493, 17063.2, 1120, 132888, 202784, 226820, 249896, 0
70.001226, 4.999999, 1350, 447, 14451.5, 1042, 103973, 184643, 228723, 247923, 0
75.001316, 5.00009, 2060, 479, 12521.7, 1089, 90139, 175300, 222077, 247923, 0
80.001206, 4.99989, 1798, 479, 3846.0, 981, 6487, 81944, 141680, 172800, 0
85.001243, 5.000037, 2077, 496, 3754.5, 1056, 12711, 68670, 135943, 156578, 0
90.001271, 5.000028, 1548, 489, 5265.2, 936, 32765, 94137, 137912, 156578, 0
95.001265, 4.999994, 4179, 475, 1511.5, 977, 3873, 7578, 32644, 80823, 0
100.001269, 5.000004, 2893, 483, 2316.5, 1128, 4946, 35369, 72517, 125042, 0
105.001257, 4.999988, 1280, 523, 9998.4, 1284, 67256, 133978, 170910, 186496, 0
110.001278, 5.000021, 2137, 470, 4357.6, 1134, 22770, 65399, 135177, 162843, 0
115.001323, 5.000045, 3195, 455, 2148.1, 1139, 5372, 26827, 53935, 74461, 0
120.00126, 4.999937, 1833, 479, 3072.2, 968, 10380, 47597, 82971, 83965, 0
121.003388, 1.002128, 772, 479, 2482.9, 962, 5724, 42466, 82615, 83965, 0
