elapsed, window, n, min, mean, median, 95th, 99th, 99_9th, max, errors
5.001193, 5.001193, 120, 91094, 97122.3, 94468, 108708, 121720, 122365, 122365, 0
10.001299, 5.000106, 216, 91028, 99469.8, 94599, 119548, 175147, 185281, 185281, 0
15.001293, 4.999994, 264, 91028, 100098.4, 95049, 133091, 185281, 228883, 228883, 0
20.001276, 4.999983, 322, 91245, 103921.3, 95634, 158860, 191954, 214027, 214027, 0
25.00135, 5.000074, 339, 91163, 112409.9, 96163, 190113, 207546, 214027, 214027, 0
30.001272, 4.999922, 239, 91374, 101442.3, 94708, 138179, 216072, 353573, 353573, 0
35.00115, 4.999878, 134, 91334, 100442.6, 95894, 120422, 167294, 183097, 183097, 0
40.001268, 5.000118, 214, 91536, 125238.7, 98702, 194445, 240433, 246181, 246181, 0
45.001185, 4.999917, 127, 91312, 144458.4, 153098, 198458, 205393, 215800, 215800, 0
50.00128, 5.000095, 186, 91179, 118211.0, 96973, 192440, 202851, 240910, 240910, 0
55.001252, 4.999972, 161, 91541, 122588.2, 99256, 191156, 202163, 213065, 213065, 0
60.001271, 5.000019, 202, 91575, 98034.9, 95096, 111436, 146310, 180870, 180870, 0
65.001227, 4.999956, 128, 91130, 98166.5, 94240, 114422, 162764, 171871, 171871, 0
70.001226, 4.999999, 230, 90991, 116928.8, 94940, 191653, 215107, 241050, 241050, 0
75.001316, 5.00009, 181, 90911, 138473.5, 97222, 312673, 380903, 523880, 523880, 0
80.001206, 4.99989, 369, 91054, 111837.3, 95809, 182847, 222977, 270685, 270685, 0
85.001243, 5.000037, 155, 91337, 111462.7, 96190, 184076, 215722, 242382, 242382, 0
90.001271, 5.000028, 147, 90929, 125884.6, 95709, 194747, 197086, 205278, 205278, 0
95.001265, 4.999994, 214, 91156, 115138.8, 96608, 179722, 191663, 213715, 213715, 0
100.001269, 5.000004, 196, 91257, 96795.6, 95063, 106054, 125260, 159722, 159722, 0
105.001257, 4.999988, 330, 91257, 107426.0, 95609, 175266, 193742, 204169, 204169, 0
110.001278, 5.000021, 367, 91343, 120133.0, 96793, 193844, 201419, 214082, 214082, 0
115.001323, 5.000045, 111, 91321, 113917.9, 94532, 192862, 196247, 200691, 200691, 0
120.00126, 4.999937, 98, 90911, 95447.7, 93274, 109859, 127021, 138351, 138351, 0
121.003388, 1.002128, 47, 90911, 96532.7, 93412, 113720, 138351, 177164, 177164, 0
