elapsed, window, n, min, mean, median, 95th, 99th, 99_9th, max, errors
5.000741, 5.000741, 36, 1011, 3508.4, 1194, 16910, 47095, 47095, 47095, 0
10.001694, 5.000953, 27, 954, 3387.0, 1190, 2577, 47095, 47095, 47095, 0
15.001682, 4.999988, 27, 1030, 4272.3, 1199, 2577, 57149, 57149, 57149, 0
20.001725, 5.000043, 35, 1013, 3597.3, 1214, 1666, 57149, 57149, 57149, 0
25.001734, 5.000009, 37, 1005, 2715.4, 1184, 1630, 40292, 40292, 40292, 0
30.001747, 5.000013, 27, 1012, 2150.5, 1192, 1384, 29511, 29511, 29511, 0
35.001734, 4.999987, 39, 1031, 2359.5, 1186, 2592, 39371, 39371, 39371, 0
40.0017, 4.999966, 33, 1057, 1318.9, 1226, 1427, 5049, 5049, 5049, 0
45.001728, 5.000028, 33, 950, 2359.1, 1168, 1578, 42936, 42936, 42936, 0
50.001788, 5.00006, 35, 950, 1570.3, 1191, 1327, 17575, 17575, 17575, 0
55.001681, 4.999893, 34, 980, 3892.6, 1183, 25012, 47244, 47244, 47244, 0
60.001756, 5.000075, 39, 976, 3128.9, 1160, 4982, 47244, 47244, 47244, 0
65.001684, 4.999928, 30, 1001, 1310.2, 1160, 1403, 6589, 6589, 6589, 0
70.001732, 5.000048, 30, 1014, 4013.5, 1153, 1440, 53207, 53207, 53207, 0
75.001733, 5.000001, 32, 961, 2726.0, 1199, 3001, 45497, 45497, 45497, 0
80.001723, 4.99999, 29, 1039, 1255.6, 1244, 1470, 1573, 1573, 1573, 0
85.004378, 5.002655, 38, 1059, 1826.7, 1299, 5193, 5324, 5324, 5324, 0
90.000684, 4.996306, 38, 1061, 2201.5, 1252, 5221, 22486, 22486, 22486, 0
95.001687, 5.001003, 27, 1104, 2953.0, 1236, 1471, 47036, 47036, 47036, 0
100.001688, 5.000001, 34, 1037, 3124.7, 1269, 15402, 35580, 35580, 35580, 0
105.001705, 5.000017, 40, 1036, 2108.9, 1200, 1525, 35580, 35580, 35580, 0
110.001771, 5.000066, 34, 1022, 2474.2, 1218, 7115, 37053, 37053, 37053, 0
115.001779, 5.000008, 28, 1085, 1553.0, 1237, 1385, 11156, 11156, 11156, 0
120.001732, 4.999953, 28, 1016, 4618.8, 1275, 20606, 37236, 37236, 37236, 0
121.003893, 1.002161, 4, 1016, 5731.6, 1275, 25074, 45029, 45029, 45029, 0
