elapsed, window, total, successful, failed
5.000741, 5.000741, 346, 346, 0
10.001694, 5.000953, 358, 358, 0
15.001682, 4.999988, 327, 327, 0
20.001725, 5.000043, 364, 364, 0
25.001734, 5.000009, 366, 366, 0
30.001747, 5.000013, 348, 348, 0
35.001734, 4.999987, 363, 363, 0
40.0017, 4.999966, 457, 457, 0
45.001728, 5.000028, 398, 398, 0
50.001788, 5.00006, 328, 328, 0
55.001681, 4.999893, 420, 420, 0
60.001756, 5.000075, 387, 387, 0
65.001684, 4.999928, 369, 369, 0
70.001732, 5.000048, 345, 345, 0
75.001733, 5.000001, 311, 311, 0
80.001723, 4.99999, 328, 328, 0
85.004378, 5.002655, 317, 317, 0
90.000684, 4.996306, 369, 369, 0
95.001687, 5.001003, 376, 376, 0
100.001688, 5.000001, 326, 326, 0
105.001705, 5.000017, 465, 465, 0
110.001771, 5.000066, 394, 394, 0
115.001779, 5.000008, 406, 406, 0
120.001732, 4.999953, 377, 377, 0
121.003893, 1.002161, 39, 39, 0
