elapsed, window, n, min, mean, median, 95th, 99th, 99_9th, max, errors
5.000321, 5.000321, 485368, 312, 11278.3, 7198, 35243, 53479, 76731, 146277, 0
10.001293, 5.000972, 443962, 306, 11260.3, 6989, 35325, 52519, 70714, 122581, 0
15.001275, 4.999982, 442527, 290, 11276.2, 6779, 35575, 50808, 70740, 118769, 0
20.001323, 5.000048, 443681, 264, 11303.0, 6752, 36920, 52806, 70953, 103601, 0
25.001407, 5.000084, 441241, 297, 11277.9, 7352, 33860, 47870, 64662, 110286, 0
30.001321, 4.999914, 444368, 296, 11240.7, 7364, 32811, 46094, 62499, 93333, 0
35.001314, 4.999993, 447541, 299, 11195.4, 6986, 34583, 48521, 67041, 102122, 0
40.001297, 4.999983, 440302, 291, 11317.2, 7090, 35054, 49461, 67881, 112874, 0
45.001272, 4.999975, 444567, 317, 11264.4, 7135, 34717, 49758, 69707, 119805, 0
50.001266, 4.999994, 448019, 284, 11145.2, 7161, 33754, 47542, 64554, 104966, 0
55.001307, 5.000041, 438307, 254, 11359.6, 6837, 35275, 51329, 68616, 110225, 0
60.001279, 4.999972, 439213, 234, 11402.8, 7640, 34438, 47061, 66025, 113672, 0
65.00136, 5.000081, 435263, 291, 11416.2, 7088, 35441, 53448, 71491, 115273, 0
70.001272, 4.999912, 434115, 241, 11520.9, 6969, 35835, 53046, 70511, 115704, 0
75.001312, 5.00004, 433084, 264, 11501.5, 6871, 36346, 52369, 70192, 119750, 0
80.00138, 5.000068, 438330, 286, 11442.2, 7142, 35148, 49112, 67558, 115398, 0
85.001272, 4.999892, 431675, 294, 11537.9, 6756, 37449, 52971, 73389, 120441, 0
90.001327, 5.000055, 439051, 277, 11436.9, 7229, 34759, 51170, 69443, 117716, 0
95.001315, 4.999988, 435066, 312, 11482.9, 6948, 35301, 51899, 70760, 130840, 0
100.00131, 4.999995, 436494, 248, 11435.9, 6938, 34874, 54998, 76137, 129963, 0
105.001287, 4.999977, 432530, 303, 11552.2, 6649, 37760, 57667, 76813, 130000, 0
110.001357, 5.00007, 437188, 312, 11430.5, 6923, 36910, 56851, 75548, 135874, 0
115.001305, 4.999948, 436154, 308, 11451.4, 6964, 36212, 53088, 71427, 132025, 0
120.0013, 4.999995, 436107, 241, 11501.0, 6702, 37402, 54647, 74388, 128116, 0
121.018338, 1.017038, 85893, 239, 11499.4, 6731, 36952, 55208, 75155, 128116, 0
