elapsed, window, n, min, mean, max, errors, median
5.001042, 5.001042,349120, 20895,40104.6, 185255,0,33213.8
10.001047, 5.000005,348151, 20886,40172.2, 217456,0,32477.6
15.001057, 5.00001,346287, 20889,40209.3, 270756,0,32555.6
20.001038, 4.999981,341051, 20868,41252.1, 303695,0,32776.2
25.001045, 5.000007,343946, 20829,40566.6, 361200,0,32582.9
30.001053, 5.000008,343935, 20841,40922.3, 353575,0,32910.1
35.001041, 4.999988,346820, 20943,40330.4, 231427,0,32694
40.001066, 5.000025,344947, 20909,40479.8, 258339,0,32452.7
45.00111, 5.000044,343364, 20724,40908.4, 297774,0,32655.9
50.001043, 4.999933,345671, 20961,40518.1, 224907,0,32378.9
55.001133, 5.00009,344153, 20867,40682.7, 278451,0,32594.4
60.001043, 4.99991,346329, 20976,40486, 217190,0,33120.5
65.001042, 4.999999,345292, 21054,40558.5, 193211,0,32755.7
70.001037, 4.999995,352826, 20968,39729.6, 208563,0,33731.9
75.00104, 5.000003,353516, 21021,39502, 235007,0,34159
80.001039, 4.999999,354807, 20983,39621.2, 261200,0,34758.9
85.001089, 5.00005,357348, 20967,39139.6, 270086,0,35093
90.001041, 4.999952,356454, 21034,39251.4, 206887,0,35012.2
95.001089, 5.000048,352790, 20905,39622.2, 246451,0,35311.8
100.001043, 4.999954,356993, 20902,39242.2, 226810,0,35242.5
105.001043, 5.0,359726, 20940,38886.8, 212008,0,35458
110.001057, 5.000014,360463, 21061,38809.1, 204506,0,35753.3
115.001059, 5.000002,367124, 20968,38126.5, 137053,0,35850.1
120.001063, 5.000004,364471, 21134,38403.8, 162568,0,35626.7
121.005079, 1.004016,73330, 21127,38423.3, 162568,0,35514.3

