elapsed, window, total, successful, failed
5.000722, 5.000722, 81, 81, 0
10.001734, 5.001012, 265, 265, 0
15.001714, 4.99998, 9, 9, 0
20.001795, 5.000081, 218, 213, 5
25.001737, 4.999942, 385, 379, 6
30.001714, 4.999977, 132, 132, 0
35.00176, 5.000046, 256, 256, 0
40.001751, 4.999991, 300, 300, 0
45.001648, 4.999897, 261, 260, 1
50.001736, 5.000088, 221, 221, 0
55.001666, 4.99993, 276, 276, 0
60.001674, 5.000008, 304, 304, 0
65.001718, 5.000044, 204, 204, 0
70.001722, 5.000004, 257, 257, 0
75.001732, 5.00001, 284, 284, 0
80.00172, 4.999988, 262, 262, 0
85.001682, 4.999962, 248, 248, 0
90.001763, 5.000081, 281, 280, 1
95.00176, 4.999997, 271, 271, 0
100.00172, 4.99996, 259, 259, 0
105.001666, 4.999946, 264, 264, 0
110.001717, 5.000051, 274, 274, 0
115.001669, 4.999952, 255, 255, 0
120.001736, 5.000067, 263, 263, 0
125.001712, 4.999976, 264, 264, 0
130.001735, 5.000023, 263, 263, 0
135.001672, 4.999937, 257, 257, 0
140.001662, 4.99999, 252, 252, 0
145.001719, 5.000057, 269, 269, 0
150.001769, 5.00005, 253, 253, 0
155.001668, 4.999899, 248, 248, 0
160.001666, 4.999998, 269, 269, 0
165.001665, 4.999999, 242, 242, 0
170.001719, 5.000054, 274, 274, 0
175.001735, 5.000016, 241, 241, 0
180.001678, 4.999943, 278, 278, 0
185.001723, 5.000045, 269, 268, 1
190.00172, 4.999997, 269, 268, 1
195.001744, 5.000024, 262, 259, 3
200.001679, 4.999935, 276, 275, 1
205.001715, 5.000036, 265, 265, 0
210.001673, 4.999958, 248, 248, 0
215.001716, 5.000043, 266, 266, 0
220.001669, 4.999953, 274, 274, 0
225.001751, 5.000082, 261, 261, 0
230.001699, 4.999948, 270, 270, 0
235.001669, 4.99997, 254, 254, 0
240.001682, 5.000013, 280, 279, 1
245.001718, 5.000036, 260, 259, 1
250.001717, 4.999999, 274, 274, 0
255.001719, 5.000002, 262, 262, 0
260.001678, 4.999959, 261, 260, 1
265.001675, 4.999997, 269, 268, 1
270.00172, 5.000045, 265, 265, 0
275.001667, 4.999947, 276, 276, 0
280.001671, 5.000004, 257, 257, 0
285.001725, 5.000054, 253, 253, 0
290.001715, 4.99999, 257, 257, 0
295.00169, 4.999975, 276, 276, 0
300.001718, 5.000028, 243, 243, 0
301.018846, 1.017128, 65, 65, 0
