elapsed, window, n, min, mean, median, 95th, 99th, 99_9th, max, errors
5.000482, 5.000482, 120, 91804, 155612.9, 170496, 235563, 262628, 263485, 263485, 548
10.0015, 5.001018, 139, 91731, 186006.3, 185767, 255296, 264232, 297374, 297374, 393
15.001515, 5.000015, 158, 91341, 182254.6, 187569, 223128, 260092, 280988, 280988, 375
20.001443, 4.999928, 148, 92095, 185772.9, 188860, 253715, 275180, 290992, 290992, 307
25.001495, 5.000052, 181, 92057, 182448.6, 182066, 236761, 249887, 287600, 287600, 332
30.001477, 4.999982, 207, 92171, 187434.8, 180168, 276577, 306105, 350547, 350547, 299
35.001486, 5.000009, 223, 92171, 186308.9, 182353, 261742, 288937, 306105, 306105, 273
40.001428, 4.999942, 250, 91660, 176483.5, 179362, 219485, 252942, 278970, 278970, 278
45.001456, 5.000028, 247, 91417, 177878.5, 181099, 224418, 255692, 286902, 286902, 302
50.00143, 4.999974, 281, 91417, 182179.0, 180852, 233759, 257889, 297805, 297805, 247
55.001437, 5.000007, 275, 91874, 184541.1, 185275, 233382, 260813, 278880, 278880, 229
60.001431, 4.999994, 284, 91781, 183042.9, 180853, 235735, 274654, 291670, 291670, 268
65.001407, 4.999976, 280, 91832, 174411.9, 179640, 215171, 227365, 255751, 255751, 271
70.001415, 5.000008, 299, 91832, 180991.3, 181560, 216091, 250599, 310268, 310268, 209
75.001428, 5.000013, 302, 91899, 183179.0, 181600, 246728, 279940, 287487, 287487, 210
80.001521, 5.000093, 315, 91526, 173877.9, 173683, 210616, 273901, 286352, 286352, 224
85.001488, 4.999967, 328, 91913, 187902.4, 178269, 285818, 399209, 512698, 512698, 207
90.001506, 5.000018, 303, 92317, 195925.1, 185313, 290290, 345614, 471421, 471421, 160
95.001645, 5.000139, 356, 92480, 184707.4, 179189, 266911, 294821, 306689, 306689, 164
100.001484, 4.999839, 343, 92101, 188361.3, 177151, 283258, 308607, 326628, 326628, 158
105.001536, 5.000052, 364, 92050, 178713.5, 177742, 219410, 278152, 315140, 315140, 211
110.001401, 4.999865, 357, 91977, 177529.1, 175892, 222770, 282990, 321083, 321083, 166
115.001417, 5.000016, 338, 91820, 179594.3, 176230, 225120, 280847, 308176, 308176, 175
120.00147, 5.000053, 374, 92080, 176280.3, 174392, 217820, 279097, 321251, 321251, 157
121.004594, 1.003124, 60, 92007, 174861.4, 173933, 209846, 267905, 321251, 321251, 29
