elapsed, window, n, min, mean, max, errors, median
5.000761, 5.000761,1367, 90303,160685, 326481,0,155805
10.001815, 5.001054,1353, 90553,166473, 323538,0,155961
15.001807, 4.999992,1329, 90433,167426, 325272,0,156284
20.001849, 5.000042,1372, 90433,167754, 326485,0,157484
25.001817, 4.999968,1346, 90599,166009, 324199,0,156251
30.001815, 4.999998,1339, 90382,167020, 322476,0,157500
35.001773, 4.999958,1335, 90500,167510, 330245,0,157280
40.001775, 5.000002,1343, 90540,167268, 319847,1,157321
45.001795, 5.00002,1354, 90462,166295, 320366,0,156615
50.001777, 4.999982,1339, 90639,166786, 321844,0,157298
55.001763, 4.999986,1363, 90441,167897, 326034,0,157585
60.001804, 5.000041,1338, 90427,166733, 321193,0,157187
65.001805, 5.000001,1355, 90499,166437, 324298,0,156515
70.001812, 5.000007,1344, 90461,166926, 324581,0,157298
75.001803, 4.999991,1341, 90461,167416, 327282,0,156940
80.001849, 5.000046,1340, 90487,167243, 324679,0,157246
85.001798, 4.999949,1354, 90316,166580, 324104,0,156638
90.001849, 5.000051,1335, 90339,167313, 321528,0,157406
95.001822, 4.999973,1359, 90525,166498, 325721,0,156527
100.00182, 4.999998,1355, 90459,168689, 323552,0,159236
105.00179, 4.99997,1340, 90520,167304, 328854,0,157288
110.001839, 5.000049,1339, 90511,166756, 323375,0,157388
115.001762, 4.999923,1349, 90396,166060, 323970,0,156210
120.001766, 5.000004,1342, 90416,167980, 325159,0,157505
125.001811, 5.000045,1342, 90416,167485, 327926,0,157344
130.001851, 5.00004,1340, 90557,167460, 323725,0,157432
135.001762, 4.999911,1356, 90438,166967, 329538,0,156710
140.001783, 5.000021,1332, 90546,167711, 328791,0,157278
145.001771, 4.999988,1341, 90333,167425, 324969,0,157376
150.001761, 4.99999,1306, 90362,174119, 319955,1,160280
155.00176, 4.999999,1162, 90497,192164, 311753,1,191050
160.001838, 5.000078,1154, 90611,193902, 314869,0,194448
165.001767, 4.999929,1141, 90841,198249, 303139,0,197730
170.001832, 5.000065,1144, 90420,195330, 303897,0,197795
175.001835, 5.000003,1200, 90776,189836, 310275,0,197000
180.001846, 5.000011,1158, 90508,192352, 336130,0,199101
181.002873, 1.001027,223, 90508,203687, 336130,0,200873

