elapsed, window, n, min, mean, median, 95th, 99th, 99_9th, max, errors
5.000588, 5.000588, 28424, 508, 22292.3, 4017, 47416, 48679, 49973, 53045, 0
10.001556, 5.000968, 28058, 514, 22456.7, 4073, 47417, 48723, 49976, 51381, 0
15.001603, 5.000047, 28057, 515, 22468.4, 4022, 47453, 48765, 49963, 51031, 0
20.001584, 4.999981, 28121, 503, 22259.4, 2883, 47274, 48663, 50045, 52271, 0
25.001561, 4.999977, 28188, 516, 22151.7, 2603, 47211, 48596, 49683, 51281, 0
30.001581, 5.00002, 28022, 519, 22760.0, 6103, 47539, 48698, 49980, 51261, 0
35.001537, 4.999956, 28034, 517, 22385.7, 3605, 47453, 48689, 49755, 51881, 0
40.001653, 5.000116, 28165, 517, 22357.2, 3457, 47131, 48636, 49766, 51921, 0
45.001561, 4.999908, 22427, 514, 27506.0, 3466, 47462, 49055, 1046560, 1049903, 0
50.001585, 5.000024, 15444, 516, 36493.1, 4293, 47670, 1001800, 1048178, 1049691, 0
55.001583, 4.999998, 2444, 523, 202831.3, 43050, 1044190, 1048131, 1048710, 1048918, 0
60.001582, 4.999999, 1570, 518, 431193.7, 44238, 1045926, 1048499, 1048984, 1049261, 0
65.001829, 5.000247, 3976, 502, 164376.3, 42319, 1043514, 1047675, 1048817, 1049219, 0
70.001583, 4.999754, 1739, 507, 360641.3, 43818, 1044714, 1048282, 1049029, 1049708, 0
75.0016, 5.000017, 1255, 489, 477212.2, 46878, 1044979, 1048250, 1049029, 1049091, 0
80.001583, 4.999983, 1184, 500, 515723.6, 48161, 1044730, 1048126, 1048607, 1048814, 0
85.001582, 4.999999, 1062, 496, 583305.4, 1000949, 1046713, 1048167, 1049075, 1049218, 0
90.001532, 4.99995, 1101, 500, 581107.3, 1000916, 1046891, 1048269, 1048959, 1049729, 0
95.00164, 5.000108, 1243, 484, 491078.6, 47519, 1044799, 1048227, 1049186, 1049424, 0
100.001581, 4.999941, 1263, 493, 434192.9, 44176, 1044828, 1048215, 1049220, 1049424, 0
105.001584, 5.000003, 2639, 494, 247606.0, 43152, 1044216, 1048115, 1048871, 1049022, 0
110.001552, 4.999968, 2350, 512, 263959.3, 43244, 1044457, 1048214, 1048950, 1049561, 0
115.001574, 5.000022, 1898, 512, 325064.7, 43737, 1044534, 1048210, 1049394, 1049813, 0
120.001562, 4.999988, 1478, 506, 426457.4, 44159, 1044935, 1048191, 1048559, 1049355, 0
121.01116, 1.009598, 236, 506, 534064.3, 1000721, 1045957, 1048311, 1048808, 1048938, 0
