elapsed, window, total, successful, failed
5.000202, 5.000202, 475188, 475188, 0
10.001161, 5.000959, 436501, 436501, 0
15.001163, 5.000002, 435679, 435679, 0
20.001225, 5.000062, 436489, 436489, 0
25.00115, 4.999925, 431518, 431518, 0
30.001214, 5.000064, 434205, 434205, 0
35.001149, 4.999935, 438969, 438969, 0
40.001213, 5.000064, 430230, 430230, 0
45.001145, 4.999932, 433090, 433090, 0
50.001168, 5.000023, 437637, 437637, 0
55.001171, 5.000003, 431705, 431705, 0
60.001195, 5.000024, 436801, 436801, 0
65.001284, 5.000089, 434559, 434559, 0
70.00115, 4.999866, 427650, 427650, 0
75.001156, 5.000006, 428832, 428832, 0
80.001163, 5.000007, 432048, 432048, 0
85.001159, 4.999996, 431859, 431859, 0
90.001156, 4.999997, 434128, 434128, 0
95.001148, 4.999992, 431841, 431841, 0
100.001178, 5.00003, 432865, 432865, 0
105.001189, 5.000011, 430677, 430677, 0
110.001174, 4.999985, 426453, 426453, 0
115.001173, 4.999999, 426198, 426198, 0
120.001165, 4.999992, 431287, 431287, 0
121.018267, 1.017102, 87370, 87370, 0
