elapsed, window, n, min, mean, median, 95th, 99th, 99_9th, max, errors
5.000143, 5.000143, 74793, 668, 1008.0, 1009, 1168, 1240, 1376, 2580, 0
10.001164, 5.001021, 73164, 664, 1018.5, 1018, 1172, 1244, 1339, 1666, 0
15.001102, 4.999938, 73013, 578, 1019.9, 1019, 1173, 1245, 1363, 3428, 0
20.001131, 5.000029, 73705, 636, 1011.8, 1015, 1170, 1243, 1345, 1741, 0
25.001139, 5.000008, 73246, 649, 1017.1, 1017, 1169, 1240, 1339, 1930, 0
30.001106, 4.999967, 73628, 679, 1014.8, 1014, 1167, 1241, 1344, 1930, 0
35.001119, 5.000013, 74020, 638, 1006.8, 1007, 1161, 1233, 1346, 1694, 0
40.001102, 4.999983, 73416, 668, 1013.6, 1014, 1168, 1239, 1337, 1574, 0
45.001144, 5.000042, 73146, 648, 1017.2, 1017, 1168, 1241, 1351, 1780, 0
50.001194, 5.00005, 72922, 672, 1021.1, 1020, 1172, 1244, 1345, 1632, 0
55.001117, 4.999923, 74552, 653, 1002.3, 1008, 1168, 1240, 1337, 1581, 0
60.001119, 5.000002, 73207, 660, 998.9, 1002, 1165, 1237, 1335, 1589, 0
65.001162, 5.000043, 73433, 650, 1015.5, 1017, 1171, 1248, 1403, 4363, 0
70.001094, 4.999932, 74464, 659, 1002.2, 1004, 1162, 1234, 1351, 4363, 0
75.001184, 5.00009, 73192, 643, 1017.5, 1019, 1171, 1242, 1338, 1635, 0
80.001113, 4.999929, 72751, 639, 1018.4, 1018, 1170, 1240, 1331, 1501, 0
85.001094, 4.999981, 74121, 560, 1006.3, 1009, 1166, 1240, 1382, 2223, 0
90.001135, 5.000041, 74033, 660, 1007.5, 1009, 1165, 1234, 1344, 1683, 0
95.001184, 5.000049, 74599, 598, 1000.7, 1006, 1164, 1236, 1343, 2444, 0
100.001104, 4.99992, 74145, 650, 1006.6, 1008, 1166, 1241, 1361, 2631, 0
105.00115, 5.000046, 73526, 655, 1013.6, 1016, 1174, 1247, 1383, 1954, 0
110.001168, 5.000018, 73031, 643, 1021.3, 1021, 1172, 1245, 1339, 1752, 0
115.001188, 5.00002, 73463, 655, 1013.5, 1014, 1169, 1244, 1354, 1738, 0
120.001129, 4.999941, 72396, 650, 1027.9, 1027, 1179, 1253, 1357, 3247, 0
121.002259, 1.00113, 15833, 656, 1017.7, 1018, 1176, 1251, 1355, 3247, 0
