elapsed, window, n, min, mean, median, 95th, 99th, 99_9th, max, errors
5.001026, 5.001026, 25752, 674, 2335.9, 1781, 7242, 8079, 9011, 12778, 0
10.000956, 4.99993, 25249, 609, 2355.3, 1775, 7275, 8149, 9171, 13177, 0
15.001959, 5.001003, 25264, 657, 2332.7, 1784, 7223, 8119, 9181, 13195, 0
20.001962, 5.000003, 25272, 667, 2340.8, 1769, 7292, 8134, 9047, 11882, 0
25.002053, 5.000091, 25348, 596, 2355.7, 1801, 7281, 8140, 9027, 11904, 0
30.000962, 4.998909, 25308, 627, 2340.7, 1773, 7279, 8143, 8940, 10036, 0
35.00198, 5.001018, 25462, 610, 2350.2, 1783, 7234, 8105, 9085, 11834, 0
40.001973, 4.999993, 25246, 607, 2346.2, 1764, 7295, 8120, 9060, 13393, 0
45.001976, 5.000003, 25136, 631, 2340.5, 1796, 7239, 8148, 8947, 11844, 0
50.002018, 5.000042, 25255, 564, 2346.8, 1795, 7250, 8107, 9007, 12802, 0
55.001008, 4.99899, 25239, 616, 2358.4, 1791, 7267, 8100, 9006, 13438, 0
60.00097, 4.999962, 25169, 576, 2374.5, 1791, 7283, 8157, 9100, 17790, 0
65.002012, 5.001042, 25375, 608, 2351.0, 1806, 7271, 8179, 8930, 11284, 0
70.001009, 4.998997, 25065, 580, 2348.2, 1783, 7235, 8145, 9032, 10005, 0
75.000976, 4.999967, 25127, 649, 2366.7, 1798, 7277, 8142, 9063, 11526, 0
80.002051, 5.001075, 25205, 636, 2371.4, 1806, 7292, 8173, 9105, 12800, 0
85.000997, 4.998946, 25075, 648, 2373.3, 1805, 7305, 8147, 9145, 11377, 0
90.001962, 5.000965, 25039, 589, 2383.8, 1801, 7304, 8179, 9224, 14212, 0
95.001965, 5.000003, 25198, 594, 2347.5, 1794, 7243, 8122, 9189, 10247, 0
100.001978, 5.000013, 24749, 610, 2400.7, 1807, 7320, 8250, 11361, 18827, 0
105.001998, 5.00002, 24920, 607, 2378.0, 1789, 7304, 8229, 9479, 16893, 0
110.002007, 5.000009, 25075, 648, 2341.7, 1789, 7238, 8119, 9149, 11932, 0
115.001982, 4.999975, 25198, 625, 2360.0, 1789, 7270, 8140, 9045, 12140, 0
120.002008, 5.000026, 25228, 653, 2366.3, 1799, 7298, 8142, 8985, 10214, 0
121.002078, 1.00007, 5074, 653, 2366.2, 1791, 7298, 8141, 8985, 10541, 0
