elapsed, window, total, successful, failed
5.000586, 5.000586,3813797,3813797,0
10.001603, 5.001017,3474785,3474785,0
15.001566, 4.999963,3459691,3459691,0
20.001627, 5.000061,3452807,3452807,0
25.001565, 4.999938,3448351,3448351,0
30.001552, 4.999987,3454202,3454202,0
35.001557, 5.000005,3453661,3453661,0
40.001622, 5.000065,3454833,3454833,0
45.00159, 4.999968,3458289,3458289,0
50.001561, 4.999971,3450829,3450829,0
55.00164, 5.000079,3432430,3432430,0
60.001695, 5.000055,3428845,3428845,0
65.001624, 4.999929,3417686,3417686,0
70.001553, 4.999929,3411010,3411010,0
75.001638, 5.000085,3405574,3405574,0
80.001552, 4.999914,3406587,3406587,0
85.001572, 5.00002,3416659,3416659,0
90.001645, 5.000073,3408364,3408364,0
95.001592, 4.999947,3407164,3407164,0
100.001641, 5.000049,3410942,3410942,0
105.001559, 4.999918,3404602,3404602,0
110.001561, 5.000002,3399109,3399109,0
115.00156, 4.999999,3404627,3404627,0
120.001555, 4.999995,3399633,3399633,0
121.056629, 1.055074,704274,704274,0

