elapsed, window, n, min, mean, median, 95th, 99th, 99_9th, max, errors
5.000689, 5.000689, 41840, 21477, 35973.1, 33604, 59244, 119470, 176999, 206629, 0
10.001685, 5.000996, 46060, 21642, 32612.4, 33316, 43985, 55347, 67084, 84792, 0
15.001708, 5.000023, 44420, 21449, 33700.1, 33341, 52616, 75561, 101789, 132666, 0
20.001681, 4.999973, 46045, 21794, 32576.3, 33348, 44086, 54263, 68744, 97216, 0
25.001694, 5.000013, 45254, 21400, 33148.8, 33244, 49214, 69687, 95501, 115127, 0
30.001693, 4.999999, 45976, 21496, 32634.9, 33394, 44147, 55413, 74187, 88006, 0
35.001686, 4.999993, 46580, 21590, 32155.7, 33164, 41865, 49149, 61941, 70881, 0
40.001708, 5.000022, 46081, 21632, 32546.0, 33208, 43160, 55093, 95261, 113905, 0
45.001684, 4.999976, 46165, 21566, 32493.0, 33264, 44006, 53412, 69605, 89588, 0
50.001721, 5.000037, 45441, 21369, 32958.0, 33190, 47477, 64818, 85055, 96946, 0
55.001689, 4.999968, 45495, 21362, 32949.0, 33149, 47323, 61860, 91388, 101780, 0
60.001718, 5.000029, 45930, 21766, 32704.5, 33293, 44652, 57061, 75433, 90218, 0
65.001687, 4.999969, 46319, 21570, 32355.8, 33324, 41843, 49087, 62825, 73201, 0
70.001687, 5.0, 45831, 21400, 32707.6, 33333, 42683, 54518, 91514, 101510, 0
75.001692, 5.000005, 45727, 21898, 32755.1, 33290, 42118, 56690, 74396, 94625, 0
80.001691, 4.999999, 45959, 21792, 32720.5, 33287, 41644, 55492, 82662, 94625, 0
85.001687, 4.999996, 45672, 21884, 32800.1, 33306, 41847, 56184, 74750, 90354, 0
90.001685, 4.999998, 46088, 21810, 32532.7, 33414, 41749, 50693, 64256, 76919, 0
95.001681, 4.999996, 46087, 21659, 32537.8, 33386, 41991, 50279, 64524, 76011, 0
100.001682, 5.000001, 46318, 21775, 32362.6, 33395, 41173, 47526, 55884, 71368, 0
105.001688, 5.000006, 46059, 21751, 32561.5, 33407, 42100, 50333, 64743, 83536, 0
110.001693, 5.000005, 46271, 21880, 32399.7, 33299, 40921, 48329, 66193, 92171, 0
115.001692, 4.999999, 45658, 21795, 32862.8, 33396, 41589, 54710, 93764, 108445, 0
120.001686, 4.999994, 45837, 21688, 32721.5, 33389, 41808, 49665, 64808, 77287, 0
121.003788, 1.002102, 9311, 21688, 32620.9, 33386, 41670, 48715, 63537, 77287, 0
