elapsed, window, n, min, mean, median, 95th, 99th, 99_9th, max, errors
5.000437, 5.000437, 48126, 861, 1562.6, 1546, 1867, 2024, 4327, 6872, 0
10.001437, 5.001, 48521, 978, 1532.9, 1498, 1845, 2079, 4688, 8887, 0
15.001403, 4.999966, 48712, 929, 1538.6, 1511, 1859, 2108, 3207, 7353, 0
20.001376, 4.999973, 49183, 927, 1516.1, 1491, 1816, 1946, 2124, 6413, 0
25.001357, 4.999981, 48226, 855, 1553.4, 1533, 1863, 2070, 4364, 8355, 0
30.001354, 4.999997, 48403, 867, 1536.1, 1505, 1861, 2104, 3986, 6598, 0
35.001352, 4.999998, 50688, 938, 1479.9, 1438, 1839, 2199, 2957, 5946, 0
40.001386, 5.000034, 46852, 942, 1580.9, 1572, 1906, 2172, 2597, 5955, 0
45.001377, 4.999991, 49397, 922, 1508.1, 1471, 1833, 2080, 3666, 5741, 0
50.00136, 4.999983, 49539, 973, 1504.9, 1474, 1824, 1991, 2543, 4547, 0
55.001354, 4.999994, 50252, 903, 1490.8, 1457, 1817, 2009, 3346, 6395, 0
60.001359, 5.000005, 49082, 847, 1511.0, 1480, 1830, 1999, 2639, 6308, 0
65.001341, 4.999982, 48212, 997, 1546.1, 1521, 1862, 2069, 3122, 6079, 0
70.001379, 5.000038, 49330, 1000, 1515.9, 1483, 1827, 2006, 3321, 6516, 0
75.001362, 4.999983, 48479, 840, 1541.9, 1513, 1860, 2081, 4070, 6700, 0
80.001409, 5.000047, 49436, 842, 1505.7, 1472, 1822, 2061, 2942, 6700, 0
85.001413, 5.000004, 49381, 842, 1508.6, 1477, 1818, 2069, 2767, 5845, 0
90.001414, 5.000001, 48221, 935, 1546.1, 1511, 1892, 2263, 3159, 5723, 0
95.001396, 4.999982, 48052, 818, 1551.9, 1519, 1902, 2240, 4083, 7054, 0
100.001388, 4.999992, 47546, 981, 1567.9, 1534, 1959, 2349, 3622, 6456, 0
105.001383, 4.999995, 49457, 892, 1520.6, 1487, 1842, 2134, 3380, 7041, 0
110.00146, 5.000077, 48258, 1012, 1540.1, 1504, 1888, 2236, 3262, 6150, 0
115.001385, 4.999925, 51842, 979, 1442.4, 1424, 1674, 1843, 3013, 6105, 0
120.001395, 5.00001, 48050, 888, 1540.3, 1518, 1848, 2045, 3248, 7787, 0
121.001515, 1.00012, 9565, 843, 1553.6, 1532, 1874, 2140, 3967, 7787, 0
