elapsed, window, total, successful, failed
5.000206, 5.000206, 114486, 114486, 0
10.001218, 5.001012, 114536, 114536, 0
15.001207, 4.999989, 113547, 113547, 0
20.001204, 4.999997, 115536, 115536, 0
25.001225, 5.000021, 113881, 113881, 0
30.001257, 5.000032, 114534, 114534, 0
35.001213, 4.999956, 113899, 113899, 0
40.001285, 5.000072, 113872, 113872, 0
45.001239, 4.999954, 113611, 113611, 0
50.001223, 4.999984, 113937, 113937, 0
55.001223, 5.0, 113827, 113827, 0
60.0013, 5.000077, 114538, 114538, 0
65.001238, 4.999938, 114452, 114452, 0
70.001284, 5.000046, 114939, 114939, 0
75.001461, 5.000177, 114524, 114524, 0
80.001208, 4.999747, 113732, 113732, 0
85.001265, 5.000057, 113751, 113751, 0
90.001265, 5.0, 114039, 114039, 0
95.001216, 4.999951, 114023, 114023, 0
100.001281, 5.000065, 114681, 114681, 0
105.001246, 4.999965, 114055, 114055, 0
110.001204, 4.999958, 113720, 113720, 0
115.001209, 5.000005, 113846, 113846, 0
120.001206, 4.999997, 114010, 114010, 0
121.003371, 1.002165, 22798, 22798, 0
