elapsed, window, total, successful, failed
5.000448, 5.000448, 1146, 1144, 2
10.001519, 5.001071, 1215, 1213, 2
15.001449, 4.99993, 1217, 1213, 4
20.001388, 4.999939, 1210, 1210, 0
25.001453, 5.000065, 1212, 1211, 1
30.001439, 4.999986, 1221, 1221, 0
35.00144, 5.000001, 1210, 1209, 1
40.001358, 4.999918, 1221, 1217, 4
45.001453, 5.000095, 1188, 1188, 0
50.001541, 5.000088, 1192, 1190, 2
55.001432, 4.999891, 1211, 1208, 3
60.001426, 4.999994, 1206, 1206, 0
65.00136, 4.999934, 1194, 1194, 0
70.001412, 5.000052, 1175, 1175, 0
75.00145, 5.000038, 1210, 1207, 3
80.00139, 4.99994, 1182, 1180, 2
85.001396, 5.000006, 1206, 1206, 0
90.001406, 5.00001, 1192, 1192, 0
95.001395, 4.999989, 1187, 1185, 2
100.001405, 5.00001, 1215, 1213, 2
105.001396, 4.999991, 1190, 1188, 2
110.001388, 4.999992, 1195, 1192, 3
115.001387, 4.999999, 1203, 1200, 3
120.001394, 5.000007, 1186, 1184, 2
125.001398, 5.000004, 1174, 1173, 1
130.001396, 4.999998, 1217, 1216, 1
135.001393, 4.999997, 1225, 1222, 3
140.001448, 5.000055, 1208, 1208, 0
145.001392, 4.999944, 1200, 1199, 1
150.001379, 4.999987, 1194, 1194, 0
155.001427, 5.000048, 1205, 1205, 0
160.001394, 4.999967, 1197, 1197, 0
165.001396, 5.000002, 1204, 1203, 1
170.001397, 5.000001, 1172, 1171, 1
175.001432, 5.000035, 1192, 1192, 0
180.001394, 4.999962, 1241, 1239, 2
181.004621, 1.003227, 344, 344, 0
