elapsed, window, n, min, mean, median, 95th, 99th, 99_9th, max, errors
5.000903, 5.000903, 35624, 21317, 38103.9, 35563, 57663, 87426, 127592, 149925, 478
10.001866, 5.000963, 33179, 21810, 39132.4, 36702, 58925, 79970, 108344, 135317, 1906
15.001871, 5.000005, 32688, 21906, 39162.3, 35947, 61083, 93807, 156409, 180312, 2399
20.001888, 5.000017, 32735, 21699, 39238.9, 36737, 59713, 82827, 108827, 122040, 2286
25.001864, 4.999976, 32579, 21708, 39297.6, 35831, 64392, 92592, 141551, 152585, 2339
30.001867, 5.000003, 32542, 22333, 39643.0, 36735, 62055, 85641, 129890, 151266, 2080
35.001906, 5.000039, 32460, 22476, 39849.3, 37078, 62289, 81242, 103039, 134470, 1959
40.001882, 4.999976, 32963, 22109, 40011.1, 37155, 63186, 82944, 104662, 134470, 1368
45.001867, 4.999985, 32577, 22143, 40255.8, 37147, 64164, 85424, 110240, 125055, 1495
50.001917, 5.00005, 32306, 22127, 40315.4, 36831, 65498, 91160, 139276, 162296, 1737
55.0019, 4.999983, 31176, 22071, 40608.1, 37223, 65801, 88085, 126608, 149753, 2615
60.001958, 5.000058, 31217, 21915, 40834.5, 36821, 70438, 93334, 135666, 149423, 2371
65.001877, 4.999919, 31726, 22225, 40794.5, 37774, 65132, 84810, 104340, 125385, 1942
70.001875, 4.999998, 31664, 22280, 41007.7, 37242, 68756, 92211, 115589, 134145, 1747
75.001987, 5.000112, 30581, 22057, 41412.5, 35657, 79205, 128333, 171113, 194493, 2523
80.001864, 4.999877, 29299, 22148, 42296.5, 35637, 81910, 146125, 232393, 249157, 2994
85.001865, 5.000001, 30296, 22278, 42112.4, 36077, 82077, 127756, 190500, 228228, 2308
90.00189, 5.000025, 30330, 22172, 42574.9, 35967, 88836, 133482, 151477, 167699, 1914
95.001908, 5.000018, 29661, 22286, 42632.4, 35611, 82055, 160214, 210310, 236436, 2521
100.001895, 4.999987, 29890, 22141, 42558.5, 36114, 76898, 170094, 231617, 258977, 2395
105.001862, 4.999967, 30076, 22034, 42736.1, 35998, 82471, 153174, 186678, 245784, 2041
110.001861, 4.999999, 29906, 22034, 42832.4, 36419, 83176, 128403, 158826, 190914, 2101
115.001881, 5.00002, 30848, 22462, 42523.5, 37574, 77577, 112121, 141012, 157197, 1493
120.001993, 5.000112, 29572, 22273, 42546.8, 36604, 73109, 183796, 239607, 266280, 2515
121.004964, 1.002971, 5884, 22273, 42578.2, 36306, 72953, 201718, 242095, 266280, 560
