elapsed, window, n, min, mean, median, 95th, 99th, 99_9th, max, errors
5.000753, 5.000753, 0, 0, 0, 0, 0, 0, 0, 0, 0
10.001771, 5.001018, 8, 923, 1033.1, 1021, 1196, 1196, 1196, 1196, 0
15.001706, 4.999935, 10, 983, 1054.2, 1065, 1094, 1144, 1144, 1144, 0
20.001765, 5.000059, 6, 874, 991.1, 1015, 1064, 1064, 1064, 1064, 0
25.001804, 5.000039, 4, 916, 1389.2, 960, 3096, 3096, 3096, 3096, 0
30.001712, 4.999908, 6, 999, 1091.2, 1040, 1361, 1361, 1361, 1361, 0
35.00176, 5.000048, 5, 978, 1132.5, 1081, 1361, 1361, 1361, 1361, 0
40.001762, 5.000002, 6, 980, 1096.3, 1079, 1214, 1214, 1214, 1214, 0
45.001705, 4.999943, 4, 951, 1061.9, 1059, 1214, 1214, 1214, 1214, 0
50.00176, 5.000055, 7, 977, 1060.6, 1101, 1145, 1145, 1145, 1145, 0
55.001798, 5.000038, 5, 1009, 1080.6, 1040, 1162, 1162, 1162, 1162, 0
60.00176, 4.999962, 0, 0, 0, 0, 0, 0, 0, 0, 0
65.001708, 4.999948, 8, 957, 1038.5, 996, 1118, 1118, 1118, 1118, 0
70.001834, 5.000126, 7, 925, 994.4, 984, 1088, 1088, 1088, 1088, 0
75.001812, 4.999978, 0, 0, 0, 0, 0, 0, 0, 0, 0
80.001723, 4.999911, 0, 0, 0, 0, 0, 0, 0, 0, 0
85.001751, 5.000028, 4, 893, 1097.0, 1188, 1201, 1201, 1201, 1201, 0
90.001804, 5.000053, 5, 937, 1036.4, 1011, 1226, 1226, 1226, 1226, 0
95.00171, 4.999906, 0, 0, 0, 0, 0, 0, 0, 0, 0
100.001838, 5.000128, 8, 961, 1087.3, 1031, 1381, 1381, 1381, 1381, 0
105.001786, 4.999948, 5, 927, 1031.8, 1046, 1074, 1074, 1074, 1074, 0
110.001737, 4.999951, 9, 870, 1018.8, 993, 1226, 1226, 1226, 1226, 0
115.001764, 5.000027, 8, 889, 991.1, 1009, 1043, 1043, 1043, 1043, 0
120.001754, 4.99999, 3, 960, 1072.8, 998, 1219, 1219, 1219, 1219, 0
121.002905, 1.001151, 2, 998, 1124.2, 1100, 1219, 1219, 1219, 1219, 0
