elapsed, window, n, min, mean, median, 95th, 99th, 99_9th, max, errors
5.000753, 5.000753, 38, 720, 1067.6, 866, 2332, 4264, 4264, 4264, 0
10.001771, 5.001018, 46, 734, 886.3, 868, 1078, 1127, 1211, 1211, 0
15.001706, 4.999935, 40, 753, 899.9, 858, 963, 2460, 2460, 2460, 0
20.001765, 5.000059, 46, 751, 974.4, 881, 1110, 4339, 4339, 4339, 0
25.001804, 5.000039, 46, 741, 905.1, 866, 1020, 1156, 1931, 1931, 0
30.001712, 4.999908, 37, 673, 893.0, 877, 1084, 1593, 1593, 1593, 0
35.00176, 5.000048, 64, 740, 994.6, 872, 1172, 4584, 4942, 4942, 0
40.001762, 5.000002, 36, 753, 923.3, 864, 1074, 2989, 2989, 2989, 0
45.001705, 4.999943, 35, 747, 910.1, 844, 954, 2961, 2961, 2961, 0
50.00176, 5.000055, 47, 675, 885.4, 879, 1076, 1123, 1143, 1143, 0
55.001798, 5.000038, 54, 710, 903.9, 862, 1070, 1172, 2388, 2388, 0
60.00176, 4.999962, 66, 742, 868.4, 857, 1019, 1140, 1430, 1430, 0
65.001708, 4.999948, 53, 706, 866.6, 861, 999, 1076, 1241, 1241, 0
70.001834, 5.000126, 47, 735, 874.1, 867, 1011, 1099, 1099, 1099, 0
75.001812, 4.999978, 53, 711, 918.8, 843, 997, 1031, 4755, 4755, 0
80.001723, 4.999911, 40, 722, 938.1, 865, 1020, 4169, 4169, 4169, 0
85.001751, 5.000028, 61, 728, 969.9, 899, 1130, 1195, 4991, 4991, 0
90.001804, 5.000053, 44, 728, 890.0, 883, 1018, 1195, 1221, 1221, 0
95.00171, 4.999906, 58, 731, 886.2, 883, 1069, 1087, 1179, 1179, 0
100.001838, 5.000128, 53, 724, 919.2, 860, 1070, 2044, 2306, 2306, 0
105.001786, 4.999948, 47, 743, 906.7, 880, 1067, 1147, 1345, 1345, 0
110.001737, 4.999951, 48, 735, 968.2, 866, 1106, 2740, 4086, 4086, 0
115.001764, 5.000027, 39, 750, 981.8, 876, 1232, 2980, 2980, 2980, 0
120.001754, 4.99999, 32, 741, 949.9, 854, 969, 4309, 4309, 4309, 0
121.002905, 1.001151, 13, 741, 958.0, 850, 1036, 4309, 4309, 4309, 0
