elapsed, window, total, successful, failed
5.00056, 5.00056, 53918, 53918, 0
10.001548, 5.000988, 55464, 55464, 0
15.001549, 5.000001, 54503, 54503, 0
20.001547, 4.999998, 57374, 57374, 0
25.001546, 4.999999, 62029, 62029, 0
30.001563, 5.000017, 62374, 62374, 0
35.001566, 5.000003, 61672, 61672, 0
40.001557, 4.999991, 62358, 62358, 0
45.001545, 4.999988, 61494, 61494, 0
50.001578, 5.000033, 60663, 60663, 0
55.001553, 4.999975, 60128, 60128, 0
60.001578, 5.000025, 62528, 62528, 0
65.001546, 4.999968, 62118, 62118, 0
70.001607, 5.000061, 63721, 63721, 0
75.001574, 4.999967, 63580, 63580, 0
80.001543, 4.999969, 63352, 63352, 0
85.001645, 5.000102, 64462, 64462, 0
90.001542, 4.999897, 64954, 64954, 0
95.001624, 5.000082, 64891, 64891, 0
100.001639, 5.000015, 64892, 64892, 0
105.001572, 4.999933, 64057, 64057, 0
110.001568, 4.999996, 60138, 60138, 0
115.00167, 5.000102, 59271, 59271, 0
120.001538, 4.999868, 60024, 60024, 0
121.002704, 1.001166, 12542, 12542, 0
