elapsed, window, total, successful, failed
5.000281, 5.000281, 457611, 457611, 0
10.001274, 5.000993, 419503, 419503, 0
15.001275, 5.000001, 412500, 412500, 0
20.00134, 5.000065, 414012, 414012, 0
25.001348, 5.000008, 418556, 418556, 0
30.001287, 4.999939, 413755, 413755, 0
35.001329, 5.000042, 417277, 417277, 0
40.00128, 4.999951, 415492, 415492, 0
45.001308, 5.000028, 415713, 415713, 0
50.00127, 4.999962, 417499, 417499, 0
55.00138, 5.00011, 418657, 418657, 0
60.001266, 4.999886, 416970, 416970, 0
65.001359, 5.000093, 412420, 412420, 0
70.001316, 4.999957, 425035, 425035, 0
75.001291, 4.999975, 414929, 414929, 0
80.001337, 5.000046, 415129, 415129, 0
85.001332, 4.999995, 414804, 414804, 0
90.001331, 4.999999, 420223, 420223, 0
95.001281, 4.99995, 416033, 416033, 0
100.00131, 5.000029, 414760, 414760, 0
105.00128, 4.99997, 415707, 415707, 0
110.001289, 5.000009, 417609, 417609, 0
115.001276, 4.999987, 416534, 416534, 0
120.001271, 4.999995, 415343, 415343, 0
121.017401, 1.01613, 82515, 82515, 0
