elapsed, window, n, min, mean, median, 95th, 99th, 99_9th, max, errors
5.001, 5.001, 0, 0, 0, 0, 0, 0, 0, 0, 0
10.00201, 5.00101, 0, 0, 0, 0, 0, 0, 0, 0, 0
15.001997, 4.999987, 25, 1066, 1909.5, 1534, 3938, 6764, 6764, 6764, 0
20.001956, 4.999959, 129, 915, 1815.9, 1521, 3445, 6152, 6885, 6885, 0
25.002022, 5.000066, 115, 941, 19681.4, 1968, 118056, 208446, 241601, 241601, 0
30.002007, 4.999985, 80, 1024, 382587.0, 174972, 1128874, 2471767, 3353610, 3353610, 0
35.001965, 4.999958, 86, 1109, 632553.7, 61051, 2927586, 3354755, 3435863, 3435863, 0
40.002006, 5.000041, 58, 917, 901350.2, 137670, 3346687, 3472226, 4351860, 4351860, 0
45.001986, 4.99998, 80, 1054, 695550.3, 36130, 3899112, 4213154, 4270783, 4270783, 0
49.986632, 4.984646, 65, 1238, 476937.7, 20247, 4565941, 4593439, 4615178, 4615178, 0
