elapsed, window, total, successful, failed
5.000862, 5.000862, 80992, 80992, 0
10.001861, 5.000999, 84287, 84287, 0
15.001956, 5.000095, 53341, 53341, 0
20.0018, 4.999844, 60409, 60409, 0
25.001917, 5.000117, 52831, 52831, 0
30.001896, 4.999979, 66901, 66901, 0
35.001884, 4.999988, 55047, 55047, 0
40.00178, 4.999896, 55707, 55707, 0
45.001797, 5.000017, 43932, 43932, 0
50.00192, 5.000123, 35017, 35017, 0
55.001907, 4.999987, 61697, 61697, 0
60.001739, 4.999832, 60389, 60389, 0
65.001936, 5.000197, 61679, 61679, 0
70.001862, 4.999926, 61871, 61871, 0
75.001763, 4.999901, 62839, 62839, 0
80.00173, 4.999967, 62682, 62682, 0
85.001878, 5.000148, 49392, 49392, 0
90.001888, 5.00001, 61365, 61365, 0
95.001747, 4.999859, 54635, 54635, 0
100.001822, 5.000075, 41440, 41440, 0
105.001808, 4.999986, 41315, 41315, 0
110.001949, 5.000141, 84128, 84128, 0
115.001739, 4.99979, 61194, 61194, 0
120.001799, 5.00006, 37774, 37774, 0
121.005214, 1.003415, 16809, 16809, 0
