elapsed, window, total, successful, failed
5.000759, 5.000759,61444,61444,0
10.00157, 5.000811,61566,61566,0
15.001557, 4.999987,61673,61673,0
20.001518, 4.999961,61623,61623,0
25.001513, 4.999995,61660,61660,0
30.001553, 5.00004,61735,61735,0
35.001554, 5.000001,61743,61743,0
40.001506, 4.999952,61730,61730,0
45.001556, 5.00005,61657,61657,0
50.001546, 4.99999,61705,61705,0
55.001556, 5.00001,61727,61727,0
60.001503, 4.999947,61732,61732,0
65.001517, 5.000014,61683,61683,0
70.001556, 5.000039,61699,61699,0
75.001546, 4.99999,61707,61707,0
80.001726, 5.00018,61740,61740,0
85.001555, 4.999829,61756,61756,0
90.001561, 5.000006,61671,61671,0
95.001559, 4.999998,61705,61705,0
100.001557, 4.999998,61621,61621,0
105.001578, 5.000021,61701,61701,0
110.001555, 4.999977,61688,61688,0
115.001559, 5.000004,61709,61709,0
120.001533, 4.999974,61744,61744,0
121.002675, 1.001142,12340,12340,0

