elapsed, window, n, min, mean, median, 95th, 99th, 99_9th, max, errors
5.000303, 5.000303, 21892, 929, 3793.5, 1524, 17061, 21552, 26686, 50622, 0
10.001329, 5.001026, 23282, 951, 3600.9, 1529, 16704, 21148, 24632, 29751, 0
15.001363, 5.000034, 22618, 955, 3651.0, 1531, 16921, 21338, 24271, 31641, 0
20.0014, 5.000037, 22995, 907, 3606.7, 1484, 16807, 21507, 24751, 29471, 0
25.001317, 4.999917, 23006, 911, 3622.6, 1483, 16976, 21545, 24847, 31096, 0
30.001325, 5.000008, 22795, 909, 3628.0, 1465, 17041, 21656, 24838, 30918, 0
35.001432, 5.000107, 22116, 938, 3734.5, 1557, 17126, 21982, 25377, 33527, 0
40.001343, 4.999911, 22685, 955, 3664.0, 1507, 17093, 21852, 25036, 33527, 0
45.001296, 4.999953, 22898, 916, 3619.3, 1487, 16903, 21462, 25017, 34088, 0
50.001344, 5.000048, 21787, 936, 3758.6, 1498, 17137, 22346, 52217, 80717, 0
55.001305, 4.999961, 22810, 968, 3646.9, 1524, 16831, 21593, 24732, 33273, 0
60.00132, 5.000015, 22737, 937, 3637.2, 1499, 16948, 21531, 24916, 26997, 0
65.001362, 5.000042, 23270, 944, 3581.6, 1536, 16661, 21218, 25002, 29169, 0
70.001299, 4.999937, 22979, 932, 3588.4, 1520, 16529, 21292, 24772, 27164, 0
75.001353, 5.000054, 22835, 893, 3589.8, 1444, 16799, 21262, 24781, 27304, 0
80.001305, 4.999952, 23634, 903, 3510.7, 1454, 16602, 21121, 24531, 27623, 0
85.001302, 4.999997, 22950, 930, 3616.9, 1504, 16809, 21295, 24950, 28185, 0
90.001296, 4.999994, 23739, 928, 3544.4, 1499, 16599, 21277, 24503, 28185, 0
95.0014, 5.000104, 23106, 916, 3589.9, 1518, 16514, 21125, 24425, 29491, 0
100.001377, 4.999977, 23629, 895, 3524.2, 1498, 16195, 20811, 24391, 26195, 0
105.001389, 5.000012, 23224, 920, 3536.6, 1484, 16099, 20930, 24517, 31622, 0
110.001305, 4.999916, 23407, 905, 3527.0, 1478, 15963, 21022, 24109, 31052, 0
115.001298, 4.999993, 23358, 898, 3526.4, 1503, 15905, 20581, 23991, 31313, 0
120.001305, 5.000007, 23735, 898, 3521.7, 1501, 15697, 20458, 23506, 25566, 0
121.004449, 1.003144, 4668, 917, 3510.5, 1498, 15596, 20392, 23647, 25652, 0
