elapsed, window, n, min, mean, max, errors, median
5.000436, 5.000436,1802277, 254,7062.15, 127696,0, 5573
10.001433, 5.000997,1617969, 299,7033.83, 66120,0, 5734
15.001416, 4.999983,1604830, 303,7014.29, 61314,0, 5854
20.001445, 5.000029,1603812, 266,7012.15, 72995,0, 5889
25.001423, 4.999978,1594038, 266,7023.03, 59647,0, 5671
30.001441, 5.000018,1594061, 270,7037.93, 61290,0, 5621
35.001438, 4.999997,1596936, 303,7037.59, 74498,0, 5497
40.001421, 4.999983,1595929, 286,7027.64, 70837,0, 5673
45.00145, 5.000029,1598640, 306,7031.72, 73792,0, 5729
50.001416, 4.999966,1596392, 334,7038.59, 58445,0, 5715
55.001468, 5.000052,1590087, 300,7051.31, 70354,0, 5454
60.001514, 5.000046,1594361, 285,7046.59, 104727,0, 5587
65.001522, 5.000008,1592414, 290,7050.37, 104727,0, 5546
70.001468, 4.999946,1593950, 270,7052.37, 80481,0, 5595
75.001448, 4.99998,1600911, 308,7039.64, 85144,0, 5774
80.001487, 5.000039,1582785, 268,7082.67, 85144,0, 5490
85.001432, 4.999945,1595917, 348,7065.9, 55808,0, 5961
90.001457, 5.000025,1584717, 270,7077.4, 64796,0, 6045
95.001424, 4.999967,1575390, 285,7113.57, 80770,0, 5774
100.0015, 5.000076,1584812, 285,7095.43, 72517,0, 5887
105.001574, 5.000074,1583576, 304,7089.87, 76190,0, 6036
110.001426, 4.999852,1583533, 298,7095.05, 55763,0, 6045
115.001414, 4.999988,1584881, 306,7099.06, 63613,0, 6064
120.001427, 5.000013,1578769, 315,7101.11, 61148,0, 6018
121.011512, 1.010085,323531, 341,7103.5, 59859,0, 5940

