elapsed, window, n, min, mean, median, 95th, 99th, 99_9th, max, errors
5.00025, 5.00025, 120, 166403, 182152.2, 182516, 195431, 197346, 197566, 197566, 0
10.00125, 5.001, 105, 163999, 183591.9, 182771, 195020, 197184, 198550, 198550, 0
15.001242, 4.999992, 120, 168528, 183838.5, 182806, 195282, 197036, 199416, 199416, 0
20.001238, 4.999996, 120, 167702, 183495.8, 182872, 195215, 197178, 198884, 198884, 0
25.001248, 5.00001, 105, 168446, 183563.3, 183179, 195666, 198901, 199089, 199089, 0
30.00125, 5.000002, 43, 168002, 184561.2, 182887, 195379, 196549, 196549, 196549, 0
35.001253, 5.000003, 47, 167876, 183959.5, 182887, 194970, 195379, 196743, 196743, 0
40.001237, 4.999984, 30, 176685, 186013.3, 182738, 195104, 195110, 195110, 195110, 0
45.001255, 5.000018, 60, 166622, 183701.3, 182763, 194841, 195371, 196636, 196636, 0
50.001189, 4.999934, 0, 0, 0, 0, 0, 0, 0, 0, 0
55.001176, 4.999987, 225, 168298, 183550.8, 182890, 195339, 197164, 198755, 198755, 0
60.001185, 5.000009, 45, 170563, 184738.9, 182590, 194842, 199009, 199009, 199009, 0
65.001242, 5.000057, 0, 0, 0, 0, 0, 0, 0, 0, 0
70.001179, 4.999937, 157, 167820, 183260.2, 182580, 196029, 198315, 198742, 198742, 0
75.001186, 5.000007, 68, 168140, 183843.4, 182777, 196381, 198193, 198693, 198693, 0
80.001181, 4.999995, 150, 167965, 183644.6, 182482, 195101, 198655, 198912, 198912, 0
85.001225, 5.000044, 60, 166578, 184676.3, 183369, 195039, 195830, 196468, 196468, 0
90.001211, 4.999986, 158, 167602, 183957.7, 182920, 195120, 196385, 198528, 198528, 0
95.001143, 4.999932, 91, 167602, 183881.0, 182973, 195174, 196953, 198528, 198528, 0
100.001187, 5.000044, 74, 168616, 183753.3, 182639, 194884, 195238, 195412, 195412, 0
105.001187, 5.0, 151, 166447, 183087.9, 182711, 195391, 198388, 198540, 198540, 0
110.001232, 5.000045, 96, 169217, 184405.0, 183089, 194964, 197267, 198666, 198666, 0
115.001183, 4.999951, 75, 170798, 184722.3, 183609, 193721, 195532, 195641, 195641, 0
120.001186, 5.000003, 113, 168356, 184705.3, 182929, 195839, 198457, 198847, 198847, 0
121.002332, 1.001146, 42, 168285, 184668.3, 182929, 196670, 198457, 198847, 198847, 0
