elapsed, window, n, min, mean, median, 95th, 99th, 99_9th, max, errors
5.00025, 5.00025, 15, 168735, 184645.7, 182992, 197348, 199642, 199642, 199642, 0
10.00125, 5.001, 0, 0, 0, 0, 0, 0, 0, 0, 0
15.001242, 4.999992, 15, 169218, 180303.7, 180902, 185312, 198280, 198280, 198280, 0
20.001238, 4.999996, 15, 173275, 184312.2, 183001, 196515, 197213, 197213, 197213, 0
25.001248, 5.00001, 15, 166203, 180414.3, 182827, 186977, 197184, 197184, 197184, 0
30.00125, 5.000002, 0, 0, 0, 0, 0, 0, 0, 0, 0
35.001253, 5.000003, 45, 168275, 183122.4, 182980, 195709, 197385, 197385, 197385, 0
40.001237, 4.999984, 30, 169296, 185044.5, 184514, 196992, 197166, 197166, 197166, 0
45.001255, 5.000018, 42, 168767, 183598.2, 182923, 197408, 200335, 201804, 201804, 0
50.001189, 4.999934, 33, 168414, 184186.2, 182924, 197495, 200335, 201804, 201804, 0
55.001176, 4.999987, 0, 0, 0, 0, 0, 0, 0, 0, 0
60.001185, 5.000009, 0, 0, 0, 0, 0, 0, 0, 0, 0
65.001242, 5.000057, 0, 0, 0, 0, 0, 0, 0, 0, 0
70.001179, 4.999937, 30, 166874, 183604.7, 183310, 198043, 199087, 199087, 199087, 0
75.001186, 5.000007, 0, 0, 0, 0, 0, 0, 0, 0, 0
80.001181, 4.999995, 15, 169031, 179888.1, 181417, 187285, 193268, 193268, 193268, 0
85.001225, 5.000044, 15, 168276, 183414.5, 182422, 197142, 197202, 197202, 197202, 0
90.001211, 4.999986, 15, 173075, 185073.0, 183337, 194821, 195315, 195315, 195315, 0
95.001143, 4.999932, 15, 168681, 179890.1, 180833, 193299, 195313, 195313, 195313, 0
100.001187, 5.000044, 0, 168681, 176830.8, 174800, 183185, 183185, 183185, 183185, 0
105.001187, 5.0, 45, 168208, 182981.9, 182765, 195330, 195459, 195459, 195459, 0
110.001232, 5.000045, 0, 0, 0, 0, 0, 0, 0, 0, 0
115.001183, 4.999951, 0, 0, 0, 0, 0, 0, 0, 0, 0
120.001186, 5.000003, 0, 0, 0, 0, 0, 0, 0, 0, 0
121.002332, 1.001146, 0, 0, 0, 0, 0, 0, 0, 0, 0
