elapsed, window, total, successful, failed
5.000234, 5.000234, 487275, 487275, 0
10.001227, 5.000993, 444010, 444010, 0
15.001293, 5.000066, 442350, 442350, 0
20.001218, 4.999925, 440249, 440249, 0
25.001225, 5.000007, 443837, 443837, 0
30.001229, 5.000004, 441984, 441984, 0
35.001245, 5.000016, 435791, 435791, 0
40.001434, 5.000189, 440880, 440880, 0
45.001259, 4.999825, 437983, 437983, 0
50.001281, 5.000022, 440189, 440189, 0
55.001339, 5.000058, 436444, 436444, 0
60.001216, 4.999877, 433347, 433347, 0
65.00127, 5.000054, 430601, 430601, 0
70.00123, 4.99996, 432245, 432245, 0
75.00126, 5.00003, 429972, 429972, 0
80.001218, 4.999958, 432089, 432089, 0
85.001248, 5.00003, 431059, 431059, 0
90.001248, 5.0, 432061, 432061, 0
95.00129, 5.000042, 431164, 431164, 0
100.001239, 4.999949, 431299, 431299, 0
105.001374, 5.000135, 435466, 435466, 0
110.001242, 4.999868, 429637, 429637, 0
115.001281, 5.000039, 430641, 430641, 0
120.001251, 4.99997, 432180, 432180, 0
121.004318, 1.003067, 85907, 85907, 0
