elapsed, window, total, successful, failed
5.00149, 5.00149, 23383, 23383, 0
10.001447, 4.999957, 23031, 23031, 0
15.001504, 5.000057, 23249, 23249, 0
20.001483, 4.999979, 23053, 23053, 0
25.001416, 4.999933, 23398, 23398, 0
30.001492, 5.000076, 23527, 23527, 0
35.001466, 4.999974, 22919, 22919, 0
40.001489, 5.000023, 22835, 22835, 0
45.001414, 4.999925, 23385, 23385, 0
50.001435, 5.000021, 23490, 23490, 0
55.001427, 4.999992, 22743, 22743, 0
60.00144, 5.000013, 22400, 22400, 0
65.001488, 5.000048, 21991, 21991, 0
70.001405, 4.999917, 22944, 22944, 0
75.001447, 5.000042, 22749, 22749, 0
80.001516, 5.000069, 22951, 22951, 0
85.001438, 4.999922, 22845, 22845, 0
90.001575, 5.000137, 22642, 22642, 0
95.001452, 4.999877, 22569, 22569, 0
100.001388, 4.999936, 22996, 22996, 0
105.001429, 5.000041, 22975, 22975, 0
110.001526, 5.000097, 22537, 22537, 0
115.001466, 4.99994, 22976, 22976, 0
120.001496, 5.00003, 22537, 22537, 0
125.001484, 4.999988, 22332, 22332, 0
130.001451, 4.999967, 22422, 22422, 0
135.001419, 4.999968, 22653, 22653, 0
140.001542, 5.000123, 22094, 22094, 0
145.001398, 4.999856, 22105, 22105, 0
150.001413, 5.000015, 22465, 22465, 0
155.001441, 5.000028, 21921, 21921, 0
160.001485, 5.000044, 21962, 21962, 0
165.001487, 5.000002, 22018, 22018, 0
170.001496, 5.000009, 22291, 22291, 0
175.00142, 4.999924, 21924, 21924, 0
180.001482, 5.000062, 21262, 21262, 0
185.001456, 4.999974, 22048, 22048, 0
190.001521, 5.000065, 21861, 21861, 0
195.001525, 5.000004, 21858, 21858, 0
200.001424, 4.999899, 21676, 21676, 0
205.001535, 5.000111, 21362, 21362, 0
210.001476, 4.999941, 21057, 21057, 0
215.001429, 4.999953, 21439, 21439, 0
220.001478, 5.000049, 21746, 21746, 0
225.001415, 4.999937, 21541, 21541, 0
230.001482, 5.000067, 21682, 21682, 0
235.001539, 5.000057, 21347, 21347, 0
240.0016, 5.000061, 20813, 20813, 0
245.001437, 4.999837, 21292, 21292, 0
250.001412, 4.999975, 21205, 21205, 0
255.001452, 5.00004, 21464, 21464, 0
260.001583, 5.000131, 21393, 21393, 0
265.001451, 4.999868, 21212, 21212, 0
270.001422, 4.999971, 21513, 21513, 0
275.001462, 5.00004, 21367, 21367, 0
280.001408, 4.999946, 21336, 21336, 0
285.001406, 4.999998, 21211, 21211, 0
290.001402, 4.999996, 21644, 21644, 0
295.001437, 5.000035, 21249, 21249, 0
300.001416, 4.999979, 21214, 21214, 0
301.037536, 1.03612, 4339, 4339, 0
