elapsed, window, n, min, mean, median, 95th, 99th, 99_9th, max, errors
5.000965, 5.000965, 4734, 20432, 21171.0, 20650, 24281, 24743, 26143, 26614, 6592
10.001933, 5.000968, 4610, 20456, 21061.2, 20647, 24032, 24666, 26016, 26220, 6750
15.001933, 5.0, 4637, 20459, 21029.8, 20642, 23930, 24532, 26002, 26240, 6736
20.001913, 4.99998, 4645, 20450, 21049.7, 20642, 23926, 24560, 26067, 26226, 6746
25.001923, 5.00001, 4677, 20440, 21032.8, 20639, 23876, 24513, 25907, 26128, 6711
30.001912, 4.999989, 4676, 20447, 21048.9, 20637, 23955, 24572, 26010, 26112, 6705
35.001914, 5.000002, 4661, 20450, 21023.2, 20637, 23893, 24540, 26098, 26284, 6716
40.001936, 5.000022, 4633, 20451, 21006.4, 20628, 23953, 24594, 26004, 26182, 6740
45.001913, 4.999977, 4658, 20451, 21039.3, 20635, 23967, 24606, 26083, 26295, 6715
50.001915, 5.000002, 4619, 20451, 21024.9, 20638, 23981, 24535, 26051, 26212, 6750
55.001914, 4.999999, 4626, 20449, 21055.5, 20650, 23985, 24579, 25933, 26169, 6746
60.001922, 5.000008, 4645, 20459, 21027.9, 20639, 23926, 24524, 25920, 26178, 6732
65.001918, 4.999996, 4643, 20459, 21028.0, 20644, 23920, 24552, 26070, 26196, 6735
70.001914, 4.999996, 4648, 20455, 21063.1, 20649, 23994, 24612, 26021, 26199, 6733
75.001913, 4.999999, 4647, 20464, 21032.3, 20646, 23918, 24620, 25991, 26143, 6728
80.001913, 5.0, 4624, 20462, 21051.9, 20650, 23979, 24617, 26047, 26223, 6755
85.001918, 5.000005, 4653, 20453, 21044.8, 20641, 23901, 24573, 25950, 26168, 6728
90.001913, 4.999995, 4649, 20449, 21035.2, 20643, 23923, 24566, 26029, 26227, 6727
95.001927, 5.000014, 4685, 20457, 21041.7, 20641, 23929, 24575, 26115, 26227, 6701
100.001915, 4.999988, 4644, 20462, 21040.2, 20648, 23963, 24575, 26043, 26320, 6727
105.001918, 5.000003, 4644, 20461, 21048.3, 20643, 23987, 24528, 25924, 26269, 6738
110.001911, 4.999993, 4674, 20434, 21023.7, 20640, 23868, 24579, 26017, 26296, 6708
115.00191, 4.999999, 4677, 20456, 21043.5, 20643, 23918, 24546, 25962, 26275, 6702
120.001913, 5.000003, 4666, 20444, 21040.8, 20632, 23965, 24567, 26085, 26195, 6716
121.002033, 1.00012, 943, 20444, 21048.5, 20633, 23977, 24577, 26086, 26195, 1328
