elapsed, window, total, successful, failed
5.000801, 5.000801, 183911, 183911, 0
10.001787, 5.000986, 177216, 177216, 0
15.00186, 5.000073, 177126, 177126, 0
20.001777, 4.999917, 178620, 178620, 0
25.001825, 5.000048, 176823, 176823, 0
30.001753, 4.999928, 178547, 178547, 0
35.001792, 5.000039, 176839, 176839, 0
40.001786, 4.999994, 176697, 176697, 0
45.001793, 5.000007, 177741, 177741, 0
50.001755, 4.999962, 177382, 177382, 0
55.001842, 5.000087, 179590, 179590, 0
60.001799, 4.999957, 178888, 178888, 0
65.001744, 4.999945, 176811, 176811, 0
70.001789, 5.000045, 177615, 177615, 0
75.001756, 4.999967, 177262, 177262, 0
80.001758, 5.000002, 177482, 177482, 0
85.001787, 5.000029, 176996, 176996, 0
90.00186, 5.000073, 177408, 177408, 0
95.001823, 4.999963, 176929, 176929, 0
100.001846, 5.000023, 175332, 175332, 0
105.001757, 4.999911, 177090, 177090, 0
110.001762, 5.000005, 177354, 177354, 0
115.001894, 5.000132, 176491, 176491, 0
120.001796, 4.999902, 177365, 177365, 0
121.002888, 1.001092, 35397, 35397, 0
