elapsed, window, total, successful, failed
5.00092, 5.00092, 9613, 9613, 0
10.001856, 5.000936, 9968, 9968, 0
15.001944, 5.000088, 9780, 9780, 0
20.001863, 4.999919, 9871, 9871, 0
25.001871, 5.000008, 9789, 9789, 0
30.001819, 4.999948, 9910, 9910, 0
35.00178, 4.999961, 9714, 9714, 0
40.001874, 5.000094, 9989, 9989, 0
45.001823, 4.999949, 10108, 10108, 0
50.001837, 5.000014, 9733, 9733, 0
55.001908, 5.000071, 10194, 10194, 0
60.001924, 5.000016, 10131, 10131, 0
65.001826, 4.999902, 9839, 9839, 0
70.001852, 5.000026, 9795, 9795, 0
75.001881, 5.000029, 9703, 9703, 0
80.001825, 4.999944, 9755, 9755, 0
85.001826, 5.000001, 9757, 9757, 0
90.001889, 5.000063, 9898, 9898, 0
95.00179, 4.999901, 9961, 9961, 0
100.00182, 5.00003, 10144, 10144, 0
105.001811, 4.999991, 9706, 9706, 0
110.001923, 5.000112, 9762, 9762, 0
115.001797, 4.999874, 9828, 9828, 0
120.001924, 5.000127, 10049, 10049, 0
121.003041, 1.001117, 1933, 1933, 0
