elapsed, window, n, min, mean, median, 95th, 99th, 99_9th, max, errors
5.000286, 5.000286, 250, 1725, 18724.4, 5431, 66258, 85385, 86477, 86477, 0
10.001286, 5.001, 195, 1848, 24688.9, 5918, 74371, 85735, 87900, 87900, 0
15.001416, 5.00013, 218, 1742, 25873.6, 5833, 82804, 86481, 87727, 87727, 0
20.001245, 4.999829, 211, 1714, 23979.9, 5249, 77971, 85968, 127424, 127424, 0
25.001336, 5.000091, 211, 1700, 24375.9, 5164, 76926, 86600, 87978, 87978, 0
30.001294, 4.999958, 204, 1700, 26557.6, 7190, 77434, 88617, 172169, 172169, 0
35.001285, 4.999991, 200, 1727, 25273.3, 6256, 77779, 86536, 89647, 89647, 0
40.001277, 4.999992, 215, 1750, 24667.4, 11232, 76660, 84944, 89469, 89469, 0
45.001273, 4.999996, 197, 1810, 26400.7, 11574, 81624, 87214, 89066, 89066, 0
50.001265, 4.999992, 213, 1751, 24485.6, 5239, 79940, 86669, 175478, 175478, 0
55.001288, 5.000023, 229, 1714, 24495.2, 6831, 76705, 86142, 175478, 175478, 0
60.001298, 5.00001, 192, 1810, 24401.0, 7526, 73967, 87575, 89791, 89791, 0
65.001232, 4.999934, 188, 1720, 25806.8, 7749, 79551, 85966, 86214, 86214, 0
70.001333, 5.000101, 207, 1712, 23921.2, 8655, 71952, 85464, 87803, 87803, 0
75.001316, 4.999983, 216, 1683, 24703.0, 6678, 84274, 88099, 88895, 88895, 0
80.001256, 4.99994, 212, 1725, 23423.5, 5426, 82089, 86320, 88118, 88118, 0
85.001218, 4.999962, 230, 1694, 28707.3, 13901, 83021, 87988, 90364, 90364, 0
90.001283, 5.000065, 235, 1694, 26504.8, 13790, 79523, 86011, 89044, 89044, 0
95.001321, 5.000038, 234, 1722, 23298.9, 7020, 75755, 85545, 91041, 91041, 0
100.001338, 5.000017, 237, 1729, 23676.3, 7356, 75293, 86665, 91041, 91041, 0
105.0013, 4.999962, 205, 1730, 26429.3, 7814, 82266, 87549, 89404, 89404, 0
110.001366, 5.000066, 195, 1722, 27104.5, 7799, 82161, 86048, 99826, 99826, 0
115.001371, 5.000005, 207, 1840, 27031.2, 13455, 79599, 86886, 89906, 89906, 0
120.001259, 4.999888, 227, 1774, 23045.7, 5767, 73761, 83478, 89187, 89187, 0
121.004409, 1.00315, 45, 1824, 22570.7, 5767, 73761, 84569, 89187, 89187, 0
