elapsed, window, total, successful, failed
5.001762, 5.001762, 58854, 58854, 0
10.001538, 4.999776, 57081, 57081, 0
15.001533, 4.999995, 56973, 56973, 0
20.001652, 5.000119, 55931, 55931, 0
25.001522, 4.99987, 56264, 56264, 0
30.00158, 5.000058, 56051, 56051, 0
35.0015, 4.99992, 55626, 55626, 0
40.001542, 5.000042, 55222, 55222, 0
45.001912, 5.00037, 55327, 55327, 0
50.000471, 4.998559, 54859, 54859, 0
55.001487, 5.001016, 54940, 54940, 0
60.001506, 5.000019, 54867, 54867, 0
65.001469, 4.999963, 54562, 54562, 0
70.001473, 5.000004, 54773, 54773, 0
75.001541, 5.000068, 54198, 54198, 0
80.000673, 4.999132, 54613, 54613, 0
85.001479, 5.000806, 54259, 54259, 0
90.001526, 5.000047, 54192, 54192, 0
95.001635, 5.000109, 54238, 54238, 0
100.001485, 4.99985, 53989, 53989, 0
105.001587, 5.000102, 51834, 51834, 0
110.001714, 5.000127, 51898, 51898, 0
115.001459, 4.999745, 53403, 53403, 0
120.001758, 5.000299, 53467, 53467, 0
125.001478, 4.99972, 53062, 53062, 0
130.001543, 5.000065, 53541, 53541, 0
135.001483, 4.99994, 53183, 53183, 0
140.001466, 4.999983, 52790, 52790, 0
145.001477, 5.000011, 53539, 53539, 0
150.001485, 5.000008, 53302, 53302, 0
155.00147, 4.999985, 52356, 52356, 0
160.001567, 5.000097, 52479, 52479, 0
165.001539, 4.999972, 52693, 52693, 0
170.001501, 4.999962, 52621, 52621, 0
175.001508, 5.000007, 52623, 52623, 0
180.00148, 4.999972, 52550, 52550, 0
185.000548, 4.999068, 51990, 51990, 0
190.001627, 5.001079, 52325, 52325, 0
195.00157, 4.999943, 51728, 51728, 0
200.001489, 4.999919, 52127, 52127, 0
205.001479, 4.99999, 52092, 52092, 0
210.00159, 5.000111, 51959, 51959, 0
215.001479, 4.999889, 51470, 51470, 0
220.001576, 5.000097, 51342, 51342, 0
225.001533, 4.999957, 51148, 51148, 0
230.001517, 4.999984, 51292, 51292, 0
235.00152, 5.000003, 51064, 51064, 0
240.001527, 5.000007, 51212, 51212, 0
245.001629, 5.000102, 50939, 50939, 0
250.001477, 4.999848, 50919, 50919, 0
255.001553, 5.000076, 51233, 51233, 0
260.00147, 4.999917, 51257, 51257, 0
265.001486, 5.000016, 51038, 51038, 0
270.00161, 5.000124, 51020, 51020, 0
275.00152, 4.99991, 50691, 50691, 0
280.001476, 4.999956, 51088, 51088, 0
285.001547, 5.000071, 51276, 51276, 0
290.00153, 4.999983, 51173, 51173, 0
295.001617, 5.000087, 49927, 49927, 0
300.00154, 4.999923, 50974, 50974, 0
301.055734, 1.054194, 10704, 10704, 0
