elapsed, window, n, min, mean, median, 95th, 99th, 99_9th, max, errors
5.001028, 5.001028, 128001, 307, 2982.1, 2598, 6220, 9248, 24485, 37343, 0
10.000964, 4.999936, 126706, 311, 2948.2, 2602, 6242, 8437, 12374, 29266, 0
15.002052, 5.001088, 127540, 328, 2936.7, 2634, 6051, 7997, 11145, 17197, 0
20.00095, 4.998898, 127544, 329, 2931.1, 2656, 5963, 7910, 10949, 16721, 0
25.001944, 5.000994, 126584, 327, 2951.4, 2660, 6054, 8023, 11153, 22124, 0
30.001973, 5.000029, 125434, 314, 2972.5, 2629, 6313, 8479, 12035, 27479, 0
35.001985, 5.000012, 126890, 341, 2949.5, 2621, 6176, 8163, 11327, 20522, 0
40.001945, 4.99996, 126333, 321, 2960.1, 2622, 6247, 8414, 12088, 20873, 0
45.001937, 4.999992, 126755, 333, 2953.7, 2659, 6088, 8107, 11132, 16021, 0
50.001937, 5.0, 124592, 313, 2995.0, 2653, 6374, 8666, 12414, 20931, 0
55.001956, 5.000019, 126409, 333, 2962.2, 2693, 5992, 7893, 10480, 19728, 0
60.001947, 4.999991, 125545, 340, 2976.6, 2645, 6248, 8471, 12362, 29666, 0
65.001926, 4.999979, 125668, 326, 2980.8, 2681, 6150, 8164, 11249, 19764, 0
70.001935, 5.000009, 124296, 303, 2999.4, 2679, 6301, 8434, 11355, 19066, 0
75.001938, 5.000003, 125793, 319, 2976.8, 2666, 6181, 8315, 11292, 19066, 0
80.001932, 4.999994, 124829, 333, 2996.4, 2659, 6315, 8499, 11863, 17134, 0
85.001973, 5.000041, 125248, 329, 2983.2, 2669, 6214, 8302, 11451, 19010, 0
90.002005, 5.000032, 124704, 328, 2998.2, 2671, 6291, 8391, 11900, 19373, 0
95.001937, 4.999932, 125649, 340, 2973.8, 2684, 6100, 8066, 11285, 16327, 0
100.001933, 4.999996, 125240, 326, 2988.6, 2658, 6288, 8437, 11798, 20551, 0
105.001935, 5.000002, 124898, 335, 2991.8, 2673, 6216, 8299, 11738, 20791, 0
110.001963, 5.000028, 124623, 326, 2996.8, 2660, 6306, 8520, 12056, 20319, 0
115.001964, 5.000001, 125556, 319, 2975.3, 2688, 6075, 8187, 11784, 23377, 0
120.001993, 5.000029, 124930, 330, 2994.8, 2662, 6342, 8433, 11569, 17966, 0
121.002062, 1.000069, 25012, 330, 2999.0, 2666, 6357, 8427, 11414, 17966, 0
