elapsed, window, total, successful, failed
5.000218, 5.000218, 34176, 34176, 0
10.001235, 5.001017, 35408, 35408, 0
15.001181, 4.999946, 35352, 35352, 0
20.001201, 5.00002, 35392, 35392, 0
25.001185, 4.999984, 35337, 35337, 0
30.001214, 5.000029, 35424, 35424, 0
35.001212, 4.999998, 35459, 35459, 0
40.001236, 5.000024, 35453, 35453, 0
45.001229, 4.999993, 35416, 35416, 0
50.001245, 5.000016, 35441, 35441, 0
55.00119, 4.999945, 35419, 35419, 0
60.001178, 4.999988, 35425, 35425, 0
65.001175, 4.999997, 35502, 35502, 0
70.001185, 5.00001, 35344, 35344, 0
75.001174, 4.999989, 35392, 35392, 0
80.001345, 5.000171, 35433, 35433, 0
85.001219, 4.999874, 35404, 35404, 0
90.001179, 4.99996, 35416, 35416, 0
95.001242, 5.000063, 35439, 35439, 0
100.001202, 4.99996, 35441, 35441, 0
105.001225, 5.000023, 35465, 35465, 0
110.001199, 4.999974, 35428, 35428, 0
115.001184, 4.999985, 35432, 35432, 0
120.001197, 5.000013, 35419, 35419, 0
121.004566, 1.003369, 7105, 7105, 0
