elapsed, window, n, min, mean, max, errors, median
5.000693, 5.000693,145895, 20139,25284.7, 107666,0,23146.8
10.001203, 5.00051,158369, 20133,23268.4, 36943,0,22941.7
15.001173, 4.99997,158316, 20123,23259.2, 35458,0,22855.8
20.001162, 4.999989,158091, 20144,23285.4, 34792,0,22881.9
25.001213, 5.000051,158314, 20131,23278, 37649,0,22891.9
30.001211, 4.999998,158566, 20131,23221.2, 37881,0,22865.2
35.00116, 4.999949,158212, 20145,23279.7, 35477,0,22882.3
40.001159, 4.999999,158360, 20115,23258.3, 36552,0,22907.7
45.001439, 5.00028,158714, 20133,23184, 35797,0,22729.7
50.001224, 4.999785,158517, 20138,23216.6, 35797,0,22834.9
55.001184, 4.99996,159020, 20139,23159, 34761,0,22774.6
60.001418, 5.000234,159018, 20141,23138, 34760,0,22749
65.001185, 4.999767,158632, 20143,23204.3, 34580,0,22858.2
70.001211, 5.000026,158698, 20139,23195, 35722,0,22813.8
75.001212, 5.000001,158437, 20139,23224.7, 36572,0,22846.7
80.001161, 4.999949,158540, 20132,23214, 34821,0,22873.5
85.001161, 5.0,157974, 20138,23286.5, 34880,0,22951.5
90.001191, 5.00003,157994, 20142,23317.5, 34297,0,22906.6
95.001213, 5.000022,158511, 20144,23251.8, 38737,0,22825.3
100.001257, 5.000044,157750, 20137,23327.5, 34377,0,23002.8
105.001212, 4.999955,159552, 20140,23093.8, 37471,0,22745.9
110.001172, 4.99996,158272, 20121,23263.6, 37471,0,22879.9
115.001161, 4.999989,159375, 20139,23092.6, 35167,0,22732.8
120.001213, 5.000052,158677, 20113,23194.1, 35308,0,22825.4
121.003256, 1.002043,31714, 20113,23196.9, 35308,0,22832.2

