elapsed, window, n, min, mean, max, errors, median
5.000685, 5.000685,172179, 889,3632.28, 38824,0,1608.32
10.00171, 5.001025,169985, 874,3641.06, 39712,0,1601.12
15.001726, 5.000016,168832, 877,3663.63, 43091,0,1608.06
20.001717, 4.999991,168855, 888,3677.91, 36432,0,1640.79
25.001697, 4.99998,169461, 899,3677.3, 40347,0,1644.4
30.001802, 5.000105,169431, 924,3667, 58541,0,1657.04
35.001713, 4.999911,169010, 920,3667.93, 40420,0,1649.76
40.001794, 5.000081,168662, 871,3690.82, 40024,0,1665.14
45.001711, 4.999917,168011, 888,3686.2, 39146,0,1683.87
50.001782, 5.000071,168201, 886,3691.23, 42074,0,1676.83
55.001688, 4.999906,168190, 876,3697.82, 44145,0,1686.1
60.001684, 4.999996,168514, 938,3682.44, 41181,0,1681.93
65.001822, 5.000138,168393, 896,3683.2, 42532,0,1675.04
70.001711, 4.999889,167878, 886,3708.05, 43089,0,1674.45
75.001682, 4.999971,168025, 931,3699.2, 45841,0,1683.87
80.001787, 5.000105,166835, 894,3717.95, 42440,0,1692.97
85.00168, 4.999893,168434, 914,3699.72, 36742,0,1690.81
90.001682, 5.000002,169827, 898,3669.45, 42422,0,1686.79
95.001686, 5.000004,168664, 894,3678.61, 38720,0,1686.12
100.001689, 5.000003,168002, 925,3701.38, 38921,0,1687.83
105.001691, 5.000002,169091, 908,3680.97, 36314,0,1687.96
110.001756, 5.000065,168336, 916,3692.63, 39785,0,1669
115.001736, 4.99998,169537, 908,3677.64, 41598,0,1686.91
120.001704, 4.999968,168033, 891,3697.34, 39083,0,1671.09
125.001735, 5.000031,167986, 927,3681.86, 38606,0,1673.01
130.001698, 4.999963,168305, 916,3694.75, 38658,0,1676.14
135.001672, 4.999974,168378, 919,3695.88, 38646,0,1677.47
140.001919, 5.000247,168502, 898,3687.5, 40983,0,1673.3
145.001708, 4.999789,168571, 935,3682.67, 40416,0,1671.3
150.001691, 4.999983,168617, 928,3691.18, 38635,0,1671.85
155.001718, 5.000027,168714, 899,3681.86, 43009,0,1674.04
160.001726, 5.000008,168271, 927,3694.31, 41000,0,1686.95
165.001689, 4.999963,168116, 903,3689.08, 38868,0,1691.5
170.001691, 5.000002,168889, 923,3689.19, 43483,0,1688.84
175.00172, 5.000029,166600, 904,3723.29, 34700,0,1704.74
180.001709, 4.999989,167316, 938,3707.42, 37070,0,1710.93
181.002855, 1.001146,33057, 938,3720.15, 37070,0,1697.98

