elapsed, window, total, successful, failed
5.00091, 5.00091, 125773, 125773, 0
10.001917, 5.001007, 122682, 122682, 0
15.001963, 5.000046, 122954, 122954, 0
20.001908, 4.999945, 126588, 126588, 0
25.001936, 5.000028, 120224, 120224, 0
30.001943, 5.000007, 119395, 119395, 0
35.001921, 4.999978, 120446, 120446, 0
40.001915, 4.999994, 116858, 116858, 0
45.001976, 5.000061, 119608, 119608, 0
50.001933, 4.999957, 115574, 115574, 0
55.001996, 5.000063, 116265, 116265, 0
60.001935, 4.999939, 117251, 117251, 0
65.001911, 4.999976, 119162, 119162, 0
70.001901, 4.99999, 118764, 118764, 0
75.00193, 5.000029, 120919, 120919, 0
80.00193, 5.0, 118085, 118085, 0
85.001916, 4.999986, 117667, 117667, 0
90.001921, 5.000005, 120439, 120439, 0
95.001914, 4.999993, 114919, 114919, 0
100.00193, 5.000016, 116210, 116210, 0
105.001914, 4.999984, 113847, 113847, 0
110.001923, 5.000009, 113694, 113694, 0
115.001944, 5.000021, 111452, 111452, 0
120.001927, 4.999983, 109617, 109617, 0
121.003011, 1.001084, 22751, 22751, 0
