elapsed, window, n, min, mean, median, 95th, 99th, 99_9th, max, errors
5.00055, 5.00055, 983, 11115, 16805.1, 16341, 20235, 20533, 20715, 20770, 0
10.001554, 5.001004, 1024, 9850, 16383.7, 16107, 20068, 20373, 20742, 20945, 0
15.001537, 4.999983, 1034, 9059, 16188.9, 16089, 20037, 20370, 20673, 20692, 0
20.001616, 5.000079, 991, 10702, 16403.9, 16172, 20067, 20393, 20725, 20829, 0
25.001526, 4.99991, 998, 10653, 16513.4, 16244, 20077, 20395, 20698, 20717, 0
30.001528, 5.000002, 1051, 9716, 16489.7, 16194, 20202, 20499, 20809, 20849, 0
35.001523, 4.999995, 1004, 8757, 16701.0, 16230, 20347, 20577, 20849, 20862, 0
40.001705, 5.000182, 952, 8511, 16540.6, 16191, 20321, 20634, 20799, 20835, 0
45.001536, 4.999831, 958, 9108, 16678.6, 16242, 20387, 20670, 20946, 21111, 0
50.001728, 5.000192, 1037, 8676, 16668.9, 16218, 20306, 20584, 20730, 20883, 0
55.001619, 4.999891, 948, 11601, 17080.9, 16508, 20275, 20527, 20677, 20711, 0
60.001557, 4.999938, 973, 11466, 17044.9, 16413, 20271, 20492, 20612, 20617, 0
65.001618, 5.000061, 963, 9393, 16669.7, 16155, 20164, 20393, 20617, 20636, 0
70.00156, 4.999942, 976, 9093, 16562.8, 16149, 20155, 20402, 20611, 24155, 0
75.001525, 4.999965, 969, 9898, 16577.9, 16170, 20140, 20436, 20634, 20645, 0
80.001585, 5.00006, 928, 8988, 16562.1, 16162, 20164, 20422, 20800, 20977, 0
85.001547, 4.999962, 992, 10287, 16898.3, 16300, 20223, 20443, 20871, 20977, 0
90.00172, 5.000173, 963, 9638, 16822.7, 16236, 20264, 20467, 20617, 20659, 0
95.001627, 4.999907, 1056, 8919, 16469.8, 16150, 20248, 20480, 20673, 20766, 0
100.001662, 5.000035, 1014, 8791, 16472.5, 16099, 20249, 20482, 20782, 23709, 0
105.001711, 5.000049, 972, 8535, 16510.2, 16144, 20274, 20485, 20744, 20989, 0
110.001521, 4.99981, 988, 8535, 16607.7, 16139, 20262, 20503, 20616, 20915, 0
115.001543, 5.000022, 965, 10563, 17069.1, 16446, 20234, 20477, 20717, 20883, 0
120.001665, 5.000122, 1054, 9336, 16499.5, 16135, 20194, 20451, 20746, 20797, 0
121.012214, 1.010549, 168, 9336, 16474.1, 16125, 20136, 20381, 20642, 20797, 0
