elapsed, window, n, min, mean, median, 95th, 99th, 99_9th, max, errors
5.000857, 5.000857, 26678, 5, 12.4, 11, 22, 32, 52, 84, 0
10.001748, 5.000891, 28375, 5, 12.4, 11, 22, 32, 52, 86, 0
15.001694, 4.999946, 28432, 5, 12.4, 11, 22, 32, 52, 123, 0
20.00159, 4.999896, 28391, 5, 12.4, 11, 22, 32, 64, 174, 0
25.001626, 5.000036, 28471, 5, 12.5, 11, 22, 33, 60, 174, 0
30.001666, 5.00004, 28428, 5, 12.5, 11, 22, 33, 55, 156, 0
35.001595, 4.999929, 28428, 5, 12.4, 11, 22, 32, 54, 119, 0
40.001595, 5.0, 28435, 5, 12.4, 11, 22, 32, 58, 101, 0
45.001972, 5.000377, 28411, 5, 12.4, 11, 22, 33, 53, 161, 0
50.001589, 4.999617, 28395, 5, 12.4, 11, 22, 33, 54, 115, 0
55.001586, 4.999997, 28434, 5, 12.4, 11, 22, 33, 55, 113, 0
60.001737, 5.000151, 28404, 5, 12.4, 11, 22, 32, 59, 107, 0
65.00186, 5.000123, 28419, 5, 12.4, 11, 22, 33, 59, 164, 0
70.001592, 4.999732, 28443, 5, 12.4, 11, 22, 32, 63, 126, 0
75.001646, 5.000054, 28464, 5, 12.4, 11, 22, 33, 54, 132, 0
80.001671, 5.000025, 28413, 5, 12.4, 11, 22, 33, 55, 105, 0
85.00159, 4.999919, 28407, 5, 12.4, 11, 22, 33, 55, 563, 0
90.001712, 5.000122, 28429, 5, 12.4, 11, 22, 33, 55, 563, 0
95.001586, 4.999874, 28419, 5, 12.4, 11, 22, 32, 53, 127, 0
100.001599, 5.000013, 28450, 5, 12.4, 11, 22, 33, 58, 274, 0
105.001713, 5.000114, 28449, 5, 12.4, 11, 22, 33, 54, 155, 0
110.001644, 4.999931, 28466, 5, 12.4, 11, 22, 32, 49, 250, 0
115.001844, 5.0002, 28477, 5, 12.4, 11, 22, 33, 51, 155, 0
120.001588, 4.999744, 28400, 5, 12.4, 11, 22, 33, 51, 99, 0
121.003658, 1.00207, 5739, 5, 12.4, 11, 22, 32, 52, 99, 0
