elapsed, window, n, min, mean, median, 95th, 99th, 99_9th, max, errors
5.000666, 5.000666, 172, 1501, 11286.8, 3441, 54984, 61832, 63355, 63355, 0
10.001645, 5.000979, 158, 1485, 17563.3, 5220, 61832, 64225, 67279, 67279, 0
15.001622, 4.999977, 143, 1412, 16395.4, 5247, 57285, 63034, 67279, 67279, 0
20.001748, 5.000126, 160, 1487, 15178.1, 3647, 59379, 63946, 65661, 65661, 0
25.001612, 4.999864, 145, 1472, 16153.5, 5013, 59108, 63946, 64388, 64388, 0
30.001558, 4.999946, 139, 1452, 16488.2, 3483, 59761, 62751, 63076, 63076, 0
35.001643, 5.000085, 157, 1447, 18058.2, 5612, 60315, 63197, 66925, 66925, 0
40.001624, 4.999981, 152, 1395, 15873.2, 1867, 62451, 63394, 65358, 65358, 0
45.001627, 5.000003, 164, 1374, 16010.6, 4712, 56906, 63394, 64556, 64556, 0
50.001612, 4.999985, 155, 1322, 13040.7, 1816, 56868, 63609, 65389, 65389, 0
55.00161, 4.999998, 138, 1399, 17962.6, 5285, 58825, 65205, 65389, 65389, 0
60.00153, 4.99992, 135, 1344, 15614.0, 3261, 60323, 63452, 64997, 64997, 0
65.001576, 5.000046, 151, 1357, 16860.2, 5256, 61329, 63556, 67763, 67763, 0
70.001582, 5.000006, 150, 1355, 14268.0, 2011, 58994, 64491, 67361, 67361, 0
75.001572, 4.99999, 154, 1373, 17500.9, 5045, 61576, 65083, 67290, 67290, 0
80.001576, 5.000004, 153, 1469, 15681.1, 3741, 58101, 63229, 65278, 65278, 0
85.001535, 4.999959, 174, 1351, 14669.4, 3400, 57872, 64400, 65278, 65278, 0
90.001577, 5.000042, 130, 1371, 16910.7, 4657, 58649, 63282, 63596, 63596, 0
95.001504, 4.999927, 147, 1462, 18297.2, 5548, 61700, 65228, 67216, 67216, 0
100.001624, 5.00012, 156, 1396, 12669.3, 2188, 57129, 64812, 65162, 65162, 0
105.001506, 4.999882, 171, 1460, 14628.4, 4918, 58838, 64812, 66239, 66239, 0
110.001648, 5.000142, 155, 1438, 15058.9, 5078, 57680, 61109, 63820, 63820, 0
115.00164, 4.999992, 145, 1381, 16518.5, 3799, 59321, 63504, 65480, 65480, 0
120.001602, 4.999962, 160, 1360, 17199.1, 4908, 59093, 63714, 65036, 65036, 0
121.002714, 1.001112, 29, 1420, 17430.4, 4908, 59093, 63671, 65036, 65036, 0
