elapsed, window, n, min, mean, median, 95th, 99th, 99_9th, max, errors
5.00041, 5.00041, 477483, 352, 11429.6, 8048, 32618, 47315, 64398, 104521, 0
10.00136, 5.00095, 434308, 324, 11576.0, 7251, 35597, 50948, 69206, 113373, 0
15.001364, 5.000004, 435279, 322, 11478.2, 7923, 31637, 48677, 75222, 149214, 0
20.001338, 4.999974, 431686, 382, 11511.5, 7962, 32471, 48519, 64378, 108933, 0
25.00135, 5.000012, 433544, 315, 11565.6, 7693, 34342, 49697, 68615, 116672, 0
30.001376, 5.000026, 433842, 320, 11515.2, 7819, 33180, 47259, 63435, 106774, 0
35.001349, 4.999973, 428993, 320, 11605.3, 7623, 33221, 53702, 75959, 137603, 0
40.001357, 5.000008, 431002, 301, 11584.3, 7287, 34954, 53384, 73270, 126147, 0
45.001376, 5.000019, 429316, 390, 11638.8, 8584, 30387, 48184, 87148, 172701, 0
50.001389, 5.000013, 433084, 385, 11530.5, 8980, 29280, 42601, 58193, 96408, 0
55.001579, 5.00019, 428548, 403, 11633.0, 9588, 27694, 40383, 54232, 88304, 0
60.001487, 4.999908, 423578, 344, 11735.8, 8396, 32596, 45525, 61965, 105602, 0
65.001441, 4.999954, 424310, 364, 11767.8, 8296, 32792, 45434, 61977, 100624, 0
70.001368, 4.999927, 423385, 362, 11794.0, 8207, 32745, 48743, 77049, 161450, 0
75.001354, 4.999986, 423270, 366, 11836.9, 8389, 32963, 47560, 64032, 101359, 0
80.00134, 4.999986, 420977, 301, 11850.0, 8009, 33809, 49151, 71044, 130797, 0
85.001366, 5.000026, 428200, 289, 11699.4, 8532, 31464, 44481, 60692, 107783, 0
90.001396, 5.00003, 423129, 372, 11781.2, 8406, 32754, 45411, 62200, 102944, 0
95.001364, 4.999968, 420151, 303, 11871.2, 7995, 33426, 50442, 82984, 152023, 0
100.001349, 4.999985, 429958, 370, 11773.1, 8148, 32949, 45538, 61504, 100722, 0
105.001404, 5.000055, 418301, 322, 11754.0, 8208, 32223, 47132, 62866, 113644, 0
110.00136, 4.999956, 424610, 335, 11832.1, 7919, 34638, 58282, 86083, 165807, 0
115.001384, 5.000024, 421988, 377, 11762.7, 8429, 31997, 49002, 65715, 114749, 0
120.001345, 4.999961, 418519, 338, 11906.1, 8385, 32841, 47127, 67679, 120299, 0
121.026437, 1.025092, 87377, 338, 11911.8, 8271, 33326, 49719, 71004, 123761, 0
