elapsed, window, n, min, mean, median, 95th, 99th, 99_9th, max, errors
5.000258, 5.000258, 950, 470, 8476.7, 812, 51879, 138544, 158464, 158750, 0
10.001309, 5.001051, 660, 436, 14714.0, 716, 126846, 186931, 238145, 242124, 0
15.001216, 4.999907, 699, 468, 15713.4, 690, 101061, 170815, 234542, 277964, 0
20.001225, 5.000009, 791, 468, 10425.2, 795, 88582, 154799, 280553, 298083, 0
25.001266, 5.000041, 927, 437, 13707.1, 728, 98605, 163344, 216310, 241740, 0
30.00126, 4.999994, 989, 426, 9556.6, 738, 74871, 153961, 263285, 264257, 0
35.001276, 5.000016, 1530, 445, 10424.9, 695, 74568, 170229, 267247, 267951, 0
40.001162, 4.999886, 543, 459, 22767.9, 724, 190782, 240244, 248882, 250063, 0
45.001301, 5.000139, 1225, 449, 14328.2, 715, 122806, 207213, 268629, 274869, 0
50.001286, 4.999985, 1120, 445, 15847.1, 705, 124636, 215319, 279003, 281717, 0
55.001285, 4.999999, 578, 474, 24909.5, 682, 180322, 331819, 471254, 473492, 0
60.001281, 4.999996, 1187, 459, 6411.5, 714, 38221, 131673, 248774, 303705, 0
65.001231, 4.99995, 534, 455, 13245.9, 649, 100841, 172789, 252672, 279980, 0
70.001308, 5.000077, 1124, 469, 10781.1, 668, 93412, 192328, 256922, 259863, 0
75.00117, 4.999862, 701, 421, 25107.7, 764, 169085, 250182, 287516, 316422, 0
80.001293, 5.000123, 689, 474, 23727.2, 717, 182563, 217987, 253636, 254009, 0
85.001263, 4.99997, 733, 449, 19538.3, 701, 138734, 204683, 254931, 257708, 0
90.001144, 4.999881, 658, 477, 15271.8, 671, 100475, 206637, 263124, 265895, 0
95.001285, 5.000141, 958, 450, 22769.5, 651, 164536, 431162, 528728, 548800, 0
100.001231, 4.999946, 570, 477, 12358.7, 689, 90142, 233415, 306647, 340611, 0
105.001258, 5.000027, 1183, 466, 16962.8, 701, 130120, 237992, 337599, 338172, 0
110.001221, 4.999963, 314, 468, 25323.7, 708, 168734, 282573, 319169, 319169, 0
115.001269, 5.000048, 722, 482, 25493.0, 769, 142363, 208056, 234658, 244441, 0
120.00127, 5.000001, 1650, 440, 7850.1, 674, 55570, 164124, 267736, 287605, 0
121.0033, 1.00203, 511, 440, 8367.3, 677, 63468, 154842, 267736, 287605, 0
