elapsed, window, n, min, mean, median, 95th, 99th, 99_9th, max, errors
5.000372, 5.000372, 200, 1154, 3080.0, 2340, 7588, 8562, 9021, 9021, 0
10.001366, 5.000994, 600, 1072, 1461.0, 1396, 2028, 2358, 2654, 3113, 0
15.001371, 5.000005, 0, 0, 0, 0, 0, 0, 0, 0, 0
20.001235, 4.999864, 594, 1020, 1403.5, 1331, 1973, 2451, 3050, 3057, 0
25.001327, 5.000092, 6, 1124, 1317.7, 1295, 1416, 1416, 1416, 1416, 0
30.001319, 4.999992, 200, 1091, 1401.0, 1331, 1822, 2236, 2764, 2764, 0
35.001327, 5.000008, 0, 0, 0, 0, 0, 0, 0, 0, 0
40.001379, 5.000052, 400, 993, 1304.5, 1256, 1607, 2160, 3537, 3537, 0
45.001322, 4.999943, 221, 1069, 1351.5, 1309, 1690, 2478, 3420, 3420, 0
50.00137, 5.000048, 179, 1008, 1300.5, 1283, 1535, 1644, 1767, 1767, 0
55.001318, 4.999948, 200, 998, 1300.0, 1262, 1621, 1985, 2151, 2151, 0
60.001365, 5.000047, 0, 0, 0, 0, 0, 0, 0, 0, 0
65.001247, 4.999882, 200, 1030, 1373.7, 1341, 1732, 2008, 2048, 2048, 0
70.001321, 5.000074, 200, 1069, 1344.3, 1295, 1644, 2476, 2689, 2689, 0
75.001367, 5.000046, 196, 1018, 1255.0, 1229, 1486, 1641, 2468, 2468, 0
80.001372, 5.000005, 204, 1022, 1288.5, 1262, 1604, 1744, 1936, 1936, 0
85.001272, 4.9999, 585, 990, 1291.5, 1255, 1585, 1907, 2044, 2201, 0
90.001367, 5.000095, 215, 1014, 1284.0, 1251, 1552, 1847, 2152, 2152, 0
95.001411, 5.000044, 0, 0, 0, 0, 0, 0, 0, 0, 0
100.001323, 4.999912, 200, 968, 1306.0, 1245, 1572, 2319, 3470, 3470, 0
105.001364, 5.000041, 321, 951, 1251.9, 1225, 1553, 1767, 1790, 1790, 0
110.001374, 5.00001, 479, 1018, 1311.7, 1266, 1677, 1873, 2562, 2562, 0
115.001352, 4.999978, 178, 1080, 1298.7, 1264, 1604, 1844, 1937, 1937, 0
120.001374, 5.000022, 420, 988, 1283.5, 1262, 1527, 1707, 1846, 1846, 0
121.008559, 1.007185, 17, 988, 1281.0, 1260, 1526, 1732, 1846, 1846, 0
