elapsed, window, total, successful, failed
5.001111, 5.001111, 50619, 50619, 0
10.001081, 4.99997, 49742, 49742, 0
15.001058, 4.999977, 49052, 49052, 0
20.001118, 5.00006, 49739, 49739, 0
25.001213, 5.000095, 50432, 50432, 0
30.001042, 4.999829, 49154, 49154, 0
35.001059, 5.000017, 49554, 49554, 0
40.001208, 5.000149, 49563, 49563, 0
45.001085, 4.999877, 50433, 50433, 0
50.001136, 5.000051, 49934, 49934, 0
55.001298, 5.000162, 51289, 51289, 0
60.001112, 4.999814, 51042, 51042, 0
65.0011, 4.999988, 50785, 50785, 0
70.001055, 4.999955, 49955, 49955, 0
75.001101, 5.000046, 51721, 51721, 0
80.001154, 5.000053, 50789, 50789, 0
85.001146, 4.999992, 49934, 49934, 0
90.001061, 4.999915, 50447, 50447, 0
95.001123, 5.000062, 50221, 50221, 0
100.001202, 5.000079, 49204, 49204, 0
105.001071, 4.999869, 49484, 49484, 0
110.001071, 5.0, 51999, 51999, 0
115.001232, 5.000161, 51038, 51038, 0
120.001081, 4.999849, 50022, 50022, 0
121.005239, 1.004158, 10051, 10051, 0
