elapsed, window, n, min, mean, median, 95th, 99th, 99_9th, max, errors
5.00097, 5.00097, 441249, 226, 3091.9, 2423, 7688, 10791, 14934, 25661, 0
10.002032, 5.001062, 410956, 247, 3070.9, 2406, 7612, 10755, 15818, 29946, 0
15.000973, 4.998941, 406360, 252, 3059.4, 2402, 7630, 10669, 14768, 28101, 0
20.001981, 5.001008, 407973, 261, 3063.1, 2422, 7600, 10548, 14286, 22492, 0
25.00209, 5.000109, 402817, 257, 3088.3, 2430, 7683, 10735, 14439, 23601, 0
30.000986, 4.998896, 403683, 230, 3079.6, 2405, 7721, 10952, 14851, 27100, 0
35.001974, 5.000988, 404739, 269, 3084.9, 2409, 7737, 10944, 15094, 27100, 0
40.001972, 4.999998, 404128, 253, 3074.7, 2425, 7625, 10600, 14404, 23280, 0
45.002008, 5.000036, 406605, 250, 3077.1, 2416, 7692, 10656, 14204, 23096, 0
50.001978, 4.99997, 403553, 260, 3083.4, 2414, 7685, 10681, 14497, 28250, 0
55.001988, 5.00001, 404217, 225, 3085.7, 2411, 7754, 10917, 14966, 30488, 0
60.002074, 5.000086, 403904, 212, 3074.9, 2490, 7379, 10321, 14168, 27568, 0
65.000974, 4.9989, 406194, 280, 3080.3, 2626, 6724, 9287, 12772, 21597, 0
70.001981, 5.001007, 403741, 274, 3088.4, 2611, 6864, 9377, 12404, 19222, 0
75.002012, 5.000031, 400410, 265, 3092.6, 2596, 6935, 9522, 12939, 25925, 0
80.002029, 5.000017, 406511, 271, 3085.0, 2629, 6778, 9250, 12467, 25925, 0
85.000976, 4.998947, 406571, 283, 3069.2, 2605, 6770, 9266, 12483, 21315, 0
90.001996, 5.00102, 403704, 295, 3090.6, 2647, 6683, 9229, 12487, 22357, 0
95.00198, 4.999984, 402256, 273, 3087.8, 2647, 6670, 9190, 12239, 22357, 0
100.002026, 5.000046, 403929, 267, 3082.8, 2632, 6724, 9166, 12251, 22628, 0
105.001073, 4.999047, 404898, 284, 3090.1, 2637, 6747, 9195, 12566, 20797, 0
110.001032, 4.999959, 404097, 267, 3074.3, 2650, 6610, 9035, 12157, 22111, 0
115.001006, 4.999974, 405328, 283, 3084.3, 2638, 6693, 9173, 12545, 22452, 0
120.001986, 5.00098, 402490, 223, 3093.9, 2610, 6864, 9562, 13094, 23002, 0
121.004115, 1.002129, 80773, 223, 3090.6, 2595, 6900, 9626, 13094, 23002, 0
