elapsed, window, total, successful, failed
5.000951, 5.000951, 36820, 36820, 0
10.002091, 5.00114, 59783, 59783, 0
15.00102, 4.998929, 61387, 61387, 0
20.000962, 4.999942, 58804, 58804, 0
25.002032, 5.00107, 61181, 61181, 0
30.000942, 4.99891, 57056, 57056, 0
35.001989, 5.001047, 52835, 52835, 0
40.001982, 4.999993, 57403, 57403, 0
45.00205, 5.000068, 61164, 61164, 0
50.000984, 4.998934, 58959, 58959, 0
55.001957, 5.000973, 60395, 60395, 0
60.001993, 5.000036, 48183, 48183, 0
65.001942, 4.999949, 53621, 53621, 0
70.002003, 5.000061, 61761, 61761, 0
75.001989, 4.999986, 58179, 58179, 0
80.001986, 4.999997, 61568, 61568, 0
85.001939, 4.999953, 64825, 64825, 0
90.001986, 5.000047, 59701, 59701, 0
95.001947, 4.999961, 62517, 62517, 0
100.001988, 5.000041, 55777, 55777, 0
105.001948, 4.99996, 59205, 59205, 0
110.002013, 5.000065, 62556, 62556, 0
115.000942, 4.998929, 60398, 60398, 0
120.001938, 5.000996, 59954, 59954, 0
121.053291, 1.051353, 14086, 14086, 0
