elapsed, window, n, min, mean, median, 95th, 99th, 99_9th, max, errors
5.00104, 5.00104, 227966, 175, 1697.8, 1615, 3103, 4367, 5376, 8845, 0
10.001022, 4.999982, 222616, 187, 1684.5, 1614, 3051, 4270, 5274, 6713, 0
15.00102, 4.999998, 218760, 189, 1699.6, 1616, 3099, 4437, 5404, 7298, 0
20.00102, 5.0, 219698, 182, 1699.5, 1638, 3024, 4207, 5195, 6988, 0
25.001036, 5.000016, 221058, 187, 1690.7, 1632, 2973, 4085, 5088, 7093, 0
30.001031, 4.999995, 218635, 185, 1702.7, 1639, 3042, 4163, 5174, 6873, 0
35.001061, 5.00003, 218625, 189, 1711.9, 1642, 3089, 4247, 5345, 7595, 0
40.001022, 4.999961, 219461, 184, 1695.7, 1629, 3034, 4287, 5291, 8404, 0
45.001066, 5.000044, 217817, 180, 1710.7, 1649, 3059, 4311, 5549, 9429, 0
50.001101, 5.000035, 219081, 180, 1705.3, 1647, 3022, 4216, 5232, 8057, 0
55.001068, 4.999967, 218614, 194, 1708.9, 1646, 3028, 4250, 5379, 8531, 0
60.001155, 5.000087, 219992, 188, 1703.4, 1648, 3009, 4134, 5390, 8531, 0
65.001109, 4.999954, 218526, 192, 1702.2, 1640, 3020, 4181, 5224, 7649, 0
70.001042, 4.999933, 218358, 173, 1711.9, 1641, 3070, 4326, 5520, 9986, 0
75.001128, 5.000086, 218228, 183, 1708.0, 1640, 3066, 4269, 5447, 7882, 0
80.001062, 4.999934, 217039, 189, 1720.4, 1659, 3094, 4240, 5355, 6284, 0
85.00108, 5.000018, 219478, 189, 1706.5, 1650, 3032, 4164, 5294, 7696, 0
90.001025, 4.999945, 217652, 189, 1712.9, 1650, 3052, 4267, 5540, 9456, 0
95.001085, 5.00006, 217995, 190, 1716.0, 1652, 3073, 4329, 5328, 6786, 0
100.001016, 4.999931, 218801, 196, 1709.4, 1648, 3034, 4171, 5288, 6991, 0
105.001158, 5.000142, 217223, 188, 1713.4, 1652, 3053, 4264, 5217, 6102, 0
110.001066, 4.999908, 217040, 195, 1721.8, 1652, 3095, 4353, 5403, 6225, 0
115.00104, 4.999974, 215549, 191, 1727.6, 1661, 3113, 4452, 5629, 6309, 0
120.001127, 5.000087, 218543, 183, 1713.2, 1654, 3052, 4248, 5374, 7136, 0
121.002309, 1.001182, 43992, 183, 1710.6, 1652, 3039, 4165, 5240, 7136, 0
