elapsed, window, n, min, mean, median, 95th, 99th, 99_9th, max, errors
5.000893, 5.000893, 100593, 413, 1922.1, 1322, 6844, 7609, 8442, 10446, 0
10.001878, 5.000985, 98081, 428, 1922.2, 1322, 6850, 7625, 8439, 11128, 0
15.001844, 4.999966, 97780, 431, 1936.9, 1338, 6843, 7630, 8619, 15877, 0
20.001851, 5.000007, 98125, 426, 1936.0, 1335, 6842, 7635, 8596, 12736, 0
25.001844, 4.999993, 97319, 423, 1943.4, 1331, 6868, 7659, 8797, 16024, 0
30.001836, 4.999992, 97844, 418, 1933.3, 1336, 6841, 7616, 8515, 11290, 0
35.001844, 5.000008, 98003, 404, 1935.2, 1333, 6858, 7652, 8575, 12517, 0
40.001823, 4.999979, 97854, 380, 1930.6, 1331, 6858, 7631, 8517, 11272, 0
45.001873, 5.00005, 98484, 422, 1932.7, 1322, 6848, 7628, 8544, 11821, 0
50.001822, 4.999949, 97270, 444, 1944.7, 1335, 6876, 7669, 8487, 11229, 0
55.001822, 5.0, 97573, 408, 1947.2, 1340, 6860, 7664, 8679, 15197, 0
60.001878, 5.000056, 97377, 435, 1940.6, 1340, 6856, 7647, 8539, 12016, 0
65.001867, 4.999989, 97244, 439, 1944.3, 1333, 6852, 7658, 8564, 11453, 0
70.001818, 4.999951, 97227, 429, 1950.5, 1340, 6856, 7680, 8885, 15379, 0
75.00182, 5.000002, 97891, 429, 1942.0, 1328, 6864, 7671, 8813, 15379, 0
80.001898, 5.000078, 97309, 418, 1946.2, 1339, 6862, 7631, 8542, 13277, 0
85.001938, 5.00004, 97180, 396, 1951.4, 1338, 6861, 7678, 8863, 18681, 0
90.001843, 4.999905, 97533, 410, 1948.7, 1343, 6855, 7663, 8833, 18681, 0
95.001826, 4.999983, 96657, 418, 1954.5, 1341, 6868, 7658, 8595, 12501, 0
100.001905, 5.000079, 97620, 415, 1945.9, 1339, 6853, 7657, 8541, 12209, 0
105.001896, 4.999991, 97747, 424, 1930.3, 1327, 6847, 7655, 8533, 14677, 0
110.001896, 5.0, 97441, 427, 1948.9, 1338, 6861, 7646, 8577, 13668, 0
115.001901, 5.000005, 97340, 411, 1950.8, 1343, 6867, 7662, 8580, 14364, 0
120.001881, 4.99998, 97171, 431, 1959.1, 1352, 6864, 7643, 8541, 13374, 0
121.001922, 1.000041, 19375, 411, 1957.1, 1349, 6867, 7644, 8551, 12711, 0
