elapsed, window, n, min, mean, median, 95th, 99th, 99_9th, max, errors
5.000355, 5.000355, 0, 0, 0, 0, 0, 0, 0, 0, 0
10.001398, 5.001043, 100, 665, 941.5, 929, 1194, 1379, 1441, 1441, 0
15.001355, 4.999957, 0, 0, 0, 0, 0, 0, 0, 0, 0
20.001287, 4.999932, 0, 0, 0, 0, 0, 0, 0, 0, 0
25.001407, 5.00012, 0, 0, 0, 0, 0, 0, 0, 0, 0
30.001363, 4.999956, 100, 649, 864.0, 816, 1153, 1396, 1461, 1461, 0
35.001406, 5.000043, 0, 0, 0, 0, 0, 0, 0, 0, 0
40.001316, 4.99991, 0, 0, 0, 0, 0, 0, 0, 0, 0
45.001416, 5.0001, 0, 0, 0, 0, 0, 0, 0, 0, 0
50.001248, 4.999832, 0, 0, 0, 0, 0, 0, 0, 0, 0
55.001405, 5.000157, 100, 629, 901.9, 832, 1305, 1899, 2123, 2123, 0
60.001425, 5.00002, 0, 0, 0, 0, 0, 0, 0, 0, 0
65.001408, 4.999983, 100, 640, 820.3, 785, 1057, 1142, 1151, 1151, 0
70.001407, 4.999999, 0, 640, 820.3, 785, 1057, 1142, 1151, 1151, 0
75.001351, 4.999944, 0, 0, 0, 0, 0, 0, 0, 0, 0
80.001409, 5.000058, 0, 0, 0, 0, 0, 0, 0, 0, 0
85.001354, 4.999945, 0, 0, 0, 0, 0, 0, 0, 0, 0
90.001395, 5.000041, 0, 0, 0, 0, 0, 0, 0, 0, 0
95.001407, 5.000012, 300, 613, 883.5, 829, 1254, 1784, 2054, 2054, 0
100.001368, 4.999961, 0, 0, 0, 0, 0, 0, 0, 0, 0
105.001409, 5.000041, 100, 625, 824.4, 787, 1076, 1325, 1527, 1527, 0
110.001404, 4.999995, 100, 604, 868.6, 813, 1216, 1692, 1833, 1833, 0
115.001356, 4.999952, 0, 604, 868.6, 813, 1216, 1692, 1833, 1833, 0
120.00136, 5.000004, 0, 0, 0, 0, 0, 0, 0, 0, 0
121.005494, 1.004134, 0, 0, 0, 0, 0, 0, 0, 0, 0
