elapsed, window, n, min, mean, median, 95th, 99th, 99_9th, max, errors
5.000623, 5.000623, 4687, 1259, 2783.2, 1891, 8511, 10922, 12401, 19551, 0
10.001644, 5.001021, 4668, 1235, 2713.6, 1785, 8825, 11123, 12888, 13413, 0
15.001589, 4.999945, 4532, 1244, 2808.6, 1925, 8696, 11131, 12418, 13774, 0
20.001506, 4.999917, 4606, 1257, 2800.4, 1840, 8857, 11242, 13301, 13593, 0
25.00154, 5.000034, 4586, 1241, 2852.8, 1868, 9039, 11381, 13462, 17027, 0
30.001492, 4.999952, 4505, 1243, 2838.3, 1833, 9245, 11432, 13270, 13543, 0
35.001497, 5.000005, 4502, 1247, 2943.0, 1841, 9497, 11935, 13830, 17002, 0
40.00163, 5.000133, 4509, 1236, 2894.8, 1792, 9380, 11669, 13627, 15472, 0
45.001499, 4.999869, 4455, 1212, 2801.1, 1744, 9377, 11917, 13822, 15741, 0
50.001519, 5.00002, 4545, 1242, 2875.1, 1737, 9506, 12328, 14370, 15168, 0
55.001552, 5.000033, 4413, 1240, 2863.4, 1747, 9773, 12807, 13971, 14884, 0
60.001564, 5.000012, 4301, 1232, 2843.3, 1775, 9648, 12968, 14843, 16105, 0
65.001554, 4.99999, 4330, 1233, 2982.9, 1798, 9941, 13091, 14976, 16105, 0
70.001538, 4.999984, 4300, 1309, 3070.3, 1872, 10132, 12858, 14784, 15148, 0
75.001623, 5.000085, 4312, 1235, 3040.1, 1783, 10561, 13276, 15116, 15639, 0
80.001537, 4.999914, 4303, 1209, 2926.7, 1746, 10565, 13032, 15147, 16855, 0
85.001579, 5.000042, 4313, 1215, 3018.3, 1734, 10857, 13309, 15476, 16160, 0
90.001572, 4.999993, 4363, 1236, 3003.7, 1746, 10581, 13102, 14772, 18214, 0
95.00155, 4.999978, 4301, 1218, 3032.0, 1727, 10899, 13321, 15361, 22123, 0
100.001613, 5.000063, 4111, 1256, 3094.4, 1884, 10706, 13324, 14819, 15950, 0
105.001599, 4.999986, 4118, 1254, 3071.3, 1878, 10325, 13180, 15185, 16651, 0
110.001621, 5.000022, 4224, 1281, 3044.7, 1836, 10931, 13483, 15143, 17391, 0
115.001634, 5.000013, 4117, 1300, 3132.9, 1865, 10943, 13516, 15378, 15901, 0
120.001528, 4.999894, 4185, 1225, 3013.8, 1762, 11021, 13767, 15623, 16134, 0
121.002804, 1.001276, 836, 1225, 2994.9, 1745, 10933, 13705, 15623, 16134, 0
