elapsed, window, n, min, mean, max, errors, median
5.000993, 5.000993,102045, 832,2413.52, 19132,0,1169.53
10.00196, 5.000967,105011, 815,2352.53, 20319,0,1168.14
15.001982, 5.000022,105055, 824,2362.1, 20103,0,1165.1
20.002027, 5.000045,105642, 831,2334.93, 19864,0,1160.6
25.000993, 4.998966,106135, 800,2325.22, 20542,0,1166.09
30.001962, 5.000969,104922, 810,2354.7, 19180,0,1165.02
35.001976, 5.000014,105231, 789,2337.26, 20445,0,1165.24
40.001969, 4.999993,107527, 827,2292.84, 21191,0,1170.82
45.001971, 5.000002,106670, 827,2320.96, 19097,0,1169.59
50.001986, 5.000015,104426, 842,2355.5, 19241,0,1178.66
55.001968, 4.999982,106529, 835,2324.75, 19101,0,1177.97
60.002017, 5.000049,107211, 831,2320.97, 19136,0,1182.67
65.000946, 4.998929,104442, 793,2355.16, 18641,0,1186.53
70.001944, 5.000998,104281, 831,2345.62, 19020,0,1180.16
75.001957, 5.000013,103942, 810,2361.89, 18910,0,1171.93
80.001966, 5.000009,102922, 827,2375.74, 19230,0,1181.81
85.001994, 5.000028,104797, 820,2357.27, 19358,0,1178.18
90.001937, 4.999943,104919, 831,2356.8, 18728,0,1179.7
95.001984, 5.000047,104979, 822,2360.1, 18793,0,1177.56
100.002017, 5.000033,105484, 811,2345.24, 19126,0,1170.07
105.002125, 5.000108,105336, 822,2347.11, 19003,0,1174.01
110.000992, 4.998867,103716, 808,2382, 19341,0,1178.07
115.002012, 5.00102,106016, 812,2336.91, 19341,0,1166.57
120.001945, 4.999933,106420, 813,2330, 19008,0,1168.21
121.004063, 1.002118,21387, 813,2332.49, 19008,0,1169.56

