elapsed, window, n, min, mean, median, 95th, 99th, 99_9th, max, errors
5.001042, 5.001042, 56309, 1.0, 3.9, 3.0, 9.0, 19.0, 48.0, 176.0, 0
10.000801, 4.999759, 58589, 1.0, 3.8, 3.0, 9.0, 19.0, 46.0, 277.0, 0
15.001811, 5.00101, 58032, 1.0, 3.8, 3.0, 9.0, 18.0, 45.0, 149.0, 0
20.001845, 5.000034, 53512, 1.0, 3.8, 3.0, 9.0, 18.0, 45.0, 337.0, 0
25.001845, 5.0, 58261, 1.0, 3.8, 3.0, 9.0, 19.0, 45.0, 316.0, 0
30.001823, 4.999978, 58571, 1.0, 3.8, 3.0, 9.0, 18.0, 47.0, 218.0, 0
35.002037, 5.000214, 58839, 1.0, 3.8, 3.0, 9.0, 19.0, 46.0, 217.0, 0
40.000809, 4.998772, 59916, 1.0, 3.8, 3.0, 9.0, 18.0, 47.0, 218.0, 0
45.001803, 5.000994, 59386, 1.0, 3.8, 3.0, 9.0, 18.0, 47.0, 219.0, 0
50.001853, 5.00005, 59858, 1.0, 3.8, 3.0, 9.0, 19.0, 45.0, 165.0, 0
55.001831, 4.999978, 59343, 1.0, 3.8, 3.0, 9.0, 19.0, 46.0, 208.0, 0
60.001807, 4.999976, 57413, 1.0, 3.8, 3.0, 9.0, 18.0, 48.0, 211.0, 0
65.001805, 4.999998, 59145, 1.0, 3.8, 3.0, 9.0, 19.0, 46.0, 154.0, 0
70.001977, 5.000172, 59755, 1.0, 3.8, 3.0, 9.0, 19.0, 49.0, 697.0, 0
75.001793, 4.999816, 59096, 1.0, 3.8, 3.0, 9.0, 19.0, 46.0, 222.0, 0
80.001801, 5.000008, 59715, 1.0, 3.8, 3.0, 9.0, 19.0, 48.0, 165.0, 0
85.001849, 5.000048, 59223, 1.0, 3.9, 3.0, 9.0, 19.0, 48.0, 469.0, 0
90.00182, 4.999971, 59235, 1.0, 3.8, 3.0, 9.0, 18.0, 48.0, 252.0, 0
95.001868, 5.000048, 59056, 1.0, 3.8, 3.0, 9.0, 18.0, 46.0, 199.0, 0
100.001827, 4.999959, 57328, 1.0, 3.8, 3.0, 9.0, 18.0, 48.0, 303.0, 0
105.001795, 4.999968, 57649, 1.0, 3.8, 3.0, 9.0, 19.0, 49.0, 246.0, 0
110.001793, 4.999998, 58874, 1.0, 3.9, 3.0, 9.0, 19.0, 47.0, 159.0, 0
115.001829, 5.000036, 58956, 1.0, 3.9, 3.0, 9.0, 19.0, 46.0, 250.0, 0
120.001812, 4.999983, 59312, 1.0, 3.9, 3.0, 9.0, 18.0, 48.0, 186.0, 0
121.005854, 1.004042, 11787, 1.0, 3.9, 3.0, 9.0, 18.0, 48.0, 407.0, 0
