elapsed, window, n, min, mean, median, 95th, 99th, 99_9th, max, errors
5.00083, 5.00083, 44063, 1.0, 3.7, 3.0, 9.0, 18.0, 35.0, 67.0, 0
10.002132, 5.001302, 47780, 1.0, 3.8, 3.0, 9.0, 18.0, 36.0, 132.0, 0
15.001096, 4.998964, 44961, 1.0, 3.8, 3.0, 9.0, 18.0, 37.0, 93.0, 0
20.000898, 4.999802, 43465, 1.0, 3.7, 3.0, 9.0, 18.0, 37.0, 84.0, 0
25.001883, 5.000985, 46577, 1.0, 3.7, 3.0, 9.0, 18.0, 38.0, 107.0, 0
30.001896, 5.000013, 45302, 1.0, 3.7, 3.0, 9.0, 18.0, 34.0, 149.0, 0
35.001877, 4.999981, 45214, 1.0, 3.7, 3.0, 9.0, 17.0, 36.0, 217.0, 0
40.001862, 4.999985, 44269, 1.0, 3.7, 3.0, 9.0, 18.0, 33.0, 88.0, 0
45.001872, 5.00001, 44825, 1.0, 3.7, 3.0, 9.0, 18.0, 36.0, 127.0, 0
50.001898, 5.000026, 48745, 1.0, 3.8, 3.0, 9.0, 19.0, 37.0, 93.0, 0
55.001879, 4.999981, 46474, 1.0, 3.8, 3.0, 9.0, 18.0, 37.0, 92.0, 0
60.001863, 4.999984, 46890, 1.0, 3.8, 3.0, 9.0, 18.0, 39.0, 118.0, 0
65.00183, 4.999967, 47426, 1.0, 3.8, 3.0, 9.0, 18.0, 36.0, 116.0, 0
70.001878, 5.000048, 44309, 1.0, 3.7, 3.0, 9.0, 18.0, 35.0, 166.0, 0
75.001822, 4.999944, 48888, 1.0, 3.8, 3.0, 9.0, 18.0, 35.0, 106.0, 0
80.00182, 4.999998, 49543, 1.0, 3.8, 3.0, 9.0, 18.0, 35.0, 263.0, 0
85.001825, 5.000005, 44875, 1.0, 3.7, 3.0, 9.0, 18.0, 38.0, 97.0, 0
90.001826, 5.000001, 46141, 1.0, 3.8, 3.0, 9.0, 18.0, 36.0, 98.0, 0
95.001821, 4.999995, 48583, 1.0, 3.8, 3.0, 9.0, 18.0, 35.0, 77.0, 0
100.001832, 5.000011, 46827, 1.0, 3.7, 3.0, 9.0, 17.0, 36.0, 122.0, 0
105.001853, 5.000021, 48099, 1.0, 3.8, 3.0, 9.0, 18.0, 37.0, 102.0, 0
110.001854, 5.000001, 46114, 1.0, 3.7, 3.0, 9.0, 18.0, 33.0, 80.0, 0
115.001881, 5.000027, 46975, 1.0, 3.8, 3.0, 9.0, 18.0, 37.0, 85.0, 0
120.001872, 4.999991, 46101, 1.0, 3.8, 3.0, 9.0, 18.0, 35.0, 119.0, 0
121.005921, 1.004049, 9816, 1.0, 3.8, 3.0, 9.0, 18.0, 35.0, 149.0, 0
