elapsed, window, total, successful, failed
5.000419, 5.000419, 33894, 33894, 0
10.001343, 5.000924, 33885, 33885, 0
15.001409, 5.000066, 33378, 33378, 0
20.001342, 4.999933, 33271, 33271, 0
25.001373, 5.000031, 33496, 33496, 0
30.001395, 5.000022, 33664, 33664, 0
35.001328, 4.999933, 33697, 33697, 0
40.001342, 5.000014, 33714, 33714, 0
45.00139, 5.000048, 33801, 33801, 0
50.00135, 4.99996, 33517, 33517, 0
55.001427, 5.000077, 33738, 33738, 0
60.001368, 4.999941, 34250, 34250, 0
65.001347, 4.999979, 33977, 33977, 0
70.001329, 4.999982, 33973, 33973, 0
75.001359, 5.00003, 33415, 33415, 0
80.001367, 5.000008, 33991, 33991, 0
85.001371, 5.000004, 33644, 33644, 0
90.001372, 5.000001, 33482, 33482, 0
95.001413, 5.000041, 32969, 32969, 0
100.00137, 4.999957, 33574, 33574, 0
105.001327, 4.999957, 34068, 34068, 0
110.001329, 5.000002, 34063, 34063, 0
115.001358, 5.000029, 33235, 33235, 0
120.001387, 5.000029, 33600, 33600, 0
125.001362, 4.999975, 33445, 33445, 0
130.001325, 4.999963, 33619, 33619, 0
135.001333, 5.000008, 34118, 34118, 0
140.001333, 5.0, 33502, 33502, 0
145.001324, 4.999991, 33309, 33309, 0
150.001384, 5.00006, 33453, 33453, 0
155.001319, 4.999935, 33374, 33374, 0
160.001343, 5.000024, 33219, 33219, 0
165.001414, 5.000071, 32992, 32992, 0
170.001464, 5.00005, 33368, 33368, 0
175.001355, 4.999891, 33572, 33572, 0
180.001357, 5.000002, 33244, 33244, 0
185.001377, 5.00002, 33601, 33601, 0
190.001362, 4.999985, 32941, 32941, 0
195.001414, 5.000052, 32913, 32913, 0
200.001365, 4.999951, 32889, 32889, 0
205.001463, 5.000098, 33820, 33820, 0
210.001537, 5.000074, 33089, 33089, 0
215.001331, 4.999794, 33571, 33571, 0
220.001329, 4.999998, 33774, 33774, 0
225.001321, 4.999992, 33690, 33690, 0
230.001449, 5.000128, 33935, 33935, 0
235.001377, 4.999928, 33827, 33827, 0
240.001409, 5.000032, 33424, 33424, 0
245.001372, 4.999963, 33272, 33272, 0
250.0014, 5.000028, 32947, 32947, 0
255.001352, 4.999952, 32986, 32986, 0
260.001372, 5.00002, 33075, 33075, 0
265.001402, 5.00003, 33302, 33302, 0
270.001394, 4.999992, 33299, 33299, 0
275.001329, 4.999935, 33301, 33301, 0
280.001472, 5.000143, 33510, 33510, 0
285.001339, 4.999867, 33726, 33726, 0
290.001345, 5.000006, 33577, 33577, 0
295.001331, 4.999986, 33167, 33167, 0
300.001329, 4.999998, 33340, 33340, 0
301.003459, 1.00213, 6617, 6617, 0
