elapsed, window, n, min, mean, max, errors, median
5.000825, 5.000825,52450, 1140,3888.92, 41252,0,1876.7
10.001811, 5.000986,51330, 1223,3699.41, 40774,0,1869.56
15.001718, 4.999907,51680, 1234,3818.38, 40595,0,1866.46
20.001761, 5.000043,52393, 1219,3821.12, 43635,0,1834.01
25.00185, 5.000089,52161, 1139,3816.99, 41428,0,1819.85
30.001733, 4.999883,52658, 1210,3710.32, 41428,0,1821.75
35.001749, 5.000016,52405, 1198,3806.3, 42177,0,1823.22
40.001688, 4.999939,51835, 1238,3792.53, 42177,0,1831.19
45.001736, 5.000048,52051, 1218,3909.77, 41443,0,1861.82
50.001766, 5.00003,52071, 1163,3887.94, 41443,0,1847.29
55.001768, 5.000002,51826, 1217,3789.87, 39629,0,1846.66
60.001766, 4.999998,51772, 1259,3873.68, 39417,0,1844.1
65.00171, 4.999944,52524, 1210,3891.77, 39651,0,1854.96
70.001753, 5.000043,52582, 1233,3899.15, 38904,0,1840.34
75.00169, 4.999937,52255, 1242,3856.12, 39704,0,1834.85
80.0017, 5.00001,52435, 1215,3704.46, 39094,0,1809.69
85.001739, 5.000039,52994, 1236,3689.06, 39028,0,1802.44
90.001933, 5.000194,52720, 1186,3749.7, 39059,0,1821.51
95.001809, 4.999876,53181, 1220,3775.53, 39972,0,1810.61
100.001719, 4.99991,53134, 1225,3828.61, 37813,0,1820.96
105.001716, 4.999997,52511, 1252,3793.83, 50828,0,1846.37
110.001684, 4.999968,52283, 1243,3726.41, 38363,0,1839.02
115.001709, 5.000025,52753, 1232,3723.1, 39070,0,1809.81
120.001712, 5.000003,52796, 1239,3763.56, 39841,0,1802.51
125.001729, 5.000017,52492, 1192,3772.91, 137935,0,1796.56
130.00173, 5.000001,53050, 1221,3872.94, 40990,0,1803.6
135.001694, 4.999964,53063, 1189,3839.66, 38743,0,1816.56
140.00178, 5.000086,52754, 1189,3831.57, 43505,0,1824.65
145.001716, 4.999936,53163, 1215,3802.55, 37970,0,1810.55
150.001775, 5.000059,52729, 1231,3818.52, 37258,0,1822
155.001767, 4.999992,52838, 1168,3768.18, 37861,0,1824.69
160.001717, 4.99995,53078, 1204,3776.66, 37769,0,1800.32
165.001861, 5.000144,52458, 1209,3801.36, 37297,0,1837.95
170.001823, 4.999962,52813, 1207,3767.61, 37426,0,1830.15
175.001735, 4.999912,52928, 1232,3780.99, 37855,0,1817.86
180.001728, 4.999993,52801, 1148,3768.78, 37380,0,1817.7
181.00297, 1.001242,10650, 1148,3734.96, 37380,0,1815.35

