elapsed, window, n, min, mean, median, 95th, 99th, 99_9th, max, errors
5.000688, 5.000688, 217, 522, 2392.6, 1406, 7743, 10483, 12692, 12692, 0
10.00212, 5.001432, 250, 506, 1393.5, 988, 3974, 5954, 9827, 9827, 0
15.000681, 4.998561, 379, 474, 1704.8, 1034, 6041, 8474, 12312, 12312, 0
20.001777, 5.001096, 281, 502, 1559.7, 1011, 4695, 7445, 11504, 11504, 0
25.00187, 5.000093, 303, 512, 1947.8, 1235, 6531, 9338, 10657, 10657, 0
30.001701, 4.999831, 0, 0, 0, 0, 0, 0, 0, 0, 0
35.001829, 5.000128, 65, 537, 1327.2, 787, 3698, 6645, 7352, 7352, 0
40.001815, 4.999986, 0, 0, 0, 0, 0, 0, 0, 0, 0
45.001917, 5.000102, 129, 501, 1664.6, 1224, 3889, 6508, 6873, 6873, 0
50.001748, 4.999831, 65, 495, 944.7, 720, 2092, 2901, 3872, 3872, 0
55.001752, 5.000004, 67, 481, 942.1, 776, 1715, 2745, 2877, 2877, 0
60.001834, 5.000082, 331, 492, 1103.7, 862, 2466, 3728, 5317, 5317, 0
65.001829, 4.999995, 271, 459, 1129.1, 871, 2492, 3747, 9224, 9224, 0
70.001686, 4.999857, 336, 499, 1551.2, 1041, 4371, 9422, 12539, 12539, 0
75.00182, 5.000134, 158, 467, 1358.8, 876, 3936, 7295, 13166, 13166, 0
80.00182, 5.0, 176, 490, 1244.2, 900, 3640, 6421, 7171, 7171, 0
85.00186, 5.00004, 236, 483, 1302.5, 890, 3640, 4937, 8604, 8604, 0
90.001864, 5.000004, 230, 521, 1498.1, 1027, 4002, 5315, 8550, 8550, 0
95.001816, 4.999952, 198, 495, 1326.7, 870, 3556, 5453, 8224, 8224, 0
100.001886, 5.00007, 291, 492, 1505.8, 920, 4517, 8542, 9876, 9876, 0
105.001814, 4.999928, 48, 533, 1279.9, 961, 2483, 3655, 8669, 8669, 0
110.001698, 4.999884, 305, 484, 1322.2, 881, 3943, 5962, 10671, 10671, 0
115.001846, 5.000148, 214, 499, 1396.1, 975, 3533, 4889, 7546, 7546, 0
120.001682, 4.999836, 218, 531, 1576.8, 1086, 4605, 6047, 7550, 7550, 0
121.003937, 1.002255, 58, 490, 1507.6, 1064, 3743, 5254, 7550, 7550, 0
