elapsed, window, total, successful, failed
5.000905, 5.000905,945490,945490,0
10.001771, 5.000866,933649,933649,0
15.001873, 5.000102,935287,935287,0
20.001777, 4.999904,948812,948812,0
25.001786, 5.000009,936611,936611,0
30.001797, 5.000011,944430,944430,0
35.001793, 4.999996,942197,942197,0
40.001815, 5.000022,934189,934189,0
45.001783, 4.999968,948016,948016,0
50.001827, 5.000044,937560,937560,0
55.001783, 4.999956,939896,939896,0
60.001784, 5.000001,940120,940120,0
65.001796, 5.000012,938598,938598,0
70.001777, 4.999981,946562,946562,0
75.001777, 5.0,949015,949015,0
80.001867, 5.00009,948728,948728,0
85.001779, 4.999912,939290,939290,0
90.001816, 5.000037,950560,950560,0
95.001784, 4.999968,937817,937817,0
100.001807, 5.000023,941456,941456,0
105.001816, 5.000009,934855,934855,0
110.001793, 4.999977,944007,944007,0
115.001777, 4.999984,944228,944228,0
120.001781, 5.000004,936285,936285,0
121.003903, 1.002122,187931,187931,0

