elapsed, window, n, min, mean, median, 95th, 99th, 99_9th, max, errors
5.000871, 5.000871, 249, 588, 1316.2, 943, 3380, 6053, 8345, 8345, 0
10.001836, 5.000965, 349, 588, 1209.0, 954, 2621, 3445, 4125, 4125, 0
15.001762, 4.999926, 172, 576, 1255.2, 873, 3298, 4061, 4225, 4225, 0
20.00182, 5.000058, 35, 666, 1184.7, 902, 2546, 4617, 4617, 4617, 0
25.001806, 4.999986, 105, 643, 949.0, 811, 1612, 2644, 3270, 3270, 0
30.001829, 5.000023, 203, 557, 1173.5, 1001, 2201, 3909, 4231, 4231, 0
35.001841, 5.000012, 320, 557, 1149.7, 942, 2329, 4231, 5158, 5158, 0
40.00182, 4.999979, 175, 580, 1130.8, 890, 2221, 3985, 5158, 5158, 0
45.001858, 5.000038, 233, 604, 1011.7, 879, 1720, 2493, 3274, 3274, 0
50.001757, 4.999899, 292, 562, 1071.7, 877, 2259, 3114, 5463, 5463, 0
55.001831, 5.000074, 96, 570, 1088.4, 873, 2421, 3307, 3998, 3998, 0
60.001828, 4.999997, 230, 570, 1082.4, 862, 2323, 3514, 4637, 4637, 0
65.001761, 4.999933, 271, 588, 1100.2, 925, 2123, 3689, 4637, 4637, 0
70.00183, 5.000069, 99, 572, 1061.3, 898, 1864, 2827, 3045, 3045, 0
75.001841, 5.000011, 127, 580, 998.4, 886, 1660, 2366, 4011, 4011, 0
80.00186, 5.000019, 124, 590, 947.8, 834, 1577, 3186, 3262, 3262, 0
85.001752, 4.999892, 381, 590, 1022.7, 867, 2026, 3014, 3946, 3946, 0
90.001828, 5.000076, 375, 594, 1090.5, 894, 2147, 2856, 7347, 7347, 0
95.00183, 5.000002, 392, 571, 1152.7, 919, 2559, 3667, 7347, 7347, 0
100.001748, 4.999918, 396, 558, 1093.9, 899, 2032, 4306, 7912, 7912, 0
105.001794, 5.000046, 242, 589, 1062.0, 886, 2118, 3491, 5577, 5577, 0
110.001856, 5.000062, 210, 578, 931.1, 851, 1391, 1744, 3624, 3624, 0
115.001768, 4.999912, 338, 564, 1044.0, 915, 1839, 2635, 4298, 4298, 0
120.001777, 5.000009, 188, 551, 1009.1, 865, 1678, 2922, 4450, 4450, 0
121.004964, 1.003187, 59, 551, 1059.7, 875, 2037, 3328, 4450, 4450, 0
