elapsed, window, total, successful, failed
5.000974, 5.000974, 529364, 529364, 0
10.002055, 5.001081, 477783, 477783, 0
15.001081, 4.999026, 471533, 471533, 0
20.001018, 4.999937, 470110, 470110, 0
25.000981, 4.999963, 471310, 471310, 0
30.002013, 5.001032, 468896, 468896, 0
35.002124, 5.000111, 472219, 472219, 0
40.000989, 4.998865, 471148, 471148, 0
45.001979, 5.00099, 470769, 470769, 0
50.002028, 5.000049, 474324, 474324, 0
55.000994, 4.998966, 473352, 473352, 0
60.002024, 5.00103, 470978, 470978, 0
65.000975, 4.998951, 469470, 469470, 0
70.00207, 5.001095, 471001, 471001, 0
75.001027, 4.998957, 467494, 467494, 0
80.001002, 4.999975, 473116, 473116, 0
85.002009, 5.001007, 469564, 469564, 0
90.000974, 4.998965, 471289, 471289, 0
95.002143, 5.001169, 473735, 473735, 0
100.00104, 4.998897, 470242, 470242, 0
105.0011, 5.00006, 468750, 468750, 0
110.001001, 4.999901, 471310, 471310, 0
115.002111, 5.00111, 469789, 469789, 0
120.000998, 4.998887, 471734, 471734, 0
121.002137, 1.001139, 90676, 90676, 0
