elapsed, window, n, min, mean, median, 95th, 99th, 99_9th, max, errors
5.000984, 5.000984, 58799, 20635, 25714.7, 25493, 29852, 34032, 39514, 52615, 0
10.001979, 5.000995, 58365, 20602, 25661.2, 25485, 29593, 33259, 37853, 42274, 0
15.001994, 5.000015, 57913, 20632, 25851.9, 25446, 29821, 37914, 68184, 80091, 0
20.002021, 5.000027, 56904, 20601, 26236.4, 25255, 30894, 59288, 91298, 101540, 0
25.000975, 4.998954, 57833, 20557, 26177.0, 25334, 30999, 50953, 91297, 101540, 0
30.00212, 5.001145, 57928, 20659, 25868.6, 25451, 30423, 38424, 57152, 61701, 0
35.001021, 4.998901, 57980, 20629, 25969.6, 25516, 30715, 38938, 57152, 61701, 0
40.000984, 4.999963, 58571, 20659, 25591.1, 25500, 29169, 31268, 35710, 42099, 0
45.002005, 5.001021, 57259, 20641, 26075.5, 25468, 31119, 42192, 68591, 78042, 0
50.002004, 4.999999, 57719, 20653, 25970.8, 25473, 30935, 40624, 56856, 63754, 0
55.001987, 4.999983, 57828, 20576, 25904.1, 25562, 30499, 36986, 44112, 51892, 0
60.002073, 5.000086, 57994, 20639, 25791.7, 25507, 29933, 36115, 48483, 58248, 0
65.000975, 4.998902, 57929, 20614, 25913.4, 25345, 30541, 44663, 58846, 67910, 0
70.002019, 5.001044, 55905, 20604, 26675.4, 25343, 34668, 56528, 106175, 119034, 0
75.000978, 4.998959, 57551, 20623, 26466.4, 25310, 32120, 60928, 106134, 119034, 0
80.002051, 5.001073, 58083, 20648, 25962.6, 25517, 30190, 37468, 68471, 80058, 0
85.000995, 4.998944, 57831, 20671, 25943.6, 25650, 30224, 35939, 45889, 54508, 0
90.00198, 5.000985, 57953, 20652, 25844.8, 25648, 29868, 33486, 39903, 49992, 0
95.001992, 5.000012, 58013, 20607, 25845.2, 25613, 29960, 34220, 43518, 50979, 0
100.002096, 5.000104, 57683, 20601, 25959.1, 25496, 30497, 41522, 55701, 63094, 0
105.00098, 4.998884, 57529, 20672, 26096.1, 25575, 30668, 44366, 55704, 63094, 0
110.001986, 5.001006, 57566, 20603, 26089.6, 25662, 30837, 39641, 55698, 68439, 0
115.002035, 5.000049, 57864, 20637, 25945.8, 25657, 30133, 34422, 54238, 67981, 0
120.000994, 4.998959, 57558, 20629, 25992.6, 25609, 30265, 39482, 53225, 59587, 0
121.005052, 1.004058, 11555, 20629, 26014.7, 25632, 30280, 39437, 53225, 59587, 0
