elapsed, window, n, min, mean, max, errors, median
5.001175, 5.001175,256598, 20298,23183.4, 156658,0,21749.2
10.001003, 4.999828,261459, 20295,22630.1, 127733,0,21544.3
15.001973, 5.00097,260198, 20298,22727.5, 105369,0,21580.4
20.00203, 5.000057,263183, 20295,22502.6, 125609,0,21578.3
25.000976, 4.998946,258489, 20288,22909.2, 141768,0,21564.7
30.002126, 5.00115,260736, 20292,22725.3, 145190,0,21551.6
35.001, 4.998874,258990, 20289,22897.1, 152690,0,21553.4
40.002143, 5.001143,259806, 20295,22779.1, 129174,0,21539
45.001227, 4.999084,260469, 20302,22730.3, 213961,0,21569.3
50.000973, 4.999746,260780, 20296,22710.2, 119607,0,21536.5
55.001974, 5.001001,261309, 20302,22669, 97232,0,21580
60.002082, 5.000108,264522, 20302,22390.5, 77970,0,21546.4
65.001272, 4.99919,260766, 20299,22685.4, 128109,0,21536
70.001049, 4.999777,262700, 20296,22547.4, 107544,0,21536.1
75.001003, 4.999954,258161, 20303,22921.1, 202867,0,21517.1
80.002157, 5.001154,261119, 20305,22670.6, 113209,0,21575.5
85.000997, 4.99884,262283, 20301,22568.9, 107008,0,21537.6
90.002128, 5.001131,260203, 20292,22743.6, 93250,0,21623.9
95.000973, 4.998845,262265, 20297,22559.1, 104965,0,21513.8
100.001975, 5.001002,261790, 20312,22615.4, 110902,0,21527.2
105.001972, 4.999997,262537, 20289,22557.9, 111407,0,21523.1
110.002049, 5.000077,263329, 20294,22483.1, 80312,0,21561.5
115.001099, 4.99905,261990, 20294,22591.4, 121329,0,21586
120.000976, 4.999877,259153, 20294,22833.9, 131958,0,21585.3
121.005086, 1.00411,51827, 20294,22829.8, 131958,0,21577.7

