elapsed, window, n, min, mean, median, 95th, 99th, 99_9th, max, errors
5.001085, 5.001085, 352, 1117, 85727.0, 11353, 445896, 762340, 815213, 815213, 0
10.001099, 5.000014, 404, 1087, 124971.0, 111563, 297305, 329623, 364173, 364173, 0
15.001096, 4.999997, 296, 1104, 114445.9, 71571, 307191, 318922, 356654, 356654, 0
20.000992, 4.999896, 202, 1181, 109953.0, 85054, 281776, 318352, 322313, 322313, 0
25.002039, 5.001047, 146, 1126, 107436.4, 90319, 272800, 290441, 322313, 322313, 0
30.001032, 4.998993, 241, 1630, 130798.6, 110429, 288013, 315115, 330525, 330525, 0
35.001051, 5.000019, 208, 1285, 174336.5, 197744, 307486, 315619, 347259, 347259, 0
40.001155, 5.000104, 378, 1051, 82438.4, 8633, 276378, 291145, 295973, 295973, 0
45.000985, 4.99983, 83, 2530, 137790.9, 120823, 262736, 282063, 286652, 286652, 0
50.002107, 5.001122, 41, 4658, 131666.2, 120838, 230747, 298888, 298888, 298888, 0
55.001106, 4.998999, 873, 974, 61675.3, 8572, 231149, 275040, 303732, 307041, 0
60.001094, 4.999988, 302, 925, 81805.0, 49733, 238922, 301952, 311089, 311089, 0
65.001012, 4.999918, 325, 1070, 69222.2, 11607, 239871, 261441, 270601, 270601, 0
70.002095, 5.001083, 356, 1042, 76278.8, 53496, 216850, 257439, 286446, 286446, 0
75.001035, 4.99894, 248, 1181, 150118.2, 147647, 328056, 351966, 384818, 384818, 0
80.001049, 5.000014, 105, 1424, 138930.6, 123601, 305754, 359983, 369026, 369026, 0
85.000965, 4.999916, 572, 1041, 70577.0, 35523, 209677, 244437, 256017, 271249, 0
90.002061, 5.001096, 552, 946, 48910.6, 5719, 228593, 266294, 296067, 298183, 0
95.001116, 4.999055, 127, 1055, 23390.8, 3633, 187518, 216497, 266294, 266294, 0
100.001125, 5.000009, 279, 1098, 106149.6, 77438, 266168, 292984, 298432, 298432, 0
105.001109, 4.999984, 362, 1029, 24840.9, 2823, 192151, 240207, 308588, 308588, 0
110.001055, 4.999946, 856, 947, 46785.6, 4983, 227108, 269737, 308588, 332774, 0
115.001182, 5.000127, 456, 1006, 74023.3, 43803, 229453, 271190, 308958, 323913, 0
120.000982, 4.9998, 203, 1180, 115594.8, 91102, 281955, 335478, 345454, 345454, 0
121.003211, 1.002229, 14, 1204, 120244.0, 101086, 320230, 335478, 345454, 345454, 0
