elapsed, window, n, min, mean, median, 95th, 99th, 99_9th, max, errors
5.000535, 5.000535, 45232, 82, 145.9, 123, 217, 367, 2709, 3209, 0
10.001733, 5.001198, 45195, 82, 133.7, 122, 207, 284, 470, 1512, 0
15.001519, 4.999786, 45254, 80, 133.4, 122, 205, 287, 485, 1261, 0
20.001521, 5.000002, 45371, 82, 133.3, 122, 205, 276, 481, 1067, 0
25.001523, 5.000002, 45381, 81, 132.7, 122, 203, 274, 421, 990, 0
30.001523, 5.0, 45331, 85, 132.8, 121, 203, 269, 418, 4897, 0
35.001544, 5.000021, 45368, 84, 133.4, 122, 204, 277, 470, 1249, 0
40.001527, 4.999983, 45359, 81, 132.9, 122, 203, 273, 457, 4749, 0
45.001537, 5.00001, 45313, 81, 131.3, 121, 201, 264, 399, 1017, 0
50.001552, 5.000015, 45257, 79, 132.8, 122, 204, 269, 399, 4508, 0
55.001559, 5.000007, 45301, 81, 133.1, 122, 205, 277, 439, 4508, 0
60.001516, 4.999957, 45292, 82, 132.2, 121, 203, 269, 405, 1157, 0
65.001551, 5.000035, 45358, 83, 132.2, 121, 202, 268, 416, 4978, 0
70.001519, 4.999968, 45399, 83, 133.0, 122, 205, 272, 396, 836, 0
75.001538, 5.000019, 45365, 82, 134.1, 123, 207, 272, 395, 1305, 0
80.001543, 5.000005, 45362, 78, 132.6, 122, 204, 268, 392, 788, 0
85.001523, 4.99998, 45294, 81, 133.2, 122, 204, 269, 388, 2205, 0
90.001543, 5.00002, 45412, 81, 133.2, 122, 204, 268, 409, 692, 0
95.00152, 4.999977, 45345, 81, 133.7, 122, 206, 276, 425, 2299, 0
100.001523, 5.000003, 45334, 83, 134.0, 122, 206, 272, 422, 4576, 0
105.001619, 5.000096, 45381, 83, 132.8, 122, 204, 267, 392, 831, 0
110.001523, 4.999904, 45402, 84, 133.3, 122, 206, 272, 399, 1072, 0
115.001526, 5.000003, 45354, 76, 135.3, 124, 210, 280, 416, 950, 0
120.001531, 5.000005, 45387, 82, 133.9, 123, 205, 269, 400, 707, 0
121.003572, 1.002041, 9069, 81, 133.5, 123, 204, 268, 398, 1220, 0
