elapsed, window, total, successful, failed
5.001033, 5.001033, 8659, 8659, 0
10.001045, 5.000012, 2535, 2535, 0
15.002002, 5.000957, 4518, 4518, 0
20.001998, 4.999996, 3475, 3475, 0
25.00202, 5.000022, 5158, 5158, 0
30.002015, 4.999995, 3013, 3013, 0
35.002, 4.999985, 4494, 4494, 0
40.002006, 5.000006, 3575, 3575, 0
45.001913, 4.999907, 3164, 3164, 0
50.002007, 5.000094, 3574, 3574, 0
55.00202, 5.000013, 3155, 3155, 0
60.002021, 5.000001, 3571, 3571, 0
65.002013, 4.999992, 2453, 2453, 0
70.002017, 5.000004, 3186, 3186, 0
75.002012, 4.999995, 2472, 2472, 0
80.002008, 4.999996, 2474, 2474, 0
85.002008, 5.0, 2365, 2365, 0
90.001953, 4.999945, 2168, 2168, 0
92.74048, 2.738527, 1168, 1162, 6
