elapsed, window, total, successful, failed
5.001, 5.001, 48160, 48160, 0
10.002022, 5.001022, 48626, 48626, 0
15.0019, 4.999878, 47506, 47506, 0
20.001876, 4.999976, 47594, 47594, 0
25.001874, 4.999998, 47469, 47469, 0
30.002064, 5.00019, 40159, 40159, 0
35.001016, 4.998952, 32740, 32740, 0
40.001888, 5.000872, 39267, 39267, 0
45.002042, 5.000154, 26423, 26423, 0
50.001869, 4.999827, 29661, 29661, 0
55.001846, 4.999977, 25065, 25065, 0
60.002028, 5.000182, 38452, 38452, 0
65.001919, 4.999891, 32978, 32978, 0
70.001856, 4.999937, 32651, 32651, 0
75.001892, 5.000036, 21398, 21398, 0
80.002019, 5.000127, 39440, 39440, 0
85.001907, 4.999888, 32762, 32762, 0
90.001849, 4.999942, 23263, 23263, 0
95.002035, 5.000186, 17205, 17205, 0
100.002014, 4.999979, 33719, 33719, 0
105.00195, 4.999936, 48248, 48248, 0
110.001864, 4.999914, 47925, 47925, 0
115.001896, 5.000032, 47532, 47532, 0
120.001854, 4.999958, 47098, 47098, 0
121.00352, 1.001666, 10090, 10090, 0
