elapsed, window, n, min, mean, median, 95th, 99th, 99_9th, max, errors
5.001115, 5.001115, 150371, 280, 1688.7, 1224, 4504, 6335, 9000, 15162, 0
10.001034, 4.999919, 114842, 262, 2140.6, 1533, 5901, 8127, 11027, 14990, 0
15.001056, 5.000022, 109050, 272, 2274.1, 1602, 6368, 8786, 11971, 17321, 0
20.001067, 5.000011, 106859, 268, 2327.9, 1627, 6607, 9065, 12548, 18799, 0
25.001212, 5.000145, 105629, 273, 2354.6, 1629, 6684, 9266, 12528, 20387, 0
30.001076, 4.999864, 103272, 265, 2417.0, 1679, 6842, 9412, 12735, 19613, 0
35.00105, 4.999974, 102846, 263, 2429.2, 1616, 7072, 9818, 13586, 22601, 0
40.001037, 4.999987, 101699, 260, 2443.1, 1643, 7045, 9832, 13475, 22601, 0
45.001066, 5.000029, 100981, 256, 2469.6, 1705, 7071, 9801, 13757, 19092, 0
50.001039, 4.999973, 101567, 263, 2449.8, 1684, 7012, 9603, 13477, 18219, 0
55.001065, 5.000026, 100935, 263, 2469.7, 1630, 7192, 9899, 13683, 23790, 0
60.001132, 5.000067, 99718, 260, 2485.9, 1695, 7128, 9839, 13488, 21288, 0
65.00103, 4.999898, 98486, 261, 2520.2, 1703, 7279, 10133, 14274, 22935, 0
70.001052, 5.000022, 98564, 264, 2534.5, 1703, 7334, 10039, 13884, 19404, 0
75.001029, 4.999977, 99235, 265, 2519.3, 1736, 7235, 9870, 13507, 19969, 0
80.001052, 5.000023, 99525, 263, 2505.3, 1741, 7194, 9936, 13831, 19761, 0
85.001085, 5.000033, 97593, 266, 2549.3, 1752, 7293, 10047, 13996, 21003, 0
90.001098, 5.000013, 97418, 268, 2558.0, 1782, 7282, 10169, 14418, 23419, 0
95.001047, 4.999949, 96257, 264, 2580.3, 1762, 7388, 10397, 14869, 24758, 0
100.001036, 4.999989, 98878, 265, 2526.5, 1759, 7210, 9936, 13943, 20840, 0
105.001033, 4.999997, 96294, 269, 2592.4, 1796, 7447, 10313, 14517, 20454, 0
110.001052, 5.000019, 97283, 253, 2566.0, 1762, 7403, 10233, 14543, 19578, 0
115.001077, 5.000025, 98307, 266, 2546.8, 1717, 7376, 9998, 14260, 23151, 0
120.001052, 4.999975, 97382, 265, 2554.7, 1727, 7413, 10331, 14248, 21540, 0
121.002139, 1.001087, 19682, 265, 2555.8, 1726, 7413, 10417, 14571, 21540, 0
