elapsed, window, n, min, mean, median, 95th, 99th, 99_9th, max, errors
5.000598, 5.000598, 29404, 20154, 20853.3, 20365, 22797, 32172, 43523, 56050, 0
10.001392, 5.000794, 29964, 20151, 20441.4, 20349, 21082, 21793, 22713, 23844, 0
15.001525, 5.000133, 29867, 20149, 20458.0, 20352, 21138, 21894, 23327, 25473, 0
20.00139, 4.999865, 29954, 20150, 20460.1, 20353, 21148, 21908, 22922, 25473, 0
25.001776, 5.000386, 29903, 20154, 20459.8, 20352, 21142, 21945, 23504, 25991, 0
30.00139, 4.999614, 29873, 20144, 20480.0, 20358, 21199, 22029, 24062, 25910, 0
35.001387, 4.999997, 29930, 20150, 20471.1, 20355, 21183, 22026, 24062, 25910, 0
40.001441, 5.000054, 29858, 20146, 20485.0, 20360, 21220, 22138, 23704, 25719, 0
45.001397, 4.999956, 29953, 20152, 20449.3, 20349, 21108, 21868, 23004, 26641, 0
50.001386, 4.999989, 29937, 20145, 20454.7, 20350, 21132, 21912, 23137, 24732, 0
55.001442, 5.000056, 29913, 20145, 20456.3, 20353, 21130, 21826, 22720, 24732, 0
60.001394, 4.999952, 29930, 20149, 20464.1, 20355, 21153, 21907, 23206, 25673, 0
65.001387, 4.999993, 29932, 20152, 20454.7, 20348, 21138, 21903, 23466, 26003, 0
70.001466, 5.000079, 29936, 20153, 20435.8, 20345, 21049, 21751, 22711, 25052, 0
75.001622, 5.000156, 29938, 20158, 20448.2, 20348, 21107, 21810, 23016, 25052, 0
80.001398, 4.999776, 29962, 20151, 20444.8, 20348, 21095, 21783, 22730, 24661, 0
85.001501, 5.000103, 29952, 20145, 20439.1, 20348, 21070, 21812, 22999, 24953, 0
90.001586, 5.000085, 29942, 20149, 20431.6, 20345, 21030, 21717, 22979, 24661, 0
95.001389, 4.999803, 29906, 20146, 20469.0, 20355, 21173, 21982, 23521, 25051, 0
100.001559, 5.00017, 29968, 20149, 20447.1, 20347, 21110, 21873, 23010, 25455, 0
105.001389, 4.99983, 29900, 20148, 20464.4, 20350, 21175, 22005, 23314, 25193, 0
110.001388, 4.999999, 29934, 20153, 20458.8, 20348, 21156, 21907, 23059, 26064, 0
115.001569, 5.000181, 29931, 20147, 20440.3, 20345, 21073, 21808, 22876, 26064, 0
120.001463, 4.999894, 29990, 20147, 20421.0, 20337, 21002, 21720, 22824, 25005, 0
121.003501, 1.002038, 5998, 20147, 20421.0, 20337, 21008, 21695, 22601, 25005, 0
