elapsed, window, n, min, mean, median, 95th, 99th, 99_9th, max, errors
5.000608, 5.000608, 88932, 657, 6345.1, 2140, 44498, 46489, 49335, 54881, 0
10.001624, 5.001016, 87234, 651, 6397.1, 2136, 44553, 46525, 49338, 54218, 0
15.001597, 4.999973, 85872, 659, 6477.8, 2169, 44550, 46603, 49463, 53614, 0
20.001583, 4.999986, 85412, 659, 6527.0, 2211, 44594, 46630, 49438, 54268, 0
25.001675, 5.000092, 86293, 670, 6480.4, 2229, 44619, 46700, 49547, 55522, 0
30.001616, 4.999941, 84565, 659, 6579.6, 2226, 44664, 46778, 49559, 56443, 0
35.001602, 4.999986, 85217, 651, 6537.5, 2309, 44752, 47094, 50098, 58044, 0
40.001582, 4.99998, 84166, 683, 6630.6, 2252, 44754, 46943, 50009, 56535, 0
45.001584, 5.000002, 88185, 674, 6363.1, 1989, 44452, 46405, 49107, 53905, 0
50.001567, 4.999983, 89687, 657, 6214.2, 1916, 44341, 46203, 49060, 54631, 0
55.001579, 5.000012, 89911, 690, 6236.7, 1911, 44330, 46290, 49256, 52157, 0
60.001581, 5.000002, 90051, 664, 6187.8, 1970, 44340, 46293, 49054, 55448, 0
65.001566, 4.999985, 89062, 679, 6268.7, 1951, 44402, 46474, 49384, 54381, 0
70.001567, 5.000001, 88367, 666, 6291.0, 1995, 44446, 46524, 49390, 55765, 0
75.001605, 5.000038, 88500, 611, 6289.7, 2015, 44410, 46445, 49429, 53299, 0
80.001589, 4.999984, 88388, 684, 6323.3, 1996, 44470, 46479, 49330, 55077, 0
85.001579, 4.99999, 88002, 685, 6314.8, 2032, 44454, 46533, 49483, 53354, 0
90.001607, 5.000028, 87667, 662, 6347.7, 1980, 44402, 46406, 49364, 53554, 0
95.001574, 4.999967, 88552, 636, 6331.2, 2053, 44460, 46576, 49361, 52466, 0
100.001624, 5.00005, 87098, 653, 6359.5, 2057, 44493, 46455, 49310, 52370, 0
105.001589, 4.999965, 86876, 646, 6404.6, 2069, 44529, 46667, 49741, 52816, 0
110.001593, 5.000004, 86874, 685, 6423.1, 2134, 44556, 46672, 49421, 52843, 0
115.001585, 4.999992, 86484, 666, 6446.8, 2159, 44626, 46792, 49722, 56021, 0
120.001594, 5.000009, 86731, 637, 6445.3, 2136, 44596, 46765, 49524, 53304, 0
121.008813, 1.007219, 20993, 603, 6232.0, 1953, 44404, 46685, 49489, 53304, 0
