elapsed, window, total, successful, failed
5.000538, 5.000538, 132375, 132375, 0
10.001493, 5.000955, 129362, 129362, 0
15.001554, 5.000061, 129192, 129192, 0
20.00151, 4.999956, 127173, 127173, 0
25.001551, 5.000041, 125867, 125867, 0
30.001504, 4.999953, 124513, 124513, 0
35.001522, 5.000018, 123400, 123400, 0
40.001503, 4.999981, 122189, 122189, 0
45.001506, 5.000003, 121004, 121004, 0
50.001515, 5.000009, 120392, 120392, 0
55.001517, 5.000002, 119601, 119601, 0
60.001494, 4.999977, 118722, 118722, 0
65.001529, 5.000035, 117560, 117560, 0
70.00154, 5.000011, 116709, 116709, 0
75.0015, 4.99996, 116043, 116043, 0
80.001492, 4.999992, 114673, 114673, 0
85.001514, 5.000022, 114669, 114669, 0
90.001535, 5.000021, 113575, 113575, 0
95.001499, 4.999964, 113051, 113051, 0
100.001494, 4.999995, 112207, 112207, 0
105.001491, 4.999997, 112068, 112068, 0
110.0016, 5.000109, 111573, 111573, 0
115.001564, 4.999964, 111590, 111590, 0
120.001489, 4.999925, 110950, 110950, 0
121.002557, 1.001068, 22121, 22121, 0
