elapsed, window, total, successful, failed
5.000647, 5.000647, 22908, 22908, 0
10.001615, 5.000968, 22921, 22921, 0
15.001658, 5.000043, 22951, 22951, 0
20.001666, 5.000008, 22947, 22947, 0
25.001667, 5.000001, 22952, 22952, 0
30.00168, 5.000013, 22967, 22967, 0
35.001823, 5.000143, 22949, 22949, 0
40.00178, 4.999957, 22980, 22980, 0
45.001688, 4.999908, 22990, 22990, 0
50.001642, 4.999954, 22993, 22993, 0
55.001667, 5.000025, 22995, 22995, 0
60.001651, 4.999984, 23019, 23019, 0
65.001745, 5.000094, 23008, 23008, 0
70.001613, 4.999868, 22993, 22993, 0
75.001611, 4.999998, 23017, 23017, 0
80.001608, 4.999997, 22972, 22972, 0
85.001869, 5.000261, 22982, 22982, 0
90.001668, 4.999799, 22999, 22999, 0
95.001665, 4.999997, 22963, 22963, 0
100.001663, 4.999998, 23011, 23011, 0
105.001614, 4.999951, 23011, 23011, 0
110.001609, 4.999995, 23005, 23005, 0
115.001669, 5.00006, 23004, 23004, 0
120.001614, 4.999945, 22922, 22922, 0
121.00273, 1.001116, 4524, 4524, 0
