elapsed, window, n, min, mean, median, 95th, 99th, 99_9th, max, errors
5.000737, 5.000737, 41473, 63310, 149814.6, 136074, 318604, 382078, 430088, 476119, 0
10.001741, 5.001004, 33758, 62477, 182697.5, 144578, 420368, 475447, 537054, 559453, 0
15.001743, 5.000002, 41075, 61918, 156906.2, 131854, 414119, 479498, 536049, 559453, 0
20.00169, 4.999947, 42621, 61401, 147154.5, 134249, 353560, 412346, 474877, 502600, 0
25.001688, 4.999998, 48125, 62483, 130037.1, 131298, 177651, 316662, 370503, 387580, 0
30.001744, 5.000056, 50409, 61446, 123253.8, 127599, 172793, 185634, 197452, 210732, 0
35.001687, 4.999943, 51152, 61432, 121256.2, 125084, 169853, 181053, 195260, 202616, 0
40.001735, 5.000048, 51582, 61432, 120569.4, 124072, 171962, 185114, 203310, 238671, 0
45.0017, 4.999965, 48498, 61548, 130904.2, 135962, 176544, 187781, 198510, 216291, 0
50.001693, 4.999993, 49095, 62274, 126983.8, 131312, 175082, 187245, 197521, 207937, 0
55.001693, 5.0, 49991, 60069, 126096.4, 130231, 176539, 191873, 203291, 219883, 0
60.00174, 5.000047, 48709, 62633, 126749.4, 130739, 174172, 186191, 200153, 218502, 0
65.001697, 4.999957, 50074, 61463, 125409.2, 130060, 172210, 182243, 194888, 228740, 0
70.001698, 5.000001, 54707, 60566, 116438.5, 120492, 165216, 184812, 203142, 225328, 0
75.001688, 4.99999, 48119, 62402, 130211.2, 134048, 178204, 193581, 205948, 231858, 0
80.001739, 5.000051, 51117, 62701, 122423.9, 126743, 174808, 195450, 208194, 231858, 0
85.001701, 4.999962, 48212, 61834, 128459.0, 132903, 175480, 185380, 197296, 225703, 0
90.001721, 5.00002, 48850, 62654, 129453.4, 133302, 178500, 189935, 203015, 242527, 0
95.001698, 4.999977, 48997, 62334, 129463.0, 133072, 177694, 189031, 200441, 237195, 0
100.001718, 5.00002, 49446, 63085, 124989.5, 128290, 174741, 188135, 203832, 225532, 0
105.001737, 5.000019, 50694, 61475, 123654.8, 127082, 173472, 185200, 196064, 212958, 0
110.002039, 5.000302, 50301, 61557, 125602.6, 128827, 173893, 185787, 196666, 224128, 0
115.000716, 4.998677, 48746, 61611, 127466.1, 130256, 178650, 193607, 204990, 221973, 0
120.001723, 5.001007, 51477, 63155, 122635.3, 126889, 172311, 186955, 201200, 219166, 0
121.017745, 1.016022, 9558, 61493, 123668.3, 127634, 173370, 187117, 202420, 252250, 0
