elapsed, window, total, successful, failed
5.000321, 5.000321, 53705, 53705, 0
10.001165, 5.000844, 52460, 52460, 0
15.001326, 5.000161, 52333, 52333, 0
20.001235, 4.999909, 47195, 47195, 0
25.001146, 4.999911, 50642, 50642, 0
30.001243, 5.000097, 51731, 51731, 0
35.00124, 4.999997, 51922, 51922, 0
40.001209, 4.999969, 51958, 51958, 0
45.001277, 5.000068, 51888, 51888, 0
50.001213, 4.999936, 51431, 51431, 0
55.001197, 4.999984, 51320, 51320, 0
60.001176, 4.999979, 50980, 50980, 0
65.001142, 4.999966, 51062, 51062, 0
70.001163, 5.000021, 51340, 51340, 0
75.001208, 5.000045, 51446, 51446, 0
80.001259, 5.000051, 50358, 50358, 0
85.001145, 4.999886, 50026, 50026, 0
90.001194, 5.000049, 50077, 50077, 0
95.001168, 4.999974, 50370, 50370, 0
100.001166, 4.999998, 50603, 50603, 0
105.001142, 4.999976, 50737, 50737, 0
110.00115, 5.000008, 49987, 49987, 0
115.00115, 5.0, 50106, 50106, 0
120.001269, 5.000119, 50689, 50689, 0
125.001142, 4.999873, 50889, 50889, 0
130.001279, 5.000137, 50524, 50524, 0
135.001156, 4.999877, 50487, 50487, 0
140.001273, 5.000117, 50835, 50835, 0
145.001152, 4.999879, 50944, 50944, 0
150.001126, 4.999974, 50358, 50358, 0
155.00113, 5.000004, 50465, 50465, 0
160.001193, 5.000063, 50958, 50958, 0
165.001153, 4.99996, 51278, 51278, 0
170.001131, 4.999978, 46636, 46636, 0
175.001268, 5.000137, 47019, 47019, 0
180.001134, 4.999866, 52551, 52551, 0
181.003422, 1.002288, 10390, 10390, 0
