elapsed, window, n, min, mean, median, 95th, 99th, 99_9th, max, errors
5.000822, 5.000822, 0, 0, 0, 0, 0, 0, 0, 0, 0
10.001871, 5.001049, 50, 584, 765.8, 725, 1003, 1055, 1055, 1055, 0
15.001859, 4.999988, 0, 0, 0, 0, 0, 0, 0, 0, 0
20.001815, 4.999956, 0, 0, 0, 0, 0, 0, 0, 0, 0
25.001828, 5.000013, 0, 0, 0, 0, 0, 0, 0, 0, 0
30.001811, 4.999983, 50, 597, 739.3, 729, 895, 921, 921, 921, 0
35.001806, 4.999995, 100, 583, 750.0, 736, 913, 979, 1050, 1050, 0
40.001805, 4.999999, 50, 601, 749.4, 713, 966, 998, 998, 998, 0
45.001809, 5.000004, 50, 592, 786.2, 772, 959, 1116, 1116, 1116, 0
50.001759, 4.99995, 50, 603, 727.1, 729, 891, 926, 926, 926, 0
55.001809, 5.00005, 0, 0, 0, 0, 0, 0, 0, 0, 0
60.001747, 4.999938, 50, 584, 727.7, 713, 869, 925, 925, 925, 0
65.001846, 5.000099, 0, 0, 0, 0, 0, 0, 0, 0, 0
70.001875, 5.000029, 50, 606, 708.9, 697, 861, 925, 925, 925, 0
75.001823, 4.999948, 100, 613, 728.3, 723, 849, 885, 887, 887, 0
80.001827, 5.000004, 100, 586, 734.4, 725, 873, 1029, 1112, 1112, 0
85.001814, 4.999987, 0, 0, 0, 0, 0, 0, 0, 0, 0
90.001813, 4.999999, 50, 600, 745.3, 714, 907, 971, 971, 971, 0
95.001842, 5.000029, 0, 0, 0, 0, 0, 0, 0, 0, 0
100.001868, 5.000026, 100, 612, 808.1, 776, 1016, 1118, 1530, 1530, 0
105.001881, 5.000013, 50, 623, 823.1, 795, 1024, 1100, 1193, 1193, 0
110.00187, 4.999989, 100, 579, 800.0, 752, 1078, 1221, 1813, 1813, 0
115.001827, 4.999957, 0, 625, 787.4, 766, 990, 1165, 1165, 1165, 0
120.001837, 5.00001, 100, 584, 757.6, 734, 954, 979, 1186, 1186, 0
121.004934, 1.003097, 0, 584, 757.6, 734, 954, 979, 1186, 1186, 0
