elapsed, window, n, min, mean, max, errors, median
5.000404, 5.000404,200, 0,330381, 473814,0,324772
10.001482, 5.001078,334, 0,683188, 1139311,0,693986
15.001457, 4.999975,66, 0,993231, 1125054,0,1.05816e+06
20.001486, 5.000029,0, 0,0, 0,0,0
25.001364, 4.999878,0, 0,0, 0,0,0
30.00138, 5.000016,196, 0,382362, 503053,0,389265
35.001479, 5.000099,515, 0,414428, 509862,0,413840
40.001349, 4.99987,579, 0,457811, 561883,0,455822
45.001417, 5.000068,427, 303269,489870, 856081,0,487829
50.001464, 5.000047,682, 307759,558614, 997246,0,562630
55.00142, 4.999956,406, 374566,762995, 1019583,0,784427
60.001413, 4.999993,419, 325070,503043, 907001,0,503351
65.001419, 5.000006,267, 0,701984, 889968,0,715317
70.001465, 5.000046,434, 323951,518602, 911684,0,522662
75.001451, 4.999986,471, 330978,561196, 1036228,0,561109
80.001418, 4.999967,505, 341480,485462, 1036228,0,483162
85.001405, 4.999987,379, 0,379439, 478770,0,380574
90.001454, 5.000049,669, 252717,434121, 984508,0,425536
95.001463, 5.000009,391, 348334,526254, 989393,0,531797
100.001465, 5.000002,229, 0,405459, 494729,0,405532
105.001341, 4.999876,521, 324004,481044, 973977,0,488397
110.001356, 5.000015,294, 350245,665767, 973977,0,676772
115.001458, 5.000102,599, 352201,589406, 1012194,0,595206
120.001415, 4.999957,674, 375741,692318, 1098749,0,702676
121.004548, 1.003133,225, 190885,673958, 1098749,0,712258

