elapsed, window, n, min, mean, median, 95th, 99th, 99_9th, max, errors
5.00104, 5.00104, 60229, 10555, 18271.6, 20819, 27057, 32240, 46303, 73222, 0
10.001071, 5.000031, 60164, 10456, 18129.6, 20799, 26816, 30968, 36080, 44191, 0
15.00104, 4.999969, 60170, 10456, 18120.9, 20795, 26678, 30766, 36244, 43434, 0
20.001086, 5.000046, 60224, 10536, 18127.1, 20786, 26801, 30928, 36304, 43580, 0
25.001046, 4.99996, 60085, 10531, 18160.8, 20813, 26877, 31132, 37022, 46160, 0
30.001036, 4.99999, 60398, 10502, 18113.6, 20786, 26710, 30871, 36202, 42888, 0
35.001083, 5.000047, 60182, 10508, 18136.1, 20807, 26754, 31104, 36155, 43812, 0
40.001121, 5.000038, 60091, 10514, 18144.4, 20795, 26841, 31178, 36666, 44329, 0
45.001043, 4.999922, 60035, 10520, 18178.4, 20815, 26865, 31313, 36739, 43383, 0
50.001442, 5.000399, 60242, 10519, 18107.9, 20775, 26758, 31113, 36300, 43234, 0
55.001072, 4.99963, 60224, 10454, 18123.3, 20800, 26785, 31105, 36462, 42197, 0
60.001079, 5.000007, 60065, 10498, 18201.1, 20849, 26939, 31170, 36650, 43434, 0
65.001069, 4.99999, 59733, 10494, 18204.6, 20837, 26909, 31259, 36408, 42701, 0
70.001047, 4.999978, 60154, 10508, 18184.3, 20821, 26803, 30994, 36591, 42550, 0
75.001077, 5.00003, 60046, 10555, 18154.2, 20802, 26764, 31005, 36242, 43243, 0
80.001058, 4.999981, 60105, 10532, 18148.6, 20814, 26749, 30802, 36271, 42575, 0
85.001037, 4.999979, 60053, 10498, 18184.1, 20829, 26847, 31067, 36426, 42452, 0
90.001052, 5.000015, 59951, 10481, 18214.0, 20836, 26872, 31170, 36345, 43778, 0
95.001089, 5.000037, 59845, 10549, 18212.2, 20840, 26893, 30975, 36002, 45262, 0
100.00104, 4.999951, 59979, 10525, 18185.1, 20830, 26845, 31026, 36325, 42127, 0
105.001059, 5.000019, 59836, 10528, 18250.3, 20875, 26893, 31074, 36352, 43386, 0
110.001059, 5.0, 60133, 10521, 18172.2, 20829, 26807, 31022, 36905, 43004, 0
115.001085, 5.000026, 59986, 10521, 18190.9, 20828, 26884, 31053, 36723, 42089, 0
120.001087, 5.000002, 60042, 10525, 18197.9, 20820, 26906, 31082, 36230, 42012, 0
121.006084, 1.004997, 12113, 10525, 18165.9, 20807, 26866, 31030, 36230, 47586, 0
