elapsed, window, n, min, mean, median, 95th, 99th, 99_9th, max, errors
5.000941, 5.000941, 19398, 11314, 32193.2, 30896, 52925, 63278, 74899, 89044, 0
10.001938, 5.000997, 19502, 11275, 32054.1, 30750, 52142, 62646, 73659, 87197, 0
15.001918, 4.99998, 19496, 10961, 32050.2, 30828, 52079, 62702, 73158, 89788, 0
20.001877, 4.999959, 19413, 11140, 32212.7, 30864, 52535, 63691, 77597, 93730, 0
25.002057, 5.00018, 19622, 11011, 31825.1, 30563, 51907, 63143, 75182, 87064, 0
30.000914, 4.998857, 19556, 11200, 31938.2, 30722, 51921, 62155, 73412, 94148, 0
35.002139, 5.001225, 19643, 11410, 31824.3, 30549, 51894, 62515, 76134, 83647, 0
40.000875, 4.998736, 19501, 11078, 32040.5, 30634, 52720, 64056, 75669, 88839, 0
45.001879, 5.001004, 19605, 11259, 31898.2, 30641, 52290, 62623, 75219, 95545, 0
50.001878, 4.999999, 19555, 11059, 31969.3, 30756, 52240, 62339, 73650, 86256, 0
55.001888, 5.00001, 19525, 11232, 31993.7, 30707, 52236, 61662, 76355, 86188, 0
60.002057, 5.000169, 19648, 11010, 31768.5, 30543, 51675, 62448, 74221, 95091, 0
65.000947, 4.99889, 19497, 11248, 32017.7, 30725, 52285, 63142, 75052, 91777, 0
70.001928, 5.000981, 19546, 11328, 31981.0, 30618, 52335, 62570, 74353, 92537, 0
75.001874, 4.999946, 19801, 10994, 31580.3, 30251, 51544, 61883, 73665, 87256, 0
80.001883, 5.000009, 19617, 11139, 31882.0, 30526, 51944, 62380, 75022, 88325, 0
85.001877, 4.999994, 19495, 10981, 31976.2, 30689, 52106, 62592, 76817, 93110, 0
90.001874, 4.999997, 19536, 11278, 32032.1, 30795, 51941, 62656, 75644, 89829, 0
95.001924, 5.00005, 19614, 11059, 31810.9, 30587, 51776, 61723, 74484, 87996, 0
100.001951, 5.000027, 19540, 11058, 31932.5, 30719, 51938, 62553, 74327, 82710, 0
105.001899, 4.999948, 19540, 10993, 31954.4, 30588, 52030, 62514, 75119, 85455, 0
110.00189, 4.999991, 19712, 11426, 31750.2, 30608, 51542, 62206, 74440, 85455, 0
115.001899, 5.000009, 19665, 11209, 31859.1, 30650, 52056, 62597, 73635, 83118, 0
120.001922, 5.000023, 19547, 11245, 31955.4, 30717, 51988, 62650, 75129, 91545, 0
121.001978, 1.000056, 3908, 11245, 32055.2, 30791, 52191, 62868, 75129, 91545, 0
