elapsed, window, n, min, mean, median, 95th, 99th, 99_9th, max, errors
5.000129, 5.000129, 8847, 158, 2319.3, 236, 2809, 43705, 47790, 48131, 0
10.001139, 5.00101, 8730, 161, 2146.8, 224, 762, 43934, 47662, 48183, 0
15.001133, 4.999994, 8623, 155, 1987.6, 223, 442, 43745, 47141, 48183, 0
20.001136, 5.000003, 8170, 162, 2184.8, 223, 634, 43723, 47557, 48150, 0
25.001136, 5.0, 8165, 159, 2048.4, 220, 482, 43665, 47516, 48150, 0
30.001136, 5.0, 8678, 156, 2132.2, 219, 437, 43870, 47643, 48017, 0
35.001132, 4.999996, 7854, 155, 2182.2, 216, 652, 43783, 47653, 48132, 0
40.001133, 5.000001, 8346, 160, 2142.4, 219, 391, 43979, 47564, 48067, 0
45.001085, 4.999952, 7976, 160, 2252.8, 218, 822, 43954, 47639, 48107, 0
50.001133, 5.000048, 8164, 153, 2023.0, 218, 420, 43947, 47615, 48179, 0
55.001408, 5.000275, 7673, 159, 2111.9, 216, 362, 43905, 47717, 48243, 0
60.001081, 4.999673, 7911, 159, 2177.5, 214, 568, 43812, 47282, 48188, 0
65.001135, 5.000054, 7978, 156, 2212.1, 217, 425, 44170, 47695, 48239, 0
70.001135, 5.0, 8367, 155, 2186.3, 215, 521, 43933, 47744, 48251, 0
75.00113, 4.999995, 7853, 155, 2136.1, 214, 459, 43889, 47685, 48132, 0
80.001082, 4.999952, 8101, 159, 2158.4, 215, 470, 43947, 47776, 48231, 0
85.001134, 5.000052, 8008, 160, 2144.0, 215, 366, 44151, 47662, 48168, 0
90.001132, 4.999998, 8637, 160, 2082.7, 211, 364, 43901, 47678, 48168, 0
95.001135, 5.000003, 7800, 160, 2154.2, 215, 400, 43788, 47652, 48179, 0
100.001134, 4.999999, 7909, 158, 2167.2, 212, 390, 43850, 47390, 48226, 0
105.001134, 5.0, 8218, 159, 2063.2, 214, 1053, 43794, 47580, 48171, 0
110.00113, 4.999996, 7472, 159, 2198.1, 217, 1190, 43923, 47532, 48189, 0
115.001135, 5.000005, 8711, 162, 2091.4, 216, 1190, 43838, 47569, 48133, 0
120.001134, 4.999999, 8228, 164, 2174.7, 216, 822, 43994, 47714, 48166, 0
121.010906, 1.009772, 1610, 157, 2224.5, 215, 415, 44148, 47728, 48166, 0
