elapsed, window, n, min, mean, median, 95th, 99th, 99_9th, max, errors
5.000512, 5.000512, 494418, 331, 11128.8, 8277, 29676, 42688, 58292, 100617, 0
10.001621, 5.001109, 460984, 317, 11032.1, 8081, 29770, 44139, 61241, 112532, 0
15.001493, 4.999872, 449777, 418, 11117.2, 9128, 26522, 38418, 51201, 88194, 0
20.001455, 4.999962, 448291, 337, 11153.0, 8980, 27404, 38102, 51946, 92120, 0
25.00146, 5.000005, 452397, 385, 11038.7, 9000, 26767, 36750, 49682, 80977, 0
30.001617, 5.000157, 446718, 377, 11129.5, 8655, 27975, 44436, 68765, 137196, 0
35.001448, 4.999831, 448982, 333, 11078.9, 8750, 27322, 41234, 61202, 121730, 0
40.001451, 5.000003, 450467, 333, 11120.3, 8463, 29115, 43073, 62534, 121730, 0
45.001477, 5.000026, 453055, 347, 11064.2, 8911, 26915, 37593, 51237, 83411, 0
50.001482, 5.000005, 451168, 369, 11070.5, 8945, 26940, 37567, 56136, 101457, 0
55.001462, 4.99998, 452642, 352, 11092.3, 8555, 28728, 42887, 58905, 101517, 0
60.001457, 4.999995, 452300, 369, 11050.5, 8935, 27127, 38574, 51006, 84702, 0
65.001528, 5.000071, 446611, 376, 11107.3, 8799, 28095, 39903, 53187, 89449, 0
70.001499, 4.999971, 444206, 303, 11285.8, 7902, 30898, 44931, 62930, 121622, 0
75.001528, 5.000029, 441614, 344, 11211.5, 7501, 32514, 55901, 74035, 134943, 0
80.001458, 4.99993, 446998, 306, 11241.3, 7594, 32329, 52004, 72959, 134943, 0
85.001479, 5.000021, 442714, 306, 11257.8, 7521, 33195, 51835, 73933, 136586, 0
90.001455, 4.999976, 447719, 250, 11219.8, 7948, 31092, 46476, 69165, 135101, 0
95.001476, 5.000021, 438851, 315, 11352.9, 7551, 33432, 49572, 71433, 134885, 0
100.00148, 5.000004, 444819, 271, 11269.5, 7783, 32600, 47428, 65297, 118878, 0
105.001448, 4.999968, 442542, 300, 11270.3, 7867, 31403, 44398, 59930, 94456, 0
110.001573, 5.000125, 443161, 344, 11261.5, 7429, 33258, 48215, 65389, 109779, 0
115.00147, 4.999897, 442568, 320, 11255.8, 7286, 33751, 49707, 72656, 131516, 0
120.00154, 5.00007, 440157, 275, 11305.0, 7238, 33466, 53525, 79106, 148919, 0
121.020584, 1.019044, 89355, 275, 11355.6, 7333, 33440, 53126, 78967, 148919, 0
