elapsed, window, n, min, mean, median, 95th, 99th, 99_9th, max, errors
5.000809, 5.000809, 0, 0, 0, 0, 0, 0, 0, 0, 0
10.001789, 5.00098, 0, 0, 0, 0, 0, 0, 0, 0, 0
15.001764, 4.999975, 600, 91312, 113846.4, 98640, 174227, 249821, 271590, 279476, 0
20.001812, 5.000048, 0, 0, 0, 0, 0, 0, 0, 0, 0
25.001942, 5.00013, 0, 0, 0, 0, 0, 0, 0, 0, 0
30.001871, 4.999929, 0, 0, 0, 0, 0, 0, 0, 0, 0
35.001881, 5.00001, 0, 0, 0, 0, 0, 0, 0, 0, 0
40.001862, 4.999981, 0, 0, 0, 0, 0, 0, 0, 0, 0
45.001876, 5.000014, 0, 0, 0, 0, 0, 0, 0, 0, 0
50.001824, 4.999948, 0, 0, 0, 0, 0, 0, 0, 0, 0
55.001874, 5.00005, 0, 0, 0, 0, 0, 0, 0, 0, 0
60.001742, 4.999868, 0, 0, 0, 0, 0, 0, 0, 0, 0
65.001823, 5.000081, 243, 91293, 95731.7, 93559, 107768, 115408, 115661, 115661, 0
70.00182, 4.999997, 357, 91293, 93877.7, 93155, 98899, 103048, 104476, 105628, 0
75.001749, 4.999929, 0, 0, 0, 0, 0, 0, 0, 0, 0
80.001925, 5.000176, 0, 0, 0, 0, 0, 0, 0, 0, 0
85.001882, 4.999957, 0, 0, 0, 0, 0, 0, 0, 0, 0
90.001869, 4.999987, 0, 0, 0, 0, 0, 0, 0, 0, 0
95.001854, 4.999985, 0, 0, 0, 0, 0, 0, 0, 0, 0
100.001872, 5.000018, 0, 0, 0, 0, 0, 0, 0, 0, 0
105.001924, 5.000052, 0, 0, 0, 0, 0, 0, 0, 0, 0
110.001867, 4.999943, 464, 90776, 93353.0, 92742, 96501, 100380, 105004, 105004, 0
115.001883, 5.000016, 136, 91143, 94259.0, 92651, 98944, 157828, 158775, 158775, 0
120.001827, 4.999944, 0, 0, 0, 0, 0, 0, 0, 0, 0
121.026265, 1.024438, 0, 0, 0, 0, 0, 0, 0, 0, 0
