elapsed, window, n, min, mean, median, 95th, 99th, 99_9th, max, errors
5.000391, 5.000391, 8834, 22266, 38885.4, 38378, 53536, 63038, 78818, 89812, 22898
10.001383, 5.000992, 13675, 22174, 39725.4, 38957, 55736, 67643, 86986, 106863, 17458
15.00133, 4.999947, 16892, 21632, 40078.7, 38672, 59751, 77731, 105650, 124151, 13919
20.001412, 5.000082, 18269, 22639, 40238.4, 39032, 58983, 74926, 91670, 103368, 12502
25.001376, 4.999964, 19759, 22435, 40488.2, 39202, 58915, 78209, 110932, 134597, 10827
30.001332, 4.999956, 20126, 22134, 40431.2, 39573, 56433, 68761, 96303, 115810, 10489
35.001352, 5.00002, 20747, 21873, 40693.2, 39405, 59793, 74754, 103124, 120699, 9661
40.001397, 5.000045, 21174, 22243, 41013.1, 39639, 59638, 81813, 106678, 118084, 9109
45.00133, 4.999933, 21863, 22737, 41295.8, 39930, 59664, 79308, 121024, 139933, 8242
50.001336, 5.000006, 22857, 22285, 41232.0, 39771, 60541, 76758, 104394, 130983, 7252
55.001388, 5.000052, 23248, 22336, 41513.5, 39298, 65191, 89669, 113819, 139303, 6619
60.00133, 4.999942, 23631, 22740, 41589.6, 39920, 61691, 86175, 106944, 123010, 6188
65.001445, 5.000115, 23658, 22161, 41639.8, 40191, 60727, 78241, 104213, 121482, 6167
70.001386, 4.999941, 23561, 22472, 41934.3, 40697, 59796, 76525, 100012, 108195, 6102
75.001336, 4.99995, 24156, 22516, 42273.0, 40856, 59712, 84444, 121433, 135259, 5210
80.001333, 4.999997, 23972, 22423, 42461.5, 40850, 60139, 83418, 114133, 130532, 5256
85.001331, 4.999998, 23791, 22175, 42536.4, 40617, 60542, 91496, 138351, 158838, 5437
90.001335, 5.000004, 24365, 22668, 42407.5, 41249, 59303, 75539, 100833, 123183, 5017
95.001385, 5.00005, 23997, 22392, 42807.9, 41120, 60805, 84280, 121312, 134813, 4991
100.001334, 4.999949, 23900, 22349, 43113.3, 40694, 63221, 103040, 154693, 172711, 4832
105.001334, 5.0, 24135, 22603, 43113.4, 41473, 63149, 81879, 106220, 120634, 4720
110.00133, 4.999996, 24027, 23216, 43041.1, 41328, 60253, 85434, 146600, 176773, 4811
115.001457, 5.000127, 25367, 22879, 43158.1, 41359, 61154, 89460, 148289, 165170, 3444
120.001333, 4.999876, 25412, 23093, 43263.2, 41714, 62116, 79026, 94630, 109865, 3367
121.004439, 1.003106, 5134, 23093, 43237.0, 41653, 61732, 80925, 115736, 132746, 635
