elapsed, window, n, min, mean, max, errors, median
5.001136, 5.001136,242577, 20669,31178.5, 137750,0,29342.6
10.001053, 4.999917,252869, 20628,29850.5, 49808,0,29230.9
15.000999, 4.999946,253090, 20624,29822.1, 48664,0,29211
20.001996, 5.000997,252911, 20688,29826.7, 51353,0,29220.4
25.002052, 5.000056,253431, 20686,29797, 50709,0,29195.2
30.001105, 4.999053,253235, 20701,29809.4, 50709,0,29199.8
35.001087, 4.999982,253197, 20707,29805.1, 49203,0,29202.9
40.001008, 4.999921,253422, 20672,29796.6, 47088,0,29193.6
45.001311, 5.000303,253155, 20672,29814, 49740,0,29211.9
50.001006, 4.999695,253020, 20722,29818, 48150,0,29209
55.001993, 5.000987,253206, 20716,29811, 49265,0,29200.8
60.002156, 5.000163,252969, 20721,29838.3, 50121,0,29236.5
65.001003, 4.998847,253039, 20638,29810.3, 50192,0,29212.7
70.002054, 5.001051,252967, 20687,29830, 50539,0,29232.9
75.000997, 4.998943,253184, 20712,29810.7, 52462,0,29204.4
80.002001, 5.001004,253199, 20723,29800.1, 49197,0,29196
85.002206, 5.000205,253057, 20667,29826.6, 50704,0,29219.5
90.000999, 4.998793,253077, 20700,29821.3, 49052,0,29219.2
95.001997, 5.000998,253067, 20704,29827.3, 50305,0,29229.4
100.002212, 5.000215,253203, 20647,29801, 48272,0,29194.7
105.000994, 4.998782,253335, 20663,29788, 49485,0,29186.9
110.001999, 5.001005,253555, 20655,29759.8, 49873,0,29158.3
115.002001, 5.000002,253501, 20693,29787.4, 51096,0,29185.4
120.001996, 4.999995,253234, 20658,29788.9, 49494,0,29181.4
121.00427, 1.002274,50774, 20658,29795.3, 49494,0,29189.9

