elapsed, window, n, min, mean, median, 95th, 99th, 99_9th, max, errors
5.000794, 5.000794, 2722, 1050, 40019.8, 5256, 205685, 306467, 350292, 359327, 0
10.00177, 5.000976, 2063, 1034, 71725.7, 25639, 183135, 201128, 209392, 212666, 0
15.00178, 5.00001, 2028, 1043, 77811.7, 40003, 196194, 217851, 229992, 248419, 0
20.001739, 4.999959, 1750, 1047, 85877.8, 11383, 313563, 337051, 348522, 360115, 0
25.001743, 5.000004, 1973, 1048, 78941.4, 27684, 215183, 314806, 342935, 351284, 0
30.001796, 5.000053, 2011, 1150, 73399.6, 33723, 174405, 189965, 201844, 204848, 0
35.00175, 4.999954, 2132, 1126, 75908.5, 28113, 202399, 231714, 250483, 255446, 0
40.001786, 5.000036, 1897, 993, 75255.5, 37502, 189504, 202574, 223771, 242391, 0
45.001783, 4.999997, 1972, 991, 73470.2, 23348, 198953, 228248, 249655, 255910, 0
50.001795, 5.000012, 2057, 1069, 73677.9, 24760, 198263, 220798, 248008, 264326, 0
55.001775, 4.99998, 1884, 1039, 77537.3, 35714, 192395, 221534, 238113, 240344, 0
60.001726, 4.999951, 2095, 952, 74671.6, 24172, 188326, 224492, 247226, 252214, 0
65.001781, 5.000055, 2064, 1053, 73303.0, 26902, 173003, 192223, 217474, 230370, 0
70.001793, 5.000012, 1971, 1068, 78290.7, 29120, 192966, 222304, 238489, 241912, 0
75.001879, 5.000086, 2028, 1086, 74826.8, 30978, 200511, 226837, 252702, 257563, 0
80.001779, 4.9999, 2017, 1094, 75271.4, 30436, 192531, 210883, 228178, 253074, 0
85.001852, 5.000073, 2022, 1047, 73863.8, 31654, 191006, 206840, 228588, 236874, 0
90.001734, 4.999882, 2079, 1038, 73648.7, 29376, 181811, 217625, 244475, 261066, 0
95.001747, 5.000013, 2095, 1004, 74321.9, 29302, 187823, 215371, 234040, 239446, 0
100.001792, 5.000045, 2053, 1002, 73310.9, 33700, 187447, 203610, 223598, 229730, 0
105.001717, 4.999925, 2012, 1044, 79279.9, 21366, 208615, 236483, 247594, 252916, 0
110.001713, 4.999996, 1956, 1159, 73376.1, 31425, 177824, 192975, 203309, 207620, 0
115.001837, 5.000124, 1984, 1152, 75976.9, 26589, 187497, 204874, 227078, 230220, 0
120.001823, 4.999986, 2030, 940, 72443.3, 17944, 185147, 198367, 211498, 216318, 0
121.006979, 1.005156, 444, 940, 71756.9, 19401, 185331, 198367, 212571, 218867, 0
