elapsed, window, n, min, mean, median, 95th, 99th, 99_9th, max, errors
5.000724, 5.000724, 38499, 1028, 3761.1, 2191, 13062, 18476, 26888, 38156, 0
10.001575, 5.000851, 39023, 999, 3683.2, 2170, 12691, 17700, 26783, 57494, 0
15.001536, 4.999961, 38415, 974, 3703.3, 2186, 12832, 17978, 25110, 50615, 0
20.001564, 5.000028, 38143, 991, 3728.7, 2150, 13036, 18573, 29381, 58677, 0
25.001584, 5.00002, 38331, 1011, 3752.3, 2188, 12849, 18513, 32905, 74112, 0
30.001623, 5.000039, 38837, 957, 3700.6, 2165, 12838, 18138, 31678, 74112, 0
35.001729, 5.000106, 40029, 1019, 3602.1, 2097, 12505, 17688, 26837, 92880, 0
40.001752, 5.000023, 39996, 996, 3605.6, 2102, 12354, 17729, 35194, 92937, 0
45.001625, 4.999873, 39801, 991, 3591.8, 2082, 12518, 17313, 27831, 89134, 0
50.001586, 4.999961, 40637, 1004, 3524.2, 2027, 12462, 17293, 26111, 79479, 0
55.001576, 4.99999, 40791, 1007, 3516.6, 2042, 12427, 16902, 25240, 72135, 0
60.001544, 4.999968, 39916, 997, 3585.7, 2128, 12374, 17198, 26256, 65832, 0
65.001563, 5.000019, 39197, 971, 3641.7, 2043, 12771, 18084, 32846, 112300, 0
70.001694, 5.000131, 40128, 1042, 3588.2, 2078, 12530, 17454, 27898, 77500, 0
75.00157, 4.999876, 41037, 999, 3479.7, 2023, 12054, 16822, 28502, 90256, 0
80.001751, 5.000181, 39767, 1009, 3607.0, 2134, 12612, 17798, 23334, 44649, 0
85.001755, 5.000004, 41041, 997, 3474.7, 2028, 12115, 16979, 23951, 116231, 0
90.001777, 5.000022, 40702, 995, 3525.9, 2046, 12266, 16906, 29577, 102114, 0
95.001626, 4.999849, 40292, 956, 3546.2, 2065, 12436, 16961, 22710, 81153, 0
100.00158, 4.999954, 40533, 1007, 3528.0, 2045, 12458, 17328, 23617, 78577, 0
105.001589, 5.000009, 38741, 1008, 3688.1, 2210, 12771, 17650, 23749, 37494, 0
110.001755, 5.000166, 39016, 963, 3666.4, 2151, 12756, 17715, 23461, 39577, 0
115.001567, 4.999812, 39171, 1011, 3646.3, 2144, 12652, 18021, 24349, 48735, 0
120.001582, 5.000015, 38613, 1052, 3705.8, 2180, 12985, 18190, 24996, 48735, 0
121.002827, 1.001245, 7025, 1030, 3670.4, 2173, 12870, 17921, 24056, 41977, 0
