elapsed, window, total, successful, failed
5.000271, 5.000271, 33582, 33582, 0
10.001331, 5.00106, 49201, 49201, 0
15.001324, 4.999993, 48902, 48902, 0
20.001326, 5.000002, 49577, 49577, 0
25.001326, 5.0, 48804, 48804, 0
30.001325, 4.999999, 48764, 48764, 0
35.001276, 4.999951, 48879, 48879, 0
40.001303, 5.000027, 51807, 51807, 0
45.001323, 5.00002, 47449, 47449, 0
50.001325, 5.000002, 48687, 48687, 0
55.001324, 4.999999, 50086, 50086, 0
60.001282, 4.999958, 49904, 49904, 0
65.001283, 5.000001, 48955, 48955, 0
70.001327, 5.000044, 37250, 37250, 0
75.001278, 4.999951, 47723, 47723, 0
80.001325, 5.000047, 49796, 49796, 0
85.001279, 4.999954, 51708, 51708, 0
90.001325, 5.000046, 51903, 51903, 0
95.001325, 5.0, 55587, 55587, 0
100.001325, 5.0, 48866, 48866, 0
105.001274, 4.999949, 52547, 52547, 0
110.001341, 5.000067, 53229, 53229, 0
115.001327, 4.999986, 48392, 48392, 0
120.001326, 4.999999, 48708, 48708, 0
121.050373, 1.049047, 9766, 9766, 0
