elapsed, window, n, min, mean, median, 95th, 99th, 99_9th, max, errors
5.000866, 5.000866, 38518, 908, 3765.3, 2175, 13300, 17818, 24403, 34247, 0
10.001848, 5.000982, 38465, 923, 3746.4, 2178, 13304, 17667, 23372, 35153, 0
15.00183, 4.999982, 37671, 1021, 3790.9, 2196, 13461, 18003, 26056, 42925, 0
20.001969, 5.000139, 27204, 930, 5123.0, 2197, 13322, 18157, 74402, 1483730, 0
25.001952, 4.999983, 17519, 989, 7130.7, 2221, 13302, 18147, 1413512, 1506880, 0
30.00201, 5.000058, 28030, 963, 5133.1, 2154, 13285, 17845, 59815, 1473377, 0
35.001881, 4.999871, 28163, 949, 5063.9, 2110, 12834, 16647, 54349, 1546481, 0
40.001913, 5.000032, 23209, 997, 5102.0, 2183, 13237, 17522, 42876, 1483396, 0
45.00187, 4.999957, 33360, 963, 4852.4, 2132, 12803, 16403, 92071, 1451482, 0
50.001833, 4.999963, 27688, 957, 5055.8, 2150, 13025, 17307, 94413, 1512516, 0
55.001979, 5.000146, 17424, 973, 3725.9, 2174, 13215, 17758, 22464, 34268, 0
60.001914, 4.999935, 26984, 935, 8611.9, 2162, 13179, 17835, 4088648, 4320908, 0
65.001936, 5.000022, 20206, 989, 5532.1, 2147, 13079, 17199, 1383864, 1442984, 0
70.001978, 5.000042, 20442, 884, 5513.0, 2133, 12872, 16976, 1292170, 1347174, 0
75.00198, 5.000002, 33333, 954, 6343.6, 2177, 13604, 18328, 29667, 2851481, 0
80.001823, 4.999843, 17231, 964, 7518.1, 2174, 13446, 18985, 1483394, 1524249, 0
85.001838, 5.000015, 27851, 972, 5102.4, 2188, 13567, 18282, 33170, 1430860, 0
90.001974, 5.000136, 26059, 926, 3750.1, 2196, 13339, 17472, 23687, 35427, 0
95.001844, 4.99987, 28973, 974, 6772.7, 2208, 13284, 17556, 2750768, 2834518, 0
100.001846, 5.000002, 16737, 1012, 7739.5, 2162, 13258, 17123, 2839683, 2893575, 0
105.001971, 5.000125, 31198, 966, 3680.2, 2139, 13174, 17341, 23422, 39087, 0
110.001868, 4.999897, 23868, 982, 7227.2, 2245, 13663, 18693, 1421804, 1476246, 0
115.001985, 5.000117, 29037, 961, 3814.9, 2204, 13618, 18252, 25453, 47008, 0
120.001847, 4.999862, 36690, 917, 4861.0, 2216, 13811, 18889, 34649, 1301759, 0
121.005069, 1.003222, 3659, 917, 3822.6, 2201, 13670, 18503, 26727, 57375, 0
