elapsed, window, n, min, mean, median, 95th, 99th, 99_9th, max, errors
5.000259, 5.000259, 2870, 151575, 221410.3, 229846, 296070, 325491, 347586, 357322, 0
10.00131, 5.001051, 2662, 151400, 232839.7, 233284, 344502, 586851, 722433, 837353, 0
15.00138, 5.00007, 2896, 151475, 219922.3, 228177, 297101, 335077, 364588, 374994, 0
20.001297, 4.999917, 2938, 151363, 219961.5, 227988, 301221, 332012, 357182, 377466, 0
25.001344, 5.000047, 2909, 151399, 220737.0, 230340, 297551, 331889, 360402, 373485, 0
30.001237, 4.999893, 2942, 151374, 219537.9, 228145, 299202, 333122, 366673, 376292, 0
35.001339, 5.000102, 2940, 151269, 219749.3, 230686, 296725, 334824, 382867, 416513, 0
40.001288, 4.999949, 2896, 151451, 221236.5, 228065, 297260, 332549, 371025, 383633, 0
45.001412, 5.000124, 2921, 151464, 218636.1, 229098, 297647, 351584, 417307, 440924, 0
50.001279, 4.999867, 2944, 151409, 219387.9, 227798, 295164, 344274, 381556, 408667, 0
55.001373, 5.000094, 2799, 151366, 225830.0, 231305, 311778, 432367, 564223, 735928, 0
60.001256, 4.999883, 2845, 151692, 226553.3, 232944, 310221, 463423, 668430, 735928, 0
65.001332, 5.000076, 2908, 151479, 222115.9, 232853, 298480, 337837, 379076, 399524, 0
70.001285, 4.999953, 2710, 151323, 230467.1, 232137, 339123, 513650, 642910, 742479, 0
75.00125, 4.999965, 2709, 151477, 229825.5, 234091, 327310, 474482, 617138, 742479, 0
80.001246, 4.999996, 2708, 151304, 232022.5, 231030, 330826, 576299, 747180, 829582, 0
85.001267, 5.000021, 2933, 151102, 220348.4, 227511, 299891, 335243, 377764, 418365, 0
90.001334, 5.000067, 2928, 151487, 220241.9, 229326, 299572, 343985, 402938, 418365, 0
95.001389, 5.000055, 2927, 151486, 220074.9, 229829, 293004, 327578, 365022, 373189, 0
100.001333, 4.999944, 2954, 151447, 220826.6, 229836, 296883, 336566, 400925, 418344, 0
105.001288, 4.999955, 2900, 151500, 220284.5, 228707, 293921, 331864, 363276, 377043, 0
110.001271, 4.999983, 2882, 151571, 222151.3, 230516, 300002, 338307, 384362, 413748, 0
115.001258, 4.999987, 2957, 151407, 218505.6, 226721, 296209, 325925, 365517, 379323, 0
120.001361, 5.000103, 2922, 151403, 218403.0, 227363, 295282, 330062, 377294, 384999, 0
121.018518, 1.017157, 641, 151384, 215514.3, 228623, 291603, 325034, 377294, 384999, 0
