elapsed, window, n, min, mean, median, 95th, 99th, 99_9th, max, errors
0.845973, 0.845973, 89, 32405, 376841.2, 375363, 709868, 767544, 842780, 842780, 0
