elapsed, window, total, successful, failed
5.000629, 5.000629, 30654, 30654, 0
10.001553, 5.000924, 31030, 31030, 0
15.001589, 5.000036, 30193, 30193, 0
20.001662, 5.000073, 30500, 30500, 0
25.001682, 5.00002, 30303, 30303, 0
30.001658, 4.999976, 30779, 30779, 0
35.001592, 4.999934, 30696, 30696, 0
40.001577, 4.999985, 30771, 30771, 0
45.001548, 4.999971, 31244, 31244, 0
50.001601, 5.000053, 30716, 30716, 0
55.00156, 4.999959, 30841, 30841, 0
60.001605, 5.000045, 30824, 30824, 0
65.001638, 5.000033, 31107, 31107, 0
70.001715, 5.000077, 30746, 30746, 0
75.001624, 4.999909, 30258, 30258, 0
80.001746, 5.000122, 29856, 29856, 0
85.001615, 4.999869, 30214, 30214, 0
90.001571, 4.999956, 29620, 29620, 0
95.001614, 5.000043, 29863, 29863, 0
100.001555, 4.999941, 30644, 30644, 0
105.001616, 5.000061, 30475, 30475, 0
110.001581, 4.999965, 30258, 30258, 0
115.001576, 4.999995, 30830, 30830, 0
120.001557, 4.999981, 30623, 30623, 0
125.001563, 5.000006, 30234, 30234, 0
130.00171, 5.000147, 30501, 30501, 0
135.001593, 4.999883, 30600, 30600, 0
140.001647, 5.000054, 30813, 30813, 0
145.001609, 4.999962, 30522, 30522, 0
150.001641, 5.000032, 30412, 30412, 0
155.001739, 5.000098, 30519, 30519, 0
160.001645, 4.999906, 30025, 30025, 0
165.001609, 4.999964, 30022, 30022, 0
170.001644, 5.000035, 30151, 30151, 0
175.001668, 5.000024, 29923, 29923, 0
180.001609, 4.999941, 29755, 29755, 0
181.004852, 1.003243, 6047, 6047, 0
