elapsed, window, n, min, mean, median, 95th, 99th, 99_9th, max, errors
5.000139, 5.000139, 8942, 152, 2360.7, 253, 2718, 43963, 47457, 48213, 0
10.001146, 5.001007, 8638, 152, 2038.4, 232, 672, 43848, 47498, 47993, 0
15.001144, 4.999998, 8167, 159, 2110.7, 231, 583, 43931, 47779, 48323, 0
20.001189, 5.000045, 8614, 162, 2150.0, 231, 746, 43860, 47550, 48254, 0
25.001145, 4.999956, 7833, 158, 2025.4, 225, 482, 43741, 47434, 48237, 0
30.001144, 4.999999, 7578, 157, 2140.9, 225, 692, 44048, 47481, 48053, 0
35.001145, 5.000001, 7349, 159, 2136.2, 222, 560, 44834, 47763, 48192, 0
40.001144, 4.999999, 7722, 156, 2208.4, 225, 782, 43973, 47857, 48224, 0
45.001142, 4.999998, 7844, 158, 2281.8, 224, 1001, 44474, 47830, 48074, 0
50.001149, 5.000007, 7796, 158, 2067.4, 228, 540, 43926, 47698, 48118, 0
55.001141, 4.999992, 7747, 158, 2233.7, 225, 895, 44134, 47683, 48036, 0
60.001142, 5.000001, 7588, 157, 2204.6, 221, 656, 43856, 47710, 47969, 0
65.001143, 5.000001, 7728, 155, 2135.4, 220, 609, 43698, 47472, 48222, 0
70.001143, 5.0, 7376, 161, 2247.5, 220, 920, 44134, 47672, 47997, 0
75.001142, 4.999999, 7567, 159, 2102.1, 217, 527, 43802, 47630, 48129, 0
80.001143, 5.000001, 8127, 157, 2146.1, 219, 590, 43915, 47358, 48234, 0
85.001142, 4.999999, 7333, 161, 2081.6, 217, 550, 44099, 47637, 48006, 0
90.001126, 4.999984, 8146, 156, 2171.7, 216, 522, 43912, 47531, 47951, 0
95.001138, 5.000012, 8572, 157, 2129.2, 222, 685, 43641, 47608, 48205, 0
100.001144, 5.000006, 7731, 160, 2127.6, 220, 562, 44201, 47769, 48205, 0
105.001199, 5.000055, 6851, 161, 2318.7, 216, 688, 44040, 47784, 48107, 0
110.001113, 4.999914, 8251, 159, 2202.8, 218, 594, 43670, 47393, 48201, 0
115.001142, 5.000029, 7263, 156, 2147.6, 217, 595, 43950, 47469, 48133, 0
120.001142, 5.0, 7537, 157, 2020.4, 218, 499, 43810, 47544, 48198, 0
121.008923, 1.007781, 1758, 157, 2060.8, 216, 518, 43821, 47427, 48198, 0
