elapsed, window, total, successful, failed
5.000379, 5.000379, 43421, 43421, 0
10.001414, 5.001035, 41976, 41976, 0
15.001372, 4.999958, 41334, 41334, 0
20.001337, 4.999965, 42073, 42073, 0
25.001358, 5.000021, 41805, 41805, 0
30.001373, 5.000015, 41771, 41771, 0
35.00143, 5.000057, 42078, 42078, 0
40.001385, 4.999955, 41962, 41962, 0
45.001426, 5.000041, 42250, 42250, 0
50.001376, 4.99995, 41817, 41817, 0
55.001396, 5.00002, 27537, 27537, 0
60.001472, 5.000076, 41188, 41188, 0
65.001429, 4.999957, 29205, 29205, 0
70.001364, 4.999935, 28380, 28380, 0
75.00137, 5.000006, 42823, 42823, 0
80.001369, 4.999999, 27056, 27056, 0
85.001522, 5.000153, 33216, 33216, 0
90.001357, 4.999835, 21151, 21151, 0
95.001377, 5.00002, 42691, 42691, 0
100.001394, 5.000017, 27922, 27922, 0
105.001516, 5.000122, 35032, 35032, 0
110.001356, 4.99984, 34640, 34640, 0
115.001392, 5.000036, 28842, 28842, 0
120.001368, 4.999976, 28143, 28143, 0
121.003694, 1.002326, 8148, 8148, 0
