elapsed, window, total, successful, failed
5.001001, 5.001001, 165444, 165444, 0
10.002041, 5.00104, 153016, 153016, 0
15.001059, 4.999018, 155315, 155315, 0
20.001015, 4.999956, 152066, 152066, 0
25.002137, 5.001122, 156845, 156845, 0
30.001046, 4.998909, 150285, 150285, 0
35.001008, 4.999962, 154587, 154587, 0
40.001001, 4.999993, 148358, 148358, 0
45.002008, 5.001007, 155525, 155525, 0
50.001998, 4.99999, 150013, 150013, 0
55.002, 5.000002, 154073, 154073, 0
60.002049, 5.000049, 152509, 152509, 0
65.001049, 4.999, 154161, 154161, 0
70.001025, 4.999976, 150512, 150512, 0
75.001061, 5.000036, 154656, 154656, 0
80.001014, 4.999953, 151796, 151796, 0
85.001031, 5.000017, 156173, 156173, 0
90.001063, 5.000032, 145748, 145748, 0
95.001015, 4.999952, 153302, 153302, 0
100.001029, 5.000014, 151830, 151830, 0
105.001015, 4.999986, 151706, 151706, 0
110.001032, 5.000017, 147778, 147778, 0
115.001018, 4.999986, 152070, 152070, 0
120.001004, 4.999986, 148399, 148399, 0
121.004062, 1.003058, 32244, 32244, 0
