elapsed, window, total, successful, failed
5.000794, 5.000794, 17564, 17564, 0
10.001895, 5.001101, 18482, 18482, 0
15.001907, 5.000012, 18151, 18151, 0
20.001806, 4.999899, 18195, 18195, 0
25.001818, 5.000012, 18120, 18120, 0
30.001777, 4.999959, 18464, 18464, 0
35.001788, 5.000011, 18097, 18097, 0
40.001787, 4.999999, 17941, 17941, 0
45.001807, 5.00002, 18450, 18450, 0
50.00179, 4.999983, 18203, 18203, 0
55.001864, 5.000074, 18030, 18030, 0
60.001817, 4.999953, 18101, 18101, 0
65.001814, 4.999997, 18403, 18403, 0
70.001815, 5.000001, 18018, 18018, 0
75.001878, 5.000063, 17723, 17723, 0
80.001767, 4.999889, 17788, 17788, 0
85.001791, 5.000024, 17667, 17667, 0
90.001962, 5.000171, 17688, 17688, 0
95.001785, 4.999823, 17598, 17598, 0
100.001916, 5.000131, 17384, 17384, 0
105.001811, 4.999895, 17591, 17591, 0
110.001802, 4.999991, 17781, 17781, 0
115.001844, 5.000042, 17598, 17598, 0
120.001896, 5.000052, 17465, 17465, 0
125.00193, 5.000034, 17341, 17341, 0
130.001825, 4.999895, 17934, 17934, 0
135.001806, 4.999981, 17589, 17589, 0
140.001793, 4.999987, 17778, 17778, 0
145.001908, 5.000115, 18158, 18158, 0
150.001779, 4.999871, 17984, 17984, 0
155.001806, 5.000027, 17983, 17983, 0
160.001813, 5.000007, 18009, 18009, 0
165.001801, 4.999988, 17336, 17336, 0
170.001806, 5.000005, 17349, 17349, 0
175.001884, 5.000078, 17018, 17018, 0
180.001789, 4.999905, 17386, 17386, 0
185.001832, 5.000043, 17861, 17861, 0
190.001841, 5.000009, 17859, 17859, 0
195.001794, 4.999953, 17728, 17728, 0
200.001808, 5.000014, 17374, 17374, 0
205.00181, 5.000002, 17742, 17742, 0
210.001856, 5.000046, 17636, 17636, 0
215.001827, 4.999971, 17756, 17756, 0
220.001803, 4.999976, 17473, 17473, 0
225.001852, 5.000049, 17936, 17936, 0
230.001836, 4.999984, 17644, 17644, 0
235.001827, 4.999991, 17384, 17384, 0
240.001776, 4.999949, 17882, 17882, 0
245.001787, 5.000011, 17648, 17648, 0
250.001803, 5.000016, 17478, 17478, 0
255.001862, 5.000059, 17993, 17993, 0
260.001786, 4.999924, 17278, 17278, 0
265.001928, 5.000142, 17465, 17465, 0
270.001793, 4.999865, 17632, 17632, 0
275.001814, 5.000021, 17697, 17697, 0
280.001818, 5.000004, 17597, 17597, 0
285.001833, 5.000015, 17347, 17347, 0
290.001874, 5.000041, 17652, 17652, 0
295.001823, 4.999949, 17630, 17630, 0
300.001798, 4.999975, 17836, 17836, 0
301.002928, 1.00113, 3547, 3547, 0
