elapsed, window, n, min, mean, median, 95th, 99th, 99_9th, max, errors
5.000569, 5.000569, 443835, 236, 12229.3, 7109, 40755, 62169, 85815, 145747, 0
10.0016, 5.001031, 413505, 276, 12131.5, 7807, 37354, 53023, 70757, 120686, 0
15.00156, 4.99996, 408296, 252, 12201.7, 7359, 39129, 56679, 78453, 122260, 0
20.001575, 5.000015, 410278, 268, 12140.4, 7110, 40402, 56270, 76806, 119765, 0
25.001565, 4.99999, 408877, 248, 12160.6, 7125, 39448, 58729, 91544, 176673, 0
30.001567, 5.000002, 410898, 287, 12151.3, 7039, 39850, 55735, 77016, 115298, 0
35.001558, 4.999991, 411439, 305, 12257.2, 7392, 38039, 55596, 73969, 117210, 0
40.001563, 5.000005, 411915, 315, 12089.1, 7754, 35561, 48875, 65702, 95972, 0
45.001611, 5.000048, 408221, 319, 12238.8, 7218, 38255, 68343, 100374, 195535, 0
50.001562, 4.999951, 415061, 299, 12020.0, 7615, 36703, 53012, 70832, 124773, 0
55.001556, 4.999994, 412694, 303, 12133.0, 7739, 36249, 52402, 73244, 125599, 0
60.001591, 5.000035, 409851, 270, 12150.1, 7471, 38864, 55636, 76996, 142101, 0
65.001588, 4.999997, 409123, 298, 12223.6, 7622, 36471, 54265, 75797, 131902, 0
70.001581, 4.999993, 410098, 307, 12146.5, 7450, 37449, 56584, 77416, 139592, 0
75.001554, 4.999973, 414350, 307, 12062.9, 7918, 35885, 51275, 69745, 115869, 0
80.001566, 5.000012, 405970, 292, 12258.7, 7034, 39244, 67078, 91326, 167037, 0
85.001614, 5.000048, 409503, 313, 12274.1, 7175, 39040, 57415, 88404, 168486, 0
90.001577, 4.999963, 410884, 315, 12147.0, 7444, 36921, 54083, 91110, 175724, 0
95.00159, 5.000013, 409422, 313, 12196.6, 7173, 37774, 62522, 110789, 214139, 0
100.001594, 5.000004, 411398, 308, 12172.7, 7412, 38797, 61621, 84115, 172224, 0
105.001589, 4.999995, 410055, 292, 12197.6, 7090, 40401, 60468, 81640, 147388, 0
110.001559, 4.99997, 408122, 328, 12266.0, 7312, 38862, 57519, 79604, 132485, 0
115.001552, 4.999993, 410683, 267, 12178.5, 7930, 36797, 55047, 74386, 140518, 0
120.00157, 5.000018, 413434, 299, 12123.0, 7534, 37188, 57934, 76737, 138564, 0
121.016787, 1.015217, 82770, 282, 12167.5, 7597, 36627, 58121, 77722, 138564, 0
