elapsed, window, total, successful, failed
5.000569, 5.000569, 443835, 443835, 0
10.0016, 5.001031, 413505, 413505, 0
15.00156, 4.99996, 408296, 408296, 0
20.001575, 5.000015, 410278, 410278, 0
25.001565, 4.99999, 408877, 408877, 0
30.001567, 5.000002, 410898, 410898, 0
35.001558, 4.999991, 411439, 411439, 0
40.001563, 5.000005, 411915, 411915, 0
45.001611, 5.000048, 408221, 408221, 0
50.001562, 4.999951, 415061, 415061, 0
55.001556, 4.999994, 412694, 412694, 0
60.001591, 5.000035, 409851, 409851, 0
65.001588, 4.999997, 409123, 409123, 0
70.001581, 4.999993, 410098, 410098, 0
75.001554, 4.999973, 414350, 414350, 0
80.001566, 5.000012, 405970, 405970, 0
85.001614, 5.000048, 409503, 409503, 0
90.001577, 4.999963, 410884, 410884, 0
95.00159, 5.000013, 409422, 409422, 0
100.001594, 5.000004, 411398, 411398, 0
105.001589, 4.999995, 410055, 410055, 0
110.001559, 4.99997, 408122, 408122, 0
115.001552, 4.999993, 410683, 410683, 0
120.00157, 5.000018, 413434, 413434, 0
121.016787, 1.015217, 82770, 82770, 0
