elapsed, window, n, min, mean, median, 95th, 99th, 99_9th, max, errors
5.00071, 5.00071, 0, 0, 0, 0, 0, 0, 0, 0, 0
10.001681, 5.000971, 0, 0, 0, 0, 0, 0, 0, 0, 0
15.001669, 4.999988, 0, 0, 0, 0, 0, 0, 0, 0, 0
20.001716, 5.000047, 48, 151370, 293826.6, 247785, 721893, 763295, 763295, 763295, 0
25.001723, 5.000007, 50, 151732, 282725.3, 244413, 586617, 665374, 665374, 665374, 0
30.001632, 4.999909, 15, 152351, 259760.8, 252101, 353182, 432330, 432330, 432330, 0
35.001779, 5.000147, 35, 151511, 305341.4, 253148, 733725, 836143, 836143, 836143, 0
40.00173, 4.999951, 0, 0, 0, 0, 0, 0, 0, 0, 0
45.001728, 4.999998, 0, 0, 0, 0, 0, 0, 0, 0, 0
50.001608, 4.99988, 0, 0, 0, 0, 0, 0, 0, 0, 0
55.001674, 5.000066, 0, 0, 0, 0, 0, 0, 0, 0, 0
60.001711, 5.000037, 0, 0, 0, 0, 0, 0, 0, 0, 0
65.001709, 4.999998, 0, 0, 0, 0, 0, 0, 0, 0, 0
70.001713, 5.000004, 0, 0, 0, 0, 0, 0, 0, 0, 0
75.001619, 4.999906, 35, 151379, 306143.8, 251440, 449159, 859115, 859115, 859115, 0
80.001703, 5.000084, 11, 152304, 261643.0, 243961, 410434, 463036, 463036, 463036, 0
85.00166, 4.999957, 0, 0, 0, 0, 0, 0, 0, 0, 0
90.001716, 5.000056, 0, 0, 0, 0, 0, 0, 0, 0, 0
95.001716, 5.0, 17, 151526, 274275.4, 244920, 456646, 814488, 814488, 814488, 0
100.001716, 5.0, 29, 152324, 308892.1, 251572, 725305, 733822, 733822, 733822, 0
105.001674, 4.999958, 9, 152338, 296929.9, 254129, 506708, 506708, 506708, 506708, 0
110.001717, 5.000043, 35, 152599, 309438.3, 250580, 474923, 939923, 939923, 939923, 0
115.001714, 4.999997, 11, 151998, 289962.5, 248836, 427045, 572334, 572334, 572334, 0
120.001671, 4.999957, 30, 153171, 362657.7, 252410, 918071, 1088515, 1088515, 1088515, 0
121.003888, 1.002217, 12, 153171, 344922.9, 248785, 918071, 1088515, 1088515, 1088515, 0
