elapsed, window, n, min, mean, median, 95th, 99th, 99_9th, max, errors
5.00071, 5.00071, 37, 150852, 261617.5, 246906, 420720, 718858, 718858, 718858, 0
10.001681, 5.000971, 13, 150352, 325830.9, 246906, 777629, 892237, 892237, 892237, 0
15.001669, 4.999988, 0, 0, 0, 0, 0, 0, 0, 0, 0
20.001716, 5.000047, 20, 233485, 298973.5, 246281, 456945, 723416, 723416, 723416, 0
25.001723, 5.000007, 30, 150677, 281004.9, 243754, 456945, 705570, 705570, 705570, 0
30.001632, 4.999909, 0, 0, 0, 0, 0, 0, 0, 0, 0
35.001779, 5.000147, 38, 151851, 288781.9, 242902, 424642, 874557, 874557, 874557, 0
40.00173, 4.999951, 13, 229679, 277858.9, 245604, 334058, 868827, 868827, 868827, 0
45.001728, 4.999998, 41, 150990, 294179.8, 246386, 760927, 883462, 883462, 883462, 0
50.001608, 4.99988, 8, 150435, 316894.2, 248037, 799516, 799516, 799516, 799516, 0
55.001674, 5.000066, 0, 0, 0, 0, 0, 0, 0, 0, 0
60.001711, 5.000037, 0, 0, 0, 0, 0, 0, 0, 0, 0
65.001709, 4.999998, 108, 150879, 282190.2, 242994, 683554, 770853, 851968, 851968, 0
70.001713, 5.000004, 52, 150879, 319605.7, 244591, 852918, 901837, 913427, 913427, 0
75.001619, 4.999906, 49, 150551, 291586.3, 244727, 793861, 802131, 802131, 802131, 0
80.001703, 5.000084, 35, 152099, 275965.0, 243801, 373114, 847769, 847769, 847769, 0
85.00166, 4.999957, 110, 151336, 264102.2, 244156, 386464, 625929, 638150, 638150, 0
90.001716, 5.000056, 92, 150556, 269120.2, 242842, 610929, 709182, 921192, 921192, 0
95.001716, 5.0, 45, 150545, 328606.3, 243830, 795659, 921192, 921192, 921192, 0
100.001716, 5.0, 5, 246735, 306186.0, 248386, 532978, 532978, 532978, 532978, 0
105.001674, 4.999958, 0, 0, 0, 0, 0, 0, 0, 0, 0
110.001717, 5.000043, 0, 0, 0, 0, 0, 0, 0, 0, 0
115.001714, 4.999997, 0, 0, 0, 0, 0, 0, 0, 0, 0
120.001671, 4.999957, 0, 0, 0, 0, 0, 0, 0, 0, 0
121.003888, 1.002217, 0, 0, 0, 0, 0, 0, 0, 0, 0
