elapsed, window, n, min, mean, median, 95th, 99th, 99_9th, max, errors
5.001031, 5.001031, 3718, 23232, 66810.8, 63269, 108158, 130367, 151172, 159232, 0
10.001036, 5.000005, 3762, 22746, 66474.8, 63613, 108992, 125182, 149200, 169911, 0
15.000984, 4.999948, 3749, 21601, 66546.6, 63635, 107009, 127228, 145753, 172726, 0
20.002048, 5.001064, 3724, 20730, 66890.2, 64284, 108096, 129292, 151756, 164648, 0
25.001035, 4.998987, 3749, 22531, 66550.8, 63599, 106129, 122259, 145686, 168886, 0
30.001036, 5.000001, 3738, 21414, 66965.2, 64238, 108357, 128882, 156214, 162084, 0
35.000987, 4.999951, 3715, 20871, 67021.6, 63575, 109161, 129562, 152583, 162109, 0
40.001985, 5.000998, 3746, 24719, 66829.0, 63903, 108642, 125669, 151421, 162109, 0
45.001984, 4.999999, 3770, 22076, 66554.4, 63779, 107415, 128170, 152994, 171774, 0
50.001986, 5.000002, 3741, 22649, 66732.1, 64376, 107331, 125452, 145855, 171774, 0
55.002034, 5.000048, 3739, 21328, 66883.6, 63624, 107415, 127674, 145533, 161674, 0
60.000984, 4.99895, 3744, 24060, 66720.0, 63982, 107606, 127464, 147681, 153082, 0
65.001985, 5.001001, 3771, 21990, 66252.9, 63299, 106388, 124988, 145367, 153062, 0
70.001987, 5.000002, 3764, 20882, 66529.4, 63673, 107113, 126918, 144130, 155331, 0
75.001984, 4.999997, 3739, 20623, 66956.9, 64077, 106879, 127529, 145826, 185596, 0
80.001986, 5.000002, 3755, 21411, 66622.9, 63108, 107107, 128979, 146558, 154499, 0
85.001985, 4.999999, 3756, 21861, 66482.5, 63236, 105470, 126206, 143412, 156655, 0
90.001985, 5.0, 3725, 20610, 67233.6, 64518, 108675, 125758, 146597, 155349, 0
95.001985, 5.0, 3755, 23793, 66542.2, 63551, 105871, 127989, 152241, 169444, 0
100.001986, 5.000001, 3751, 20705, 66602.8, 63072, 107302, 129332, 152632, 174941, 0
105.001984, 4.999998, 3727, 20670, 67060.2, 64434, 108458, 128522, 151441, 164665, 0
110.001984, 5.0, 3730, 21567, 67165.3, 64123, 110112, 130046, 148170, 180822, 0
115.001983, 4.999999, 3741, 20662, 66685.8, 63743, 107978, 125271, 143248, 164285, 0
120.001983, 5.0, 3780, 21556, 66269.1, 62760, 107555, 127314, 151831, 175948, 0
121.002099, 1.000116, 748, 21556, 66492.6, 63223, 108200, 127237, 150357, 175948, 0
