elapsed, window, total, successful, failed
5.000243, 5.000243, 84, 84, 0
10.001245, 5.001002, 86, 86, 0
15.001251, 5.000006, 86, 86, 0
20.001252, 5.000001, 86, 86, 0
25.001252, 5.0, 85, 85, 0
30.001249, 4.999997, 84, 84, 0
35.001247, 4.999998, 88, 88, 0
40.001244, 4.999997, 82, 82, 0
45.001253, 5.000009, 83, 83, 0
50.001255, 5.000002, 86, 86, 0
55.001255, 5.0, 86, 86, 0
60.001245, 4.99999, 83, 83, 0
65.001245, 5.0, 84, 84, 0
70.001247, 5.000002, 88, 88, 0
75.001246, 4.999999, 84, 84, 0
80.001247, 5.000001, 83, 83, 0
85.001245, 4.999998, 88, 88, 0
90.001255, 5.00001, 82, 82, 0
95.001245, 4.99999, 88, 88, 0
100.001253, 5.000008, 85, 85, 0
105.001243, 4.99999, 88, 88, 0
110.001245, 5.000002, 87, 87, 0
115.001246, 5.000001, 88, 88, 0
120.001246, 5.0, 86, 86, 0
121.001284, 1.000038, 17, 17, 0
