elapsed, window, n, min, mean, median, 95th, 99th, 99_9th, max, errors
5.001283, 5.001283, 67, 547, 687.5, 681, 816, 829, 864, 864, 0
10.001318, 5.000035, 81, 561, 672.3, 658, 804, 864, 1043, 1043, 0
15.001251, 4.999933, 94, 522, 661.1, 654, 794, 859, 917, 917, 0
20.001244, 4.999993, 95, 521, 654.4, 651, 754, 881, 899, 899, 0
25.001362, 5.000118, 88, 507, 658.6, 646, 869, 896, 899, 899, 0
30.000376, 4.999014, 104, 540, 677.7, 662, 826, 847, 854, 854, 0
35.001317, 5.000941, 103, 516, 667.3, 656, 777, 865, 1038, 1038, 0
40.001434, 5.000117, 80, 526, 681.4, 668, 792, 857, 887, 887, 0
45.001361, 4.999927, 107, 528, 653.0, 645, 775, 801, 839, 839, 0
50.001304, 4.999943, 100, 555, 661.6, 650, 779, 849, 874, 874, 0
55.00136, 5.000056, 114, 519, 658.5, 651, 779, 830, 833, 833, 0
60.001392, 5.000032, 74, 545, 668.4, 668, 792, 830, 846, 846, 0
65.001367, 4.999975, 68, 528, 636.6, 626, 728, 796, 843, 843, 0
70.001364, 4.999997, 91, 536, 658.6, 647, 758, 799, 822, 822, 0
75.001314, 4.99995, 77, 542, 641.0, 642, 727, 767, 799, 799, 0
80.001368, 5.000054, 67, 529, 684.3, 652, 778, 814, 2270, 2270, 0
85.001384, 5.000016, 82, 555, 667.7, 648, 730, 776, 2270, 2270, 0
90.001374, 4.99999, 98, 525, 654.3, 650, 772, 808, 843, 843, 0
95.001308, 4.999934, 103, 492, 659.3, 660, 763, 776, 788, 788, 0
100.001375, 5.000067, 109, 556, 662.1, 658, 774, 853, 937, 937, 0
105.001365, 4.99999, 112, 540, 661.2, 660, 747, 839, 866, 866, 0
110.001382, 5.000017, 76, 542, 660.7, 648, 783, 823, 864, 864, 0
115.001382, 5.0, 67, 560, 650.9, 641, 737, 763, 783, 783, 0
120.001357, 4.999975, 84, 536, 655.1, 648, 743, 758, 857, 857, 0
125.001363, 5.000006, 84, 498, 636.7, 631, 749, 781, 883, 883, 0
130.001308, 4.999945, 68, 486, 646.7, 645, 731, 817, 824, 824, 0
135.001371, 5.000063, 91, 531, 656.2, 650, 730, 782, 791, 791, 0
140.001375, 5.000004, 94, 551, 678.2, 673, 779, 846, 855, 855, 0
145.001354, 4.999979, 94, 538, 659.9, 654, 770, 847, 856, 856, 0
150.001361, 5.000007, 118, 532, 659.0, 651, 755, 802, 834, 834, 0
155.001375, 5.000014, 100, 519, 668.0, 655, 790, 824, 834, 834, 0
160.001369, 4.999994, 77, 563, 646.1, 636, 737, 766, 777, 777, 0
165.001378, 5.000009, 110, 523, 644.6, 625, 762, 840, 864, 864, 0
170.001372, 4.999994, 102, 511, 654.2, 656, 750, 806, 868, 868, 0
175.001377, 5.000005, 77, 511, 636.9, 630, 732, 784, 785, 785, 0
180.001377, 5.0, 98, 514, 657.1, 653, 765, 783, 874, 874, 0
181.046518, 1.045141, 17, 515, 654.4, 649, 769, 787, 874, 874, 0
