elapsed, window, n, min, mean, median, 95th, 99th, 99_9th, max, errors
5.001165, 5.001165, 2601, 508, 6100.6, 1741, 26813, 45595, 62243, 68673, 0
10.001135, 4.99997, 267, 509, 5398.3, 655, 971, 1555, 1262330, 1262330, 0
15.001126, 4.999991, 132, 533, 873.6, 737, 1578, 2591, 6160, 6160, 0
20.001048, 4.999922, 115, 562, 878.5, 739, 1577, 1912, 5519, 5519, 0
25.001171, 5.000123, 394, 535, 816.1, 754, 1225, 1671, 6139, 6139, 0
30.001126, 4.999955, 236, 520, 745.5, 710, 1136, 1445, 1857, 1857, 0
35.001136, 5.00001, 293, 528, 774.9, 710, 1123, 1856, 2280, 2280, 0
40.001133, 4.999997, 288, 507, 730.3, 691, 1022, 1446, 1683, 1683, 0
45.001028, 4.999895, 199, 491, 720.9, 678, 1033, 1199, 1507, 1507, 0
50.00114, 5.000112, 259, 479, 738.5, 690, 1015, 1217, 4647, 4647, 0
55.001121, 4.999981, 231, 498, 716.9, 683, 982, 1253, 1776, 1776, 0
60.001134, 5.000013, 233, 468, 728.0, 675, 1038, 1713, 2248, 2248, 0
65.00116, 5.000026, 182, 463, 716.0, 688, 1004, 1163, 1291, 1291, 0
70.001136, 4.999976, 229, 411, 708.5, 679, 957, 1232, 2552, 2552, 0
75.001041, 4.999905, 172, 506, 679.0, 656, 914, 1090, 1157, 1157, 0
80.001089, 5.000048, 156, 503, 684.3, 652, 914, 974, 1339, 1339, 0
85.001155, 5.000066, 146, 464, 664.2, 643, 859, 1032, 1111, 1111, 0
89.277923, 4.276768, 126, 482, 649.7, 644, 774, 873, 1032, 1032, 0
