elapsed, window, total, successful, failed
5.000978, 5.000978, 42529, 42529, 0
10.002127, 5.001149, 42724, 42724, 0
15.001082, 4.998955, 41560, 41560, 0
20.001008, 4.999926, 41950, 41950, 0
25.00207, 5.001062, 41542, 41542, 0
30.000947, 4.998877, 41973, 41973, 0
35.001953, 5.001006, 41702, 41702, 0
40.002002, 5.000049, 41800, 41800, 0
45.001975, 4.999973, 41896, 41896, 0
50.001982, 5.000007, 41721, 41721, 0
55.001967, 4.999985, 41988, 41988, 0
60.001953, 4.999986, 41706, 41706, 0
65.001954, 5.000001, 41422, 41422, 0
70.001974, 5.00002, 41856, 41856, 0
75.001971, 4.999997, 41501, 41501, 0
80.002022, 5.000051, 41756, 41756, 0
85.000942, 4.99892, 40830, 40830, 0
90.001949, 5.001007, 41921, 41921, 0
95.001938, 4.999989, 41346, 41346, 0
100.001943, 5.000005, 41665, 41665, 0
105.001951, 5.000008, 40339, 40339, 0
110.001937, 4.999986, 40895, 40895, 0
115.001973, 5.000036, 41107, 41107, 0
120.002059, 5.000086, 41010, 41010, 0
121.003158, 1.001099, 8214, 8214, 0
