elapsed, window, n, min, mean, median, 95th, 99th, 99_9th, max, errors
5.000266, 5.000266, 22391, 20511, 22112.1, 21464, 25947, 29352, 37319, 43108, 0
10.001343, 5.001077, 22405, 20555, 22058.0, 21465, 25748, 28660, 31785, 36307, 0
15.001429, 5.000086, 22433, 20556, 22032.4, 21445, 25699, 28658, 32035, 36994, 0
20.001282, 4.999853, 22467, 20528, 22003.4, 21447, 25563, 28396, 31406, 36246, 0
25.001239, 4.999957, 22452, 20528, 22017.0, 21454, 25555, 28345, 31546, 34091, 0
30.001378, 5.000139, 22428, 20521, 22031.3, 21458, 25671, 28282, 31469, 35575, 0
35.001372, 4.999994, 22452, 20550, 22027.7, 21464, 25639, 28304, 31245, 35228, 0
40.001309, 4.999937, 22438, 20545, 22029.5, 21452, 25659, 28265, 31300, 35405, 0
45.001229, 4.99992, 22455, 20545, 22022.2, 21461, 25595, 28183, 31233, 33956, 0
50.001375, 5.000146, 22466, 20528, 22009.5, 21451, 25597, 28295, 31012, 34460, 0
55.0014, 5.000025, 22406, 20492, 22062.4, 21469, 25696, 28607, 31460, 34545, 0
60.001262, 4.999862, 22426, 20544, 22052.0, 21463, 25700, 28524, 31080, 36679, 0
65.001289, 5.000027, 22447, 20530, 22034.2, 21460, 25624, 28126, 31258, 36679, 0
70.001234, 4.999945, 22476, 20530, 22005.0, 21453, 25528, 28239, 31307, 33779, 0
75.00123, 4.999996, 22458, 20507, 22004.1, 21452, 25522, 28302, 31311, 35401, 0
80.001319, 5.000089, 22437, 20530, 22034.8, 21463, 25704, 28298, 31223, 35401, 0
85.00123, 4.999911, 22441, 20546, 22034.3, 21466, 25603, 28243, 30954, 33528, 0
90.001586, 5.000356, 22485, 20546, 22005.0, 21446, 25562, 28221, 31145, 36603, 0
95.001353, 4.999767, 22454, 20556, 22012.1, 21445, 25588, 28299, 31745, 35041, 0
100.001237, 4.999884, 22483, 20554, 21999.1, 21442, 25549, 28273, 31139, 34611, 0
105.001228, 4.999991, 22465, 20517, 22004.0, 21451, 25471, 28185, 31012, 34197, 0
110.001251, 5.000023, 22491, 20569, 21998.8, 21450, 25440, 28109, 30789, 38612, 0
115.001257, 5.000006, 22468, 20536, 22009.9, 21451, 25589, 28366, 31502, 35004, 0
120.001585, 5.000328, 22488, 20512, 21993.6, 21451, 25420, 28102, 31257, 34374, 0
121.002589, 1.001004, 4501, 20512, 21992.3, 21448, 25416, 28040, 31412, 34374, 0
