elapsed, window, n, min, mean, median, 95th, 99th, 99_9th, max, errors
5.000695, 5.000695, 42293, 20725, 23732.3, 23203, 27908, 31051, 37468, 46149, 0
10.00175, 5.001055, 42313, 20727, 23640.8, 23169, 27576, 30018, 32974, 37335, 0
15.001705, 4.999955, 42242, 20742, 23663.1, 23218, 27634, 30020, 32960, 36866, 0
20.001819, 5.000114, 42272, 20772, 23650.5, 23177, 27625, 30098, 33305, 37478, 0
25.001722, 4.999903, 42211, 20738, 23672.5, 23207, 27661, 30053, 33106, 37010, 0
30.001707, 4.999985, 42298, 20793, 23644.6, 23178, 27600, 30128, 33406, 39167, 0
35.001699, 4.999992, 42290, 20766, 23632.2, 23186, 27560, 29920, 32689, 38125, 0
40.00171, 5.000011, 42212, 20796, 23670.2, 23195, 27725, 30113, 33185, 38291, 0
45.001699, 4.999989, 42240, 20791, 23666.2, 23222, 27551, 29960, 33201, 39253, 0
50.001747, 5.000048, 42316, 20798, 23638.4, 23183, 27594, 30032, 32801, 37341, 0
55.001748, 5.000001, 42228, 20769, 23667.2, 23209, 27639, 30110, 33375, 37122, 0
60.001702, 4.999954, 42310, 20760, 23664.7, 23204, 27689, 30010, 32761, 37027, 0
65.001701, 4.999999, 42213, 20727, 23665.8, 23215, 27666, 30077, 33084, 38268, 0
70.002084, 5.000383, 42279, 20796, 23649.5, 23207, 27582, 30010, 33283, 38010, 0
75.000697, 4.998613, 42257, 20796, 23647.7, 23193, 27592, 29998, 32794, 37442, 0
80.001701, 5.001004, 42251, 20775, 23674.2, 23205, 27650, 30045, 33005, 36593, 0
85.0017, 4.999999, 42253, 20771, 23653.8, 23185, 27674, 30088, 32998, 36751, 0
90.001697, 4.999997, 42373, 20790, 23603.3, 23173, 27442, 29736, 32565, 39189, 0
95.001714, 5.000017, 42183, 20738, 23678.9, 23212, 27704, 30261, 33282, 38939, 0
100.001795, 5.000081, 42230, 20742, 23677.8, 23220, 27686, 30092, 33163, 38171, 0
105.001721, 4.999926, 42309, 20742, 23631.7, 23160, 27603, 30128, 32958, 35377, 0
110.001698, 4.999977, 42232, 20790, 23658.2, 23213, 27651, 29982, 33088, 38782, 0
115.001708, 5.00001, 42287, 20725, 23642.6, 23194, 27613, 30014, 32967, 36712, 0
120.001734, 5.000026, 42253, 20773, 23678.1, 23200, 27716, 30155, 33252, 36444, 0
121.0038, 1.002066, 8406, 20773, 23666.9, 23190, 27699, 30153, 33125, 38256, 0
