elapsed, window, total, successful, failed
5.000234, 5.000234, 147654, 147654, 0
10.001231, 5.000997, 143955, 143955, 0
15.001174, 4.999943, 143962, 143962, 0
20.001234, 5.00006, 144053, 144053, 0
25.001259, 5.000025, 144622, 144622, 0
30.00119, 4.999931, 143726, 143726, 0
35.001194, 5.000004, 143853, 143853, 0
40.001231, 5.000037, 143182, 143182, 0
45.00131, 5.000079, 143851, 143851, 0
50.001179, 4.999869, 144678, 144678, 0
55.00122, 5.000041, 143632, 143632, 0
60.001189, 4.999969, 144433, 144433, 0
65.001262, 5.000073, 144132, 144132, 0
70.001339, 5.000077, 144730, 144730, 0
75.001218, 4.999879, 144053, 144053, 0
80.001177, 4.999959, 144321, 144321, 0
85.001273, 5.000096, 144726, 144726, 0
90.0012, 4.999927, 144449, 144449, 0
95.001305, 5.000105, 145358, 145358, 0
100.001201, 4.999896, 145942, 145942, 0
105.001282, 5.000081, 145294, 145294, 0
110.001262, 4.99998, 145514, 145514, 0
115.00122, 4.999958, 145555, 145555, 0
120.001218, 4.999998, 145381, 145381, 0
121.002375, 1.001157, 28973, 28973, 0
