elapsed, window, n, min, mean, median, 95th, 99th, 99_9th, max, errors
5.000696, 5.000696, 43462, 21140, 28877.3, 27806, 37959, 43506, 50148, 58231, 0
10.001748, 5.001052, 43596, 21140, 28676.5, 27744, 37144, 41756, 47216, 56401, 0
15.001719, 4.999971, 43530, 21124, 28703.6, 27788, 37079, 41732, 47356, 56401, 0
20.001696, 4.999977, 43624, 21262, 28652.8, 27728, 37057, 41767, 47698, 57757, 0
25.001696, 5.0, 43585, 21345, 28661.8, 27676, 37200, 41819, 47844, 58597, 0
30.001702, 5.000006, 43606, 21227, 28668.3, 27707, 37268, 41886, 47423, 58597, 0
35.001782, 5.00008, 43532, 21419, 28699.8, 27722, 37332, 42138, 47209, 56374, 0
40.001732, 4.99995, 43488, 21432, 28743.7, 27821, 37200, 41946, 46865, 53413, 0
45.001729, 4.999997, 43529, 21309, 28708.4, 27777, 37215, 42013, 47141, 56604, 0
50.001733, 5.000004, 43603, 21362, 28727.8, 27800, 37329, 42058, 47016, 61561, 0
55.001701, 4.999968, 43359, 21265, 28807.8, 27824, 37547, 42240, 47951, 61928, 0
60.001713, 5.000012, 43566, 21313, 28688.8, 27769, 37137, 41821, 47307, 55729, 0
65.001722, 5.000009, 43528, 21213, 28701.8, 27738, 37286, 41872, 47067, 57398, 0
70.001694, 4.999972, 43565, 21273, 28682.4, 27729, 37237, 41913, 46874, 54452, 0
75.001698, 5.000004, 43516, 21123, 28741.8, 27781, 37358, 42091, 46887, 57958, 0
80.0018, 5.000102, 43606, 21248, 28666.1, 27701, 37307, 42014, 47112, 57197, 0
85.001706, 4.999906, 43419, 21072, 28747.3, 27800, 37335, 42096, 47344, 57386, 0
90.001695, 4.999989, 43442, 21072, 28766.6, 27773, 37385, 42088, 47194, 55140, 0
95.001696, 5.000001, 43466, 21308, 28761.8, 27812, 37351, 42111, 47269, 59718, 0
100.001701, 5.000005, 43434, 21323, 28744.3, 27852, 37124, 41792, 47554, 57902, 0
105.001693, 4.999992, 43480, 21412, 28734.3, 27779, 37252, 41882, 47126, 57902, 0
110.001695, 5.000002, 43424, 21214, 28753.1, 27784, 37323, 41848, 47031, 51813, 0
115.001704, 5.000009, 43391, 21198, 28777.0, 27813, 37457, 42184, 47390, 55791, 0
120.001824, 5.00012, 43445, 21377, 28785.8, 27810, 37460, 42228, 47491, 56799, 0
121.004806, 1.002982, 8683, 21377, 28774.4, 27774, 37485, 42339, 47492, 56799, 0
