elapsed, window, n, min, mean, median, 95th, 99th, 99_9th, max, errors
5.000251, 5.000251, 826, 91920, 164743.5, 109519, 323358, 584220, 782823, 857196, 0
10.00127, 5.001019, 523, 92031, 190678.2, 195213, 336592, 368035, 393374, 429017, 0
15.001313, 5.000043, 525, 92318, 212090.8, 206033, 388054, 429017, 444395, 457487, 0
20.001341, 5.000028, 530, 92235, 209665.2, 204212, 386630, 421606, 441534, 442760, 0
25.001323, 4.999982, 554, 91907, 198260.1, 200336, 364828, 390570, 411723, 452087, 0
30.001214, 4.999891, 550, 91455, 203264.3, 198905, 370924, 433119, 469675, 472547, 0
35.001251, 5.000037, 529, 92034, 202839.6, 202996, 371687, 417772, 439407, 472547, 0
40.001273, 5.000022, 510, 91925, 205670.2, 202828, 387682, 428882, 474605, 479750, 0
45.001385, 5.000112, 569, 91959, 193773.1, 198103, 362862, 421668, 446585, 450620, 0
50.001263, 4.999878, 536, 92143, 201805.1, 203127, 377078, 435501, 456715, 467760, 0
55.001303, 5.00004, 594, 92278, 189971.3, 193240, 346724, 384829, 411889, 415468, 0
60.00126, 4.999957, 492, 91940, 211091.6, 207328, 395973, 423494, 438851, 444487, 0
65.00127, 5.00001, 484, 92002, 213517.1, 205951, 413255, 439158, 482209, 484985, 0
70.001308, 5.000038, 496, 91772, 211627.7, 207446, 397049, 433313, 452111, 475289, 0
75.001216, 4.999908, 524, 92171, 212858.3, 204985, 407674, 439250, 461477, 521067, 0
80.001205, 4.999989, 532, 92062, 217221.2, 203717, 427902, 468787, 503468, 506349, 0
85.001272, 5.000067, 475, 92048, 233670.9, 212862, 447468, 481360, 507173, 516348, 0
90.001232, 4.99996, 505, 91649, 221881.2, 209788, 434282, 457466, 482462, 483852, 0
95.001207, 4.999975, 478, 91912, 218218.1, 203985, 438860, 462113, 481639, 496245, 0
100.001362, 5.000155, 446, 91987, 229749.6, 207374, 454952, 496474, 600110, 600110, 0
105.00119, 4.999828, 453, 91987, 230211.6, 206442, 489271, 543704, 551730, 654325, 0
110.001413, 5.000223, 428, 91990, 240239.6, 206816, 504326, 597934, 634414, 634414, 0
115.001308, 4.999895, 458, 91747, 233626.1, 207618, 462797, 493998, 533439, 599168, 0
120.001287, 4.999979, 446, 92107, 218365.3, 200333, 451222, 483774, 533439, 533439, 0
121.012392, 1.011105, 92, 92107, 216454.1, 199703, 448607, 504014, 525299, 602065, 0
