elapsed, window, n, min, mean, median, 95th, 99th, 99_9th, max, errors
5.000213, 5.000213, 5204, 968351, 1575121.7, 1511254, 2008854, 2080112, 2444475, 2637828, 0
10.00139, 5.001177, 6423, 950418, 1536418.5, 1623951, 2075271, 2097729, 2159236, 2166506, 0
15.001265, 4.999875, 7091, 946272, 1440729.7, 1122209, 2039808, 2093226, 2143983, 2157509, 0
20.001264, 4.999999, 6733, 949278, 1431972.0, 1118018, 2039111, 2078616, 2111903, 2157509, 0
25.001267, 5.000003, 7124, 949216, 1452203.8, 1159580, 2049622, 2117982, 2156008, 2163555, 0
30.00126, 4.999993, 6655, 949528, 1439385.2, 1149518, 2039831, 2084391, 2151388, 2158247, 0
35.001266, 5.000006, 7800, 931867, 1334425.7, 1048542, 2013766, 2072235, 2138140, 2183642, 0
40.001264, 4.999998, 6985, 940420, 1383147.2, 1090829, 2026249, 2081384, 2146692, 2156321, 0
45.001265, 5.000001, 7735, 943431, 1339538.2, 1052918, 2006985, 2074444, 2142065, 2150481, 0
50.001264, 4.999999, 7089, 949500, 1370187.8, 1081971, 2008356, 2077077, 2147856, 2151665, 0
55.001266, 5.000002, 7408, 950230, 1368643.0, 1081595, 2005018, 2075510, 2088701, 2156424, 0
60.001268, 5.000002, 7062, 950090, 1365612.3, 1076397, 2008003, 2075399, 2134544, 2151654, 0
65.001265, 4.999997, 7879, 949340, 1325558.2, 1051805, 2003693, 2072169, 2115846, 2149837, 0
70.001268, 5.000003, 7386, 947325, 1339771.7, 1072462, 2004619, 2074373, 2116140, 2149331, 0
75.001582, 5.000314, 7544, 943402, 1312031.9, 1071243, 2002447, 2068266, 2081398, 2084751, 0
80.001266, 4.999684, 7759, 924652, 1300231.9, 1049846, 2000882, 2071034, 2084828, 2116364, 0
85.001265, 4.999999, 7744, 947660, 1297437.2, 1061538, 2001436, 2066684, 2141242, 2150176, 0
90.001265, 5.0, 7743, 924968, 1289178.6, 1063150, 2001638, 2052525, 2084381, 2151368, 0
95.001264, 4.999999, 7391, 949906, 1340139.3, 1077484, 2005112, 2076018, 2111846, 2151368, 0
100.001269, 5.000005, 7830, 926572, 1316729.1, 1072053, 2001012, 2059358, 2140215, 2220282, 0
105.001265, 4.999996, 8823, 886472, 1176720.0, 1028209, 1942287, 2006093, 2077200, 2112104, 0
110.00122, 4.999955, 8676, 885225, 1143021.8, 1012601, 1938466, 2005621, 2076119, 2083349, 0
115.001267, 5.000047, 8733, 883409, 1125277.3, 1012535, 1932222, 2004671, 2073444, 2077936, 0
120.001266, 4.999999, 8633, 883262, 1172402.0, 1021240, 1970941, 2013874, 2080875, 2147937, 0
121.037321, 1.036055, 1752, 883262, 1172468.8, 1014105, 1959739, 2013587, 2080875, 2147937, 0
