elapsed, window, n, min, mean, median, 95th, 99th, 99_9th, max, errors
5.000633, 5.000633, 195, 1049, 21220.3, 4978, 67599, 85147, 115627, 115627, 0
10.001664, 5.001031, 77, 1059, 25995.8, 14811, 67512, 81199, 95563, 95563, 0
15.001632, 4.999968, 88, 1059, 36033.7, 36819, 76806, 110965, 164127, 164127, 0
20.001631, 4.999999, 121, 1020, 26260.6, 9917, 66662, 78584, 114621, 114621, 0
25.001585, 4.999954, 100, 1085, 21692.1, 6512, 83558, 103083, 109143, 109143, 0
30.00167, 5.000085, 244, 961, 17803.1, 3045, 67546, 101169, 117209, 117209, 0
35.001639, 4.999969, 105, 961, 24968.9, 11345, 70908, 90265, 96407, 96407, 0
40.001687, 5.000048, 147, 979, 27620.5, 17208, 85434, 111431, 113496, 113496, 0
45.001642, 4.999955, 168, 979, 18279.5, 3049, 63468, 106298, 124587, 124587, 0
50.001534, 4.999892, 60, 1086, 30940.3, 26750, 78761, 97119, 103446, 103446, 0
55.001635, 5.000101, 341, 950, 14281.4, 1721, 65136, 89498, 109757, 109757, 0
60.001662, 5.000027, 64, 1009, 35754.2, 33335, 94912, 105852, 117596, 117596, 0
65.001642, 4.99998, 210, 971, 22113.6, 4806, 66352, 90745, 111283, 111283, 0
70.001592, 4.99995, 103, 999, 17342.7, 4933, 66925, 72307, 80584, 80584, 0
75.00158, 4.999988, 197, 961, 26312.5, 5150, 88877, 176803, 188803, 188803, 0
80.001584, 5.000004, 90, 940, 30594.2, 23810, 79075, 87383, 129490, 129490, 0
85.00164, 5.000056, 155, 1013, 25862.2, 5701, 94045, 120440, 138732, 138732, 0
90.001629, 4.999989, 70, 1030, 15222.7, 1799, 67206, 107892, 122970, 122970, 0
95.001644, 5.000015, 322, 1000, 22976.3, 3482, 79354, 105329, 116360, 116360, 0
100.00164, 4.999996, 161, 945, 16912.9, 1606, 62447, 68467, 85152, 85152, 0
105.001596, 4.999956, 106, 1093, 32880.0, 26528, 92921, 112669, 121352, 121352, 0
110.001637, 5.000041, 117, 882, 24076.3, 4687, 80767, 116878, 122789, 122789, 0
115.001633, 4.999996, 149, 922, 24545.6, 4895, 70787, 103217, 113282, 113282, 0
120.00166, 5.000027, 94, 1001, 35540.3, 15689, 103360, 127275, 147352, 147352, 0
121.002739, 1.001079, 31, 1001, 34913.1, 26553, 98918, 127275, 147352, 147352, 0
