elapsed, window, n, min, mean, median, 95th, 99th, 99_9th, max, errors
5.000272, 5.000272, 30699, 922, 2713.6, 1419, 10769, 13259, 15215, 22786, 0
10.001241, 5.000969, 30527, 907, 2700.2, 1426, 10635, 13214, 15116, 19527, 0
15.001225, 4.999984, 30523, 902, 2704.5, 1430, 10695, 13167, 15125, 23268, 0
20.001252, 5.000027, 30499, 902, 2702.5, 1426, 10694, 13143, 15093, 31228, 0
25.001313, 5.000061, 30448, 905, 2712.4, 1435, 10664, 13250, 15650, 29795, 0
30.001264, 4.999951, 30589, 905, 2688.5, 1427, 10649, 13179, 15191, 22130, 0
35.00131, 5.000046, 30496, 907, 2692.1, 1433, 10563, 13215, 15280, 20459, 0
40.001216, 4.999906, 30553, 929, 2685.7, 1423, 10650, 13079, 14989, 22866, 0
45.001231, 5.000015, 30640, 895, 2667.7, 1424, 10621, 13134, 14925, 22866, 0
50.001244, 5.000013, 31166, 867, 2653.5, 1423, 10551, 13109, 14989, 21211, 0
55.00134, 5.000096, 30157, 874, 2712.1, 1420, 10686, 13217, 15203, 22550, 0
60.001342, 5.000002, 30568, 919, 2699.3, 1436, 10693, 13180, 15044, 21075, 0
65.001211, 4.999869, 30395, 928, 2711.2, 1462, 10551, 13127, 15062, 20482, 0
70.001285, 5.000074, 30286, 922, 2717.1, 1478, 10600, 13214, 15192, 30948, 0
75.001244, 4.999959, 30307, 934, 2712.6, 1472, 10559, 13121, 15314, 29945, 0
80.001228, 4.999984, 30178, 931, 2720.1, 1461, 10599, 13154, 15127, 30156, 0
85.001254, 5.000026, 30255, 927, 2701.8, 1452, 10571, 13119, 14871, 20568, 0
90.001244, 4.99999, 30705, 908, 2693.6, 1444, 10581, 13124, 15040, 19082, 0
95.001311, 5.000067, 30036, 933, 2731.6, 1458, 10685, 13186, 15185, 21219, 0
100.00124, 4.999929, 29839, 883, 2740.9, 1459, 10635, 13142, 15136, 20535, 0
105.001195, 4.999955, 30469, 913, 2699.0, 1432, 10625, 13104, 15143, 20118, 0
110.001214, 5.000019, 30980, 921, 2681.2, 1459, 10507, 13123, 15172, 19096, 0
115.001224, 5.00001, 30579, 928, 2684.1, 1468, 10497, 13135, 14880, 16709, 0
120.001202, 4.999978, 30188, 877, 2722.1, 1449, 10604, 13160, 15112, 21248, 0
121.002438, 1.001236, 6238, 864, 2703.3, 1428, 10600, 13177, 15100, 21248, 0
