elapsed, window, total, successful, failed
5.000998, 5.000998, 20730, 20730, 0
10.002029, 5.001031, 20600, 20600, 0
15.000997, 4.998968, 20510, 20510, 0
20.001967, 5.00097, 20845, 20845, 0
25.002073, 5.000106, 20007, 20007, 0
30.001098, 4.999025, 20045, 20045, 0
35.00096, 4.999862, 20035, 20035, 0
40.001953, 5.000993, 20395, 20395, 0
45.002009, 5.000056, 20737, 20737, 0
50.001955, 4.999946, 20350, 20350, 0
55.001989, 5.000034, 20198, 20198, 0
60.00201, 5.000021, 20344, 20344, 0
65.001985, 4.999975, 20826, 20826, 0
70.00197, 4.999985, 20024, 20024, 0
75.002053, 5.000083, 20363, 20363, 0
80.001175, 4.999122, 20231, 20231, 0
85.000963, 4.999788, 20389, 20389, 0
90.002019, 5.001056, 20175, 20175, 0
95.001968, 4.999949, 20193, 20193, 0
100.001997, 5.000029, 19810, 19810, 0
105.001952, 4.999955, 20093, 20093, 0
110.001991, 5.000039, 20187, 20187, 0
115.00199, 4.999999, 19765, 19765, 0
120.001964, 4.999974, 19606, 19606, 0
125.001958, 4.999994, 19798, 19798, 0
130.002058, 5.0001, 19655, 19655, 0
135.000997, 4.998939, 19849, 19849, 0
140.002003, 5.001006, 20117, 20117, 0
145.001957, 4.999954, 19929, 19929, 0
150.002018, 5.000061, 19991, 19991, 0
155.002036, 5.000018, 20129, 20129, 0
160.000998, 4.998962, 19921, 19921, 0
165.00196, 5.000962, 19887, 19887, 0
170.001984, 5.000024, 19786, 19786, 0
175.002016, 5.000032, 19838, 19838, 0
180.002031, 5.000015, 19899, 19899, 0
181.002285, 1.000254, 4033, 4033, 0
