elapsed, window, total, successful, failed
5.000503, 5.000503, 580261, 580261, 0
10.001474, 5.000971, 479637, 479637, 0
15.001457, 4.999983, 488554, 488554, 0
20.001462, 5.000005, 485230, 485230, 0
25.001448, 4.999986, 482878, 482878, 0
30.001445, 4.999997, 489302, 489302, 0
35.001456, 5.000011, 483807, 483807, 0
40.001445, 4.999989, 490140, 490140, 0
45.001443, 4.999998, 482928, 482928, 0
50.001512, 5.000069, 483905, 483905, 0
55.001448, 4.999936, 487163, 487163, 0
60.001453, 5.000005, 482562, 482562, 0
65.001477, 5.000024, 486550, 486550, 0
70.001498, 5.000021, 481932, 481932, 0
75.001465, 4.999967, 479028, 479028, 0
80.001437, 4.999972, 485687, 485687, 0
85.001434, 4.999997, 486026, 486026, 0
90.001519, 5.000085, 481801, 481801, 0
95.001436, 4.999917, 482722, 482722, 0
100.001471, 5.000035, 479028, 479028, 0
105.001463, 4.999992, 480130, 480130, 0
110.001454, 4.999991, 478661, 478661, 0
115.001491, 5.000037, 481090, 481090, 0
120.001477, 4.999986, 485954, 485954, 0
121.049641, 1.048164, 102870, 102870, 0
