elapsed, window, n, min, mean, max, errors, median
5.000991, 5.000991,1772, 63464,78590.3, 220208,30,75531.4
10.001002, 5.000011,2529, 63252,74800.6, 186658,39,73842
15.001047, 5.000045,2437, 63169,75608.7, 197867,50,74210.6
20.001048, 5.000001,2440, 63169,75197.2, 186533,38,74194.8
25.000962, 4.999914,2421, 63158,75782.2, 277484,43,74610.7
30.001171, 5.000209,2472, 63199,74835.6, 187377,36,74082.1
35.000974, 4.999803,2461, 63215,75041.7, 188472,41,74026.8
40.00096, 4.999986,2557, 63281,75166.6, 198008,45,74206
45.001041, 5.000081,2506, 63160,75211.3, 190146,37,74367.6
50.001043, 5.000002,2481, 63192,76091.5, 188414,43,75124
55.001042, 4.999999,2518, 63234,75536.7, 245327,43,74004.4
60.001, 4.999958,2518, 63225,75169.4, 189335,49,74234.4
65.001002, 5.000002,2512, 63222,74604.5, 187014,39,73755.6
70.001036, 5.000034,2490, 63164,75482.6, 186795,37,74375
75.001044, 5.000008,2470, 63116,74828.3, 187178,37,73954.5
80.000965, 4.999921,2569, 63240,75872.9, 189067,50,74607.4
85.001035, 5.00007,2436, 63250,75471.6, 187372,50,74597.9
90.001062, 5.000027,2459, 63246,75160.8, 195190,57,74199.9
95.001991, 5.000929,2491, 63224,75055.3, 186894,56,74359.1
100.00104, 4.999049,2522, 63251,74748, 184507,46,74068.9
105.002048, 5.001008,2475, 63172,74571.7, 188941,41,73928.2
110.001001, 4.998953,2516, 63148,75029.2, 186542,59,74372.8
115.00101, 5.000009,2476, 63226,74686.6, 186639,58,73907.2
120.000986, 4.999976,2374, 63079,74819.1, 184145,49,74233.4
125.001105, 5.000119,2420, 63122,75155.8, 184970,39,74055.7
130.001031, 4.999926,2357, 63122,75060.1, 195715,54,74419
135.001058, 5.000027,2472, 63229,74809.4, 195715,44,74231.7
140.001049, 4.999991,2409, 63237,75156.8, 189825,50,74377.1
145.001956, 5.000907,2443, 63169,75842.1, 189825,54,74770.6
150.001039, 4.999083,2461, 63196,75163.8, 246041,62,74058.8
155.001058, 5.000019,2420, 63233,75153.3, 185458,61,74612
160.001077, 5.000019,2450, 63141,74469, 187678,58,73817
165.001037, 4.99996,2435, 63097,75657.4, 188435,61,74186.5
170.001048, 5.000011,2575, 63039,74755.6, 186615,58,74270.4
175.001042, 4.999994,2498, 63202,75030.6, 190898,55,74236.4
180.001016, 4.999974,2506, 63241,83262, 252155,64,77755.8
181.068227, 1.067211,578, 63241,82636.7, 252155,11,76883.3

