elapsed, window, total, successful, failed
5.00014, 5.00014, 455313, 455313, 0
10.001101, 5.000961, 415367, 415367, 0
15.001084, 4.999983, 415717, 415717, 0
20.001119, 5.000035, 417368, 417368, 0
25.001191, 5.000072, 417543, 417543, 0
30.00109, 4.999899, 413227, 413227, 0
35.001113, 5.000023, 404930, 404930, 0
40.001109, 4.999996, 405844, 405844, 0
45.001095, 4.999986, 408086, 408086, 0
50.001092, 4.999997, 406928, 406928, 0
55.001095, 5.000003, 410183, 410183, 0
60.00109, 4.999995, 407846, 407846, 0
65.001247, 5.000157, 414938, 414938, 0
70.001095, 4.999848, 406269, 406269, 0
75.001117, 5.000022, 405117, 405117, 0
80.001099, 4.999982, 405840, 405840, 0
85.001146, 5.000047, 407798, 407798, 0
90.001096, 4.99995, 403722, 403722, 0
95.00112, 5.000024, 407116, 407116, 0
100.001116, 4.999996, 406773, 406773, 0
105.001099, 4.999983, 406621, 406621, 0
110.00109, 4.999991, 406557, 406557, 0
115.001148, 5.000058, 406679, 406679, 0
120.001126, 4.999978, 405528, 405528, 0
121.021168, 1.020042, 82630, 82630, 0
