elapsed, window, total, successful, failed
5.00186, 5.00186, 38856, 38856, 0
10.000944, 4.999084, 39744, 39744, 0
15.001881, 5.000937, 39561, 39561, 0
20.001834, 4.999953, 39629, 39629, 0
25.001851, 5.000017, 39524, 39524, 0
30.00185, 4.999999, 40133, 40133, 0
35.001899, 5.000049, 39199, 39199, 0
40.00195, 5.000051, 39616, 39616, 0
45.001875, 4.999925, 39398, 39398, 0
50.001858, 4.999983, 39873, 39873, 0
55.001873, 5.000015, 39630, 39630, 0
60.000939, 4.999066, 39437, 39437, 0
65.00096, 5.000021, 39157, 39157, 0
70.000892, 4.999932, 39585, 39585, 0
75.000848, 4.999956, 39551, 39551, 0
80.001827, 5.000979, 39670, 39670, 0
85.001844, 5.000017, 39794, 39794, 0
90.001926, 5.000082, 39121, 39121, 0
95.001835, 4.999909, 39823, 39823, 0
100.001852, 5.000017, 39849, 39849, 0
105.002462, 5.00061, 39345, 39345, 0
110.001881, 4.999419, 39071, 39071, 0
115.001889, 5.000008, 35834, 35834, 0
120.001859, 4.99997, 39587, 39587, 0
125.001863, 5.000004, 39003, 39003, 0
130.001828, 4.999965, 39305, 39305, 0
135.001963, 5.000135, 38752, 38752, 0
140.001847, 4.999884, 39139, 39139, 0
145.001961, 5.000114, 39067, 39067, 0
150.001916, 4.999955, 39215, 39215, 0
155.001843, 4.999927, 39486, 39486, 0
160.001841, 4.999998, 39384, 39384, 0
165.00202, 5.000179, 39211, 39211, 0
170.001904, 4.999884, 39034, 39034, 0
175.001948, 5.000044, 39241, 39241, 0
180.001955, 5.000007, 38918, 38918, 0
185.001877, 4.999922, 39535, 39535, 0
190.00192, 5.000043, 39165, 39165, 0
195.001946, 5.000026, 39499, 39499, 0
200.00196, 5.000014, 39498, 39498, 0
205.001912, 4.999952, 39460, 39460, 0
210.001925, 5.000013, 39609, 39609, 0
215.001848, 4.999923, 39821, 39821, 0
220.001909, 5.000061, 39666, 39666, 0
225.001916, 5.000007, 39426, 39426, 0
230.001868, 4.999952, 40026, 40026, 0
235.001915, 5.000047, 39586, 39586, 0
240.001926, 5.000011, 39221, 39221, 0
245.001918, 4.999992, 39229, 39229, 0
250.002059, 5.000141, 39262, 39262, 0
255.001855, 4.999796, 39043, 39043, 0
260.001877, 5.000022, 39112, 39112, 0
265.001862, 4.999985, 39264, 39264, 0
270.000896, 4.999034, 39229, 39229, 0
275.001884, 5.000988, 39593, 39593, 0
280.001861, 4.999977, 39271, 39271, 0
285.001877, 5.000016, 39558, 39558, 0
290.00187, 4.999993, 39591, 39591, 0
295.000834, 4.998964, 39267, 39267, 0
300.000835, 5.000001, 39207, 39207, 0
301.052078, 1.051243, 8470, 8470, 0
