elapsed, window, n, min, mean, max, errors, median
5.000442, 5.000442,180, 1234,63873.9, 98310,0,63876.1
10.001406, 5.000964,30, 0,23419.5, 64658,0,16528.8
15.001329, 4.999923,270, 0,60853.1, 96397,0,63456.6
20.001306, 4.999977,488, 862,55017.5, 96966,0,58217
25.001333, 5.000027,596, 778,53973.7, 96607,0,66570.9
30.00137, 5.000037,527, 841,70159.8, 117871,0,74595.2
35.001352, 4.999982,747, 806,55660.3, 124610,0,56321.3
40.001381, 5.000029,522, 884,73447.7, 175025,0,77074
45.001372, 4.999991,361, 825,72101.8, 122223,0,85733.8
50.001381, 5.000009,419, 790,34396.6, 96378,0,27343.7
55.001382, 5.000001,420, 1130,77561.2, 110204,0,78373.5
60.001314, 4.999932,300, 863,65757.5, 96771,0,61626
65.001381, 5.000067,480, 792,50657, 96916,0,52790.3
70.00129, 4.999909,300, 641,73252.4, 98290,0,75843.5
75.001398, 5.000108,120, 0,47129.1, 97233,0,2422.75
80.001351, 4.999953,337, 1149,70371.3, 214979,0,69495.9
85.001369, 5.000018,559, 832,68467.6, 214979,0,77087.1
90.001307, 4.999938,240, 0,66088.8, 96467,0,68589.9
95.001324, 5.000017,60, 0,1180.8, 4588,0,1029
100.001338, 5.000014,415, 2860,73885.9, 123413,0,75531.3
105.001419, 5.000081,380, 2221,84942.7, 97088,0,85732.2
110.001341, 4.999922,361, 2885,75639.1, 98179,0,77151
115.001334, 4.999993,102, 3063,71795.4, 204680,0,64953.2
120.001377, 5.000043,117, 0,93175, 96757,0,93003.6
121.002512, 1.001135,60, 0,47797.1, 96757,0,52073.7

