elapsed, window, total, successful, failed
5.00098, 5.00098, 978, 978, 0
10.001949, 5.000969, 987, 987, 0
15.001968, 5.000019, 1013, 1013, 0
20.001871, 4.999903, 987, 987, 0
25.00193, 5.000059, 1002, 1002, 0
30.001978, 5.000048, 1025, 1025, 0
35.00192, 4.999942, 976, 976, 0
40.001986, 5.000066, 1006, 1006, 0
45.001891, 4.999905, 995, 995, 0
50.002024, 5.000133, 967, 967, 0
55.001991, 4.999967, 974, 974, 0
60.001951, 4.99996, 983, 983, 0
65.001879, 4.999928, 976, 976, 0
70.00192, 5.000041, 968, 968, 0
75.001979, 5.000059, 982, 982, 0
80.001919, 4.99994, 967, 967, 0
85.001926, 5.000007, 1012, 1012, 0
90.001914, 4.999988, 968, 968, 0
95.001928, 5.000014, 974, 974, 0
100.001923, 4.999995, 973, 973, 0
105.00196, 5.000037, 990, 990, 0
110.001978, 5.000018, 966, 966, 0
115.001852, 4.999874, 1009, 1009, 0
120.001977, 5.000125, 978, 978, 0
125.00196, 4.999983, 998, 998, 0
130.001936, 4.999976, 974, 974, 0
135.001946, 5.00001, 974, 974, 0
140.001937, 4.999991, 1006, 1006, 0
145.002009, 5.000072, 992, 992, 0
150.001965, 4.999956, 989, 989, 0
155.001978, 5.000013, 1007, 1007, 0
160.001987, 5.000009, 976, 976, 0
165.001928, 4.999941, 969, 969, 0
170.001945, 5.000017, 987, 987, 0
175.001897, 4.999952, 961, 961, 0
180.001967, 5.00007, 1002, 1002, 0
185.001978, 5.000011, 984, 984, 0
190.002026, 5.000048, 996, 996, 0
195.001964, 4.999938, 981, 981, 0
200.00191, 4.999946, 988, 988, 0
205.001837, 4.999927, 980, 980, 0
210.001863, 5.000026, 971, 971, 0
215.002004, 5.000141, 1023, 1023, 0
220.001911, 4.999907, 976, 976, 0
225.001942, 5.000031, 1002, 1002, 0
230.002024, 5.000082, 960, 960, 0
235.001979, 4.999955, 989, 989, 0
240.001912, 4.999933, 981, 981, 0
245.00193, 5.000018, 985, 985, 0
250.001948, 5.000018, 976, 976, 0
255.001936, 4.999988, 973, 973, 0
260.001959, 5.000023, 985, 985, 0
265.001917, 4.999958, 962, 962, 0
270.001922, 5.000005, 972, 972, 0
275.001913, 4.999991, 980, 980, 0
280.001841, 4.999928, 996, 996, 0
285.001974, 5.000133, 975, 975, 0
290.00203, 5.000056, 991, 991, 0
295.00192, 4.99989, 996, 996, 0
300.001971, 5.000051, 987, 987, 0
301.004032, 1.002061, 196, 196, 0
