elapsed, window, n, min, mean, median, 95th, 99th, 99_9th, max, errors
5.00012, 5.00012, 76480, 308, 1979.8, 1839, 6024, 6626, 8308, 10330, 0
10.001288, 5.001168, 85205, 324, 1752.9, 1748, 4499, 6376, 8115, 8802, 0
15.001075, 4.999787, 84730, 326, 1761.6, 1747, 4606, 6415, 8190, 8829, 0
20.001073, 4.999998, 85861, 316, 1744.1, 1730, 4536, 6383, 8113, 8769, 0
25.001083, 5.00001, 85602, 323, 1732.7, 1722, 4487, 6358, 8165, 8746, 0
30.001057, 4.999974, 81120, 329, 1838.4, 1787, 5782, 6499, 8273, 10381, 0
35.001075, 5.000018, 78256, 328, 1900.5, 1819, 5910, 6578, 8319, 9916, 0
40.001087, 5.000012, 86647, 328, 1730.4, 1713, 4489, 6382, 8180, 10080, 0
45.001056, 4.999969, 87030, 338, 1715.3, 1723, 4395, 6316, 8119, 8804, 0
50.001081, 5.000025, 87488, 344, 1703.7, 1718, 4344, 6312, 8107, 8746, 0
55.001127, 5.000046, 88149, 332, 1696.2, 1722, 4304, 6286, 8087, 9065, 0
60.001143, 5.000016, 89593, 342, 1666.5, 1707, 4229, 6217, 7984, 8688, 0
65.001086, 4.999943, 91121, 337, 1636.1, 1676, 4121, 6175, 7988, 9248, 0
70.001086, 5.0, 87827, 343, 1697.5, 1726, 4321, 6316, 8071, 8912, 0
75.001071, 4.999985, 90141, 339, 1663.8, 1677, 4217, 6234, 8046, 8786, 0
80.001054, 4.999983, 88530, 331, 1679.2, 1705, 4238, 6229, 7929, 8714, 0
85.001061, 5.000007, 88875, 335, 1682.7, 1691, 4264, 6261, 8027, 8889, 0
90.001067, 5.000006, 88157, 340, 1694.6, 1723, 4269, 6248, 8058, 9555, 0
95.001078, 5.000011, 88447, 333, 1684.8, 1734, 4238, 6238, 7962, 9039, 0
100.001118, 5.00004, 89320, 343, 1671.7, 1702, 4198, 6227, 7947, 8964, 0
105.001082, 4.999964, 89515, 348, 1666.9, 1668, 4227, 6265, 8027, 9483, 0
110.0011, 5.000018, 88748, 338, 1683.7, 1713, 4258, 6282, 8016, 9918, 0
115.001068, 4.999968, 86566, 341, 1720.8, 1720, 4375, 6364, 8133, 8808, 0
120.001072, 5.000004, 84249, 350, 1771.7, 1776, 4532, 6441, 8231, 9456, 0
121.002157, 1.001085, 17142, 350, 1761.9, 1772, 4508, 6438, 8195, 9456, 0
