elapsed, window, n, min, mean, max, errors, median
5.000311, 5.000311,204256, 0,0, 0,0,0
10.001545, 5.001234,211549, 0,0, 0,0,0
15.001302, 4.999757,211343, 0,0, 0,0,0
20.00131, 5.000008,211318, 0,0, 0,0,0
25.001386, 5.000076,211563, 0,0, 0,0,0
30.001452, 5.000066,211640, 0,0, 0,0,0
35.00144, 4.999988,211017, 0,0, 0,0,0
40.001306, 4.999866,211618, 0,0, 0,0,0
45.001301, 4.999995,211608, 0,0, 0,0,0
50.001347, 5.000046,211312, 0,0, 0,0,0
55.001307, 4.99996,211459, 0,0, 0,0,0
60.001389, 5.000082,211509, 0,0, 0,0,0
65.001354, 4.999965,211843, 0,0, 0,0,0
70.001299, 4.999945,211546, 0,0, 0,0,0
75.001373, 5.000074,211764, 0,0, 0,0,0
80.001311, 4.999938,211508, 0,0, 0,0,0
85.00149, 5.000179,211461, 0,0, 0,0,0
90.001335, 4.999845,211585, 0,0, 0,0,0
95.001334, 4.999999,211733, 0,0, 0,0,0
100.001303, 4.999969,211829, 0,0, 0,0,0
105.001302, 4.999999,211708, 0,0, 0,0,0
110.00144, 5.000138,211917, 0,0, 0,0,0
115.001325, 4.999885,211562, 0,0, 0,0,0
120.001417, 5.000092,211876, 0,0, 0,0,0
121.003406, 1.001989,42371, 0,0, 0,0,0

