elapsed, window, n, min, mean, median, 95th, 99th, 99_9th, max, errors
5.000431, 5.000431, 45366, 4, 11.3, 10, 21, 37, 67, 171, 0
10.001521, 5.00109, 45407, 4, 11.4, 10, 22, 37, 70, 135, 0
15.001724, 5.000203, 45374, 4, 11.3, 10, 21, 36, 74, 160, 0
20.001433, 4.999709, 45502, 4, 11.3, 10, 21, 36, 70, 134, 0
25.001445, 5.000012, 45445, 5, 11.2, 10, 21, 36, 72, 473, 0
30.001448, 5.000003, 45635, 4, 11.2, 10, 21, 37, 66, 181, 0
35.001458, 5.00001, 45500, 4, 11.3, 10, 21, 35, 73, 488, 0
40.001549, 5.000091, 44984, 5, 11.3, 10, 21, 37, 75, 229, 0
45.001442, 4.999893, 45648, 5, 11.3, 10, 21, 37, 71, 166, 0
50.001489, 5.000047, 45464, 4, 11.3, 10, 21, 37, 77, 143, 0
55.00147, 4.999981, 45172, 4, 11.3, 10, 21, 37, 73, 172, 0
60.001521, 5.000051, 45186, 4, 11.2, 10, 21, 35, 64, 154, 0
65.001459, 4.999938, 45533, 4, 11.3, 10, 21, 37, 72, 283, 0
70.001463, 5.000004, 45403, 5, 11.3, 10, 21, 37, 76, 185, 0
75.001441, 4.999978, 45287, 5, 11.2, 10, 21, 36, 74, 273, 0
80.001465, 5.000024, 45545, 4, 11.3, 10, 22, 36, 72, 226, 0
85.001452, 4.999987, 45158, 0, 11.3, 10, 22, 37, 72, 139, 0
90.001468, 5.000016, 45266, 0, 11.3, 10, 22, 37, 75, 168, 0
95.001474, 5.000006, 45624, 5, 11.3, 10, 21, 36, 77, 241, 0
100.001446, 4.999972, 45498, 5, 11.3, 10, 21, 38, 72, 147, 0
105.001618, 5.000172, 45522, 4, 11.3, 10, 22, 37, 79, 158, 0
110.001472, 4.999854, 44879, 0, 11.4, 10, 22, 38, 78, 165, 0
115.001499, 5.000027, 45386, 5, 11.3, 10, 22, 37, 74, 138, 0
120.001431, 4.999932, 45290, 4, 11.3, 10, 21, 37, 78, 143, 0
121.00353, 1.002099, 9062, 4, 11.4, 10, 22, 38, 78, 143, 0
