elapsed, window, n, min, mean, max, errors, median
5.000544, 5.000544,333827, 0,12.1015, 725,0,10
10.001592, 5.001048,349879, 0,12.0844, 915,0,10
15.001535, 4.999943,341299, 0,12.1174, 680,0,10
20.001588, 5.000053,336221, 0,12.1515, 1047,0,10
25.001583, 4.999995,344724, 0,12.0836, 540,0,10
30.001552, 4.999969,342824, 0,12.1175, 1091,0,10
35.001537, 4.999985,347783, 0,12.1, 527,0,10
40.001589, 5.000052,349051, 0,12.0678, 5528,0,10
45.001616, 5.000027,344091, 0,12.1012, 1626,0,10
50.00154, 4.999924,336669, 0,12.1336, 1353,0,10
55.00156, 5.00002,347621, 0,12.1014, 1365,0,10
60.001543, 4.999983,347997, 0,12.084, 623,0,10
65.001655, 5.000112,345679, 0,12.1008, 727,0,10
70.001587, 4.999932,347002, 0,12.1345, 686,0,10
75.001537, 4.99995,346847, 0,12.0845, 2144,0,10
80.001586, 5.000049,342770, 0,12.0348, 878,0,10
85.001541, 4.999955,343017, 0,12.151, 5798,0,10
90.001538, 4.999997,346638, 0,12.1504, 2162,0,10
95.00156, 5.000022,342305, 0,12.1345, 773,0,10
100.00158, 5.00002,347546, 0,12.1179, 581,0,10
105.001564, 4.999984,344319, 0,12.1346, 484,0,10
110.001561, 4.999997,346753, 0,12.0844, 677,0,10
115.001538, 4.999977,343241, 0,12.0844, 677,0,10
120.0016, 5.000062,340532, 0,12.1174, 966,0,10
121.004621, 1.003021,69373, 0,12.0851, 966,0,10

