elapsed, window, n, min, mean, max, errors, median
5.001084, 5.001084,65735, 1.0,3.0659, 30.0,0,3
10.000833, 4.999749,65818, 1.0,2.96586, 30.0,0,3
15.001846, 5.001013,65823, 1.0,2.96594, 40.0,0,3
20.001795, 4.999949,65823, 1.0,3.09904, 517.0,0,3
25.001793, 4.999998,65811, 1.0,2.98238, 29.0,0,3
30.001794, 5.000001,65737, 1.0,2.98238, 30.0,0,3
35.001792, 4.999998,65874, 1.0,2.94924, 29.0,0,3
40.001812, 5.00002,65790, 1.0,2.89928, 29.0,0,3
45.001794, 4.999982,65812, 1.0,2.94932, 31.0,0,3
50.001792, 4.999998,65835, 1.0,2.94929, 29.0,0,3
55.001842, 5.00005,65838, 1.0,2.91585, 25.0,0,3
60.001793, 4.999951,65839, 1.0,2.89926, 28.0,0,3
65.001791, 4.999998,65794, 1.0,2.94931, 28.0,0,3
70.001843, 5.000052,65828, 1.0,2.88231, 28.0,0,3
75.001842, 4.999999,65787, 1.0,2.93274, 236.0,0,3
80.001791, 4.999949,65835, 1.0,2.86579, 152.0,0,3
85.001809, 5.000018,65834, 1.0,2.89937, 27.0,0,3
90.002032, 5.000223,65790, 1.0,2.89896, 35.0,0,3
95.000842, 4.99881,65782, 1.0,2.91579, 25.0,0,3
100.001808, 5.000966,65841, 1.0,2.91584, 27.0,0,3
105.001919, 5.000111,65840, 1.0,2.9162, 50.0,0,3
110.001791, 4.999872,65856, 1.0,2.86587, 31.0,0,3
115.001795, 5.000004,65797, 1.0,2.86583, 30.0,0,3
120.001795, 5.0,65786, 1.0,2.94934, 52.0,0,3
121.001888, 1.000093,13143, 1.0,2.91583, 52.0,0,3

