elapsed, window, total, successful, failed
5.000915, 5.000915, 467089, 467089, 0
10.001944, 5.001029, 432619, 432619, 0
15.001881, 4.999937, 426834, 426834, 0
20.001856, 4.999975, 423125, 423125, 0
25.00188, 5.000024, 425098, 425098, 0
30.001864, 4.999984, 426136, 426136, 0
35.00185, 4.999986, 424538, 424538, 0
40.001853, 5.000003, 427063, 427063, 0
45.001879, 5.000026, 426859, 426859, 0
50.00185, 4.999971, 426341, 426341, 0
55.001869, 5.000019, 422198, 422198, 0
60.001873, 5.000004, 427509, 427509, 0
65.001854, 4.999981, 416728, 416728, 0
70.001873, 5.000019, 419440, 419440, 0
75.00189, 5.000017, 417921, 417921, 0
80.001857, 4.999967, 419370, 419370, 0
85.001878, 5.000021, 418361, 418361, 0
90.001874, 4.999996, 419488, 419488, 0
95.001905, 5.000031, 414230, 414230, 0
100.001849, 4.999944, 417295, 417295, 0
105.001865, 5.000016, 417018, 417018, 0
110.001887, 5.000022, 416263, 416263, 0
115.001852, 4.999965, 414050, 414050, 0
120.001867, 5.000015, 414952, 414952, 0
121.019949, 1.018082, 84063, 84063, 0
