elapsed, window, n, min, mean, median, 95th, 99th, 99_9th, max, errors
5.000749, 5.000749, 102348, 332, 2477.5, 2304, 4388, 5581, 8180, 42152, 0
10.001723, 5.000974, 100374, 361, 2476.0, 2324, 4407, 5581, 7408, 10572, 0
15.001693, 4.99997, 101441, 341, 2461.2, 2315, 4342, 5392, 7025, 12409, 0
20.001679, 4.999986, 100719, 335, 2468.1, 2326, 4363, 5369, 6880, 10154, 0
25.001684, 5.000005, 100987, 350, 2469.4, 2320, 4374, 5461, 7095, 12056, 0
30.00171, 5.000026, 100912, 339, 2468.6, 2324, 4349, 5347, 6771, 10159, 0
35.001715, 5.000005, 100612, 359, 2477.2, 2336, 4372, 5375, 6827, 9714, 0
40.001691, 4.999976, 99350, 358, 2505.4, 2351, 4480, 5578, 7065, 9149, 0
45.001692, 5.000001, 99449, 340, 2505.8, 2364, 4406, 5445, 7059, 10363, 0
50.001703, 5.000011, 99007, 355, 2518.0, 2376, 4414, 5467, 7140, 13722, 0
55.001682, 4.999979, 98269, 374, 2536.5, 2382, 4497, 5573, 7373, 10523, 0
60.001664, 4.999982, 97921, 373, 2542.1, 2396, 4463, 5536, 7228, 10366, 0
65.001714, 5.00005, 97209, 370, 2564.9, 2412, 4547, 5635, 7389, 10085, 0
70.001705, 4.999991, 97816, 345, 2546.4, 2387, 4538, 5632, 7152, 10290, 0
75.001701, 4.999996, 96890, 354, 2571.8, 2417, 4545, 5602, 7175, 10142, 0
80.001673, 4.999972, 96381, 359, 2589.2, 2433, 4620, 5765, 7577, 11320, 0
85.001667, 4.999994, 96219, 341, 2586.8, 2433, 4579, 5687, 7439, 11250, 0
90.00169, 5.000023, 95708, 332, 2604.1, 2450, 4606, 5683, 7485, 12010, 0
95.002011, 5.000321, 95916, 320, 2597.4, 2437, 4601, 5639, 7261, 10270, 0
100.001676, 4.999665, 95243, 354, 2616.5, 2459, 4624, 5704, 7636, 11490, 0
105.001662, 4.999986, 95251, 354, 2617.0, 2454, 4635, 5709, 7922, 16119, 0
110.0017, 5.000038, 94786, 361, 2627.8, 2463, 4678, 5767, 8093, 11477, 0
115.001666, 4.999966, 94296, 344, 2644.3, 2486, 4698, 5794, 7944, 13670, 0
120.001675, 5.000009, 94625, 334, 2633.7, 2460, 4734, 5855, 7675, 10548, 0
121.00178, 1.000105, 18882, 334, 2632.0, 2468, 4702, 5770, 7401, 10430, 0
