elapsed, window, n, min, mean, max, errors, median
5.000706, 5.000706,115919, 676,7831.02, 821199,0, 3764
10.001743, 5.001037,102482, 612,8603.61, 568632,0, 4164
15.001702, 4.999959,118136, 665,7822.65, 501573,0, 3894
20.001706, 5.000004,104105, 645,8553.21, 618332,0, 4186
25.001705, 4.999999,115895, 659,7772.47, 566971,0, 3948
30.001734, 5.000029,102723, 630,8692.14, 645841,0, 4141
35.001754, 5.00002,115391, 685,7865.22, 509472,0, 3983
40.001717, 4.999963,102070, 672,8569.83, 700696,0, 4254
45.001784, 5.000067,116312, 701,7644.1, 498908,0, 4204
50.001713, 4.999929,103113, 644,8450.88, 703888,0, 4446
55.001753, 5.00004,117458, 686,7757.42, 455928,0, 4210
60.001705, 4.999952,102260, 648,8524.35, 853662,0, 4346
65.001689, 4.999984,115951, 669,7943.6, 530502,0, 4182
70.001708, 5.000019,102879, 673,8778.99, 609842,0, 4351
75.001748, 5.00004,116211, 661,8046, 493394,0, 4186
80.001723, 4.999975,101613, 688,8616.1, 579741,0, 4309
85.001708, 4.999985,114230, 667,8195.16, 567510,0, 4286
90.001792, 5.000084,103291, 669,8483.99, 600772,0, 4582
95.001725, 4.999933,112957, 669,8415.68, 441730,0, 4218
100.001707, 4.999982,102837, 639,8578.84, 406718,0, 4483
105.001708, 5.000001,112885, 676,8216.8, 470522,0, 4439
110.001709, 5.000001,103745, 689,8743.25, 603799,0, 4621
115.001687, 4.999978,110118, 649,8417.91, 535423,0, 4346
120.001694, 5.000007,102164, 619,8541.92, 427659,0, 4407
121.003835, 1.002141,19621, 619,8750.96, 427659,0, 4517

