elapsed, window, n, min, mean, median, 95th, 99th, 99_9th, max, errors
5.001054, 5.001054, 20458, 859, 3051.5, 1293, 12871, 17266, 20681, 23999, 0
10.001063, 5.000009, 21041, 867, 2978.2, 1294, 12845, 17072, 20342, 22546, 0
15.001039, 4.999976, 20893, 899, 2950.0, 1291, 12650, 16781, 19761, 21485, 0
20.000923, 4.999884, 20770, 887, 3007.5, 1310, 12649, 16941, 19499, 21360, 0
25.001927, 5.001004, 20951, 902, 2977.7, 1318, 12705, 16739, 19337, 21468, 0
30.002044, 5.000117, 20839, 896, 2956.3, 1319, 12494, 16671, 19212, 21295, 0
35.000927, 4.998883, 21371, 918, 2921.2, 1308, 12430, 16459, 19020, 21681, 0
40.001941, 5.001014, 21228, 896, 2920.1, 1301, 12374, 16366, 19000, 21073, 0
45.001974, 5.000033, 21392, 910, 2884.3, 1310, 12205, 16313, 18818, 20458, 0
50.001936, 4.999962, 21800, 909, 2837.4, 1288, 11918, 15962, 18605, 20845, 0
55.001917, 4.999981, 22167, 876, 2799.8, 1262, 11998, 16065, 18590, 28578, 0
60.001973, 5.000056, 21928, 877, 2821.3, 1244, 11992, 15515, 18487, 20708, 0
65.001967, 4.999994, 22024, 877, 2814.6, 1266, 12013, 15573, 18325, 20914, 0
70.001958, 4.999991, 22109, 897, 2832.0, 1294, 11548, 15401, 18490, 21316, 0
75.002066, 5.000108, 21709, 940, 2847.1, 1335, 11623, 15380, 18195, 20323, 0
80.000928, 4.998862, 22055, 861, 2819.1, 1336, 11450, 15316, 17757, 19429, 0
85.001954, 5.001026, 21735, 922, 2823.3, 1305, 11623, 15250, 17443, 19193, 0
90.002005, 5.000051, 21776, 897, 2816.3, 1298, 11715, 15275, 17781, 19515, 0
95.001912, 4.999907, 22238, 911, 2815.0, 1312, 11484, 15302, 17743, 20297, 0
100.001931, 5.000019, 21978, 895, 2798.1, 1291, 11636, 15265, 17557, 19376, 0
105.002032, 5.000101, 21524, 911, 2861.8, 1331, 11680, 15268, 17659, 19564, 0
110.000935, 4.998903, 21830, 901, 2832.0, 1289, 11505, 15180, 17407, 19152, 0
115.001975, 5.00104, 22340, 926, 2775.2, 1324, 11249, 15092, 17340, 19196, 0
120.001908, 4.999933, 22166, 888, 2775.2, 1319, 11251, 15033, 17325, 19066, 0
121.00318, 1.001272, 4346, 888, 2787.7, 1311, 11272, 15111, 17345, 19066, 0
