elapsed, window, n, min, mean, median, 95th, 99th, 99_9th, max, errors
5.001228, 5.001228, 256, 495, 1501.0, 748, 6058, 6627, 6866, 6866, 0
10.001241, 5.000013, 155, 491, 850.4, 753, 1271, 3797, 3947, 3947, 0
15.001235, 4.999994, 167, 486, 764.9, 705, 1179, 2454, 3847, 3847, 0
20.001183, 4.999948, 131, 477, 767.0, 715, 1179, 1406, 1681, 1681, 0
25.001192, 5.000009, 147, 492, 851.2, 728, 1158, 2231, 7486, 7486, 0
30.001266, 5.000074, 190, 492, 777.3, 702, 1214, 2231, 3383, 3383, 0
35.001192, 4.999926, 161, 518, 754.0, 714, 1056, 1340, 1663, 1663, 0
40.001238, 5.000046, 217, 480, 809.2, 723, 1181, 2092, 4983, 4983, 0
45.00113, 4.999892, 250, 513, 820.4, 717, 1438, 1956, 4373, 4373, 0
50.00121, 5.00008, 246, 506, 820.1, 736, 1363, 2406, 4457, 4457, 0
55.001191, 4.999981, 229, 520, 825.6, 727, 1303, 2941, 5216, 5216, 0
60.001207, 5.000016, 214, 536, 798.2, 731, 1301, 1760, 5539, 5539, 0
65.001116, 4.999909, 190, 499, 777.1, 696, 1242, 1932, 6148, 6148, 0
70.001225, 5.000109, 204, 514, 839.7, 710, 1266, 4697, 5671, 5671, 0
75.001217, 4.999992, 221, 460, 776.7, 711, 1136, 1445, 5613, 5613, 0
80.001189, 4.999972, 270, 508, 783.5, 704, 1192, 1926, 5613, 5613, 0
85.001106, 4.999917, 209, 507, 720.4, 678, 1039, 1298, 1889, 1889, 0
90.001234, 5.000128, 194, 507, 811.6, 685, 1216, 3392, 5901, 5901, 0
95.001222, 4.999988, 158, 515, 751.6, 705, 1143, 1440, 1983, 1983, 0
100.001232, 5.00001, 116, 497, 748.3, 690, 1045, 1771, 1884, 1884, 0
105.001227, 4.999995, 79, 494, 769.6, 666, 1080, 1397, 5984, 5984, 0
110.001233, 5.000006, 109, 524, 814.7, 748, 1291, 1635, 2240, 2240, 0
115.001198, 4.999965, 128, 553, 786.6, 720, 1143, 1554, 2552, 2552, 0
120.001184, 4.999986, 121, 527, 838.3, 734, 1263, 2274, 6210, 6210, 0
121.003306, 1.002122, 32, 527, 847.0, 738, 1263, 2186, 6210, 6210, 0
