elapsed, window, n, min, mean, median, 95th, 99th, 99_9th, max, errors
5.000663, 5.000663, 4851, 983, 23444.9, 2953, 154807, 202793, 343404, 366519, 0
10.001788, 5.001125, 3263, 983, 51679.9, 4777, 187016, 366972, 459908, 532164, 0
15.001721, 4.999933, 3460, 1041, 51163.1, 4319, 181066, 201568, 214396, 224448, 0
20.00174, 5.000019, 3580, 1035, 50533.9, 4649, 185564, 201896, 215758, 224448, 0
25.001745, 5.000005, 3863, 1062, 44561.5, 4145, 166164, 192249, 205168, 214873, 0
30.001735, 4.99999, 3466, 1086, 47819.8, 5196, 178732, 198477, 238471, 322812, 0
35.001689, 4.999954, 3561, 1036, 47417.7, 4650, 178985, 198448, 238831, 249926, 0
40.001611, 4.999922, 3243, 1017, 54122.6, 4745, 195325, 217654, 242556, 249926, 0
45.001681, 5.00007, 3582, 1029, 49656.2, 4697, 190792, 211294, 245608, 251034, 0
50.00163, 4.999949, 3434, 1038, 48549.5, 4603, 183549, 204165, 227249, 231913, 0
55.001728, 5.000098, 3083, 1023, 52582.0, 4626, 192759, 210360, 235108, 247087, 0
60.0016, 4.999872, 3376, 989, 52018.9, 4749, 191194, 208775, 237213, 240921, 0
65.001596, 4.999996, 3303, 1010, 54150.5, 4724, 199443, 216434, 240921, 248659, 0
70.001684, 5.000088, 3580, 985, 48759.9, 4615, 184471, 198190, 214396, 232312, 0
75.00168, 4.999996, 3445, 985, 49479.8, 4740, 184309, 199860, 204973, 243613, 0
80.00174, 5.00006, 3452, 1016, 49973.8, 4632, 190929, 203228, 216229, 243613, 0
85.00173, 4.99999, 3640, 1016, 46003.7, 4847, 176449, 190994, 199750, 212832, 0
90.001641, 4.999911, 3161, 1038, 54504.9, 4704, 198746, 218551, 244055, 251932, 0
95.001686, 5.000045, 3583, 1009, 47037.5, 4298, 188854, 203204, 224706, 251932, 0
100.001662, 4.999976, 3619, 1021, 46824.8, 5032, 181538, 197655, 228142, 233167, 0
105.001743, 5.000081, 3556, 1027, 49373.5, 4524, 187612, 199121, 218623, 227744, 0
110.00174, 4.999997, 3457, 1033, 52097.7, 4318, 191712, 204932, 219439, 238262, 0
115.001783, 5.000043, 3407, 1017, 52318.1, 4574, 189901, 201682, 209609, 244013, 0
120.001738, 4.999955, 3445, 1021, 50614.8, 4837, 183128, 201909, 229624, 244679, 0
121.00779, 1.006052, 809, 1023, 48643.4, 4601, 179032, 199446, 229624, 244679, 0
