elapsed, window, n, min, mean, median, 95th, 99th, 99_9th, max, errors
5.000663, 5.000663, 2093, 91605, 145425.8, 99535, 258371, 393394, 462282, 495905, 0
10.001788, 5.001125, 1446, 91629, 175939.3, 181481, 294148, 500440, 586673, 624567, 0
15.001721, 4.999933, 1534, 91731, 169685.5, 186922, 283283, 299966, 310386, 338721, 0
20.00174, 5.000019, 1504, 91578, 167533.5, 182088, 281615, 300542, 315434, 320559, 0
25.001745, 5.000005, 1567, 91797, 164885.5, 182595, 265579, 294791, 311925, 316662, 0
30.001735, 4.99999, 1562, 91737, 167322.6, 182717, 271490, 296621, 341584, 389199, 0
35.001689, 4.999954, 1545, 91606, 168855.5, 188421, 273380, 293799, 308770, 312397, 0
40.001611, 4.999922, 1403, 91506, 176158.4, 192509, 295965, 318026, 333792, 335217, 0
45.001681, 5.00007, 1521, 91427, 169063.2, 186197, 289017, 315476, 335217, 339691, 0
50.00163, 4.999949, 1531, 91324, 170565.0, 189874, 282038, 301208, 326518, 345517, 0
55.001728, 5.000098, 1472, 91404, 173504.5, 190472, 291369, 309129, 341810, 351662, 0
60.0016, 4.999872, 1467, 91577, 171474.7, 187370, 287372, 308911, 319418, 337506, 0
65.001596, 4.999996, 1424, 91732, 174312.7, 187860, 297540, 313357, 339167, 347865, 0
70.001684, 5.000088, 1564, 91714, 166304.8, 174198, 279304, 299633, 314463, 319231, 0
75.00168, 4.999996, 1552, 91577, 169370.7, 185075, 282818, 297451, 308135, 317525, 0
80.00174, 5.00006, 1476, 91793, 173351.2, 189966, 291431, 303608, 315758, 321719, 0
85.00173, 4.99999, 1574, 91707, 165644.1, 179266, 274050, 295835, 310376, 314137, 0
90.001641, 4.999911, 1417, 91527, 175022.6, 188658, 298966, 318974, 348131, 362660, 0
95.001686, 5.000045, 1567, 91621, 169489.9, 184797, 288208, 309659, 345178, 361039, 0
100.001662, 4.999976, 1544, 91582, 167300.5, 182444, 277978, 299937, 331462, 338904, 0
105.001743, 5.000081, 1486, 91605, 170030.0, 185296, 286528, 302547, 314628, 324380, 0
110.00174, 4.999997, 1490, 91599, 167927.5, 181120, 289658, 302038, 321786, 329128, 0
115.001783, 5.000043, 1511, 91542, 168328.4, 180700, 284320, 302242, 319976, 342346, 0
120.001738, 4.999955, 1557, 91559, 167342.2, 184941, 282350, 304454, 323439, 330815, 0
121.00779, 1.006052, 306, 91674, 165360.6, 180080, 277356, 302840, 323439, 330815, 0
