elapsed, window, n, min, mean, median, 95th, 99th, 99_9th, max, errors
5.000576, 5.000576, 196, 1133, 23613.0, 1433, 94702, 95426, 95654, 95654, 0
10.001535, 5.000959, 189, 1092, 28017.0, 1430, 94958, 95428, 95724, 95724, 0
15.001574, 5.000039, 211, 1007, 27404.8, 1474, 95023, 95614, 95877, 95877, 0
20.001566, 4.999992, 176, 1101, 31765.0, 1465, 95023, 95538, 95945, 95945, 0
25.001577, 5.000011, 214, 1121, 24668.3, 1403, 94795, 95415, 96414, 96414, 0
30.001616, 5.000039, 187, 1096, 22931.2, 1383, 95034, 95615, 97057, 97057, 0
35.001494, 4.999878, 214, 1105, 25342.2, 1395, 94809, 95324, 97057, 97057, 0
40.001596, 5.000102, 162, 1119, 33134.7, 1441, 95133, 96675, 97062, 97062, 0
45.001602, 5.000006, 211, 1113, 23774.6, 1384, 94884, 95288, 95310, 95310, 0
50.001609, 5.000007, 172, 1062, 23188.0, 1396, 94639, 95224, 95623, 95623, 0
55.001566, 4.999957, 187, 1084, 25971.7, 1357, 94806, 95109, 95217, 95217, 0
60.001549, 4.999983, 204, 1075, 26087.1, 1367, 94730, 95347, 95407, 95407, 0
65.001476, 4.999927, 176, 1111, 29147.6, 1360, 94885, 95305, 95473, 95473, 0
70.001547, 5.000071, 201, 1007, 24523.9, 1336, 94904, 95462, 95639, 95639, 0
75.001611, 5.000064, 167, 1091, 22693.0, 1356, 94602, 95099, 95639, 95639, 0
80.001606, 4.999995, 201, 1047, 26051.2, 1338, 94815, 95457, 145365, 145365, 0
85.001604, 4.999998, 178, 1095, 27741.3, 1390, 94618, 95283, 96335, 96335, 0
90.001556, 4.999952, 208, 1096, 26493.9, 1353, 94978, 95512, 99123, 99123, 0
95.001608, 5.000052, 172, 1091, 26356.4, 1357, 94780, 95384, 95721, 95721, 0
100.001533, 4.999925, 175, 1105, 27222.7, 1363, 94703, 95138, 96721, 96721, 0
105.001628, 5.000095, 205, 1097, 27114.4, 1336, 95000, 95660, 96721, 96721, 0
110.001571, 4.999943, 202, 1099, 22605.3, 1335, 94811, 95429, 97158, 97158, 0
115.001546, 4.999975, 189, 933, 27676.6, 1308, 95005, 95523, 96503, 96503, 0
120.001546, 5.0, 184, 1009, 27727.2, 1252, 94783, 95177, 95951, 95951, 0
121.002728, 1.001182, 27, 1009, 28608.5, 1242, 94877, 95177, 95951, 95951, 0
