elapsed, window, total, successful, failed
5.000187, 5.000187, 15661, 15661, 0
10.00112, 5.000933, 15601, 15601, 0
15.001175, 5.000055, 15864, 15864, 0
20.001434, 5.000259, 15537, 15537, 0
25.001113, 4.999679, 15675, 15675, 0
30.001111, 4.999998, 15652, 15652, 0
35.001156, 5.000045, 15757, 15757, 0
40.001135, 4.999979, 15739, 15739, 0
45.001127, 4.999992, 15344, 15344, 0
50.001111, 4.999984, 15485, 15485, 0
55.001112, 5.000001, 15676, 15676, 0
60.001112, 5.0, 15470, 15470, 0
65.001111, 4.999999, 15530, 15530, 0
70.001166, 5.000055, 15497, 15497, 0
75.001155, 4.999989, 15674, 15674, 0
80.00111, 4.999955, 15700, 15700, 0
85.001113, 5.000003, 15716, 15716, 0
90.001112, 4.999999, 15449, 15449, 0
95.001127, 5.000015, 15847, 15847, 0
100.001159, 5.000032, 15583, 15583, 0
105.00117, 5.000011, 15714, 15714, 0
110.001173, 5.000003, 15757, 15757, 0
115.001112, 4.999939, 15605, 15605, 0
120.001118, 5.000006, 15705, 15705, 0
121.002235, 1.001117, 3165, 3165, 0
