elapsed, window, total, successful, failed
5.000983, 5.000983, 163615, 163615, 0
10.002064, 5.001081, 161246, 161246, 0
15.001113, 4.999049, 163211, 163211, 0
20.000991, 4.999878, 154679, 154679, 0
25.002014, 5.001023, 157512, 157512, 0
30.002044, 5.00003, 157634, 157634, 0
35.00101, 4.998966, 153667, 153667, 0
40.001087, 5.000077, 151181, 151181, 0
45.000983, 4.999896, 153405, 153405, 0
50.002039, 5.001056, 153181, 153181, 0
55.001024, 4.998985, 152237, 152237, 0
60.000983, 4.999959, 151510, 151510, 0
65.002058, 5.001075, 154557, 154557, 0
70.000987, 4.998929, 159813, 159813, 0
75.001989, 5.001002, 157568, 157568, 0
80.002026, 5.000037, 153681, 153681, 0
85.00106, 4.999034, 151930, 151930, 0
90.00099, 4.99993, 149242, 149242, 0
95.00209, 5.0011, 155715, 155715, 0
100.001036, 4.998946, 153466, 153466, 0
105.000996, 4.99996, 149099, 149099, 0
110.001986, 5.00099, 153155, 153155, 0
115.002026, 5.00004, 152259, 152259, 0
120.000986, 4.99896, 147489, 147489, 0
121.017371, 1.016385, 29003, 29003, 0
