elapsed, window, n, min, mean, max, errors, median
5.00174, 5.00174,6579, 1377,22822.2, 185614,1,12530
10.000861, 4.999121,4519, 1362,4065.57, 65396,0,2888.43
15.001722, 5.000861,4618, 1287,3579, 38941,0,2640.04
20.000674, 4.998952,4585, 1323,3721.09, 37868,0,2763.31
25.001673, 5.000999,4549, 1286,3737.95, 90133,0,2727.03
30.00074, 4.999067,4602, 1271,3684.54, 67357,0,2736.37
35.001827, 5.001087,4489, 1252,4014.07, 98974,0,2974.71
40.001778, 4.999951,4479, 1303,3907.37, 69424,0,2835.83
45.001808, 5.00003,4544, 1247,3764.32, 60390,0,2837.05
50.001722, 4.999914,4483, 1280,3662.76, 44620,0,2846.3
55.00169, 4.999968,4571, 1251,3604.45, 41309,0,2808
60.001672, 4.999982,4450, 1240,3750.96, 48028,0,2753.76
65.001749, 5.000077,4454, 1240,3984.6, 128071,0,2834.51
70.001849, 5.0001,4524, 1213,4092.51, 52334,0,3036.46
75.001695, 4.999846,4538, 1282,3730.22, 33934,0,2806.67
80.001668, 4.999973,4470, 1255,3940.44, 47918,0,2888.14
85.001839, 5.000171,4547, 1236,3892.17, 44353,0,2970.87
90.001671, 4.999832,4638, 1219,3957.56, 58902,0,2897.06
95.001794, 5.000123,4545, 1239,4517.93, 69577,0,3222.8
100.001803, 5.000009,4421, 1256,4491.61, 65402,0,3341.85
105.001805, 5.000002,4594, 1258,4621.86, 72681,0,3219.69
110.001708, 4.999903,4508, 1234,6048.15, 170286,0,4073.33
115.001814, 5.000106,4630, 1244,5802.97, 104840,0,3935.31
120.001732, 4.999918,4517, 1262,7001.18, 345231,0,3780.23
125.001674, 4.999942,4375, 1242,12868, 2299596,0,4136.88
130.001676, 5.000002,3722, 1239,33998.3, 6443126,0,3833.07
135.001664, 4.999988,3406, 1235,111152, 10282885,0,3195.3
140.001848, 5.000184,3378, 1216,171125, 14262780,0,2733.1
145.001825, 4.999977,3224, 1237,125258, 18040614,0,2730.98
150.001713, 4.999888,3221, 1242,170026, 21052356,0,2970.27
155.001817, 5.000104,3189, 1240,144978, 25948114,0,2551.57
160.001678, 4.999861,3240, 1132,165292, 29415781,0,3235.39
165.00182, 5.000142,3158, 0,188819, 33138095,0,2631.61
170.001694, 4.999874,3214, 1206,225743, 38713097,0,19908.1
175.00171, 5.000016,3051, 1206,239088, 42785837,0,2651.96
180.001822, 5.000112,3111, 1170,194045, 46843457,0,2712.3
181.102763, 1.100941,698, 0,173561, 46843457,0,2719.9

