elapsed, window, total, successful, failed
5.000614, 5.000614, 36891, 36891, 0
10.001351, 5.000737, 42661, 42661, 0
15.00134, 4.999989, 42491, 42491, 0
20.001324, 4.999984, 42642, 42642, 0
25.001414, 5.00009, 42772, 42772, 0
30.001325, 4.999911, 42837, 42837, 0
35.001326, 5.000001, 42746, 42746, 0
40.001331, 5.000005, 42807, 42807, 0
45.00138, 5.000049, 42728, 42728, 0
50.001341, 4.999961, 42744, 42744, 0
55.001344, 5.000003, 42830, 42830, 0
60.001344, 5.0, 42698, 42698, 0
65.001325, 4.999981, 42590, 42590, 0
70.001338, 5.000013, 42782, 42782, 0
75.001321, 4.999983, 42738, 42738, 0
80.001342, 5.000021, 42611, 42611, 0
85.001376, 5.000034, 42688, 42688, 0
90.001325, 4.999949, 42695, 42695, 0
95.001354, 5.000029, 42551, 42551, 0
100.001389, 5.000035, 42711, 42711, 0
105.001333, 4.999944, 42654, 42654, 0
110.001351, 5.000018, 42648, 42648, 0
115.00133, 4.999979, 42651, 42651, 0
120.001322, 4.999992, 42629, 42629, 0
121.004389, 1.003067, 8538, 8538, 0
