elapsed, window, n, min, mean, median, 95th, 99th, 99_9th, max, errors
5.000439, 5.000439, 9300, 1542, 4589.3, 3262, 12412, 17930, 28329, 45083, 0
10.001535, 5.001096, 8580, 1392, 4670.4, 3335, 12680, 19512, 30842, 45083, 0
15.001413, 4.999878, 6503, 1392, 5630.1, 3234, 12932, 21260, 452084, 1313578, 0
20.001535, 5.000122, 6708, 1497, 5514.2, 3230, 12905, 20016, 578410, 662344, 0
25.001453, 4.999918, 6480, 1502, 7422.1, 3282, 12527, 21339, 1299164, 1353412, 0
30.001424, 4.999971, 6503, 1414, 7577.1, 3211, 12499, 19747, 1340753, 1424583, 0
35.001599, 5.000175, 4494, 1432, 4565.8, 3250, 12711, 18045, 28993, 43480, 0
40.001576, 4.999977, 8255, 1509, 8992.6, 3257, 12547, 18598, 2807510, 2858762, 0
45.001426, 4.99985, 4335, 1433, 8164.4, 3206, 12182, 18984, 1352463, 1417103, 0
50.001505, 5.000079, 4849, 1432, 5341.9, 3213, 11968, 17832, 33259, 1388890, 0
55.001515, 5.00001, 5923, 1510, 7005.4, 3244, 12355, 18954, 1303623, 1444361, 0
60.001477, 4.999962, 7819, 1545, 5200.1, 3270, 12287, 17871, 30987, 1444361, 0
65.001478, 5.000001, 7621, 1394, 5071.6, 3323, 12427, 17656, 28588, 1301754, 0
70.001605, 5.000127, 4039, 1414, 9931.8, 3292, 12350, 18534, 2713024, 2811988, 0
75.00149, 4.999885, 6842, 1505, 5231.6, 3232, 12248, 17276, 31025, 1311228, 0
80.001568, 5.000078, 8920, 1583, 4596.7, 3316, 12382, 16846, 28114, 37473, 0
85.00142, 4.999852, 7570, 1440, 5015.2, 3332, 12345, 17448, 32258, 715056, 0
90.001423, 5.000003, 6517, 1384, 5234.1, 3371, 12370, 18373, 34981, 1328893, 0
95.001498, 5.000075, 7157, 1447, 5293.4, 3331, 12432, 18800, 28922, 1026500, 0
100.001404, 4.999906, 7107, 1367, 6459.0, 3288, 12244, 18127, 1017838, 1144976, 0
105.001529, 5.000125, 4990, 1505, 5602.0, 3347, 12169, 16655, 28289, 1482171, 0
110.001468, 4.999939, 7913, 1449, 5842.9, 3313, 12101, 17556, 704602, 1482171, 0
115.001427, 4.999959, 3926, 1414, 8826.3, 3321, 12874, 19665, 1435677, 1885883, 0
120.001548, 5.000121, 4998, 1483, 4538.4, 3359, 11930, 16638, 25494, 36029, 0
121.004818, 1.00327, 778, 1483, 7082.9, 3346, 11964, 17109, 109243, 2842360, 0
