elapsed, window, n, min, mean, median, 95th, 99th, 99_9th, max, errors
5.000203, 5.000203, 108748, 433, 2661.4, 2122, 7317, 8554, 10021, 13369, 0
10.001196, 5.000993, 107170, 434, 2650.0, 2116, 7320, 8516, 9904, 13833, 0
15.001153, 4.999957, 106177, 434, 2658.1, 2121, 7319, 8560, 10011, 15735, 0
20.001136, 4.999983, 106162, 440, 2660.8, 2116, 7321, 8590, 9965, 13371, 0
25.001151, 5.000015, 106878, 421, 2649.9, 2121, 7296, 8523, 9821, 12638, 0
30.00114, 4.999989, 106748, 452, 2652.9, 2111, 7327, 8541, 9943, 13210, 0
35.001214, 5.000074, 106672, 443, 2648.0, 2116, 7343, 8506, 9795, 11724, 0
40.001161, 4.999947, 106410, 403, 2654.5, 2122, 7343, 8511, 9871, 13263, 0
45.001161, 5.0, 106685, 435, 2662.4, 2127, 7336, 8544, 9895, 13012, 0
50.001141, 4.99998, 105428, 439, 2671.4, 2134, 7328, 8570, 9937, 12767, 0
55.001155, 5.000014, 106697, 390, 2663.5, 2130, 7349, 8585, 10087, 15451, 0
60.001253, 5.000098, 106133, 425, 2666.8, 2140, 7336, 8571, 9895, 12460, 0
65.001174, 4.999921, 105860, 414, 2673.8, 2137, 7350, 8578, 9858, 12459, 0
70.001159, 4.999985, 105868, 414, 2678.7, 2140, 7342, 8580, 10017, 14206, 0
75.001224, 5.000065, 105821, 433, 2673.1, 2146, 7350, 8558, 9879, 12678, 0
80.001176, 4.999952, 105415, 427, 2677.9, 2147, 7356, 8562, 9919, 12671, 0
85.001146, 4.99997, 105557, 445, 2681.3, 2150, 7348, 8587, 9922, 12714, 0
90.001152, 5.000006, 104611, 441, 2692.8, 2152, 7366, 8570, 9910, 13291, 0
95.001179, 5.000027, 104613, 432, 2697.5, 2156, 7374, 8617, 10250, 22175, 0
100.001164, 4.999985, 106081, 402, 2679.2, 2147, 7353, 8591, 9948, 13551, 0
105.001142, 4.999978, 106101, 416, 2669.4, 2144, 7323, 8522, 9885, 13077, 0
110.001149, 5.000007, 105229, 447, 2684.8, 2154, 7341, 8572, 9932, 13470, 0
115.001135, 4.999986, 104691, 434, 2693.1, 2139, 7382, 8610, 10116, 16743, 0
120.001136, 5.000001, 105992, 445, 2677.5, 2144, 7353, 8552, 9975, 16743, 0
121.002256, 1.00112, 21478, 445, 2670.9, 2149, 7338, 8532, 9809, 13064, 0
