elapsed, window, n, min, mean, max, errors, median
5.000994, 5.000994,25590, 69974,144553, 259077,0, 133895
10.001806, 5.000812,25808, 68055,145186, 253701,0, 133842
15.001776, 4.99997,25824, 70294,145163, 270993,0, 134238
20.001815, 5.000039,25846, 68017,144994, 273787,0, 134298
25.001786, 4.999971,25655, 68962,146210, 258588,0, 135937
30.001739, 4.999953,25755, 66017,145628, 269561,0, 136004
35.001779, 5.00004,25734, 66388,145533, 275599,0, 135838
40.001776, 4.999997,25749, 66981,145918, 279637,0, 135891
45.001727, 4.999951,25740, 69470,145705, 261873,0, 134461
50.00204, 5.000313,25689, 68127,145762, 277426,0, 134608
55.000727, 4.998687,25693, 67283,146094, 267009,0, 136468
60.001727, 5.001,25752, 67997,145723, 259539,0, 134231
65.00175, 5.000023,25810, 68085,145393, 260624,0, 136069
70.001777, 5.000027,25794, 72417,145243, 258610,0, 133887
75.001777, 5.0,25735, 66671,145745, 263629,0, 135881
80.001726, 4.999949,25801, 68189,145238, 272205,0, 134454
85.001779, 5.000053,25661, 69988,146124, 267177,0, 134983
90.001727, 4.999948,25816, 68550,145453, 270028,0, 135423
95.002117, 5.00039,25689, 70535,145673, 275580,0, 135034
100.000728, 4.998611,25781, 67990,145493, 255551,0, 135043
105.001777, 5.001049,25790, 62012,145495, 257023,0, 135011
110.001776, 4.999999,25735, 72841,145673, 270035,0, 135662
115.001779, 5.000003,25759, 68642,145205, 253032,0, 134007
120.001728, 4.999949,25705, 70502,146032, 264461,0, 137182
121.002823, 1.001095,5137, 70502,145947, 264461,0, 136598

