elapsed, window, n, min, mean, median, 95th, 99th, 99_9th, max, errors
5.000726, 5.000726, 450623, 273, 12086.9, 8335, 34652, 58473, 87035, 160033, 0
10.001755, 5.001029, 409326, 403, 12178.1, 8443, 34465, 49425, 70611, 128411, 0
15.001761, 5.000006, 411816, 352, 12104.4, 8940, 32461, 46076, 66402, 117890, 0
20.001808, 5.000047, 412057, 354, 12124.9, 9063, 32168, 47016, 76538, 154402, 0
25.001733, 4.999925, 410659, 335, 12191.9, 8410, 35511, 52136, 71204, 118885, 0
30.001784, 5.000051, 415081, 355, 12030.0, 9017, 31396, 43208, 58080, 88396, 0
35.001725, 4.999941, 412998, 312, 12140.6, 9022, 32379, 48154, 64586, 108651, 0
40.001799, 5.000074, 413466, 371, 12021.8, 8684, 32908, 48513, 64115, 107162, 0
45.00173, 4.999931, 413674, 332, 12118.9, 9476, 30588, 44452, 65369, 111062, 0
50.001733, 5.000003, 415344, 339, 12013.3, 8797, 33111, 47317, 63938, 109125, 0
55.001745, 5.000012, 409845, 326, 12209.5, 9608, 30645, 42766, 57231, 90573, 0
60.001747, 5.000002, 406396, 394, 12211.3, 9980, 29395, 43240, 60585, 100006, 0
65.00173, 4.999983, 405653, 363, 12341.2, 8848, 33773, 50658, 73448, 132442, 0
70.001729, 4.999999, 405184, 217, 12351.9, 8494, 35105, 49831, 69760, 118981, 0
75.001744, 5.000015, 407373, 356, 12237.5, 8645, 34564, 51116, 71547, 130806, 0
80.00176, 5.000016, 408117, 354, 12231.5, 9115, 32342, 46924, 64609, 117202, 0
85.001757, 4.999997, 412055, 382, 12145.5, 8965, 32656, 44284, 61205, 102137, 0
90.001728, 4.999971, 408796, 303, 12200.5, 8223, 34789, 50823, 73799, 138165, 0
95.001824, 5.000096, 408087, 358, 12286.5, 8560, 35097, 51822, 71636, 130911, 0
100.001776, 4.999952, 409857, 344, 12145.0, 9206, 32598, 46998, 64005, 105201, 0
105.001736, 4.99996, 407056, 383, 12254.6, 8824, 33310, 48472, 69053, 120139, 0
110.001755, 5.000019, 413474, 367, 12153.7, 8848, 33286, 47875, 64779, 114769, 0
115.001735, 4.99998, 404802, 350, 12324.3, 8468, 34920, 56920, 81004, 148449, 0
120.001752, 5.000017, 407611, 304, 12223.9, 8618, 34118, 51227, 71158, 127772, 0
121.035828, 1.034076, 86138, 304, 12259.4, 8345, 35206, 51716, 72385, 127772, 0
