elapsed, window, total, successful, failed
5.000353, 5.000353, 457879, 457879, 0
10.001275, 5.000922, 420744, 420744, 0
15.001297, 5.000022, 420093, 420093, 0
20.001257, 4.99996, 414264, 414264, 0
25.001258, 5.000001, 412324, 412324, 0
30.001302, 5.000044, 414450, 414450, 0
35.001259, 4.999957, 413971, 413971, 0
40.001315, 5.000056, 418965, 418965, 0
45.001271, 4.999956, 416878, 416878, 0
50.001266, 4.999995, 417128, 417128, 0
55.001312, 5.000046, 416667, 416667, 0
60.001374, 5.000062, 419528, 419528, 0
65.001257, 4.999883, 417867, 417867, 0
70.001259, 5.000002, 417408, 417408, 0
75.001255, 4.999996, 410406, 410406, 0
80.001267, 5.000012, 417142, 417142, 0
85.001252, 4.999985, 419271, 419271, 0
90.001262, 5.00001, 419017, 419017, 0
95.001263, 5.000001, 417099, 417099, 0
100.001263, 5.0, 417235, 417235, 0
105.001314, 5.000051, 418852, 418852, 0
110.001258, 4.999944, 417330, 417330, 0
115.001301, 5.000043, 419094, 419094, 0
120.001376, 5.000075, 418174, 418174, 0
121.014363, 1.012987, 83323, 83323, 0
