elapsed, window, n, min, mean, median, 95th, 99th, 99_9th, max, errors
5.000694, 5.000694, 40537, 0, 11.5, 10, 22, 38, 72, 144, 0
10.001838, 5.001144, 45254, 4, 11.5, 10, 22, 37, 76, 156, 0
15.001676, 4.999838, 45326, 4, 11.6, 10, 22, 38, 81, 285, 0
20.001675, 4.999999, 45399, 5, 11.5, 10, 22, 37, 72, 285, 0
25.001757, 5.000082, 45274, 4, 11.5, 10, 22, 38, 76, 208, 0
30.001786, 5.000029, 45220, 5, 11.5, 10, 22, 38, 73, 186, 0
35.001705, 4.999919, 45493, 4, 11.5, 10, 22, 37, 75, 186, 0
40.001709, 5.000004, 45605, 4, 11.5, 10, 22, 38, 75, 157, 0
45.001686, 4.999977, 45588, 4, 11.5, 10, 22, 38, 78, 483, 0
50.001687, 5.000001, 45325, 0, 11.5, 10, 22, 38, 78, 483, 0
55.001689, 5.000002, 45388, 4, 11.4, 10, 22, 37, 75, 150, 0
60.001683, 4.999994, 45454, 4, 11.5, 10, 22, 38, 75, 214, 0
65.001681, 4.999998, 45119, 0, 11.5, 10, 22, 38, 82, 248, 0
70.001687, 5.000006, 45409, 5, 11.5, 10, 22, 38, 80, 594, 0
75.001707, 5.00002, 45336, 5, 11.5, 10, 22, 38, 77, 594, 0
80.001686, 4.999979, 45135, 4, 11.5, 10, 22, 37, 80, 171, 0
85.001686, 5.0, 44888, 0, 11.5, 10, 22, 38, 77, 210, 0
90.001683, 4.999997, 45392, 0, 11.5, 10, 22, 38, 82, 166, 0
95.001679, 4.999996, 45137, 0, 11.5, 10, 22, 38, 80, 184, 0
100.001731, 5.000052, 45245, 5, 11.5, 10, 22, 38, 83, 184, 0
105.001678, 4.999947, 45273, 5, 11.5, 10, 22, 39, 81, 168, 0
110.001684, 5.000006, 45314, 5, 11.5, 10, 22, 38, 74, 170, 0
115.001748, 5.000064, 45312, 5, 11.5, 10, 22, 37, 78, 239, 0
120.001766, 5.000018, 43979, 0, 11.5, 10, 22, 37, 78, 239, 0
121.003723, 1.001957, 9076, 0, 11.5, 10, 22, 37, 77, 157, 0
