elapsed, window, total, successful, failed
5.000796, 5.000796, 1249, 1249, 0
10.001872, 5.001076, 1077, 1077, 0
15.001812, 4.99994, 1072, 1072, 0
20.001855, 5.000043, 1091, 1091, 0
25.001901, 5.000046, 1048, 1048, 0
30.0018, 4.999899, 1029, 1028, 1
35.001864, 5.000064, 1050, 1050, 0
40.001863, 4.999999, 1136, 1136, 0
45.001872, 5.000009, 1113, 1112, 1
50.001864, 4.999992, 1034, 1034, 0
55.001854, 4.99999, 1108, 1108, 0
60.001888, 5.000034, 1053, 1052, 1
65.001861, 4.999973, 1057, 1057, 0
70.001806, 4.999945, 1086, 1086, 0
75.001764, 4.999958, 1098, 1098, 0
80.001809, 5.000045, 1097, 1097, 0
85.001822, 5.000013, 1127, 1127, 0
90.001836, 5.000014, 1040, 1040, 0
95.001808, 4.999972, 1063, 1062, 1
100.00182, 5.000012, 1051, 1051, 0
105.00181, 4.99999, 1053, 1053, 0
110.001819, 5.000009, 1120, 1120, 0
115.001801, 4.999982, 1068, 1068, 0
120.001806, 5.000005, 1094, 1093, 1
125.0018, 4.999994, 1058, 1058, 0
130.001862, 5.000062, 1025, 1024, 1
135.001856, 4.999994, 1105, 1105, 0
140.001854, 4.999998, 1059, 1059, 0
145.001821, 4.999967, 1068, 1068, 0
150.001808, 4.999987, 1107, 1107, 0
155.001803, 4.999995, 1057, 1057, 0
160.001807, 5.000004, 1081, 1081, 0
165.001828, 5.000021, 1066, 1066, 0
170.001857, 5.000029, 1118, 1118, 0
175.001876, 5.000019, 1062, 1062, 0
180.001808, 4.999932, 1121, 1121, 0
181.005061, 1.003253, 220, 220, 0
