elapsed, window, total, successful, failed
5.000858, 5.000858, 44530, 44530, 0
10.001866, 5.001008, 43876, 43876, 0
15.001858, 4.999992, 43881, 43881, 0
20.001905, 5.000047, 43273, 43273, 0
25.001921, 5.000016, 43659, 43659, 0
30.001864, 4.999943, 43355, 43355, 0
35.001872, 5.000008, 43906, 43906, 0
40.001863, 4.999991, 43941, 43941, 0
45.001867, 5.000004, 43386, 43386, 0
50.001879, 5.000012, 44269, 44269, 0
55.001869, 4.99999, 43850, 43850, 0
60.0019, 5.000031, 43400, 43400, 0
65.001894, 4.999994, 43382, 43382, 0
70.001871, 4.999977, 43076, 43076, 0
75.001862, 4.999991, 42457, 42457, 0
80.001929, 5.000067, 41746, 41746, 0
85.001861, 4.999932, 39401, 39401, 0
90.001863, 5.000002, 39685, 39685, 0
95.001862, 4.999999, 39765, 39765, 0
100.001895, 5.000033, 39275, 39275, 0
105.001885, 4.99999, 39742, 39742, 0
110.001859, 4.999974, 40123, 40123, 0
115.001888, 5.000029, 40022, 40022, 0
120.001866, 4.999978, 39781, 39781, 0
121.004967, 1.003101, 7979, 7979, 0
