elapsed, window, n, min, mean, max, errors, median
5.000564, 5.000564,70053, 1.0,2.35027, 165.0,0,2
10.001376, 5.000812,70947, 1.0,2.33323, 144.0,0,2
15.001169, 4.999793,71029, 1.0,2.34985, 144.0,0,2
20.001213, 5.000044,70961, 1.0,2.33323, 175.0,0,2
25.001165, 4.999952,70983, 1.0,2.34986, 174.0,0,2
30.001173, 5.000008,71016, 0.0,2.33324, 152.0,0,2
35.001165, 4.999992,70987, 1.0,2.34984, 157.0,0,2
40.001211, 5.000046,70945, 1.0,2.34983, 150.0,0,2
45.001214, 5.000003,71089, 0.0,2.34985, 219.0,0,2
50.001354, 5.00014,71105, 1.0,2.36648, 219.0,0,2
55.001166, 4.999812,71000, 0.0,2.31646, 122.0,0,2
60.001213, 5.000047,71048, 0.0,2.29986, 166.0,0,2
65.001176, 4.999963,71145, 0.0,2.29984, 126.0,0,2
70.001215, 5.000039,71075, 0.0,2.29982, 124.0,0,2
75.001168, 4.999953,71087, 0.0,2.31646, 186.0,0,2
80.001231, 5.000063,71097, 1.0,2.34985, 132.0,0,2
85.001215, 4.999984,71037, 0.0,2.29984, 153.0,0,2
90.001168, 4.999953,71000, 0.0,2.34965, 213.0,0,2
95.001164, 4.999996,71107, 1.0,2.31661, 213.0,0,2
100.001213, 5.000049,71052, 1.0,2.33323, 172.0,0,2
105.001214, 5.000001,71022, 0.0,2.33307, 179.0,0,2
110.001167, 4.999953,71073, 0.0,2.31632, 165.0,0,2
115.001163, 4.999996,71015, 0.0,2.33321, 165.0,0,2
120.001343, 5.00018,71056, 0.0,2.34987, 150.0,0,2
121.002528, 1.001185,14220, 0.0,2.31666, 150.0,0,2

