elapsed, window, n, min, mean, median, 95th, 99th, 99_9th, max, errors
5.000993, 5.000993, 33753, 20585, 21980.9, 21284, 25707, 29921, 45225, 61314, 0
10.001771, 5.000778, 33962, 20578, 21823.3, 21261, 25312, 28275, 31429, 35436, 0
15.001857, 5.000086, 33942, 20582, 21812.1, 21253, 25316, 28269, 31638, 35789, 0
20.001787, 4.99993, 33988, 20546, 21813.4, 21256, 25333, 28218, 31449, 35861, 0
25.002037, 5.00025, 33985, 20561, 21811.8, 21257, 25281, 28138, 31323, 34907, 0
30.001081, 4.999044, 33933, 20526, 21813.6, 21259, 25341, 28073, 31579, 34893, 0
35.000834, 4.999753, 34027, 20588, 21789.8, 21253, 25215, 28095, 31364, 37495, 0
40.001861, 5.001027, 33947, 20588, 21823.5, 21263, 25319, 28190, 31022, 34648, 0
45.00183, 4.999969, 34005, 20574, 21791.5, 21254, 25237, 27972, 30959, 34592, 0
50.001775, 4.999945, 33993, 20566, 21798.2, 21247, 25286, 28119, 31191, 35190, 0
55.001769, 4.999994, 33977, 20564, 21804.5, 21246, 25357, 27961, 31154, 34013, 0
60.001797, 5.000028, 33961, 20554, 21823.8, 21248, 25456, 28227, 31644, 36061, 0
65.001771, 4.999974, 33963, 20566, 21804.4, 21258, 25306, 27959, 31286, 35792, 0
70.001778, 5.000007, 34000, 20577, 21793.8, 21250, 25242, 27974, 31233, 34726, 0
75.001768, 4.99999, 33993, 20577, 21794.7, 21247, 25248, 28039, 31062, 35297, 0
80.00179, 5.000022, 33992, 20543, 21800.1, 21251, 25225, 28118, 31301, 35459, 0
85.001816, 5.000026, 33987, 20583, 21806.4, 21243, 25361, 28167, 31387, 37475, 0
90.001765, 4.999949, 33991, 20533, 21797.5, 21238, 25275, 28159, 31393, 37458, 0
95.001764, 4.999999, 33955, 20565, 21819.1, 21244, 25329, 28245, 31245, 33575, 0
100.001769, 5.000005, 33978, 20571, 21804.8, 21246, 25273, 27974, 31375, 34348, 0
105.001813, 5.000044, 33975, 20574, 21803.7, 21254, 25269, 27991, 30883, 34501, 0
110.001788, 4.999975, 33976, 20563, 21819.1, 21247, 25390, 28196, 31521, 33899, 0
115.00177, 4.999982, 33903, 20554, 21846.2, 21258, 25416, 28245, 31488, 36179, 0
120.001819, 5.000049, 33912, 20564, 21855.5, 21251, 25534, 28515, 31315, 34676, 0
121.003868, 1.002049, 6813, 20564, 21843.1, 21247, 25485, 28408, 31069, 34676, 0
