elapsed, window, n, min, mean, median, 95th, 99th, 99_9th, max, errors
5.000719, 5.000719, 194, 540, 761.7, 710, 1117, 1487, 2274, 2274, 0
10.001845, 5.001126, 32, 568, 707.5, 671, 874, 1233, 1233, 1233, 0
15.001846, 5.000001, 88, 523, 704.6, 672, 970, 1160, 1239, 1239, 0
20.001835, 4.999989, 105, 478, 693.1, 669, 891, 1150, 1313, 1313, 0
25.001854, 5.000019, 87, 494, 712.0, 694, 888, 1040, 1843, 1843, 0
30.001845, 4.999991, 36, 570, 667.2, 670, 748, 821, 821, 821, 0
35.001836, 4.999991, 96, 495, 652.1, 646, 801, 841, 929, 929, 0
40.001839, 5.000003, 62, 481, 647.6, 628, 815, 922, 951, 951, 0
45.001848, 5.000009, 50, 491, 647.6, 641, 750, 824, 824, 824, 0
50.001848, 5.0, 87, 483, 642.3, 620, 816, 892, 944, 944, 0
55.00184, 4.999992, 66, 475, 635.4, 619, 786, 886, 952, 952, 0
60.00186, 5.00002, 77, 464, 626.2, 623, 751, 777, 838, 838, 0
65.001876, 5.000016, 60, 442, 631.5, 627, 770, 818, 882, 882, 0
70.00184, 4.999964, 81, 471, 644.7, 650, 748, 803, 812, 812, 0
75.001824, 4.999984, 54, 453, 628.5, 635, 740, 778, 779, 779, 0
80.001831, 5.000007, 80, 433, 625.3, 622, 780, 819, 836, 836, 0
85.001835, 5.000004, 75, 492, 625.1, 619, 757, 773, 812, 812, 0
90.001845, 5.00001, 65, 483, 632.8, 632, 770, 842, 861, 861, 0
95.001788, 4.999943, 75, 471, 615.3, 600, 766, 811, 839, 839, 0
100.001832, 5.000044, 70, 429, 631.6, 623, 777, 781, 890, 890, 0
105.001823, 4.999991, 70, 463, 626.5, 604, 794, 1083, 1093, 1093, 0
110.001876, 5.000053, 67, 469, 599.7, 588, 703, 754, 785, 785, 0
115.001791, 4.999915, 63, 441, 611.6, 608, 786, 820, 825, 825, 0
120.001876, 5.000085, 81, 479, 607.3, 600, 716, 742, 939, 939, 0
121.027008, 1.025132, 12, 479, 607.8, 600, 716, 742, 742, 742, 0
