elapsed, window, n, min, mean, median, 95th, 99th, 99_9th, max, errors
5.000566, 5.000566, 69122, 342, 1588.9, 1453, 2960, 3854, 5364, 8116, 0
10.001611, 5.001045, 65318, 352, 1592.9, 1458, 2974, 3840, 5105, 6659, 0
15.001712, 5.000101, 64974, 374, 1585.6, 1457, 2941, 3809, 5376, 9232, 0
20.001561, 4.999849, 64465, 324, 1600.8, 1459, 3020, 3920, 5293, 7768, 0
25.00163, 5.000069, 64922, 378, 1587.2, 1448, 2973, 3896, 5445, 8624, 0
30.00157, 4.99994, 65212, 356, 1593.6, 1458, 2976, 3860, 5230, 7382, 0
35.001708, 5.000138, 64517, 367, 1593.0, 1449, 3008, 3951, 5647, 9471, 0
40.00155, 4.999842, 64148, 344, 1592.7, 1443, 3034, 4021, 5767, 11043, 0
45.001573, 5.000023, 64687, 316, 1588.6, 1436, 3017, 3945, 5593, 9394, 0
50.001563, 4.99999, 64476, 338, 1596.8, 1445, 3020, 3985, 6725, 13202, 0
55.001637, 5.000074, 64589, 304, 1596.2, 1450, 3012, 3918, 5841, 13536, 0
60.001589, 4.999952, 64452, 337, 1595.2, 1443, 3044, 3977, 5841, 15231, 0
65.001647, 5.000058, 64662, 378, 1595.0, 1451, 3029, 3920, 5313, 9418, 0
70.001607, 4.99996, 64492, 360, 1602.9, 1453, 3053, 4016, 5628, 9505, 0
75.001588, 4.999981, 64713, 363, 1602.7, 1446, 3059, 4026, 5736, 9896, 0
80.00168, 5.000092, 64501, 344, 1602.1, 1454, 3051, 3984, 5454, 9747, 0
85.001561, 4.999881, 64300, 338, 1602.8, 1449, 3041, 4021, 5587, 8515, 0
90.001579, 5.000018, 64096, 346, 1599.0, 1455, 3024, 3930, 5290, 7727, 0
95.001571, 4.999992, 64170, 351, 1603.1, 1450, 3051, 3967, 5489, 10004, 0
100.001558, 4.999987, 64192, 336, 1604.0, 1454, 3063, 4058, 6107, 9102, 0
105.001644, 5.000086, 64005, 369, 1605.4, 1447, 3093, 4122, 5664, 8865, 0
110.001552, 4.999908, 64202, 313, 1601.3, 1438, 3105, 4096, 5670, 9500, 0
115.001596, 5.000044, 64223, 316, 1611.0, 1453, 3116, 4090, 6003, 8639, 0
120.001667, 5.000071, 64212, 353, 1608.3, 1454, 3073, 4075, 5833, 9803, 0
121.002647, 1.00098, 12885, 353, 1609.5, 1456, 3073, 4101, 5918, 9803, 0
