elapsed, window, n, min, mean, median, 95th, 99th, 99_9th, max, errors
5.000458, 5.000458, 19, 155905, 288965.6, 285007, 392015, 410901, 410901, 410901, 117
10.00187, 5.001412, 41, 154163, 285426.5, 293823, 399796, 434106, 434106, 434106, 84
15.001434, 4.999564, 50, 153222, 277542.3, 261765, 434106, 450051, 514817, 514817, 119
20.001454, 5.00002, 36, 153184, 274902.0, 282419, 378110, 452313, 452313, 452313, 102
25.001455, 5.000001, 37, 162364, 253206.4, 227643, 422852, 587114, 587114, 587114, 113
30.001427, 4.999972, 41, 154507, 281136.4, 270419, 442316, 513269, 513269, 513269, 88
35.001447, 5.00002, 43, 154502, 266334.6, 251701, 443858, 465583, 465583, 465583, 91
40.001435, 4.999988, 50, 156797, 283897.9, 273615, 398640, 465583, 473202, 473202, 104
45.001457, 5.000022, 34, 154451, 285340.9, 262781, 486790, 510971, 510971, 510971, 95
50.001437, 4.99998, 32, 154451, 277355.0, 261462, 440959, 514037, 514037, 514037, 90
55.00144, 5.000003, 54, 153658, 289162.1, 273112, 439463, 537341, 662064, 662064, 88
60.001503, 5.000063, 43, 152510, 301065.9, 286474, 408897, 417718, 417718, 417718, 96
65.001465, 4.999962, 46, 152510, 276426.0, 258798, 399311, 486185, 558477, 558477, 94
70.001504, 5.000039, 49, 152774, 280694.2, 270340, 397718, 448118, 449648, 449648, 85
75.001418, 4.999914, 52, 153321, 288267.9, 260560, 423267, 437135, 487752, 487752, 84
80.001548, 5.00013, 41, 172680, 283281.1, 263226, 418877, 487752, 487752, 487752, 93
85.001557, 5.000009, 44, 154541, 257898.6, 250276, 361351, 401045, 612322, 612322, 108
90.001472, 4.999915, 57, 157812, 297185.2, 286484, 458704, 473658, 475624, 475624, 85
95.001467, 4.999995, 55, 152671, 277644.5, 269241, 436115, 497977, 545011, 545011, 87
100.001496, 5.000029, 58, 152671, 258181.0, 258668, 368142, 393772, 409981, 409981, 93
105.00162, 5.000124, 52, 153954, 285419.7, 259129, 495702, 564823, 584183, 584183, 99
110.001495, 4.999875, 46, 154001, 280150.2, 258906, 496707, 524954, 527037, 527037, 79
115.001542, 5.000047, 58, 153621, 272159.6, 251761, 419427, 428276, 503286, 503286, 83
120.001474, 4.999932, 56, 153114, 248667.7, 243900, 371528, 414823, 432778, 432778, 92
121.006656, 1.005182, 21, 152143, 231175.4, 224773, 354205, 414823, 432778, 432778, 33
