elapsed, window, n, min, mean, median, 95th, 99th, 99_9th, max, errors
5.000681, 5.000681, 23486, 76, 121.7, 107, 160, 242, 2004, 3074, 0
10.001706, 5.001025, 23991, 75, 113.0, 106, 156, 205, 710, 2026, 0
15.001672, 4.999966, 24016, 73, 114.4, 107, 155, 200, 553, 3983, 0
20.001675, 5.000003, 24013, 76, 113.0, 106, 153, 201, 666, 3794, 0
25.001704, 5.000029, 23961, 75, 112.5, 106, 154, 198, 459, 3256, 0
30.001935, 5.000231, 24029, 74, 111.8, 106, 154, 192, 274, 1488, 0
35.001838, 4.999903, 24040, 76, 112.4, 106, 156, 200, 329, 743, 0
40.00195, 5.000112, 24049, 74, 114.2, 107, 155, 202, 752, 3572, 0
45.001684, 4.999734, 24015, 76, 113.7, 106, 154, 203, 830, 2801, 0
50.00168, 4.999996, 24060, 73, 110.1, 105, 149, 188, 304, 691, 0
55.001659, 4.999979, 24056, 65, 110.4, 105, 151, 188, 292, 532, 0
60.001781, 5.000122, 24046, 72, 111.5, 106, 152, 192, 376, 1154, 0
65.001634, 4.999853, 24044, 72, 113.5, 106, 155, 200, 701, 5130, 0
70.001629, 4.999995, 24045, 73, 111.9, 106, 154, 200, 317, 730, 0
75.001685, 5.000056, 23975, 73, 114.3, 108, 161, 207, 376, 1112, 0
80.001687, 5.000002, 23974, 74, 112.5, 106, 155, 200, 514, 1112, 0
85.001684, 4.999997, 23928, 75, 113.4, 107, 159, 201, 289, 746, 0
90.001675, 4.999991, 23987, 74, 113.0, 107, 157, 202, 297, 771, 0
95.001635, 4.99996, 23991, 75, 112.7, 107, 155, 197, 387, 1051, 0
100.00163, 4.999995, 24027, 74, 115.4, 108, 160, 208, 497, 4544, 0
105.001718, 5.000088, 24037, 75, 112.2, 106, 154, 198, 333, 1158, 0
110.001628, 4.99991, 24038, 74, 112.3, 106, 156, 199, 391, 829, 0
115.001685, 5.000057, 24040, 76, 112.9, 107, 158, 202, 297, 624, 0
120.001721, 5.000036, 24074, 73, 111.6, 106, 154, 199, 344, 847, 0
121.002714, 1.000993, 4812, 73, 110.8, 105, 152, 192, 311, 847, 0
