elapsed, window, n, min, mean, median, 95th, 99th, 99_9th, max, errors
5.000565, 5.000565, 1805, 1092, 31319.7, 1920, 106830, 107773, 109201, 113352, 0
10.001714, 5.001149, 1676, 1115, 34698.2, 2118, 107525, 149267, 156685, 166816, 0
15.001607, 4.999893, 1835, 1081, 33048.7, 1763, 107126, 109191, 132560, 148737, 0
20.001525, 4.999918, 1730, 1066, 33497.1, 1712, 107364, 109092, 117127, 152387, 0
25.001561, 5.000036, 1821, 1103, 32199.6, 1679, 107624, 109191, 110902, 119055, 0
30.001584, 5.000023, 1752, 1134, 32678.0, 1682, 108101, 109183, 110345, 110914, 0
35.001518, 4.999934, 1790, 1103, 33582.8, 1887, 108578, 109495, 112026, 125339, 0
40.001568, 5.00005, 1765, 1062, 31775.0, 1638, 108827, 109876, 110909, 112821, 0
45.001575, 5.000007, 1752, 1082, 33150.7, 1790, 108828, 110197, 110895, 111416, 0
50.001509, 4.999934, 1632, 1148, 34563.2, 2126, 109195, 152967, 250044, 253065, 0
55.001568, 5.000059, 1717, 1119, 34312.2, 1945, 109189, 110835, 111749, 117168, 0
60.001514, 4.999946, 1721, 1080, 34542.5, 1779, 109415, 111228, 121576, 126174, 0
65.001567, 5.000053, 1618, 1084, 35063.1, 1903, 109708, 111232, 112727, 113551, 0
70.001565, 4.999998, 1795, 1068, 33627.9, 1695, 110174, 111315, 112499, 116970, 0
75.001572, 5.000007, 1744, 1082, 31808.7, 1609, 110297, 111342, 113613, 118180, 0
80.001533, 4.999961, 1068, 1116, 87805.1, 2592, 422905, 1656462, 1895042, 1898163, 0
85.001525, 4.999992, 1698, 1102, 33983.1, 1800, 110742, 111387, 113387, 114761, 0
90.001552, 5.000027, 1665, 1103, 34556.6, 1670, 110864, 112357, 113268, 114852, 0
95.001506, 4.999954, 1936, 1084, 31743.0, 1607, 110923, 112749, 136816, 162858, 0
100.001572, 5.000066, 1712, 1123, 33469.9, 1691, 111121, 113178, 144571, 149268, 0
105.001513, 4.999941, 1843, 1095, 33522.7, 1631, 111156, 112954, 113869, 126728, 0
110.00145, 4.999937, 1849, 1053, 33494.0, 1725, 111233, 112896, 114921, 115381, 0
115.001597, 5.000147, 1841, 1107, 34004.1, 1764, 111416, 113214, 114571, 115439, 0
120.00159, 4.999993, 1789, 1112, 32805.8, 1646, 111589, 113376, 145136, 150778, 0
121.003735, 1.002145, 398, 1112, 32766.8, 1656, 112082, 113421, 145136, 150778, 0
