elapsed, window, n, min, mean, median, 95th, 99th, 99_9th, max, errors
5.000807, 5.000807, 27120, 942, 3037.1, 1951, 9686, 12715, 15633, 21174, 0
10.001773, 5.000966, 27159, 998, 3019.1, 1964, 9700, 12558, 15518, 20735, 0
15.00177, 4.999997, 27212, 892, 3002.7, 1977, 9592, 12459, 15238, 24729, 0
20.001776, 5.000006, 27415, 989, 2996.8, 1960, 9569, 12349, 14917, 23245, 0
25.002047, 5.000271, 27138, 1021, 3011.9, 1977, 9635, 12209, 15070, 18738, 0
30.000828, 4.998781, 27146, 983, 3006.2, 1979, 9589, 12371, 15104, 19431, 0
35.001794, 5.000966, 27057, 998, 3031.7, 1999, 9616, 12576, 14965, 19725, 0
40.001879, 5.000085, 26724, 1031, 3059.6, 2038, 9597, 12581, 15241, 18045, 0
45.001919, 5.00004, 26948, 1006, 3017.5, 1994, 9592, 12476, 15039, 18378, 0
50.00178, 4.999861, 27092, 983, 3004.5, 1983, 9579, 12533, 15373, 19513, 0
55.001791, 5.000011, 27455, 962, 3013.6, 1989, 9680, 12372, 15436, 25293, 0
60.001772, 4.999981, 26999, 975, 3016.2, 1977, 9646, 12457, 15473, 31225, 0
65.001816, 5.000044, 27056, 913, 3018.7, 1981, 9573, 12259, 14572, 17253, 0
70.001847, 5.000031, 26918, 977, 3032.6, 2002, 9636, 12403, 15225, 22914, 0
75.001777, 4.99993, 27049, 981, 3041.5, 2015, 9689, 12602, 15366, 23919, 0
80.001822, 5.000045, 27352, 1006, 3002.2, 1988, 9513, 12215, 14863, 18500, 0
85.001794, 4.999972, 26832, 1027, 3026.4, 2010, 9542, 12285, 14864, 25809, 0
90.001924, 5.00013, 26529, 953, 3065.7, 2048, 9581, 12406, 15567, 22615, 0
95.001791, 4.999867, 26719, 1024, 3034.2, 2003, 9564, 12414, 15557, 19855, 0
100.001918, 5.000127, 27068, 1002, 3028.7, 2011, 9592, 12399, 15180, 20544, 0
105.001771, 4.999853, 26685, 984, 3043.0, 2024, 9587, 12300, 14704, 20501, 0
110.001772, 5.000001, 26751, 1003, 3046.9, 2029, 9565, 12229, 15446, 20329, 0
115.001806, 5.000034, 26433, 955, 3075.6, 2010, 9629, 12593, 15696, 20686, 0
120.001802, 4.999996, 26827, 981, 3050.9, 2010, 9628, 12490, 15235, 23124, 0
121.00303, 1.001228, 5448, 993, 3054.5, 2023, 9631, 12522, 15331, 23124, 0
