elapsed, window, n, min, mean, median, 95th, 99th, 99_9th, max, errors
5.000767, 5.000767, 9697, 1541, 3383.0, 2615, 8360, 10577, 13397, 25369, 0
10.00169, 5.000923, 9590, 1613, 3305.3, 2528, 8384, 10531, 12565, 15985, 0
15.001675, 4.999985, 9552, 1524, 3341.9, 2548, 8410, 10621, 12826, 16314, 0
20.00168, 5.000005, 9337, 1579, 3356.2, 2578, 8418, 10761, 13346, 18804, 0
25.001629, 4.999949, 9580, 1564, 3286.1, 2532, 8247, 10429, 12609, 20330, 0
30.001825, 5.000196, 9414, 1671, 3339.0, 2582, 8399, 10497, 12880, 13469, 0
35.001568, 4.999743, 9484, 1564, 3329.2, 2536, 8399, 10549, 12931, 29286, 0
40.001728, 5.00016, 9474, 1521, 3345.5, 2555, 8399, 10507, 12789, 16709, 0
45.0016, 4.999872, 9384, 1647, 3374.9, 2593, 8433, 10771, 12506, 14856, 0
50.001682, 5.000082, 9507, 1488, 3323.3, 2559, 8431, 10497, 12572, 15338, 0
55.001772, 5.00009, 9505, 1481, 3348.8, 2535, 8493, 10671, 12610, 18424, 0
60.001683, 4.999911, 9399, 1512, 3343.6, 2534, 8501, 10551, 12719, 18424, 0
65.001612, 4.999929, 9368, 1508, 3329.8, 2553, 8409, 10521, 13109, 24395, 0
70.001651, 5.000039, 9491, 1602, 3349.2, 2552, 8442, 10495, 12422, 14320, 0
75.001673, 5.000022, 9469, 1556, 3361.1, 2559, 8457, 10615, 12789, 21377, 0
80.001644, 4.999971, 9491, 1522, 3364.1, 2525, 8519, 10896, 13957, 20929, 0
85.001621, 4.999977, 9438, 1588, 3341.0, 2522, 8506, 10597, 13356, 27571, 0
90.001758, 5.000137, 9415, 1623, 3353.6, 2535, 8572, 10654, 13510, 30863, 0
95.001557, 4.999799, 9480, 1474, 3350.0, 2533, 8462, 10764, 13686, 35900, 0
100.001636, 5.000079, 9543, 1576, 3354.6, 2517, 8596, 10614, 13074, 25628, 0
105.001606, 4.99997, 9510, 1580, 3321.5, 2513, 8530, 10632, 12818, 15352, 0
110.001628, 5.000022, 9235, 1535, 3355.0, 2551, 8557, 10754, 13609, 19951, 0
115.001677, 5.000049, 9399, 1572, 3369.9, 2544, 8625, 11004, 13593, 24788, 0
120.00161, 4.999933, 9434, 1529, 3356.0, 2526, 8515, 10712, 16039, 27086, 0
121.002794, 1.001184, 1972, 1529, 3332.7, 2503, 8497, 10678, 13283, 24080, 0
