elapsed, window, n, min, mean, median, 95th, 99th, 99_9th, max, errors
5.000879, 5.000879, 98, 0, 0.0, 0, 0, 0, 0, 0, 0
10.001829, 5.00095, 95, 0, 0.0, 0, 0, 0, 0, 0, 0
15.001875, 5.000046, 100, 0, 0.0, 0, 0, 0, 0, 0, 0
20.001874, 4.999999, 106, 0, 0.0, 0, 0, 0, 0, 0, 0
25.001877, 5.000003, 110, 0, 0.0, 0, 0, 0, 0, 0, 0
30.001875, 4.999998, 103, 0, 0.0, 0, 0, 0, 0, 0, 0
35.001877, 5.000002, 103, 0, 0.0, 0, 0, 0, 0, 0, 0
40.001876, 4.999999, 103, 0, 0.0, 0, 0, 0, 0, 0, 0
45.001874, 4.999998, 100, 0, 0.0, 0, 0, 0, 0, 0, 0
50.001876, 5.000002, 102, 0, 0.0, 0, 0, 0, 0, 0, 0
55.001876, 5.0, 106, 0, 0.0, 0, 0, 0, 0, 0, 0
60.001874, 4.999998, 91, 0, 0.0, 0, 0, 0, 0, 0, 0
65.001875, 5.000001, 103, 0, 0.0, 0, 0, 0, 0, 0, 0
70.001877, 5.000002, 107, 0, 0.0, 0, 0, 0, 0, 0, 0
75.001875, 4.999998, 106, 0, 0.0, 0, 0, 0, 0, 0, 0
80.001875, 5.0, 101, 0, 0.0, 0, 0, 0, 0, 0, 0
85.001875, 5.0, 101, 0, 0.0, 0, 0, 0, 0, 0, 0
90.001874, 4.999999, 101, 0, 0.0, 0, 0, 0, 0, 0, 0
95.001876, 5.000002, 106, 0, 0.0, 0, 0, 0, 0, 0, 0
100.001828, 4.999952, 102, 0, 0.0, 0, 0, 0, 0, 0, 0
105.001827, 4.999999, 104, 0, 0.0, 0, 0, 0, 0, 0, 0
110.001875, 5.000048, 105, 0, 0.0, 0, 0, 0, 0, 0, 0
115.001826, 4.999951, 105, 0, 0.0, 0, 0, 0, 0, 0, 0
120.001875, 5.000049, 98, 0, 0.0, 0, 0, 0, 0, 0, 0
121.001871, 0.999996, 23, 0, 0.0, 0, 0, 0, 0, 0, 0
