elapsed, window, n, min, mean, median, 95th, 99th, 99_9th, max, errors
5.000142, 5.000142, 54136, 88, 203.4, 163, 430, 698, 1297, 5219, 0
10.00108, 5.000938, 56881, 88, 202.5, 164, 423, 658, 983, 1888, 0
15.001102, 5.000022, 56884, 87, 204.6, 165, 424, 689, 1206, 6659, 0
20.001072, 4.99997, 56609, 83, 202.4, 163, 419, 660, 1155, 6659, 0
25.001121, 5.000049, 56691, 86, 202.6, 164, 423, 667, 1061, 3302, 0
30.001062, 4.999941, 56858, 87, 202.2, 165, 421, 652, 976, 1656, 0
35.001094, 5.000032, 56745, 82, 197.5, 162, 407, 632, 982, 1697, 0
40.001111, 5.000017, 56923, 83, 200.8, 164, 413, 632, 948, 5357, 0
45.001082, 4.999971, 57088, 87, 202.0, 165, 416, 641, 1069, 5357, 0
50.001094, 5.000012, 56482, 84, 198.0, 162, 405, 623, 976, 5226, 0
55.001099, 5.000005, 56957, 85, 202.9, 165, 421, 658, 1128, 5482, 0
60.001077, 4.999978, 56740, 85, 204.0, 168, 418, 639, 965, 5215, 0
65.001131, 5.000054, 56851, 85, 204.1, 167, 424, 666, 1044, 1770, 0
70.001064, 4.999933, 56999, 83, 201.6, 166, 415, 636, 966, 1556, 0
75.001064, 5.0, 56131, 82, 202.7, 166, 419, 648, 981, 2073, 0
80.001104, 5.00004, 56457, 85, 202.3, 165, 423, 646, 993, 1494, 0
85.00132, 5.000216, 56632, 88, 204.5, 168, 425, 649, 987, 5271, 0
90.00106, 4.99974, 56169, 86, 205.1, 168, 423, 655, 1073, 4866, 0
95.001068, 5.000008, 55782, 83, 197.8, 162, 404, 635, 963, 3755, 0
100.001073, 5.000005, 56491, 86, 206.4, 168, 431, 675, 1113, 4987, 0
105.001064, 4.999991, 56396, 85, 203.6, 167, 423, 660, 1006, 5554, 0
110.001121, 5.000057, 56452, 82, 204.1, 167, 421, 649, 1029, 4693, 0
115.001082, 4.999961, 56742, 81, 205.7, 170, 422, 651, 977, 3055, 0
120.001069, 4.999987, 56305, 85, 206.5, 170, 428, 655, 1024, 5158, 0
121.00516, 1.004091, 11272, 85, 205.1, 169, 425, 650, 1007, 5158, 0
