elapsed, window, n, min, mean, median, 95th, 99th, 99_9th, max, errors
5.000912, 5.000912, 425433, 194, 628.6, 575, 1086, 1438, 2167, 5312, 0
10.001879, 5.000967, 393629, 197, 627.9, 574, 1096, 1444, 1919, 3293, 0
15.002011, 5.000132, 393719, 202, 627.1, 575, 1082, 1423, 1938, 5640, 0
20.000948, 4.998937, 394167, 196, 625.8, 575, 1078, 1408, 1918, 4798, 0
25.001884, 5.000936, 395039, 195, 626.2, 575, 1078, 1415, 1952, 7054, 0
30.001917, 5.000033, 394491, 195, 626.0, 576, 1067, 1404, 1938, 5571, 0
35.001855, 4.999938, 391578, 192, 627.4, 578, 1071, 1398, 1889, 7327, 0
40.001868, 5.000013, 394092, 199, 627.0, 576, 1076, 1419, 1961, 4929, 0
45.001854, 4.999986, 394571, 205, 626.0, 576, 1073, 1397, 1867, 7547, 0
50.001931, 5.000077, 395681, 198, 626.8, 579, 1060, 1369, 1863, 4555, 0
55.001906, 4.999975, 392559, 199, 629.3, 581, 1064, 1389, 1856, 7178, 0
60.001855, 4.999949, 390404, 205, 630.2, 582, 1065, 1391, 1887, 5369, 0
65.001935, 5.00008, 391514, 199, 630.4, 582, 1069, 1403, 1949, 7067, 0
70.001909, 4.999974, 395565, 203, 626.9, 581, 1059, 1365, 1800, 3829, 0
75.001907, 4.999998, 390949, 197, 628.6, 582, 1059, 1371, 1868, 5684, 0
80.001886, 4.999979, 391899, 174, 629.2, 580, 1070, 1393, 1986, 7259, 0
85.00196, 5.000074, 392797, 197, 630.7, 582, 1072, 1401, 1935, 6190, 0
90.001848, 4.999888, 392030, 198, 629.1, 583, 1060, 1374, 1851, 5551, 0
95.001931, 5.000083, 392957, 198, 628.7, 581, 1066, 1379, 1851, 7904, 0
100.002004, 5.000073, 392212, 194, 629.8, 579, 1081, 1418, 1948, 6986, 0
105.001902, 4.999898, 393276, 198, 629.6, 581, 1069, 1392, 1876, 5637, 0
110.0019, 4.999998, 392048, 195, 628.2, 581, 1061, 1380, 1853, 5651, 0
115.001872, 4.999972, 393602, 200, 630.4, 580, 1076, 1414, 1973, 5407, 0
120.001949, 5.000077, 390290, 193, 629.4, 581, 1070, 1399, 1854, 3611, 0
121.001957, 1.000008, 78989, 187, 629.2, 581, 1067, 1395, 1875, 5761, 0
