elapsed, window, n, min, mean, median, 95th, 99th, 99_9th, max, errors
5.000232, 5.000232, 471048, 271, 11542.9, 6820, 37079, 52905, 72558, 113392, 0
10.001213, 5.000981, 438694, 283, 11522.6, 7327, 37081, 53778, 74774, 114821, 0
15.001224, 5.000011, 433640, 283, 11493.9, 6935, 36410, 53660, 74545, 138860, 0
20.001173, 4.999949, 427583, 278, 11675.8, 6990, 37521, 56739, 74524, 126408, 0
25.001178, 5.000005, 423375, 275, 11762.5, 6605, 39049, 64632, 101718, 194932, 0
30.001223, 5.000045, 431128, 279, 11555.8, 7252, 35643, 49933, 73871, 138881, 0
35.001167, 4.999944, 428291, 292, 11693.9, 7120, 36880, 51443, 70596, 114142, 0
40.001179, 5.000012, 430995, 274, 11603.8, 7232, 35561, 51510, 84098, 164235, 0
45.00117, 4.999991, 425790, 289, 11730.0, 6351, 40255, 65984, 107498, 214263, 0
50.001221, 5.000051, 432536, 266, 11534.1, 7137, 36108, 54433, 75231, 141187, 0
55.001201, 4.99998, 429175, 271, 11671.8, 7062, 37470, 56875, 75297, 127906, 0
60.00122, 5.000019, 427104, 305, 11642.7, 7165, 35744, 53562, 72749, 126597, 0
65.001177, 4.999957, 433374, 326, 11602.4, 7380, 34172, 51899, 93832, 186447, 0
70.001228, 5.000051, 429779, 307, 11586.7, 7734, 33705, 46978, 64219, 105518, 0
75.001288, 5.00006, 429060, 287, 11587.7, 7604, 33413, 49520, 72195, 138885, 0
80.001206, 4.999918, 430272, 306, 11672.7, 7224, 35351, 57099, 80001, 149138, 0
85.001288, 5.000082, 430975, 301, 11554.7, 7436, 33334, 50357, 70518, 130495, 0
90.001182, 4.999894, 428479, 293, 11645.6, 7516, 35069, 53661, 72470, 130495, 0
95.001175, 4.999993, 431448, 311, 11617.7, 7287, 35719, 52738, 70353, 116006, 0
100.001172, 4.999997, 426239, 350, 11654.8, 7232, 35597, 49254, 67894, 99983, 0
105.00117, 4.999998, 434337, 301, 11591.7, 7627, 33569, 48315, 67299, 123661, 0
110.001175, 5.000005, 431051, 306, 11545.2, 7588, 34347, 48302, 66168, 108090, 0
115.00124, 5.000065, 426169, 304, 11682.0, 7386, 35257, 58088, 78721, 142264, 0
120.001199, 4.999959, 428166, 346, 11645.5, 7570, 35225, 50972, 69118, 119007, 0
121.017285, 1.016086, 87349, 346, 11666.7, 7742, 34751, 49282, 67844, 119007, 0
