elapsed, window, total, successful, failed
5.000849, 5.000849, 46282, 46282, 0
10.001676, 5.000827, 46089, 46089, 0
15.001688, 5.000012, 45826, 45826, 0
20.001878, 5.00019, 45566, 45566, 0
25.001804, 4.999926, 45851, 45851, 0
30.001653, 4.999849, 45700, 45700, 0
35.00165, 4.999997, 47750, 47750, 0
40.001652, 5.000002, 47351, 47351, 0
45.001667, 5.000015, 46950, 46950, 0
50.001662, 4.999995, 47762, 47762, 0
55.001694, 5.000032, 48509, 48509, 0
60.001749, 5.000055, 47045, 47045, 0
65.001738, 4.999989, 46234, 46234, 0
70.001664, 4.999926, 47384, 47384, 0
75.001679, 5.000015, 48198, 48198, 0
80.00167, 4.999991, 47582, 47582, 0
85.001712, 5.000042, 48413, 48413, 0
90.00175, 5.000038, 48244, 48244, 0
95.001755, 5.000005, 47697, 47697, 0
100.001795, 5.00004, 48346, 48346, 0
105.001675, 4.99988, 45976, 45976, 0
110.001715, 5.00004, 46051, 46051, 0
115.001664, 4.999949, 46410, 46410, 0
120.001748, 5.000084, 45972, 45972, 0
121.002785, 1.001037, 9083, 9083, 0
