elapsed, window, n, min, mean, max, errors, median
5.000576, 5.000576,382, 815,1146.01, 2146,0,1117.08
10.00146, 5.000884,498, 816,1104.38, 3193,0,1091.25
15.000618, 4.999158,502, 805,1087.08, 1940,0,1067.63
20.001608, 5.00099,488, 828,1086.1, 8366,0,1054.69
25.001581, 4.999973,504, 738,1089.91, 7732,0,1065.9
30.001433, 4.999852,492, 865,1078.56, 1713,0,1061.14
35.000618, 4.999185,476, 850,1080.64, 3835,0,1059.35
40.001558, 5.00094,472, 888,1067.22, 2091,0,1053.16
45.001666, 5.000108,515, 816,1058.7, 2222,0,1049.74
50.00158, 4.999914,480, 856,1062.93, 1807,0,1049.9
55.001527, 4.999947,506, 816,1061.85, 1574,0,1052.25
60.001524, 4.999997,465, 864,1073.45, 1578,0,1059.68
65.001563, 5.000039,497, 864,1073.44, 1589,0,1062.83
70.001601, 5.000038,486, 825,1072.75, 1558,0,1057.76
75.001614, 5.000013,525, 825,1067.74, 1842,0,1056.99
80.001576, 4.999962,439, 866,1070.91, 1430,0,1061.5
85.001506, 4.99993,536, 858,1062.71, 1616,0,1053.04
90.001573, 5.000067,495, 837,1173.28, 24694,0,1056.68
95.001598, 5.000025,481, 864,1072.92, 5050,0,1050.05
100.001561, 4.999963,502, 835,1096.16, 5530,0,1059.28
105.001574, 5.000013,452, 851,1072.57, 3037,0,1050.74
110.001564, 4.99999,456, 859,1089.88, 3022,0,1072.83
115.001603, 5.000039,506, 839,1106.74, 8409,0,1074.03
120.001542, 4.999939,463, 854,1081.49, 4656,0,1063.94
125.001575, 5.000033,497, 814,1071.74, 1746,0,1060.35
130.001574, 4.999999,496, 814,1094.68, 11053,0,1060.71
135.001562, 4.999988,495, 856,1081.2, 3049,0,1058.84
140.001594, 5.000032,509, 796,1087.36, 4704,0,1055.39
145.001573, 4.999979,492, 864,1094.64, 4637,0,1060.6
150.001571, 4.999998,485, 857,1096.17, 6096,0,1059.59
155.001574, 5.000003,488, 857,1079.7, 6096,0,1050.27
160.001581, 5.000007,493, 865,1090.16, 7241,0,1057.84
165.001567, 4.999986,479, 835,1072.96, 1482,0,1059.69
170.001522, 4.999955,497, 835,1077.92, 4119,0,1060.11
175.001629, 5.000107,483, 817,1084.73, 8419,0,1061.42
180.001631, 5.000002,485, 865,1075.84, 8419,0,1046.83
181.04471, 1.043079,107, 854,1068.5, 2007,0,1058.04

