elapsed, window, n, min, mean, median, 95th, 99th, 99_9th, max, errors
5.000424, 5.000424, 35, 1684, 6238.4, 2622, 39436, 45169, 45169, 45169, 0
10.001394, 5.00097, 0, 0, 0, 0, 0, 0, 0, 0, 0
15.00137, 4.999976, 0, 0, 0, 0, 0, 0, 0, 0, 0
20.001427, 5.000057, 6, 1541, 8184.8, 1818, 39656, 39656, 39656, 39656, 0
25.001372, 4.999945, 64, 1513, 10859.1, 2094, 71892, 77468, 103433, 103433, 0
30.001376, 5.000004, 35, 1485, 8129.4, 2000, 53747, 72162, 72162, 72162, 0
35.001419, 5.000043, 74, 1515, 4459.2, 2142, 14434, 37363, 51708, 51708, 0
40.001438, 5.000019, 167, 1449, 9264.2, 2168, 54848, 93639, 108508, 108508, 0
45.001419, 4.999981, 83, 1394, 5487.0, 2124, 20944, 76570, 86083, 86083, 0
50.001406, 4.999987, 61, 1394, 4297.9, 2083, 9483, 49467, 71534, 71534, 0
55.001417, 5.000011, 35, 1532, 4227.6, 2166, 5311, 66374, 66374, 66374, 0
60.00146, 5.000043, 72, 1401, 10988.9, 2088, 53842, 73744, 100390, 100390, 0
65.001398, 4.999938, 70, 1374, 10540.8, 2281, 52389, 65851, 102059, 102059, 0
70.001471, 5.000073, 70, 1412, 6847.3, 2053, 47475, 49649, 56173, 56173, 0
75.001375, 4.999904, 33, 1317, 5710.0, 2156, 37024, 61834, 61834, 61834, 0
80.001478, 5.000103, 35, 1458, 7331.5, 2349, 33453, 37697, 37697, 37697, 0
85.001462, 4.999984, 16, 1507, 10871.4, 2423, 41751, 47254, 47254, 47254, 0
90.00144, 4.999978, 19, 1507, 9062.2, 2394, 47254, 47507, 47507, 47507, 0
95.001341, 4.999901, 70, 1470, 5190.9, 2137, 27957, 44554, 81271, 81271, 0
100.00137, 5.000029, 52, 1365, 5429.3, 2228, 13661, 48211, 96772, 96772, 0
105.001422, 5.000052, 29, 1365, 10135.0, 2250, 57069, 108724, 108724, 108724, 0
110.001419, 4.999997, 38, 1534, 3899.6, 2069, 15146, 43384, 43384, 43384, 0
115.001417, 4.999998, 32, 1540, 5629.3, 2116, 28701, 53529, 53529, 53529, 0
120.001361, 4.999944, 51, 1543, 6692.7, 2122, 28701, 53464, 75039, 75039, 0
121.003468, 1.002107, 8, 1476, 6376.0, 2104, 26014, 75039, 75039, 75039, 0
