elapsed, window, n, min, mean, median, 95th, 99th, 99_9th, max, errors
5.000404, 5.000404, 295502, 214, 5879.1, 1933, 42886, 45944, 49608, 57100, 0
10.001371, 5.000967, 257731, 199, 6372.0, 1995, 42998, 47474, 54538, 85960, 0
15.001386, 5.000015, 255288, 203, 6549.3, 2230, 43062, 48228, 53333, 75495, 0
20.001387, 5.000001, 270550, 206, 6190.2, 1969, 42950, 46744, 53265, 107440, 0
25.001355, 4.999968, 256295, 196, 6461.2, 2109, 43039, 47636, 53285, 76237, 0
30.001415, 5.00006, 257655, 179, 6438.3, 2115, 43059, 47578, 52997, 76237, 0
35.001375, 4.99996, 260002, 188, 6418.1, 2124, 42960, 47597, 52946, 75804, 0
40.001356, 4.999981, 254785, 196, 6566.9, 2144, 43119, 48122, 53921, 75804, 0
45.001355, 4.999999, 261649, 198, 6368.0, 2070, 43031, 47501, 53026, 69094, 0
50.001348, 4.999993, 261021, 205, 6314.5, 2032, 42941, 47071, 53009, 91874, 0
55.001348, 5.0, 261995, 192, 6362.8, 2066, 42990, 47417, 53177, 109406, 0
60.001365, 5.000017, 256783, 208, 6529.1, 2118, 43145, 47815, 53671, 71817, 0
65.001357, 4.999992, 258489, 195, 6446.5, 2116, 43108, 47591, 53163, 71817, 0
70.001357, 5.0, 253763, 198, 6499.6, 2183, 43141, 47746, 53049, 72815, 0
75.001384, 5.000027, 264362, 203, 6335.7, 2103, 43042, 47092, 53498, 87610, 0
80.001373, 4.999989, 255384, 212, 6611.1, 2300, 43085, 47734, 54615, 87610, 0
85.001358, 4.999985, 252997, 203, 6497.7, 2201, 43092, 47585, 53535, 96038, 0
90.001355, 4.999997, 263241, 199, 6463.9, 2257, 43123, 47326, 52220, 65118, 0
95.00136, 5.000005, 251372, 201, 6506.1, 2191, 43115, 47446, 53553, 79258, 0
100.001407, 5.000047, 262586, 211, 6341.9, 2164, 43068, 47043, 52097, 80623, 0
105.001386, 4.999979, 256472, 218, 6508.5, 2204, 43067, 47407, 53635, 80623, 0
110.001421, 5.000035, 255211, 210, 6611.8, 2307, 43146, 47879, 53575, 80084, 0
115.001355, 4.999934, 253923, 216, 6476.6, 2183, 43067, 47567, 53318, 85153, 0
120.001355, 5.0, 253399, 218, 6574.7, 2310, 43134, 47690, 52793, 71963, 0
121.017429, 1.016074, 65997, 194, 6354.9, 2063, 43021, 47337, 52507, 71963, 0
