elapsed, window, n, min, mean, median, 95th, 99th, 99_9th, max, errors
5.000929, 5.000929, 848, 1419, 23116.9, 3404, 132629, 159561, 184919, 190027, 0
10.001768, 5.000839, 722, 1419, 37293.6, 4640, 131192, 151712, 157328, 162663, 0
15.001824, 5.000056, 734, 1486, 34482.0, 3930, 123893, 143710, 157328, 162663, 0
20.001839, 5.000015, 765, 1397, 31207.7, 3605, 117556, 138761, 165294, 166732, 0
25.001789, 4.99995, 681, 1432, 32584.9, 4252, 129406, 147330, 171802, 177901, 0
30.001846, 5.000057, 744, 1457, 29333.3, 3238, 118747, 140206, 159558, 166160, 0
35.001778, 4.999932, 703, 1471, 35618.3, 3738, 138937, 173708, 196661, 208093, 0
40.00187, 5.000092, 757, 1420, 33137.4, 3216, 123697, 144654, 174014, 176995, 0
45.0018, 4.99993, 752, 1384, 32965.9, 3805, 114673, 131629, 144777, 149329, 0
50.001879, 5.000079, 711, 1474, 35287.9, 3900, 126246, 141233, 161121, 167986, 0
55.001901, 5.000022, 663, 1426, 35314.9, 4634, 132839, 154357, 169664, 184843, 0
60.001958, 5.000057, 23, 1426, 308272.7, 4472, 4780864, 4988015, 4999316, 4999316, 0
65.001789, 4.999831, 497, 1488, 94893.5, 4489, 146058, 2819300, 4988015, 4999316, 0
70.001782, 4.999993, 733, 1448, 31811.2, 3405, 118583, 138634, 150122, 153959, 0
75.001907, 5.000125, 720, 1394, 31775.3, 3848, 120265, 144222, 153959, 157192, 0
80.001848, 4.999941, 742, 1372, 31836.0, 4279, 120326, 138744, 157735, 160279, 0
85.001866, 5.000018, 721, 1325, 34009.0, 3521, 134779, 158794, 187636, 190194, 0
90.001774, 4.999908, 747, 1324, 34369.7, 3616, 118279, 131419, 154822, 160427, 0
95.001909, 5.000135, 729, 1429, 32204.9, 4030, 114137, 133353, 145316, 158774, 0
100.001866, 4.999957, 764, 1375, 33862.8, 4779, 118315, 144012, 157088, 163636, 0
105.00184, 4.999974, 724, 1338, 34133.3, 4123, 126347, 151921, 187728, 187776, 0
110.00182, 4.99998, 756, 1358, 35410.9, 4761, 120704, 138081, 198821, 212171, 0
115.001938, 5.000118, 712, 1331, 33881.9, 4722, 123453, 143624, 153380, 155784, 0
120.001874, 4.999936, 733, 1381, 31059.2, 3945, 113340, 132084, 147510, 157124, 0
121.003945, 1.002071, 143, 1441, 31479.5, 4107, 113340, 129440, 147510, 157124, 0
