elapsed, window, n, min, mean, median, 95th, 99th, 99_9th, max, errors
5.000651, 5.000651, 308, 1012, 40360.0, 7011, 193141, 234913, 283412, 283412, 0
10.001573, 5.000922, 442, 1053, 75732.3, 58661, 220224, 252208, 273071, 273071, 0
15.001646, 5.000073, 150, 1332, 61847.1, 45337, 177528, 203798, 215410, 215410, 0
20.001557, 4.999911, 150, 1210, 86901.8, 69560, 240350, 290348, 301476, 301476, 0
25.00158, 5.000023, 150, 1220, 113116.7, 115695, 213132, 234093, 301476, 301476, 0
30.001683, 5.000103, 357, 1032, 65415.3, 38643, 198759, 217768, 230757, 230757, 0
35.001692, 5.000009, 93, 1156, 125725.9, 132140, 231266, 266897, 287011, 287011, 0
40.001627, 4.999935, 60, 1272, 126396.3, 123626, 273744, 286936, 287417, 287417, 0
45.001633, 5.000006, 670, 1024, 65425.0, 10296, 250851, 276950, 290464, 293272, 0
50.001671, 5.000038, 254, 1024, 64572.6, 33551, 214530, 251645, 262986, 262986, 0
55.001662, 4.999991, 193, 1037, 64083.3, 26638, 202542, 223098, 231470, 231470, 0
60.001673, 5.000011, 281, 966, 89072.1, 56710, 253418, 284192, 309165, 309165, 0
65.001565, 4.999892, 141, 1229, 113249.2, 73813, 283387, 314170, 409770, 409770, 0
70.001664, 5.000099, 415, 1011, 64709.9, 36660, 202271, 237593, 371393, 371393, 0
75.001659, 4.999995, 386, 924, 58421.9, 5678, 253276, 306311, 346900, 346900, 0
80.001594, 4.999935, 113, 924, 33334.4, 3719, 191827, 229094, 264542, 264542, 0
85.001616, 5.000022, 187, 1117, 105884.0, 78039, 273122, 287464, 300786, 300786, 0
90.001684, 5.000068, 571, 1010, 53891.2, 4320, 203911, 254753, 291736, 291965, 0
95.001662, 4.999978, 578, 1009, 39446.8, 4752, 174809, 195341, 202347, 202846, 0
100.001552, 4.99989, 189, 1156, 84007.6, 81589, 195763, 227412, 243850, 243850, 0
105.001597, 5.000045, 310, 1088, 86160.0, 71236, 206216, 247077, 292001, 292001, 0
110.001587, 4.99999, 334, 979, 56568.6, 7943, 211767, 255208, 278786, 278786, 0
115.00162, 5.000033, 355, 985, 42763.0, 4500, 223678, 272205, 299766, 299766, 0
120.001617, 4.999997, 111, 1132, 56240.1, 21716, 238390, 249723, 276906, 276906, 0
121.003801, 1.002184, 99, 1132, 71093.4, 37991, 244675, 292511, 446876, 446876, 0
