elapsed, window, n, min, mean, median, 95th, 99th, 99_9th, max, errors
5.000651, 5.000651, 800, 481, 11140.2, 1277, 86423, 131908, 154803, 175012, 0
10.001573, 5.000922, 893, 508, 6308.3, 1239, 30248, 93427, 175012, 175313, 0
15.001646, 5.000073, 617, 507, 7703.2, 1285, 36916, 124031, 147537, 178029, 0
20.001557, 4.999911, 440, 497, 5949.6, 1269, 18647, 110491, 200723, 200723, 0
25.00158, 5.000023, 150, 522, 4040.7, 785, 35625, 69087, 76194, 76194, 0
30.001683, 5.000103, 36, 522, 12399.4, 805, 76194, 108368, 113672, 113672, 0
35.001692, 5.000009, 214, 530, 20125.9, 980, 105055, 150816, 164888, 164888, 0
40.001627, 4.999935, 200, 512, 22892.1, 1117, 129496, 195207, 250852, 250852, 0
45.001633, 5.000006, 905, 501, 9607.4, 1035, 67157, 147858, 195978, 199594, 0
50.001671, 5.000038, 1430, 469, 8977.0, 1062, 68174, 147158, 182976, 196024, 0
55.001662, 4.999991, 645, 499, 8334.4, 1064, 47568, 127465, 141539, 153018, 0
60.001673, 5.000011, 216, 521, 6906.6, 919, 42276, 111025, 127682, 127682, 0
65.001565, 4.999892, 480, 500, 13928.4, 1078, 107229, 131910, 261783, 262344, 0
70.001664, 5.000099, 428, 500, 12991.9, 1384, 94805, 129869, 261783, 262344, 0
75.001659, 4.999995, 585, 495, 21236.1, 1140, 134791, 206313, 251191, 253612, 0
80.001594, 4.999935, 111, 483, 20992.2, 1140, 134141, 175372, 185130, 185130, 0
85.001616, 5.000022, 474, 468, 6706.1, 925, 23178, 137724, 176479, 176479, 0
90.001684, 5.000068, 597, 533, 10519.9, 1139, 74490, 140087, 218643, 221196, 0
95.001662, 4.999978, 1190, 440, 9495.5, 1219, 65084, 126529, 144395, 167086, 0
100.001552, 4.99989, 249, 528, 15432.1, 1378, 103570, 129472, 151759, 151759, 0
105.001597, 5.000045, 250, 512, 10008.5, 1012, 66101, 132318, 148230, 148230, 0
110.001587, 4.99999, 198, 506, 7896.0, 1013, 52471, 128512, 156331, 156331, 0
115.00162, 5.000033, 192, 506, 21718.0, 1038, 129030, 164856, 241260, 241260, 0
120.001617, 4.999997, 182, 489, 11425.5, 876, 78898, 138715, 164856, 164856, 0
121.003801, 1.002184, 140, 489, 10715.3, 876, 78898, 161115, 242920, 242920, 0
