elapsed, window, n, min, mean, median, 95th, 99th, 99_9th, max, errors
5.000907, 5.000907, 12016, 82, 121.2, 109, 151, 227, 1890, 2083, 0
10.001544, 5.000637, 12071, 82, 115.1, 110, 154, 194, 353, 877, 0
15.001561, 5.000017, 12071, 80, 114.1, 109, 152, 191, 245, 402, 0
20.001511, 4.99995, 12064, 82, 114.7, 109, 154, 191, 242, 1334, 0
25.001512, 5.000001, 12063, 84, 116.9, 111, 159, 200, 283, 443, 0
30.001514, 5.000002, 12076, 83, 114.0, 109, 151, 188, 289, 578, 0
35.001512, 4.999998, 12055, 83, 115.2, 109, 154, 196, 267, 2424, 0
40.001561, 5.000049, 12081, 81, 113.3, 109, 148, 188, 236, 1058, 0
45.001563, 5.000002, 12070, 82, 113.6, 109, 149, 190, 248, 701, 0
50.001563, 5.0, 12065, 82, 115.4, 110, 157, 200, 273, 2712, 0
55.00151, 4.999947, 12070, 82, 114.2, 109, 152, 194, 272, 3328, 0
60.001562, 5.000052, 12058, 77, 116.7, 110, 159, 204, 276, 4460, 0
65.001513, 4.999951, 12077, 81, 116.1, 110, 159, 201, 275, 464, 0
70.001594, 5.000081, 12069, 83, 114.1, 109, 152, 193, 269, 500, 0
75.00151, 4.999916, 12069, 81, 112.8, 108, 146, 186, 265, 691, 0
80.001631, 5.000121, 12068, 81, 114.3, 109, 151, 191, 264, 505, 0
85.001568, 4.999937, 12071, 83, 114.2, 109, 150, 191, 264, 1680, 0
90.001562, 4.999994, 12069, 83, 115.0, 110, 156, 197, 254, 561, 0
95.001511, 4.999949, 12073, 82, 113.1, 108, 147, 185, 267, 543, 0
100.001529, 5.000018, 12070, 83, 115.4, 110, 155, 197, 269, 499, 0
105.001534, 5.000005, 12064, 85, 117.5, 110, 165, 217, 302, 529, 0
110.001514, 4.99998, 12070, 83, 117.1, 111, 163, 209, 299, 641, 0
115.001513, 4.999999, 12066, 82, 115.3, 109, 158, 206, 305, 628, 0
120.00159, 5.000077, 12071, 81, 118.4, 111, 165, 220, 384, 3168, 0
121.001601, 1.000011, 2410, 81, 119.2, 111, 168, 225, 389, 3168, 0
