elapsed, window, n, min, mean, median, 95th, 99th, 99_9th, max, errors
5.000919, 5.000919, 0, 0, 0, 0, 0, 0, 0, 0, 0
10.001914, 5.000995, 994, 479, 673.7, 649, 851, 1115, 2179, 2685, 0
15.001888, 4.999974, 539, 481, 737.0, 688, 1126, 1497, 2179, 2332, 0
20.001878, 4.99999, 128, 481, 859.3, 726, 1695, 2557, 3593, 3593, 0
25.001979, 5.000101, 495, 487, 12452.0, 896, 33399, 329145, 588024, 616724, 0
30.001945, 4.999966, 378, 539, 107085.9, 7526, 1072935, 1504841, 2803534, 2803534, 0
35.001895, 4.99995, 309, 568, 272100.1, 7171, 1576627, 2541813, 2803534, 2803534, 0
40.001984, 5.000089, 279, 543, 316909.4, 9417, 2562887, 4330239, 4550005, 4550005, 0
40.564309, 0.562325, 17, 543, 463976.2, 12225, 4091689, 4559008, 4888711, 4888711, 0
