elapsed, window, n, min, mean, median, 95th, 99th, 99_9th, max, errors
5.000919, 5.000919, 0, 0, 0, 0, 0, 0, 0, 0, 0
10.001914, 5.000995, 0, 0, 0, 0, 0, 0, 0, 0, 0
15.001888, 4.999974, 0, 0, 0, 0, 0, 0, 0, 0, 0
20.001878, 4.99999, 24, 64332, 66975.4, 66656, 70710, 72298, 72298, 72298, 0
25.001979, 5.000101, 112, 64332, 370450.5, 155597, 1227443, 1915850, 2100312, 2100312, 19
30.001945, 4.999966, 88, 64219, 876446.7, 638805, 2610388, 3867583, 4115711, 4115711, 23
35.001895, 4.99995, 70, 64891, 1157253.5, 400146, 4801396, 5365598, 7616540, 7616540, 39
40.001984, 5.000089, 63, 66187, 1736239.6, 622431, 5788877, 6962192, 7253218, 7253218, 30
40.564309, 0.562325, 9, 67497, 2307980.6, 809644, 7176875, 8022513, 9653026, 9653026, 8
