elapsed, window, total, successful, failed
5.000298, 5.000298, 88463, 88463, 0
10.00127, 5.000972, 94958, 94958, 0
15.001329, 5.000059, 90232, 90232, 0
20.001263, 4.999934, 90250, 90250, 0
25.001294, 5.000031, 82977, 82977, 0
30.001352, 5.000058, 86784, 86784, 0
35.001318, 4.999966, 97393, 97393, 0
40.001301, 4.999983, 82077, 82077, 0
45.001289, 4.999988, 79519, 79519, 0
50.001401, 5.000112, 82426, 82426, 0
55.001327, 4.999926, 82141, 82141, 0
60.001337, 5.00001, 88459, 88459, 0
65.001277, 4.99994, 84036, 84036, 0
70.001396, 5.000119, 80229, 80229, 0
75.001336, 4.99994, 84120, 84120, 0
80.00139, 5.000054, 82167, 82167, 0
85.001338, 4.999948, 81628, 81628, 0
90.001318, 4.99998, 82025, 82025, 0
95.001382, 5.000064, 82536, 82536, 0
100.001335, 4.999953, 81541, 81541, 0
105.001301, 4.999966, 81784, 81784, 0
110.001326, 5.000025, 82338, 82338, 0
115.00131, 4.999984, 85447, 85447, 0
120.001282, 4.999972, 83653, 83653, 0
121.001477, 1.000195, 18799, 18799, 0
