elapsed, window, total, successful, failed
5.000265, 5.000265, 352183, 352183, 0
10.001247, 5.000982, 334285, 334285, 0
15.001323, 5.000076, 329680, 329680, 0
20.001286, 4.999963, 332053, 332053, 0
25.001307, 5.000021, 333425, 333425, 0
30.001369, 5.000062, 330696, 330696, 0
35.001329, 4.99996, 332257, 332257, 0
40.001315, 4.999986, 330941, 330941, 0
45.001289, 4.999974, 329158, 329158, 0
50.001331, 5.000042, 330322, 330322, 0
55.001288, 4.999957, 329252, 329252, 0
60.001252, 4.999964, 327023, 327023, 0
65.001245, 4.999993, 325758, 325758, 0
70.001326, 5.000081, 327354, 327354, 0
75.001311, 4.999985, 327715, 327715, 0
80.001478, 5.000167, 327154, 327154, 0
85.001252, 4.999774, 323569, 323569, 0
90.001302, 5.00005, 323801, 323801, 0
95.001343, 5.000041, 322948, 322948, 0
100.001282, 4.999939, 324555, 324555, 0
105.00125, 4.999968, 325214, 325214, 0
110.001252, 5.000002, 323530, 323530, 0
115.001274, 5.000022, 324874, 324874, 0
120.001248, 4.999974, 321710, 321710, 0
121.003349, 1.002101, 65099, 65099, 0
