elapsed, window, total, successful, failed
5.000903, 5.000903, 10161, 10161, 0
10.001924, 5.001021, 10546, 10546, 0
15.001915, 4.999991, 10720, 10720, 0
20.001811, 4.999896, 10593, 10593, 0
25.001814, 5.000003, 10721, 10721, 0
30.001904, 5.00009, 10892, 10892, 0
35.001885, 4.999981, 6796, 6796, 0
40.001862, 4.999977, 6794, 6794, 0
45.001807, 4.999945, 10923, 10923, 0
50.002028, 5.000221, 2066, 2066, 0
55.001796, 4.999768, 7592, 7592, 0
60.001809, 5.000013, 11253, 11253, 0
65.002006, 5.000197, 3073, 3073, 0
70.001895, 4.999889, 5781, 5781, 0
75.001894, 4.999999, 316, 316, 0
80.001895, 5.000001, 5193, 5193, 0
85.001817, 4.999922, 10573, 10573, 0
90.001909, 5.000092, 6559, 6559, 0
95.001955, 5.000046, 5475, 5475, 0
100.001931, 4.999976, 4103, 4103, 0
105.001916, 4.999985, 5907, 5907, 0
110.001913, 4.999997, 3377, 3377, 0
115.001939, 5.000026, 6654, 6654, 0
120.00193, 4.999991, 173, 173, 0
125.001953, 5.000023, 172, 172, 0
130.001886, 4.999933, 11486, 11486, 0
135.001969, 5.000083, 4297, 4297, 0
140.001788, 4.999819, 7834, 7834, 0
145.002008, 5.00022, 3803, 3803, 0
150.001934, 4.999926, 6379, 6379, 0
155.00193, 4.999996, 2321, 2321, 0
160.001948, 5.000018, 11641, 11641, 0
165.001933, 4.999985, 7330, 7330, 0
170.001941, 5.000008, 4905, 4905, 0
175.001793, 4.999852, 10375, 10375, 0
180.001966, 5.000173, 5163, 5163, 0
185.001834, 4.999868, 2614, 2614, 0
190.001819, 4.999985, 7527, 7527, 0
195.001968, 5.000149, 7721, 7721, 0
200.001796, 4.999828, 9764, 9764, 0
205.001803, 5.000007, 3077, 3077, 0
210.001928, 5.000125, 5897, 5897, 0
215.001868, 4.99994, 5, 5, 0
220.001867, 4.999999, 10761, 10761, 0
225.001881, 5.000014, 7886, 7886, 0
230.001828, 4.999947, 7180, 7180, 0
235.001977, 5.000149, 6092, 6092, 0
240.001955, 4.999978, 5090, 5090, 0
245.001832, 4.999877, 6331, 6331, 0
250.001931, 5.000099, 7531, 7531, 0
255.001976, 5.000045, 9472, 9472, 0
260.001943, 4.999967, 5760, 5760, 0
265.001969, 5.000026, 6012, 6012, 0
270.001917, 4.999948, 4003, 4003, 0
275.001964, 5.000047, 3838, 3838, 0
280.001877, 4.999913, 5670, 5670, 0
285.001801, 4.999924, 2805, 2805, 0
290.001939, 5.000138, 6403, 6403, 0
295.001889, 4.99995, 6848, 6848, 0
300.001931, 5.000042, 4956, 4956, 0
301.003051, 1.00112, 144, 144, 0
