elapsed, window, n, min, mean, median, 95th, 99th, 99_9th, max, errors
5.00062, 5.00062, 41756, 20637, 22504.3, 21706, 25956, 30076, 58220, 85995, 0
10.001653, 5.001033, 41966, 20623, 22299.4, 21685, 25598, 28174, 31465, 35476, 0
15.00166, 5.000007, 41933, 20564, 22290.9, 21658, 25593, 28275, 31290, 34302, 0
20.001694, 5.000034, 41956, 20582, 22275.7, 21654, 25584, 28242, 31358, 37935, 0
25.001674, 4.99998, 42141, 20628, 22268.5, 21641, 25582, 28246, 31225, 36596, 0
30.001627, 4.999953, 41998, 20603, 22246.3, 21645, 25480, 27920, 31236, 34511, 0
35.001643, 5.000016, 42062, 20596, 22228.7, 21633, 25394, 27850, 31016, 35829, 0
40.001673, 5.00003, 42023, 20622, 22246.7, 21626, 25508, 27927, 30959, 35829, 0
45.001727, 5.000054, 42118, 20598, 22259.1, 21638, 25535, 28096, 31230, 34223, 0
50.001627, 4.9999, 41925, 20587, 22272.7, 21654, 25498, 28099, 31196, 36977, 0
55.001672, 5.000045, 42060, 20578, 22281.2, 21662, 25508, 28023, 31108, 35546, 0
60.001674, 5.000002, 41978, 20606, 22270.2, 21652, 25541, 28163, 31021, 36279, 0
65.001622, 4.999948, 42067, 20571, 22261.3, 21638, 25537, 28176, 31045, 34873, 0
70.00168, 5.000058, 41987, 20586, 22255.8, 21640, 25487, 28264, 31314, 36214, 0
75.001631, 4.999951, 42061, 20558, 22265.0, 21646, 25500, 28281, 31332, 35676, 0
80.001625, 4.999994, 42010, 20558, 22254.0, 21647, 25428, 27945, 31110, 36435, 0
85.001644, 5.000019, 42071, 20598, 22250.4, 21648, 25455, 28021, 31196, 36849, 0
90.001624, 4.99998, 41933, 20626, 22267.4, 21652, 25552, 28141, 31114, 35920, 0
95.00163, 5.000006, 42023, 20610, 22249.9, 21645, 25454, 27863, 31272, 35600, 0
100.001625, 4.999995, 42066, 20621, 22266.8, 21646, 25558, 28068, 31263, 35507, 0
105.001633, 5.000008, 41963, 20593, 22279.6, 21655, 25581, 28197, 31288, 36710, 0
110.001635, 5.000002, 42006, 20593, 22261.9, 21661, 25480, 28030, 31241, 36051, 0
115.001645, 5.00001, 42002, 20580, 22269.0, 21642, 25604, 28165, 31471, 37258, 0
120.001689, 5.000044, 42006, 20580, 22264.5, 21657, 25522, 27965, 31146, 35052, 0
121.005665, 1.003976, 8409, 20618, 22261.9, 21661, 25506, 27972, 31019, 35052, 0
