elapsed, window, n, min, mean, median, 95th, 99th, 99_9th, max, errors
5.00067, 5.00067, 122799, 486, 9188.7, 3261, 12855, 186452, 431386, 638727, 0
10.001651, 5.000981, 122657, 507, 9092.7, 3198, 11738, 195168, 385053, 647765, 0
15.001658, 5.000007, 121607, 461, 9033.5, 3214, 11544, 192863, 472524, 966858, 0
20.001649, 4.999991, 120362, 461, 9356.1, 3206, 11569, 180777, 615300, 1203739, 0
25.001655, 5.000006, 116888, 481, 9524.3, 3241, 12441, 206734, 401373, 700014, 0
30.001719, 5.000064, 121278, 487, 9173.2, 3208, 11737, 188732, 487561, 780014, 0
35.001709, 4.99999, 121127, 468, 9193.1, 3222, 11720, 198401, 435516, 624866, 0
40.001767, 5.000058, 121290, 479, 9215.5, 3229, 11687, 191993, 428908, 720031, 0
45.001656, 4.999889, 120922, 479, 9115.6, 3196, 11566, 208222, 432988, 738405, 0
50.001702, 5.000046, 117296, 484, 9436.3, 3273, 11957, 200708, 459838, 864186, 0
55.00167, 4.999968, 117345, 494, 9641.8, 3243, 12584, 206698, 552502, 749743, 0
60.001659, 4.999989, 120185, 504, 9323.9, 3262, 12272, 203346, 337096, 579908, 0
65.001666, 5.000007, 119492, 521, 9294.7, 3274, 11965, 198493, 422355, 670798, 0
70.001658, 4.999992, 118377, 488, 9370.4, 3229, 12213, 185127, 602244, 969276, 0
75.001653, 4.999995, 115903, 467, 9574.8, 3250, 12078, 190059, 526477, 985460, 0
80.001713, 5.00006, 116087, 489, 9474.1, 3270, 12063, 206773, 440342, 686734, 0
85.001658, 4.999945, 114692, 510, 9759.3, 3366, 12323, 207643, 499650, 740834, 0
90.00165, 4.999992, 118736, 523, 9420.2, 3335, 11385, 199544, 459003, 698357, 0
95.001683, 5.000033, 116798, 487, 9485.2, 3388, 12781, 197202, 420040, 654047, 0
100.001668, 4.999985, 114648, 508, 9731.2, 3374, 13062, 213489, 449150, 739132, 0
105.001677, 5.000009, 114919, 481, 9713.2, 3394, 12833, 208827, 414190, 746155, 0
110.001698, 5.000021, 116558, 473, 9599.3, 3399, 12712, 191365, 459598, 1051383, 0
115.001658, 4.99996, 112405, 496, 9926.1, 3425, 12961, 197684, 558897, 799296, 0
120.001651, 4.999993, 116164, 486, 9684.6, 3332, 12587, 208220, 453703, 1149563, 0
121.005715, 1.004064, 24199, 486, 9522.4, 3310, 12010, 203031, 463354, 1149563, 0
