elapsed, window, n, min, mean, median, 95th, 99th, 99_9th, max, errors
5.001224, 5.001224, 3409, 1055, 31642.4, 4911, 115130, 139752, 166972, 179653, 0
10.00127, 5.000046, 3225, 1052, 32457.1, 4982, 112607, 133835, 163242, 166282, 0
15.00124, 4.99997, 3419, 1032, 31978.9, 4679, 111039, 132838, 161391, 174558, 0
20.001158, 4.999918, 3412, 1039, 32015.7, 4813, 112538, 139686, 168211, 179202, 0
25.001201, 5.000043, 3471, 1016, 32022.5, 4849, 113774, 135350, 158797, 175129, 0
30.001213, 5.000012, 3402, 1030, 31315.7, 4781, 112361, 131913, 150254, 160720, 0
35.001185, 4.999972, 3409, 1017, 32435.3, 4985, 113725, 139584, 168231, 173087, 0
40.001222, 5.000037, 3315, 1014, 32726.2, 4621, 116522, 146917, 178197, 184562, 0
45.001102, 4.99988, 3457, 1035, 31558.2, 4646, 113158, 139016, 163091, 169821, 0
50.001259, 5.000157, 3058, 1057, 37251.2, 4813, 128514, 265240, 367827, 380705, 0
55.001201, 4.999942, 3275, 1060, 33230.7, 3628, 117192, 140689, 213901, 275217, 0
60.001163, 4.999962, 3363, 1042, 31787.7, 4626, 112967, 132571, 173048, 193156, 0
65.00118, 5.000017, 3162, 1042, 32970.8, 4973, 115582, 134839, 151598, 162918, 0
70.001187, 5.000007, 3308, 1037, 33214.8, 4707, 115509, 140359, 156686, 180461, 0
75.001186, 4.999999, 3360, 1025, 31987.6, 4868, 112311, 130265, 153248, 162437, 0
80.001246, 5.00006, 3425, 1024, 31541.1, 4831, 111897, 130885, 151200, 169392, 0
85.001193, 4.999947, 3288, 1051, 32116.0, 5035, 113737, 135671, 154944, 163105, 0
90.001243, 5.00005, 3246, 1035, 32257.0, 5052, 114697, 132622, 154126, 165811, 0
95.00115, 4.999907, 3427, 1013, 30944.3, 3508, 113100, 139510, 158571, 168808, 0
100.001153, 5.000003, 3176, 1038, 35851.9, 4403, 120937, 320807, 449341, 482939, 0
105.001098, 4.999945, 3291, 1024, 32353.6, 5135, 113998, 132529, 151596, 161818, 0
110.00114, 5.000042, 3350, 1024, 33500.2, 4911, 117202, 146238, 174096, 211135, 0
115.001187, 5.000047, 3443, 1038, 32544.1, 5053, 112603, 134115, 153851, 172902, 0
120.001116, 4.999929, 3288, 1044, 34023.8, 4459, 121167, 158922, 261900, 286477, 0
121.00435, 1.003234, 815, 1050, 33347.3, 2871, 118121, 156669, 261900, 286477, 0
