elapsed, window, n, min, mean, max, errors, median
5.001085, 5.001085,5293, 882,15417.9, 888094,0,3711.18
10.001099, 5.000014,5186, 964,16893.1, 327745,0,3269
15.001096, 4.999997,3411, 912,19892.5, 356915,0,2566.15
20.000992, 4.999896,3277, 911,12487.7, 314717,0,2301.66
25.002039, 5.001047,3559, 950,12583.6, 251691,0,2297.67
30.001032, 4.998993,4400, 901,11858, 221946,0,2294.35
35.001051, 5.000019,3684, 868,13162.3, 309329,0,2096.83
40.001155, 5.000104,4352, 893,8124.43, 238075,0,1951.69
45.000985, 4.99983,4575, 881,7348.4, 290358,0,1970.96
50.002107, 5.001122,4744, 851,5234.24, 202914,0,1832.78
55.001106, 4.998999,4787, 896,4420.24, 184819,0,1922.79
60.001094, 4.999988,4538, 719,4843.12, 238566,0,1963.83
65.001012, 4.999918,4983, 913,2873.71, 96405,0,1985.97
70.002095, 5.001083,5858, 884,5263.81, 205310,0,2018.61
75.001035, 4.99894,3831, 898,9116.1, 269821,0,1859.31
80.001049, 5.000014,4200, 896,2748.08, 184259,0,1843.4
85.000965, 4.999916,4612, 935,4317.34, 229591,0,2251.27
90.002061, 5.001096,5906, 890,3924.25, 267822,0,2118.47
95.001116, 4.999055,4431, 898,4133.28, 251429,0,1823.26
100.001125, 5.000009,5048, 901,5567.68, 276001,0,1840.75
105.001109, 4.999984,4690, 902,3347.54, 316341,0,2262.75
110.001055, 4.999946,4005, 896,4721.41, 316341,0,2020.73
115.001182, 5.000127,5136, 905,5838.59, 329705,0,2056.32
120.000982, 4.9998,3142, 862,4391.93, 213134,0,1961.93
121.003211, 1.002229,1313, 862,2588.81, 45073,0,1996.06

