elapsed, window, n, min, mean, median, 95th, 99th, 99_9th, max, errors
5.000211, 5.000211, 119350, 318, 4248.7, 3342, 10944, 14636, 20232, 29756, 0
10.001199, 5.000988, 115185, 314, 4335.8, 3411, 11170, 14889, 20578, 33680, 0
15.001224, 5.000025, 115126, 291, 4331.3, 3363, 11274, 15237, 22437, 39714, 0
20.001197, 4.999973, 115456, 309, 4314.3, 3351, 11150, 15025, 21223, 34949, 0
25.001219, 5.000022, 115518, 307, 4334.7, 3479, 11018, 14910, 20389, 33540, 0
30.001195, 4.999976, 114796, 311, 4328.6, 3354, 11211, 15193, 22054, 34840, 0
35.001192, 4.999997, 114914, 311, 4341.6, 3384, 11276, 15158, 21806, 33271, 0
40.001222, 5.00003, 115977, 313, 4313.4, 3525, 10787, 14307, 19587, 35009, 0
45.001257, 5.000035, 115960, 313, 4312.6, 3471, 10876, 14319, 20962, 31594, 0
50.001244, 4.999987, 115584, 298, 4306.9, 3446, 10887, 14745, 22263, 40923, 0
55.001206, 4.999962, 115249, 308, 4327.7, 3435, 10957, 14689, 21008, 30740, 0
60.001256, 5.00005, 115187, 321, 4330.4, 3468, 10966, 14984, 20955, 29512, 0
65.001203, 4.999947, 115574, 318, 4317.9, 3521, 10652, 14135, 19766, 33075, 0
70.001198, 4.999995, 115627, 323, 4319.1, 3399, 10960, 14720, 20765, 29122, 0
75.00122, 5.000022, 115625, 314, 4328.5, 3478, 10809, 14675, 20079, 39501, 0
80.001211, 4.999991, 114490, 318, 4350.5, 3399, 11208, 14913, 21131, 34796, 0
85.001206, 4.999995, 114461, 315, 4355.9, 3536, 10855, 14610, 19897, 31260, 0
90.001242, 5.000036, 114292, 306, 4378.9, 3450, 11160, 15108, 21342, 33201, 0
95.001208, 4.999966, 114820, 318, 4345.7, 3477, 11014, 14884, 22043, 37225, 0
100.001208, 5.0, 114383, 318, 4358.2, 3508, 11048, 14816, 21342, 34166, 0
105.001237, 5.000029, 114577, 314, 4358.1, 3425, 11208, 15314, 22044, 31215, 0
110.001231, 4.999994, 113520, 306, 4392.4, 3376, 11598, 16145, 24299, 43730, 0
115.001246, 5.000015, 115003, 306, 4348.6, 3470, 11024, 14818, 20340, 30112, 0
120.001261, 5.000015, 115500, 301, 4316.9, 3460, 10871, 14671, 22513, 50304, 0
121.003315, 1.002054, 23090, 301, 4337.1, 3446, 11025, 14834, 22695, 50304, 0
