elapsed, window, total, successful, failed
5.000503, 5.000503, 625, 625, 0
10.001542, 5.001039, 599, 599, 0
15.001537, 4.999995, 652, 652, 0
20.00154, 5.000003, 675, 675, 0
25.001526, 4.999986, 635, 635, 0
30.001519, 4.999993, 690, 690, 0
35.001511, 4.999992, 692, 692, 0
40.001471, 4.99996, 634, 634, 0
45.001385, 4.999914, 616, 616, 0
50.001481, 5.000096, 652, 652, 0
55.001523, 5.000042, 614, 614, 0
60.001521, 4.999998, 700, 700, 0
65.001473, 4.999952, 671, 671, 0
70.001488, 5.000015, 645, 645, 0
75.001492, 5.000004, 682, 682, 0
80.001515, 5.000023, 646, 646, 0
85.001516, 5.000001, 643, 643, 0
90.001433, 4.999917, 651, 651, 0
95.001478, 5.000045, 519, 519, 0
100.0015, 5.000022, 639, 639, 0
105.001491, 4.999991, 701, 701, 0
110.001471, 4.99998, 643, 643, 0
115.0015, 5.000029, 714, 714, 0
120.001419, 4.999919, 637, 637, 0
121.003731, 1.002312, 144, 144, 0
