elapsed, window, n, min, mean, median, 95th, 99th, 99_9th, max, errors
5.000587, 5.000587, 824, 1014, 7598.8, 2705, 35212, 86961, 117351, 117984, 0
10.001633, 5.001046, 807, 972, 9548.4, 2024, 54495, 111678, 155412, 158550, 0
15.001521, 4.999888, 465, 901, 6518.0, 1920, 32483, 91316, 133966, 159068, 0
20.001627, 5.000106, 610, 901, 7055.5, 2045, 43069, 90355, 107771, 131014, 0
25.00158, 4.999953, 606, 879, 8790.4, 1698, 51352, 96992, 115438, 125834, 0
30.001562, 4.999982, 642, 946, 9382.0, 1901, 51352, 85254, 105039, 125834, 0
35.001608, 5.000046, 902, 928, 10884.5, 1872, 73697, 132171, 185471, 188960, 0
40.001632, 5.000024, 636, 891, 10648.1, 1659, 75297, 125359, 142689, 143966, 0
45.001602, 4.99997, 588, 901, 7044.5, 1609, 45095, 107573, 125359, 133950, 0
50.001517, 4.999915, 724, 917, 5058.5, 1604, 21696, 95480, 139740, 172252, 0
55.001533, 5.000016, 980, 888, 5819.9, 1742, 29106, 79470, 124596, 126411, 0
60.0016, 5.000067, 560, 930, 12522.8, 1747, 80998, 209035, 258092, 259123, 0
65.001589, 4.999989, 561, 930, 8898.3, 1666, 68960, 118158, 143168, 166236, 0
70.001592, 5.000003, 517, 943, 8142.9, 1593, 47557, 94554, 124567, 139815, 0
75.001768, 5.000176, 892, 925, 9155.9, 1663, 67710, 139120, 153102, 179623, 0
80.001506, 4.999738, 698, 925, 8893.5, 1704, 56909, 100074, 151559, 152438, 0
85.001569, 5.000063, 754, 960, 7859.4, 1606, 46318, 135009, 192668, 192957, 0
90.001508, 4.999939, 812, 941, 6448.3, 1926, 26641, 98123, 147505, 151625, 0
95.001486, 4.999978, 573, 903, 6251.4, 1699, 38638, 78194, 113083, 115854, 0
100.001584, 5.000098, 518, 978, 9838.8, 1826, 65257, 140463, 169419, 180667, 0
105.00158, 4.999996, 936, 908, 8549.3, 1954, 53261, 101670, 139013, 143112, 0
110.0015, 4.99992, 702, 913, 10104.9, 1611, 67516, 109478, 155539, 155739, 0
115.001508, 5.000008, 579, 921, 10458.1, 1557, 62398, 145131, 176825, 203613, 0
120.001583, 5.000075, 734, 935, 10192.5, 1661, 65488, 153191, 230604, 232098, 0
121.00569, 1.004107, 117, 936, 17514.5, 1810, 103659, 285292, 405820, 407608, 0
