elapsed, window, n, min, mean, median, 95th, 99th, 99_9th, max, errors
5.000914, 5.000914, 37855, 62216, 191097.5, 157345, 433398, 481763, 555373, 616405, 0
10.001868, 5.000954, 35367, 67398, 217659.3, 177798, 411111, 491938, 603345, 775740, 0
15.001896, 5.000028, 32173, 62386, 229252.8, 160359, 527636, 588388, 612063, 638306, 0
20.001893, 4.999997, 43428, 61863, 178561.3, 159417, 327244, 376619, 394411, 439055, 0
25.001849, 4.999956, 58903, 61087, 128303.8, 129105, 191649, 228229, 252046, 271563, 0
30.001895, 5.000046, 62382, 62694, 119746.3, 122818, 175173, 204498, 246349, 293446, 0
35.001862, 4.999967, 57925, 62270, 127835.2, 126674, 203560, 244967, 281398, 298384, 0
40.001858, 4.999996, 59463, 63280, 127976.2, 128342, 197903, 242045, 277636, 291073, 0
45.001946, 5.000088, 62464, 62041, 121103.0, 123640, 184274, 226159, 265956, 276379, 0
50.001847, 4.999901, 58632, 61497, 125879.0, 126679, 186822, 303455, 359333, 386043, 0
55.001866, 5.000019, 59353, 60811, 130671.7, 128254, 203058, 329714, 371905, 398531, 0
60.001846, 4.99998, 61601, 62115, 120918.9, 124008, 181274, 213834, 253873, 275338, 0
65.001894, 5.000048, 57800, 62035, 128957.7, 128796, 197264, 229490, 263976, 280928, 0
70.001899, 5.000005, 42198, 62960, 174422.9, 135432, 441948, 481629, 520534, 539893, 0
75.001914, 5.000015, 35777, 63463, 213744.0, 162028, 483421, 599354, 625895, 652318, 0
80.002052, 5.000138, 40703, 63588, 180450.3, 149455, 439739, 509391, 570012, 652252, 0
85.000898, 4.998846, 57575, 62347, 136671.9, 128976, 213797, 419609, 497977, 521469, 0
90.001858, 5.00096, 55331, 61517, 132236.1, 130588, 197719, 317209, 371245, 394226, 0
95.001897, 5.000039, 47391, 60873, 164024.6, 150059, 318899, 383607, 416520, 450805, 0
100.001894, 4.999997, 56956, 59728, 130205.9, 125536, 195638, 475198, 516830, 627148, 0
105.001963, 5.000069, 55263, 62047, 137453.0, 130659, 222899, 384565, 511436, 627148, 0
110.001847, 4.999884, 61742, 61975, 121693.1, 123756, 182231, 207510, 220305, 237950, 0
115.001893, 5.000046, 59386, 62113, 125804.7, 126287, 196853, 239293, 287887, 304963, 0
120.001861, 4.999968, 62326, 61790, 120946.7, 123901, 178439, 224243, 253368, 298248, 0
121.02892, 1.027059, 12135, 61785, 120940.8, 123464, 182183, 222291, 247579, 298248, 0
