elapsed, window, n, min, mean, median, 95th, 99th, 99_9th, max, errors
5.00102, 5.00102, 142, 93, 124.3, 114, 131, 156, 1480, 1480, 0
10.001019, 4.999999, 141, 91, 112.4, 112, 128, 135, 145, 145, 0
15.00097, 4.999951, 146, 92, 110.3, 108, 129, 147, 168, 168, 0
20.002018, 5.001048, 141, 91, 117.4, 113, 136, 170, 473, 473, 0
25.001021, 4.999003, 147, 91, 113.5, 111, 129, 149, 194, 194, 0
30.000969, 4.999948, 148, 94, 112.3, 111, 128, 139, 144, 144, 0
35.00202, 5.001051, 144, 96, 111.6, 110, 125, 135, 178, 178, 0
40.00097, 4.99895, 143, 94, 112.3, 110, 131, 144, 232, 232, 0
45.002017, 5.001047, 144, 90, 110.8, 110, 129, 133, 137, 137, 0
50.00102, 4.999003, 147, 87, 111.8, 111, 129, 137, 145, 145, 0
55.000969, 4.999949, 144, 91, 110.8, 111, 124, 130, 138, 138, 0
60.002017, 5.001048, 150, 91, 111.2, 110, 125, 128, 155, 155, 0
65.000968, 4.998951, 139, 91, 112.4, 111, 129, 147, 151, 151, 0
70.002017, 5.001049, 143, 92, 110.6, 110, 124, 130, 134, 134, 0
75.001017, 4.999, 147, 93, 110.4, 109, 124, 128, 138, 138, 0
80.000969, 4.999952, 144, 92, 110.3, 110, 121, 132, 152, 152, 0
85.00197, 5.001001, 149, 92, 115.1, 109, 130, 158, 733, 733, 0
90.002017, 5.000047, 146, 92, 110.5, 110, 126, 130, 142, 142, 0
95.000969, 4.998952, 144, 92, 111.5, 109, 126, 145, 199, 199, 0
100.001971, 5.001002, 142, 92, 110.6, 110, 127, 137, 139, 139, 0
105.00197, 4.999999, 145, 94, 112.1, 110, 128, 137, 163, 163, 0
110.002018, 5.000048, 146, 95, 111.3, 110, 127, 138, 163, 163, 0
115.000968, 4.99895, 139, 91, 109.4, 109, 127, 134, 137, 137, 0
120.001969, 5.001001, 148, 91, 110.7, 110, 126, 132, 134, 134, 0
121.002073, 1.000104, 28, 91, 111.5, 110, 127, 132, 149, 149, 0
