elapsed, window, total, successful, failed
5.000791, 5.000791, 483111, 483111, 0
10.001777, 5.000986, 448556, 448556, 0
15.001775, 4.999998, 440580, 440580, 0
20.001768, 4.999993, 445735, 445735, 0
25.001775, 5.000007, 440809, 440809, 0
30.001857, 5.000082, 440407, 440407, 0
35.001781, 4.999924, 441438, 441438, 0
40.001825, 5.000044, 439928, 439928, 0
45.001783, 4.999958, 443228, 443228, 0
50.001987, 5.000204, 442537, 442537, 0
55.001853, 4.999866, 441782, 441782, 0
60.001843, 4.99999, 437585, 437585, 0
65.001856, 5.000013, 442083, 442083, 0
70.00179, 4.999934, 439425, 439425, 0
75.001786, 4.999996, 429580, 429580, 0
80.00182, 5.000034, 435708, 435708, 0
85.001768, 4.999948, 432842, 432842, 0
90.001776, 5.000008, 428689, 428689, 0
95.001801, 5.000025, 434327, 434327, 0
100.001812, 5.000011, 433449, 433449, 0
105.001819, 5.000007, 427459, 427459, 0
110.001782, 4.999963, 437629, 437629, 0
115.001774, 4.999992, 432748, 432748, 0
120.00185, 5.000076, 434047, 434047, 0
121.015874, 1.014024, 88473, 88473, 0
