elapsed, window, total, successful, failed
5.000666, 5.000666, 56104, 56104, 0
10.001643, 5.000977, 51146, 51146, 0
15.001756, 5.000113, 50782, 50782, 0
20.001769, 5.000013, 50229, 50229, 0
25.001737, 4.999968, 42060, 42060, 0
30.001661, 4.999924, 45995, 45995, 0
35.001712, 5.000051, 49958, 49958, 0
40.001613, 4.999901, 48323, 48323, 0
45.001653, 5.00004, 25024, 25024, 0
50.001649, 4.999996, 25827, 25827, 0
55.001663, 5.000014, 40372, 40372, 0
60.001651, 4.999988, 40034, 40034, 0
65.001619, 4.999968, 42520, 42520, 0
70.001774, 5.000155, 36187, 36187, 0
75.001744, 4.99997, 46402, 46402, 0
80.001804, 5.00006, 44511, 44511, 0
85.001755, 4.999951, 37855, 37855, 0
90.001654, 4.999899, 57604, 57604, 0
95.001653, 4.999999, 40015, 40015, 0
100.001726, 5.000073, 40737, 40737, 0
105.001693, 4.999967, 39461, 39461, 0
110.001631, 4.999938, 40691, 40691, 0
115.001743, 5.000112, 52507, 52507, 0
120.001714, 4.999971, 43990, 43990, 0
121.002818, 1.001104, 12071, 12071, 0
