elapsed, window, total, successful, failed
5.000511, 5.000511, 18772, 18772, 0
10.001541, 5.00103, 19419, 19419, 0
15.001544, 5.000003, 18803, 18803, 0
20.001532, 4.999988, 18698, 18698, 0
25.001543, 5.000011, 19266, 19266, 0
30.001567, 5.000024, 18175, 18175, 0
35.00157, 5.000003, 15005, 15005, 0
40.001523, 4.999953, 18926, 18926, 0
45.001627, 5.000104, 15328, 15328, 0
50.0016, 4.999973, 19398, 19398, 0
55.001589, 4.999989, 15344, 15344, 0
60.001497, 4.999908, 19431, 19431, 0
65.001601, 5.000104, 14208, 14208, 0
70.001526, 4.999925, 11415, 11415, 0
75.00149, 4.999964, 19122, 19122, 0
80.001491, 5.000001, 19987, 19987, 0
85.001532, 5.000041, 17047, 17047, 0
90.001497, 4.999965, 15547, 15547, 0
95.001558, 5.000061, 20019, 20019, 0
100.001487, 4.999929, 17983, 17983, 0
105.001507, 5.00002, 17473, 17473, 0
110.001509, 5.000002, 17939, 17939, 0
115.001516, 5.000007, 20039, 20039, 0
120.001527, 5.000011, 19660, 19660, 0
125.001601, 5.000074, 20006, 20006, 0
130.001539, 4.999938, 19623, 19623, 0
135.001548, 5.000009, 19856, 19856, 0
140.001621, 5.000073, 19896, 19896, 0
145.001564, 4.999943, 16849, 16849, 0
150.001551, 4.999987, 19439, 19439, 0
155.001535, 4.999984, 19732, 19732, 0
160.001531, 4.999996, 20188, 20188, 0
165.001612, 5.000081, 19592, 19592, 0
170.001565, 4.999953, 20288, 20288, 0
175.001597, 5.000032, 20379, 20379, 0
180.001625, 5.000028, 20250, 20250, 0
181.003671, 1.002046, 4127, 4127, 0
