elapsed, window, n, min, mean, median, 95th, 99th, 99_9th, max, errors
5.000846, 5.000846, 5, 64949, 67189.6, 66465, 69937, 69937, 69937, 69937, 2
10.00172, 5.000874, 5, 64935, 79165.2, 66182, 132678, 132678, 132678, 132678, 2
15.000881, 4.999161, 6, 64556, 65904.2, 65188, 68117, 68117, 68117, 68117, 0
20.000855, 4.999974, 0, 0, 0, 0, 0, 0, 0, 0, 0
25.000805, 4.99995, 0, 0, 0, 0, 0, 0, 0, 0, 1
30.000853, 5.000048, 0, 0, 0, 0, 0, 0, 0, 0, 0
35.000873, 5.00002, 6, 64453, 65585.3, 65285, 66397, 66397, 66397, 66397, 1
40.00188, 5.001007, 0, 0, 0, 0, 0, 0, 0, 0, 0
45.001713, 4.999833, 0, 0, 0, 0, 0, 0, 0, 0, 2
50.0019, 5.000187, 5, 64270, 64955.6, 65113, 65482, 65482, 65482, 65482, 0
55.000851, 4.998951, 0, 0, 0, 0, 0, 0, 0, 0, 0
60.000721, 4.99987, 5, 64998, 78730.4, 65603, 131383, 131383, 131383, 131383, 3
65.000833, 5.000112, 0, 0, 0, 0, 0, 0, 0, 0, 0
70.001791, 5.000958, 0, 0, 0, 0, 0, 0, 0, 0, 0
75.001848, 5.000057, 6, 65434, 67749.7, 66825, 70386, 70386, 70386, 70386, 2
80.000838, 4.99899, 0, 0, 0, 0, 0, 0, 0, 0, 0
85.000851, 5.000013, 5, 63840, 65833.0, 65950, 68250, 68250, 68250, 68250, 2
90.001877, 5.001026, 5, 64373, 66160.6, 65763, 69498, 69498, 69498, 69498, 2
95.000788, 4.998911, 5, 63856, 65860.6, 64719, 70561, 70561, 70561, 70561, 1
100.001838, 5.00105, 7, 63659, 76465.9, 66877, 132084, 132084, 132084, 132084, 4
105.001739, 4.999901, 4, 64867, 80247.6, 68952, 132084, 132084, 132084, 132084, 0
110.001859, 5.00012, 6, 64362, 66422.0, 65393, 69569, 69569, 69569, 69569, 0
115.001782, 4.999923, 0, 0, 0, 0, 0, 0, 0, 0, 1
120.001787, 5.000005, 0, 0, 0, 0, 0, 0, 0, 0, 0
125.001845, 5.000058, 0, 0, 0, 0, 0, 0, 0, 0, 0
130.001858, 5.000013, 0, 0, 0, 0, 0, 0, 0, 0, 0
135.001881, 5.000023, 0, 0, 0, 0, 0, 0, 0, 0, 3
140.001848, 4.999967, 0, 0, 0, 0, 0, 0, 0, 0, 0
145.00185, 5.000002, 5, 64057, 66351.2, 66526, 69347, 69347, 69347, 69347, 2
150.001836, 4.999986, 0, 0, 0, 0, 0, 0, 0, 0, 1
155.001855, 5.000019, 0, 0, 0, 0, 0, 0, 0, 0, 0
160.001864, 5.000009, 0, 0, 0, 0, 0, 0, 0, 0, 0
165.001722, 4.999858, 8, 64642, 66284.4, 65111, 69692, 69692, 69692, 69692, 2
170.001721, 4.999999, 0, 0, 0, 0, 0, 0, 0, 0, 1
175.001794, 5.000073, 6, 65203, 65498.0, 65244, 66152, 66152, 66152, 66152, 0
180.001814, 5.00002, 6, 64529, 66826.6, 66282, 71002, 71002, 71002, 71002, 3
181.051944, 1.05013, 1, 64529, 66439.7, 65028, 71002, 71002, 71002, 71002, 0
