elapsed, window, total, successful, failed
5.000127, 5.000127, 149730, 149730, 0
10.001175, 5.001048, 139887, 139887, 0
15.001142, 4.999967, 139971, 139971, 0
20.001104, 4.999962, 143128, 143128, 0
25.00114, 5.000036, 148875, 148875, 0
30.00114, 5.0, 139469, 139469, 0
35.00114, 5.0, 140319, 140319, 0
40.001134, 4.999994, 134841, 134841, 0
45.001167, 5.000033, 140275, 140275, 0
50.001232, 5.000065, 136947, 136947, 0
55.001135, 4.999903, 140185, 140185, 0
60.001146, 5.000011, 137286, 137286, 0
65.001123, 4.999977, 130758, 130758, 0
70.001123, 5.0, 139819, 139819, 0
75.001117, 4.999994, 132251, 132251, 0
80.001123, 5.000006, 135227, 135227, 0
85.001176, 5.000053, 135675, 135675, 0
90.001111, 4.999935, 136196, 136196, 0
95.001114, 5.000003, 138663, 138663, 0
100.00111, 4.999996, 136021, 136021, 0
105.001285, 5.000175, 140026, 140026, 0
110.001131, 4.999846, 138933, 138933, 0
115.0012, 5.000069, 144578, 144578, 0
120.001108, 4.999908, 134770, 134770, 0
121.012805, 1.011697, 26575, 26575, 0
