elapsed, window, n, min, mean, median, 95th, 99th, 99_9th, max, errors
5.000961, 5.000961, 275947, 198, 1730.6, 1413, 4130, 5573, 7738, 12859, 0
10.001834, 5.000873, 263440, 204, 1726.2, 1401, 4153, 5613, 7838, 12859, 0
15.001876, 5.000042, 261782, 196, 1729.1, 1405, 4130, 5537, 7576, 12417, 0
20.00187, 4.999994, 262839, 191, 1718.7, 1437, 3975, 5212, 7099, 10587, 0
25.001869, 4.999999, 264240, 198, 1714.0, 1411, 4060, 5458, 7598, 12396, 0
30.001858, 4.999989, 262332, 177, 1720.1, 1408, 4067, 5481, 7572, 12408, 0
35.00183, 4.999972, 263983, 194, 1711.0, 1417, 4001, 5364, 7270, 11681, 0
40.001847, 5.000017, 262115, 205, 1720.1, 1376, 4170, 5606, 7741, 13120, 0
45.001862, 5.000015, 263428, 198, 1714.9, 1399, 4082, 5477, 7744, 12433, 0
50.001915, 5.000053, 262743, 207, 1714.7, 1425, 3990, 5263, 7148, 11606, 0
55.001863, 4.999948, 264480, 199, 1716.1, 1394, 4084, 5454, 7536, 11237, 0
60.001917, 5.000054, 263302, 197, 1713.7, 1386, 4115, 5552, 7621, 13451, 0
65.001976, 5.000059, 264178, 206, 1712.6, 1414, 3986, 5350, 7156, 12240, 0
70.001875, 4.999899, 262320, 198, 1717.5, 1394, 4089, 5629, 7831, 14726, 0
75.001861, 4.999986, 263827, 206, 1715.2, 1382, 4132, 5569, 7728, 14436, 0
80.001848, 4.999987, 262741, 205, 1714.0, 1413, 4036, 5352, 7376, 12173, 0
85.001903, 5.000055, 262754, 203, 1715.8, 1423, 4008, 5266, 7115, 10614, 0
90.001883, 4.99998, 260886, 203, 1723.6, 1430, 4055, 5403, 7569, 12484, 0
95.001831, 4.999948, 263846, 204, 1717.5, 1419, 4015, 5474, 7733, 13620, 0
100.001871, 5.00004, 262598, 183, 1714.8, 1421, 4014, 5434, 7535, 12708, 0
105.001863, 4.999992, 263685, 183, 1713.7, 1411, 4044, 5497, 7590, 13747, 0
110.001833, 4.99997, 262714, 195, 1723.8, 1425, 4058, 5521, 7719, 14876, 0
115.001886, 5.000053, 260219, 204, 1726.5, 1442, 4025, 5425, 7377, 12181, 0
120.00188, 4.999994, 261394, 200, 1728.8, 1419, 4100, 5611, 7873, 13037, 0
121.002992, 1.001112, 52009, 200, 1726.9, 1427, 4071, 5593, 7877, 13037, 0
