elapsed, window, n, min, mean, median, 95th, 99th, 99_9th, max, errors
5.000257, 5.000257, 56557, 87, 166.8, 143, 304, 447, 687, 5105, 0
10.001242, 5.000985, 55884, 84, 165.2, 142, 300, 449, 726, 1609, 0
15.001236, 4.999994, 56436, 86, 166.3, 143, 301, 439, 645, 1117, 0
20.001243, 5.000007, 55918, 82, 166.0, 143, 301, 446, 658, 5225, 0
25.001344, 5.000101, 55866, 85, 165.6, 142, 301, 444, 657, 3642, 0
30.001233, 4.999889, 55893, 86, 163.9, 142, 295, 424, 639, 1642, 0
35.001269, 5.000036, 56253, 87, 165.8, 142, 300, 439, 680, 4187, 0
40.00126, 4.999991, 55664, 82, 163.4, 142, 293, 423, 656, 1438, 0
45.001246, 4.999986, 56092, 86, 165.5, 143, 299, 439, 670, 1135, 0
50.001249, 5.000003, 56029, 85, 165.0, 142, 296, 431, 679, 5181, 0
55.001252, 5.000003, 56390, 83, 167.3, 144, 304, 455, 691, 4412, 0
60.001239, 4.999987, 55512, 85, 164.5, 142, 297, 440, 674, 4203, 0
65.001324, 5.000085, 56228, 83, 167.0, 144, 304, 448, 709, 4690, 0
70.001268, 4.999944, 55960, 83, 168.8, 146, 307, 449, 662, 958, 0
75.001243, 4.999975, 56218, 84, 168.6, 145, 307, 464, 722, 5021, 0
80.001304, 5.000061, 56648, 85, 169.0, 146, 308, 455, 686, 1310, 0
85.001257, 4.999953, 57173, 86, 170.3, 147, 312, 444, 636, 992, 0
90.001307, 5.00005, 56773, 86, 169.6, 146, 307, 443, 670, 4558, 0
95.001241, 4.999934, 56655, 85, 169.1, 146, 309, 447, 645, 2862, 0
100.001243, 5.000002, 57147, 85, 170.5, 148, 310, 449, 691, 1245, 0
105.001269, 5.000026, 56672, 84, 168.4, 145, 307, 448, 681, 2970, 0
110.001244, 4.999975, 57056, 88, 169.2, 146, 305, 448, 709, 4088, 0
115.001248, 5.000004, 56631, 83, 170.0, 146, 309, 458, 691, 5226, 0
120.001241, 4.999993, 56492, 86, 169.4, 147, 306, 445, 687, 5252, 0
121.007352, 1.006111, 11382, 86, 169.1, 146, 305, 444, 683, 5252, 0
