elapsed, window, n, min, mean, median, 95th, 99th, 99_9th, max, errors
5.00098, 5.00098, 245, 1485, 40436.0, 7562, 102340, 103873, 107647, 107647, 0
10.001991, 5.001011, 246, 1410, 46907.2, 7529, 104959, 151404, 173020, 173020, 0
15.001965, 4.999974, 212, 1391, 44278.1, 5616, 101316, 104314, 107646, 107646, 0
20.001868, 4.999903, 252, 1446, 47080.9, 11105, 101409, 103089, 104128, 104128, 0
25.001969, 5.000101, 229, 1385, 49387.6, 19191, 101710, 103946, 145012, 145012, 0
30.001981, 5.000012, 227, 1398, 49723.2, 21046, 101689, 102963, 103637, 103637, 0
35.001934, 4.999953, 243, 1444, 46384.6, 7439, 102674, 112954, 151365, 151365, 0
40.001918, 4.999984, 238, 1332, 42761.2, 6970, 101308, 106136, 132008, 132008, 0
45.001941, 5.000023, 278, 1333, 43045.3, 6862, 101535, 104343, 122832, 122832, 0
50.001972, 5.000031, 251, 1382, 41931.8, 7050, 101523, 105473, 126961, 126961, 0
55.001983, 5.000011, 265, 1481, 40442.2, 4102, 101584, 103111, 105180, 105180, 0
60.001857, 4.999874, 236, 1497, 44006.8, 5766, 101293, 104333, 107297, 107297, 0
65.001924, 5.000067, 229, 1480, 46450.1, 8927, 101690, 161583, 223607, 223607, 0
70.001895, 4.999971, 232, 1431, 44768.5, 5287, 105503, 157082, 214171, 214171, 0
75.001996, 5.000101, 251, 1357, 46326.1, 7447, 103558, 155689, 169569, 169569, 0
80.001864, 4.999868, 243, 1367, 40373.5, 3541, 101490, 106719, 123148, 123148, 0
85.001941, 5.000077, 231, 1454, 44973.5, 7727, 102370, 107189, 116208, 116208, 0
90.002034, 5.000093, 247, 1432, 37810.0, 1982, 101723, 102794, 111565, 111565, 0
95.001925, 4.999891, 248, 1454, 36774.7, 2259, 101234, 102628, 131583, 131583, 0
100.00197, 5.000045, 235, 1432, 43584.8, 5687, 101629, 114866, 177541, 177541, 0
105.002001, 5.000031, 265, 1434, 44896.5, 7604, 101692, 109239, 140048, 140048, 0
110.001891, 4.99989, 225, 1410, 41201.5, 2882, 101653, 105129, 168154, 168154, 0
115.001874, 4.999983, 224, 1477, 42943.8, 3755, 101802, 111552, 184645, 184645, 0
120.002051, 5.000177, 261, 1449, 43793.5, 7158, 101745, 103718, 110944, 110944, 0
121.006129, 1.004078, 39, 1449, 44325.6, 7300, 101593, 103244, 110944, 110944, 0
