elapsed, window, total, successful, failed
5.000412, 5.000412,812294,812294,0
10.001382, 5.00097,700257,700257,0
15.001709, 5.000327,698099,698099,0
20.00137, 4.999661,722166,722166,0
25.001399, 5.000029,702455,702455,0
30.001389, 4.99999,712072,712072,0
35.00138, 4.999991,693000,693000,0
40.001375, 4.999995,721827,721827,0
45.001382, 5.000007,720837,720837,0
50.001374, 4.999992,741926,741926,0
55.001389, 5.000015,740519,740519,0
60.001443, 5.000054,740182,740182,0
65.001397, 4.999954,730306,730306,0
70.001374, 4.999977,728564,728564,0
75.001372, 4.999998,730473,730473,0
80.001377, 5.000005,762031,762031,0
85.001372, 4.999995,764136,764136,0
90.001375, 5.000003,752166,752166,0
95.001386, 5.000011,757798,757798,0
100.001369, 4.999983,764041,764041,0
105.001368, 4.999999,754307,754307,0
110.001376, 5.000008,763205,763205,0
115.001406, 5.00003,751961,751961,0
120.001378, 4.999972,760500,760500,0
121.013658, 1.01228,136641,136641,0

