elapsed, window, n, min, mean, median, 95th, 99th, 99_9th, max, errors
5.000855, 5.000855, 5449, 20704, 22906.6, 22439, 26626, 29884, 34909, 42735, 0
10.001857, 5.001002, 5466, 20707, 22825.5, 22349, 26545, 29176, 32839, 35570, 0
15.001856, 4.999999, 5470, 20653, 22842.2, 22386, 26419, 29233, 32416, 34428, 0
20.001856, 5.0, 5459, 20681, 22879.6, 22380, 26661, 29332, 32580, 35102, 0
25.001857, 5.000001, 5462, 20668, 22862.8, 22378, 26534, 29332, 32813, 34293, 0
30.001914, 5.000057, 5467, 20700, 22854.4, 22354, 26669, 29409, 32170, 36692, 0
35.001938, 5.000024, 5468, 20728, 22850.3, 22367, 26589, 29198, 32655, 35982, 0
40.00192, 4.999982, 5463, 20714, 22848.7, 22380, 26532, 29537, 32638, 34654, 0
45.001855, 4.999935, 5467, 20710, 22834.6, 22371, 26483, 29212, 32157, 33539, 0
50.001857, 5.000002, 5471, 20684, 22826.5, 22364, 26397, 29113, 32012, 34619, 0
55.001867, 5.00001, 5464, 20625, 22852.8, 22386, 26464, 29307, 32382, 34264, 0
60.001906, 5.000039, 5468, 20681, 22846.6, 22364, 26638, 29116, 31805, 33534, 0
65.001854, 4.999948, 5476, 20707, 22815.5, 22378, 26384, 28894, 31525, 33512, 0
70.00191, 5.000056, 5462, 20697, 22858.3, 22403, 26463, 28860, 32286, 35983, 0
75.001867, 4.999957, 5455, 20694, 22898.0, 22403, 26604, 29307, 31931, 36975, 0
80.001904, 5.000037, 5453, 20694, 22905.8, 22405, 26645, 29567, 33458, 36233, 0
85.001877, 4.999973, 5469, 20688, 22850.3, 22386, 26549, 29290, 32430, 34266, 0
90.001906, 5.000029, 5470, 20644, 22841.0, 22349, 26443, 29065, 32414, 33911, 0
95.00186, 4.999954, 5457, 20657, 22886.3, 22403, 26455, 29227, 32520, 35573, 0
100.00191, 5.00005, 5469, 20750, 22838.4, 22345, 26460, 29250, 31795, 33931, 0
105.001856, 4.999946, 5469, 20692, 22832.2, 22390, 26333, 29080, 32871, 35475, 0
110.001933, 5.000077, 5468, 20688, 22850.3, 22389, 26414, 29153, 32570, 33826, 0
115.001906, 4.999973, 5472, 20693, 22830.8, 22384, 26376, 28979, 32276, 34969, 0
120.001853, 4.999947, 5464, 20701, 22861.1, 22366, 26510, 29131, 32735, 35850, 0
121.001952, 1.000099, 1094, 20715, 22867.4, 22376, 26567, 29076, 31879, 35850, 0
