elapsed, window, total, successful, failed
5.001025, 5.001025, 476355, 476355, 0
10.000984, 4.999959, 436205, 436205, 0
15.002125, 5.001141, 433901, 433901, 0
20.000976, 4.998851, 438350, 438350, 0
25.001992, 5.001016, 437405, 437405, 0
30.002084, 5.000092, 437125, 437125, 0
35.000992, 4.998908, 437036, 437036, 0
40.002002, 5.00101, 436321, 436321, 0
45.001972, 4.99997, 431677, 431677, 0
50.002024, 5.000052, 437199, 437199, 0
55.000964, 4.99894, 431659, 431659, 0
60.001996, 5.001032, 429385, 429385, 0
65.00205, 5.000054, 436496, 436496, 0
70.001042, 4.998992, 431106, 431106, 0
75.001005, 4.999963, 429306, 429306, 0
80.001984, 5.000979, 432537, 432537, 0
85.002, 5.000016, 428044, 428044, 0
90.001979, 4.999979, 430308, 430308, 0
95.001972, 4.999993, 430060, 430060, 0
100.001978, 5.000006, 434472, 434472, 0
105.001984, 5.000006, 436287, 436287, 0
110.001975, 4.999991, 432176, 432176, 0
115.002006, 5.000031, 432782, 432782, 0
120.00202, 5.000014, 428214, 428214, 0
121.018048, 1.016028, 84273, 84273, 0
