elapsed, window, n, min, mean, median, 95th, 99th, 99_9th, max, errors
5.000756, 5.000756, 4939, 82, 6318.1, 125, 28766, 37024, 42840, 47876, 0
10.001723, 5.000967, 5075, 80, 6251.8, 130, 27414, 36535, 42512, 45984, 0
15.001709, 4.999986, 5095, 84, 6217.6, 143, 27961, 37027, 41477, 47016, 0
20.001709, 5.0, 5098, 86, 6095.8, 138, 27266, 35837, 42295, 47383, 0
25.001712, 5.000003, 5074, 82, 6216.2, 139, 28230, 37576, 41923, 45844, 0
30.00171, 4.999998, 5107, 87, 6173.3, 138, 27597, 37327, 41629, 43863, 0
35.001709, 4.999999, 5099, 87, 5992.3, 153, 27023, 37149, 41351, 46185, 0
40.001763, 5.000054, 5080, 82, 6223.3, 141, 28394, 36773, 40936, 42328, 0
45.001709, 4.999946, 5102, 87, 6300.7, 146, 28293, 36224, 41678, 43389, 0
50.001711, 5.000002, 5056, 84, 6242.1, 146, 27639, 35892, 41428, 43243, 0
55.001709, 4.999998, 5055, 81, 6212.4, 142, 27633, 36854, 42702, 44292, 0
60.001709, 5.0, 5036, 87, 6376.2, 149, 28628, 36473, 41375, 43471, 0
65.00171, 5.000001, 5071, 88, 6284.0, 154, 27517, 36708, 41813, 47164, 0
70.001719, 5.000009, 5044, 89, 6241.9, 154, 27904, 35902, 40913, 44640, 0
75.001757, 5.000038, 5051, 89, 6184.2, 159, 27825, 36876, 41340, 46211, 0
80.00171, 4.999953, 4995, 89, 6378.6, 162, 28750, 37161, 41348, 43102, 0
85.00171, 5.0, 5003, 89, 6362.2, 172, 27906, 36659, 41329, 44253, 0
90.001709, 4.999999, 5048, 88, 6237.6, 182, 27777, 36662, 41080, 43214, 0
95.001711, 5.000002, 4988, 88, 6444.7, 199, 27952, 36387, 42366, 43385, 0
100.001716, 5.000005, 4966, 88, 6322.9, 220, 27836, 36450, 41570, 43635, 0
105.001709, 4.999993, 4973, 88, 6319.7, 224, 27850, 36620, 40344, 42253, 0
110.00171, 5.000001, 4964, 92, 6354.1, 235, 28284, 36932, 42256, 46716, 0
115.001777, 5.000067, 4956, 91, 6077.7, 256, 27182, 36242, 42150, 45888, 0
120.001708, 4.999931, 4875, 86, 6349.3, 306, 28634, 37405, 41671, 45563, 0
121.001811, 1.000103, 999, 86, 6324.4, 323, 28309, 36895, 41896, 45563, 0
