elapsed, window, n, min, mean, median, 95th, 99th, 99_9th, max, errors
5.000738, 5.000738, 595, 91194, 98358.0, 93459, 156484, 167736, 171074, 174558, 0
10.001664, 5.000926, 434, 91227, 94936.3, 93047, 98225, 159179, 163234, 163254, 0
15.001754, 5.00009, 437, 91277, 106756.3, 92895, 162984, 169607, 173356, 173356, 0
20.00175, 4.999996, 524, 91520, 109480.6, 93098, 164024, 170626, 173356, 174362, 0
25.001784, 5.000034, 520, 91265, 103851.5, 93051, 159689, 167012, 172420, 173090, 0
30.001704, 4.99992, 533, 91507, 105062.9, 93133, 162587, 168026, 172420, 173090, 0
35.001716, 5.000012, 497, 91250, 105350.6, 93368, 161067, 167859, 171154, 177286, 0
40.001766, 5.00005, 541, 91383, 101105.7, 93025, 157776, 162285, 163957, 165088, 0
45.001639, 4.999873, 470, 91531, 97484.7, 92963, 140787, 163041, 169206, 182594, 0
50.001779, 5.00014, 482, 91517, 105478.3, 93089, 163042, 170297, 177928, 189976, 0
55.001823, 5.000044, 490, 91449, 106721.3, 93521, 163916, 168012, 178212, 183569, 0
60.001773, 4.99995, 487, 91295, 101842.0, 93557, 158789, 163872, 166085, 166185, 0
65.001744, 4.999971, 598, 91363, 107204.7, 93225, 157669, 161195, 164500, 166085, 0
70.001752, 5.000008, 485, 91363, 94218.9, 92815, 98906, 128267, 153630, 153886, 0
75.001744, 4.999992, 384, 91380, 99190.4, 93093, 158979, 165140, 217604, 217604, 0
80.001777, 5.000033, 667, 91366, 99469.3, 93070, 157419, 165125, 175980, 190069, 0
85.001653, 4.999876, 510, 91366, 104758.3, 93250, 162528, 169762, 173101, 221618, 0
90.001845, 5.000192, 518, 91493, 104879.9, 93080, 160459, 167155, 170953, 174424, 0
95.001672, 4.999827, 467, 91354, 93571.0, 92728, 96615, 106698, 145500, 148003, 0
100.001711, 5.000039, 550, 91432, 95875.3, 92900, 104523, 164029, 170257, 172929, 0
105.001685, 4.999974, 640, 91443, 102956.0, 93334, 162549, 168766, 176692, 181556, 0
110.001764, 5.000079, 460, 91323, 105640.6, 93050, 159587, 165604, 166833, 168600, 0
115.001633, 4.999869, 508, 91326, 102335.2, 93110, 158997, 166029, 170824, 175623, 0
120.001764, 5.000131, 427, 91502, 110385.2, 93217, 163511, 167648, 175623, 177556, 0
121.003767, 1.002003, 110, 91502, 104815.9, 93100, 161704, 166458, 170576, 177556, 0
