elapsed, window, total, successful, failed
5.000738, 5.000738, 6962, 6962, 0
10.001664, 5.000926, 7031, 7031, 0
15.001754, 5.00009, 7785, 7785, 0
20.00175, 4.999996, 6753, 6753, 0
25.001784, 5.000034, 7276, 7276, 0
30.001704, 4.99992, 6563, 6563, 0
35.001716, 5.000012, 8069, 8069, 0
40.001766, 5.00005, 7720, 7720, 0
45.001639, 4.999873, 6200, 6200, 0
50.001779, 5.00014, 6959, 6959, 0
55.001823, 5.000044, 7654, 7654, 0
60.001773, 4.99995, 7435, 7435, 0
65.001744, 4.999971, 10880, 10880, 0
70.001752, 5.000008, 7577, 7577, 0
75.001744, 4.999992, 7179, 7179, 0
80.001777, 5.000033, 7536, 7536, 0
85.001653, 4.999876, 6546, 6546, 0
90.001845, 5.000192, 6798, 6798, 0
95.001672, 4.999827, 8654, 8654, 0
100.001711, 5.000039, 7424, 7424, 0
105.001685, 4.999974, 8485, 8485, 0
110.001764, 5.000079, 7707, 7707, 0
115.001633, 4.999869, 8097, 8097, 0
120.001764, 5.000131, 7336, 7336, 0
121.003767, 1.002003, 1402, 1402, 0
