elapsed, window, n, min, mean, median, 95th, 99th, 99_9th, max, errors
5.000454, 5.000454, 41596, 82, 468.2, 322, 1130, 3481, 7000, 11877, 0
10.001358, 5.000904, 45960, 81, 408.6, 316, 969, 1583, 4007, 5820, 0
15.001341, 4.999983, 44433, 80, 366.7, 290, 846, 1408, 2200, 5869, 0
20.001322, 4.999981, 46114, 82, 389.4, 313, 904, 1381, 2150, 5575, 0
25.001339, 5.000017, 45133, 82, 379.9, 303, 879, 1394, 2944, 5810, 0
30.001307, 4.999968, 46061, 80, 390.1, 314, 896, 1306, 1955, 2465, 0
35.001311, 5.000004, 46561, 86, 418.4, 332, 987, 1454, 2385, 5850, 0
40.001324, 5.000013, 46106, 86, 398.4, 319, 933, 1362, 2412, 3258, 0
45.001305, 4.999981, 46119, 85, 393.4, 312, 904, 1368, 3540, 6608, 0
50.001309, 5.000004, 45342, 83, 395.4, 314, 925, 1553, 2164, 2547, 0
55.001305, 4.999996, 45575, 84, 399.4, 310, 978, 1536, 2350, 3246, 0
60.001354, 5.000049, 46097, 84, 385.0, 316, 858, 1257, 2016, 2689, 0
65.001316, 4.999962, 46407, 86, 409.3, 331, 951, 1411, 1868, 2140, 0
70.00134, 5.000024, 46006, 81, 401.0, 322, 933, 1379, 2054, 2690, 0
75.001307, 4.999967, 45773, 78, 383.1, 313, 852, 1274, 2263, 5444, 0
80.001304, 4.999997, 46091, 80, 385.8, 314, 879, 1259, 2074, 3043, 0
85.001325, 5.000021, 45913, 82, 395.8, 317, 892, 1362, 4086, 5113, 0
90.001301, 4.999976, 46290, 85, 386.9, 320, 864, 1254, 1764, 2500, 0
95.001326, 5.000025, 46155, 85, 398.0, 322, 918, 1319, 2000, 4643, 0
100.001364, 5.000038, 46456, 85, 403.9, 328, 918, 1353, 2017, 2586, 0
105.00131, 4.999946, 46198, 84, 400.6, 319, 944, 1424, 2717, 3462, 0
110.001312, 5.000002, 46360, 86, 400.2, 322, 942, 1422, 1930, 2342, 0
115.001311, 4.999999, 45937, 84, 393.0, 315, 901, 1347, 2053, 2423, 0
120.001339, 5.000028, 46093, 81, 400.4, 319, 929, 1409, 2471, 3877, 0
121.005354, 1.004015, 9361, 81, 402.6, 320, 943, 1454, 2471, 3877, 0
