elapsed, window, n, min, mean, median, 95th, 99th, 99_9th, max, errors
5.000774, 5.000774, 5973, 1481, 3695.6, 2304, 12225, 15864, 17892, 18739, 0
10.001739, 5.000965, 5884, 1473, 3617.8, 2308, 11768, 15604, 17968, 28200, 0
15.001607, 4.999868, 5209, 1491, 4191.6, 2346, 12439, 17906, 104344, 265566, 0
20.001602, 4.999995, 5741, 1437, 3689.6, 2337, 11984, 15733, 22061, 48128, 0
25.001673, 5.000071, 5915, 1521, 3659.1, 2334, 12060, 15541, 18110, 20495, 0
30.001625, 4.999952, 5807, 1515, 3661.6, 2353, 11959, 15450, 17675, 21291, 0
35.001621, 4.999996, 5818, 1476, 3735.2, 2378, 12086, 15804, 17577, 18090, 0
40.001642, 5.000021, 5806, 1498, 3692.7, 2388, 11675, 15615, 18006, 20156, 0
45.001745, 5.000103, 5854, 1508, 3802.6, 2390, 12321, 15817, 18770, 29930, 0
50.001619, 4.999874, 5816, 1558, 3775.3, 2383, 12300, 15510, 18638, 29930, 0
55.001656, 5.000037, 5793, 1405, 3639.8, 2368, 11795, 15465, 17607, 19572, 0
60.001673, 5.000017, 5850, 1438, 3743.3, 2358, 12089, 15779, 18954, 64976, 0
65.001632, 4.999959, 5967, 1417, 3734.9, 2324, 12219, 15621, 18853, 64976, 0
70.001627, 4.999995, 5839, 1455, 3576.5, 2229, 11672, 15169, 17538, 123154, 0
75.00163, 5.000003, 5867, 1445, 3643.8, 2323, 11858, 15459, 17981, 76045, 0
80.001633, 5.000003, 5928, 1422, 3623.9, 2297, 11975, 15540, 17764, 28519, 0
85.001599, 4.999966, 5946, 1448, 3632.1, 2263, 12081, 15505, 18311, 30029, 0
90.001633, 5.000034, 5918, 1456, 3727.5, 2277, 12069, 15898, 19117, 84024, 0
95.001731, 5.000098, 5892, 1456, 3720.9, 2296, 12309, 15455, 18566, 58861, 0
100.001704, 4.999973, 5874, 1449, 3729.6, 2260, 12256, 15767, 18396, 82101, 0
105.00161, 4.999906, 5939, 1449, 3617.5, 2241, 11972, 15758, 18632, 81950, 0
110.001672, 5.000062, 5887, 1446, 3673.2, 2281, 11986, 15758, 18558, 61302, 0
115.001655, 4.999983, 5967, 1376, 3675.7, 2295, 12149, 15637, 18072, 58877, 0
120.001614, 4.999959, 5944, 1389, 3642.6, 2263, 11953, 15117, 17462, 85415, 0
121.002812, 1.001198, 1166, 1452, 3708.3, 2274, 12073, 15338, 30142, 91236, 0
