elapsed, window, n, min, mean, max, errors, median
5.00057, 5.00057,1200, 91628,116085, 212787,0,114756
10.001579, 5.001009,1200, 91522,113852, 185998,0,113292
15.001577, 4.999998,0, 0,0, 0,0,0
20.001582, 5.000005,2400, 91358,114978, 286764,0,112968
25.00153, 4.999948,600, 91490,112748, 156943,0,112687
30.001573, 5.000043,1200, 91343,114251, 240545,0,112932
35.001573, 5.0,2000, 91107,106853, 310147,0,104873
40.001564, 4.999991,1000, 91331,128977, 155600,0,128932
45.001574, 5.00001,1000, 91340,105029, 191712,0,104840
50.00157, 4.999996,2200, 91327,109845, 195059,0,109156
55.00157, 5.0,792, 91383,125020, 221379,0,123208
60.001563, 4.999993,208, 0,150696, 154553,0,150716
65.001441, 4.999878,1000, 91551,106069, 201329,0,105050
70.00159, 5.000149,600, 91318,113269, 155114,0,113090
75.001573, 4.999983,1200, 91263,113343, 175078,0,113070
80.001652, 5.000079,200, 0,153296, 178175,0,153090
85.001571, 4.999919,837, 91554,107744, 203766,0,106721
90.001568, 4.999997,963, 91414,119067, 203766,0,118559
95.001571, 5.000003,599, 91332,112740, 157773,0,112688
100.001577, 5.000006,801, 91247,98446.2, 176262,0,92704.2
105.001578, 5.000001,1400, 91249,118645, 179806,0,118431
110.00147, 4.999892,592, 91228,113053, 154438,0,112985
115.00157, 5.0001,208, 0,150819, 155133,0,150790
120.001571, 5.000001,400, 0,92648.7, 99619,0,92469.5
121.00372, 1.002149,0, 0,0, 99619,0,0

