elapsed, window, total, successful, failed
5.000795, 5.000795, 148392, 148392, 0
10.001704, 5.000909, 148300, 148300, 0
15.001693, 4.999989, 149120, 149120, 0
20.001781, 5.000088, 147796, 147796, 0
25.0017, 4.999919, 147474, 147474, 0
30.001744, 5.000044, 149015, 149015, 0
35.001693, 4.999949, 148329, 148329, 0
40.0017, 5.000007, 147620, 147620, 0
45.00175, 5.00005, 146857, 146857, 0
50.001701, 4.999951, 147342, 147342, 0
55.001767, 5.000066, 145778, 145778, 0
60.001739, 4.999972, 146549, 146549, 0
65.001758, 5.000019, 148854, 148854, 0
70.001782, 5.000024, 148274, 148274, 0
75.00173, 4.999948, 147445, 147445, 0
80.001734, 5.000004, 147817, 147817, 0
85.001813, 5.000079, 146892, 146892, 0
90.001702, 4.999889, 146433, 146433, 0
95.001706, 5.000004, 146120, 146120, 0
100.001701, 4.999995, 145054, 145054, 0
105.001695, 4.999994, 145845, 145845, 0
110.001698, 5.000003, 145727, 145727, 0
115.001699, 5.000001, 145356, 145356, 0
120.001689, 4.99999, 145096, 145096, 0
121.002754, 1.001065, 29255, 29255, 0
