elapsed, window, n, min, mean, median, 95th, 99th, 99_9th, max, errors
5.000777, 5.000777, 15, 951, 2090.5, 1241, 4963, 6756, 6756, 6756, 0
10.001844, 5.001067, 0, 0, 0, 0, 0, 0, 0, 0, 0
15.001824, 4.99998, 15, 929, 1546.0, 1099, 2849, 4566, 4566, 4566, 0
20.001826, 5.000002, 30, 974, 2125.7, 1099, 7084, 8290, 8290, 8290, 0
25.001714, 4.999888, 15, 977, 1136.7, 1119, 1356, 1359, 1359, 1359, 0
30.001823, 5.000109, 14, 906, 1078.4, 1057, 1268, 1362, 1362, 1362, 0
35.001774, 4.999951, 31, 906, 1478.4, 1065, 1527, 14736, 14736, 14736, 0
40.001826, 5.000052, 0, 0, 0, 0, 0, 0, 0, 0, 0
45.001823, 4.999997, 0, 0, 0, 0, 0, 0, 0, 0, 0
50.001825, 5.000002, 15, 944, 1211.7, 1030, 1596, 2851, 2851, 2851, 0
55.001821, 4.999996, 15, 902, 1884.9, 1068, 4312, 9202, 9202, 9202, 0
60.001821, 5.0, 30, 837, 1608.3, 1026, 6452, 9202, 9202, 9202, 0
65.001802, 4.999981, 11, 859, 1029.6, 1013, 1055, 1360, 1360, 1360, 0
70.00183, 5.000028, 34, 859, 1423.6, 1007, 6283, 6993, 6993, 6993, 0
75.001827, 4.999997, 45, 841, 1027.6, 995, 1337, 1473, 1473, 1473, 0
80.00183, 5.000003, 30, 898, 1153.3, 1112, 1337, 3214, 3214, 3214, 0
85.001853, 5.000023, 0, 0, 0, 0, 0, 0, 0, 0, 0
90.001828, 4.999975, 26, 916, 1504.0, 1060, 4662, 6741, 6741, 6741, 0
95.001775, 4.999947, 4, 942, 1782.5, 1060, 4662, 6741, 6741, 6741, 0
100.001844, 5.000069, 0, 0, 0, 0, 0, 0, 0, 0, 0
105.001786, 4.999942, 45, 897, 1949.5, 1048, 6810, 8831, 8831, 8831, 0
110.001834, 5.000048, 15, 930, 2332.5, 1062, 7060, 8831, 8831, 8831, 0
115.001779, 4.999945, 45, 883, 1739.1, 1070, 1381, 18556, 18556, 18556, 0
120.001791, 5.000012, 45, 827, 2623.5, 1111, 8806, 14953, 14953, 14953, 0
121.00282, 1.001029, 0, 827, 2623.5, 1111, 8806, 14953, 14953, 14953, 0
