elapsed, window, n, min, mean, median, 95th, 99th, 99_9th, max, errors
5.000955, 5.000955, 35724, 967, 2905.8, 1800, 9578, 12505, 16145, 21845, 0
10.001864, 5.000909, 35293, 973, 2905.4, 1829, 9646, 12408, 15600, 19721, 0
15.001908, 5.000044, 35320, 954, 2893.3, 1814, 9611, 12518, 15496, 21581, 0
20.001988, 5.00008, 35157, 952, 2918.8, 1832, 9619, 12576, 15516, 22009, 0
25.002014, 5.000026, 34800, 949, 2941.6, 1833, 9780, 12706, 16848, 32770, 0
30.001845, 4.999831, 35018, 935, 2906.1, 1834, 9593, 12461, 15659, 28534, 0
35.001831, 4.999986, 35081, 944, 2925.1, 1840, 9709, 12539, 15526, 22317, 0
40.001871, 5.00004, 35349, 916, 2901.0, 1804, 9670, 12697, 16415, 31896, 0
45.00179, 4.999919, 34804, 932, 2929.4, 1820, 9671, 12921, 16865, 34044, 0
50.001825, 5.000035, 35371, 918, 2906.1, 1800, 9627, 12850, 17288, 34044, 0
55.001897, 5.000072, 35139, 965, 2908.1, 1789, 9733, 13021, 16214, 24779, 0
60.001856, 4.999959, 35090, 938, 2916.7, 1790, 9766, 12856, 15800, 22483, 0
65.001812, 4.999956, 35401, 951, 2883.0, 1808, 9616, 12680, 15557, 29600, 0
70.001797, 4.999985, 35044, 967, 2922.9, 1817, 9758, 12948, 16555, 29726, 0
75.00181, 5.000013, 35120, 952, 2905.5, 1803, 9666, 12704, 16334, 24948, 0
80.00188, 5.00007, 34825, 953, 2935.6, 1801, 9683, 13184, 17502, 29483, 0
85.001804, 4.999924, 34423, 934, 2953.3, 1814, 9827, 13299, 17808, 49140, 0
90.001928, 5.000124, 22366, 900, 2947.7, 1829, 9750, 12886, 16433, 25739, 0
95.00187, 4.999942, 33707, 965, 4131.2, 1825, 9753, 13249, 19315, 1946824, 0
100.00192, 5.00005, 21873, 922, 4478.9, 1849, 9681, 12952, 18388, 1876802, 0
105.002016, 5.000096, 21480, 922, 4087.8, 1861, 9794, 13349, 29084, 1859163, 0
110.001919, 4.999903, 21492, 992, 4478.0, 1828, 9797, 13066, 20920, 1975219, 0
115.001949, 5.00003, 26976, 976, 2923.4, 1819, 9742, 12852, 16096, 25318, 0
120.002033, 5.000084, 28253, 953, 4237.1, 1843, 9848, 13028, 18522, 1981644, 0
121.003025, 1.000992, 4995, 953, 4033.9, 1843, 9859, 13097, 18059, 1981644, 0
