elapsed, window, total, successful, failed
5.000372, 5.000372, 90589, 90589, 0
10.001321, 5.000949, 89651, 89651, 0
15.001306, 4.999985, 89866, 89866, 0
20.0013, 4.999994, 89205, 89205, 0
25.001312, 5.000012, 90512, 90512, 0
30.001359, 5.000047, 89794, 89794, 0
35.001304, 4.999945, 88011, 88011, 0
40.001297, 4.999993, 90262, 90262, 0
45.001352, 5.000055, 87278, 87278, 0
50.00138, 5.000028, 87350, 87350, 0
55.001338, 4.999958, 85915, 85915, 0
60.001342, 5.000004, 88936, 88936, 0
65.001303, 4.999961, 87154, 87154, 0
70.001351, 5.000048, 87034, 87034, 0
75.001373, 5.000022, 85584, 85584, 0
80.001295, 4.999922, 85961, 85961, 0
85.001298, 5.000003, 86283, 86283, 0
90.001298, 5.0, 85943, 85943, 0
95.001329, 5.000031, 84529, 84529, 0
100.001325, 4.999996, 84774, 84774, 0
105.001319, 4.999994, 85027, 85027, 0
110.001329, 5.00001, 86260, 86260, 0
115.001311, 4.999982, 87537, 87537, 0
120.001378, 5.000067, 83022, 83022, 0
121.003387, 1.002009, 19123, 19123, 0
