elapsed, window, n, min, mean, median, 95th, 99th, 99_9th, max, errors
5.000185, 5.000185, 425, 618, 21383.9, 4940, 116173, 185242, 219989, 219989, 0
10.001159, 5.000974, 285, 637, 194331.0, 24877, 851388, 966440, 997252, 997252, 0
15.001238, 5.000079, 138, 881, 1243955.9, 1479314, 2925907, 3127634, 3182611, 3182611, 0
20.00122, 4.999982, 36, 1545, 2717532.4, 4252105, 4701287, 4778280, 4778280, 4778280, 0
25.001192, 4.999972, 0, 0, 0, 0, 0, 0, 0, 0, 0
30.001211, 5.000019, 73, 1643, 9006170.4, 10637688, 12073639, 12146290, 12152367, 12152367, 0
35.001178, 4.999967, 25, 2402, 12842624.0, 16460696, 17144665, 17228978, 17228978, 17228978, 0
40.001227, 5.000049, 1, 2995, 15072178.9, 16406545, 16620771, 16657804, 16657804, 16657804, 0
45.001153, 4.999926, 5, 2057, 3138.6, 2723, 5513, 5513, 5513, 5513, 0
50.001223, 5.00007, 11, 2138, 21424998.9, 28324461, 29000986, 29121957, 29121957, 29121957, 0
55.00118, 4.999957, 6, 32965731, 33271636.7, 33313068, 33626186, 33626186, 33626186, 33626186, 0
60.00117, 4.99999, 0, 0, 0, 0, 0, 0, 0, 0, 0
65.001228, 5.000058, 29, 2001, 31668855.3, 35241877, 40472027, 40475635, 40475635, 40475635, 0
70.001261, 5.000033, 0, 0, 0, 0, 0, 0, 0, 0, 0
75.001223, 4.999962, 0, 0, 0, 0, 0, 0, 0, 0, 0
80.001273, 5.00005, 47, 45889798, 48131330.5, 48294972, 49671298, 49711489, 49711489, 49711489, 0
85.001239, 4.999966, 0, 0, 0, 0, 0, 0, 0, 0, 0
90.001194, 4.999955, 0, 0, 0, 0, 0, 0, 0, 0, 0
95.001266, 5.000072, 0, 0, 0, 0, 0, 0, 0, 0, 0
100.001251, 4.999985, 0, 0, 0, 0, 0, 0, 0, 0, 0
105.001186, 4.999935, 6, 1985, 2437.8, 2268, 2982, 2982, 2982, 2982, 0
110.001172, 4.999986, 5, 1353, 2921.2, 2070, 6224, 6224, 6224, 6224, 0
115.001211, 5.000039, 0, 0, 0, 0, 0, 0, 0, 0, 0
120.001203, 4.999992, 0, 0, 0, 0, 0, 0, 0, 0, 0
125.001225, 5.000022, 0, 0, 0, 0, 0, 0, 0, 0, 0
130.001231, 5.000006, 0, 0, 0, 0, 0, 0, 0, 0, 0
135.001221, 4.99999, 0, 0, 0, 0, 0, 0, 0, 0, 0
139.719979, 4.718758, 0, 0, 0, 0, 0, 0, 0, 0, 1
