elapsed, window, n, min, mean, median, 95th, 99th, 99_9th, max, errors
5.000134, 5.000134, 27616, 869, 1444.3, 1434, 1837, 2081, 2894, 6696, 0
10.001145, 5.001011, 25505, 913, 1557.0, 1501, 2094, 2542, 4303, 6637, 0
15.00109, 4.999945, 24933, 815, 1599.7, 1528, 2183, 2716, 4978, 8665, 0
20.001095, 5.000005, 24921, 918, 1604.4, 1533, 2184, 2843, 5281, 8665, 0
25.001162, 5.000067, 24835, 862, 1611.7, 1527, 2220, 3127, 5959, 13928, 0
30.001113, 4.999951, 25748, 856, 1558.7, 1470, 2169, 3241, 6990, 15655, 0
35.001091, 4.999978, 24752, 872, 1608.0, 1506, 2280, 3525, 7074, 15655, 0
40.001089, 4.999998, 25605, 816, 1563.0, 1466, 2199, 3703, 6975, 10595, 0
45.001104, 5.000015, 25193, 813, 1585.4, 1483, 2205, 3886, 8017, 14144, 0
50.001134, 5.00003, 24139, 811, 1646.2, 1526, 2360, 4021, 6705, 14733, 0
55.001203, 5.000069, 23982, 800, 1654.7, 1513, 2450, 4709, 7858, 13973, 0
60.00114, 4.999937, 24202, 832, 1639.7, 1516, 2264, 4449, 8965, 14990, 0
65.001106, 4.999966, 23859, 813, 1660.1, 1513, 2347, 4989, 9111, 15646, 0
70.001115, 5.000009, 23965, 829, 1654.1, 1506, 2340, 5069, 9565, 16369, 0
75.001111, 4.999996, 23951, 813, 1652.5, 1508, 2261, 5237, 9696, 18314, 0
80.001143, 5.000032, 23533, 859, 1681.1, 1517, 2414, 5703, 10160, 22969, 0
85.001128, 4.999985, 23516, 805, 1683.5, 1526, 2444, 5347, 8480, 13232, 0
90.001197, 5.000069, 24095, 832, 1650.9, 1531, 2250, 4648, 8707, 18353, 0
95.001151, 4.999954, 24127, 874, 1645.4, 1521, 2268, 4579, 8438, 13804, 0
100.00111, 4.999959, 23966, 849, 1652.5, 1508, 2280, 5221, 9248, 14570, 0
105.00117, 5.00006, 24186, 811, 1641.5, 1512, 2266, 4573, 8691, 24324, 0
110.001115, 4.999945, 23631, 853, 1672.5, 1512, 2422, 5486, 9734, 17833, 0
115.001096, 4.999981, 24065, 850, 1651.1, 1510, 2317, 5165, 8680, 15539, 0
120.001161, 5.000065, 24082, 825, 1646.3, 1499, 2238, 5664, 10829, 21438, 0
121.00228, 1.001119, 3807, 825, 1687.5, 1509, 2581, 5472, 13322, 33090, 0
