elapsed, window, n, min, mean, median, 95th, 99th, 99_9th, max, errors
5.000549, 5.000549, 21863, 1.0, 3.6, 3.0, 7.0, 12.0, 20.0, 28.0, 0
10.001481, 5.000932, 21911, 1.0, 3.6, 3.0, 6.0, 12.0, 19.0, 32.0, 0
15.001527, 5.000046, 22013, 1.0, 3.5, 3.0, 6.0, 12.0, 18.0, 31.0, 0
20.001464, 4.999937, 21990, 1.0, 3.4, 3.0, 6.0, 11.0, 18.0, 25.0, 0
25.001469, 5.000005, 22004, 1.0, 3.5, 3.0, 6.0, 12.0, 19.0, 28.0, 0
30.001471, 5.000002, 22007, 1.0, 3.4, 3.0, 5.0, 11.0, 18.0, 25.0, 0
35.001464, 4.999993, 22019, 1.0, 3.5, 3.0, 6.0, 11.0, 18.0, 27.0, 0
40.001486, 5.000022, 21978, 1.0, 3.5, 3.0, 6.0, 11.0, 19.0, 29.0, 0
45.001465, 4.999979, 21948, 1.0, 3.4, 3.0, 6.0, 11.0, 19.0, 30.0, 0
50.001618, 5.000153, 21982, 1.0, 3.5, 3.0, 5.0, 12.0, 18.0, 27.0, 0
55.001465, 4.999847, 21992, 1.0, 3.5, 3.0, 6.0, 11.0, 18.0, 26.0, 0
60.001462, 4.999997, 22031, 1.0, 3.3, 3.0, 6.0, 11.0, 18.0, 30.0, 0
65.001465, 5.000003, 22026, 1.0, 3.4, 3.0, 5.0, 11.0, 18.0, 42.0, 0
70.001641, 5.000176, 21987, 1.0, 3.4, 3.0, 6.0, 11.0, 18.0, 42.0, 0
75.001462, 4.999821, 22039, 1.0, 3.3, 3.0, 6.0, 11.0, 18.0, 33.0, 0
80.001479, 5.000017, 21992, 1.0, 3.4, 3.0, 6.0, 12.0, 18.0, 36.0, 0
85.001475, 4.999996, 22016, 1.0, 3.4, 3.0, 6.0, 11.0, 18.0, 36.0, 0
90.001465, 4.99999, 22022, 1.0, 3.4, 3.0, 5.0, 11.0, 18.0, 30.0, 0
95.001815, 5.00035, 22020, 1.0, 3.4, 3.0, 5.0, 11.0, 18.0, 35.0, 0
100.001466, 4.999651, 22005, 1.0, 3.4, 3.0, 5.0, 11.0, 18.0, 34.0, 0
105.001472, 5.000006, 22018, 1.0, 3.4, 3.0, 5.0, 11.0, 17.0, 79.0, 0
110.001513, 5.000041, 21994, 1.0, 3.4, 3.0, 6.0, 12.0, 18.0, 33.0, 0
115.001618, 5.000105, 21999, 1.0, 3.4, 3.0, 5.0, 11.0, 18.0, 27.0, 0
120.001806, 5.000188, 21999, 1.0, 3.5, 3.0, 5.0, 12.0, 19.0, 38.0, 0
121.002832, 1.001026, 4394, 1.0, 3.5, 3.0, 5.0, 12.0, 18.0, 38.0, 0
