elapsed, window, n, min, mean, median, 95th, 99th, 99_9th, max, errors
5.000821, 5.000821, 14, 92446, 137299.2, 97014, 200909, 209242, 209242, 209242, 156
10.001746, 5.000925, 18, 92429, 144172.9, 154213, 200709, 208950, 208950, 208950, 153
15.001817, 5.000071, 44, 91997, 158089.6, 186846, 208557, 211310, 211310, 211310, 131
20.001863, 5.000046, 43, 92196, 156066.1, 172301, 210375, 213293, 213293, 213293, 134
25.00177, 4.999907, 37, 91704, 153140.1, 153344, 207763, 226535, 226535, 226535, 93
30.001748, 4.999978, 43, 92052, 152475.2, 158957, 211717, 214359, 214359, 214359, 106
35.001786, 5.000038, 37, 91758, 161403.0, 189297, 207037, 212627, 212627, 212627, 118
40.00184, 5.000054, 54, 91567, 151588.0, 179820, 206290, 212868, 215802, 215802, 101
45.001779, 4.999939, 34, 91932, 164329.0, 190567, 213184, 213919, 213919, 213919, 105
50.001753, 4.999974, 62, 92176, 159583.5, 190742, 206680, 208289, 211859, 211859, 85
55.001769, 5.000016, 61, 91380, 152080.4, 166583, 205133, 207010, 208715, 208715, 108
60.001781, 5.000012, 49, 92208, 170792.1, 190092, 207047, 208346, 211739, 211739, 109
65.001729, 4.999948, 50, 92041, 147440.7, 153235, 206960, 212918, 213622, 213622, 115
70.001751, 5.000022, 52, 91479, 154265.5, 186514, 210390, 213064, 215608, 215608, 89
75.00174, 4.999989, 43, 92585, 170033.3, 192747, 206149, 211384, 211384, 211384, 117
80.001824, 5.000084, 51, 92156, 166523.4, 191938, 207013, 212517, 214343, 214343, 91
85.00174, 4.999916, 77, 91858, 159367.4, 187242, 210902, 213841, 220672, 220672, 105
90.001755, 5.000015, 64, 91868, 161817.8, 191895, 207715, 209482, 209505, 209505, 81
95.001827, 5.000072, 56, 91473, 154603.3, 188683, 205320, 209294, 209627, 209627, 82
100.001818, 4.999991, 60, 91996, 147882.4, 147492, 210185, 214305, 215985, 215985, 78
105.001753, 4.999935, 62, 91906, 153506.5, 182243, 208652, 213380, 215985, 215985, 97
110.001733, 4.99998, 81, 91430, 157297.8, 191175, 207385, 212811, 212841, 212841, 87
115.001745, 5.000012, 76, 91819, 167489.8, 194689, 211624, 227382, 283358, 283358, 89
120.001792, 5.000047, 60, 91993, 161711.8, 192269, 209562, 210784, 210787, 210787, 80
121.003943, 1.002151, 11, 91993, 160920.7, 191367, 210196, 210265, 210787, 210787, 21
