elapsed, window, n, min, mean, median, 95th, 99th, 99_9th, max, errors
5.000905, 5.000905, 54093, 79, 616.7, 242, 2258, 3495, 4867, 10865, 0
10.001984, 5.001079, 53794, 81, 609.7, 239, 2247, 3389, 4932, 8375, 0
15.00187, 4.999886, 53754, 84, 617.9, 245, 2269, 3459, 5148, 7393, 0
20.001939, 5.000069, 53968, 83, 605.3, 240, 2197, 3370, 4868, 6790, 0
25.001885, 4.999946, 53901, 80, 608.7, 246, 2226, 3409, 4783, 7604, 0
30.001886, 5.000001, 53944, 83, 607.4, 243, 2210, 3386, 4829, 7223, 0
35.001886, 5.0, 53897, 82, 611.0, 246, 2228, 3464, 4721, 6924, 0
40.001869, 4.999983, 53977, 81, 608.6, 243, 2221, 3427, 4961, 6436, 0
45.001992, 5.000123, 54057, 80, 606.0, 244, 2215, 3369, 4750, 6863, 0
50.001919, 4.999927, 53934, 85, 606.1, 243, 2228, 3413, 4832, 6783, 0
55.001879, 4.99996, 53877, 77, 614.6, 246, 2261, 3435, 4757, 7248, 0
60.001873, 4.999994, 53872, 82, 605.3, 239, 2208, 3355, 4816, 7248, 0
65.001879, 5.000006, 53924, 81, 611.7, 242, 2225, 3426, 4863, 6765, 0
70.00188, 5.000001, 53945, 84, 602.3, 238, 2196, 3341, 4819, 7472, 0
75.001907, 5.000027, 53951, 81, 614.4, 246, 2230, 3385, 4774, 6992, 0
80.001904, 4.999997, 53867, 81, 608.5, 239, 2231, 3458, 4767, 6606, 0
85.001916, 5.000012, 53771, 84, 618.0, 246, 2241, 3449, 4920, 8347, 0
90.002036, 5.00012, 53818, 80, 612.5, 239, 2259, 3444, 4803, 7787, 0
95.000898, 4.998862, 53723, 83, 609.8, 240, 2239, 3480, 4949, 7479, 0
100.001876, 5.000978, 53768, 85, 608.8, 239, 2235, 3484, 5004, 6548, 0
105.001896, 5.00002, 53755, 85, 610.9, 241, 2234, 3427, 4987, 7629, 0
110.001923, 5.000027, 53813, 84, 612.9, 242, 2245, 3443, 4905, 6941, 0
115.001898, 4.999975, 53807, 79, 613.0, 242, 2238, 3438, 4727, 6893, 0
120.001902, 5.000004, 53986, 81, 608.6, 245, 2202, 3341, 4680, 6354, 0
121.00393, 1.002028, 10793, 85, 608.3, 245, 2203, 3347, 4711, 6295, 0
