elapsed, window, total, successful, failed
5.000675, 5.000675, 455405, 455405, 0
10.00168, 5.001005, 421715, 421715, 0
15.001696, 5.000016, 418873, 418873, 0
20.001891, 5.000195, 419268, 419268, 0
25.001722, 4.999831, 418338, 418338, 0
30.001671, 4.999949, 421508, 421508, 0
35.001679, 5.000008, 418953, 418953, 0
40.001701, 5.000022, 419370, 419370, 0
45.001761, 5.00006, 418964, 418964, 0
50.001713, 4.999952, 420393, 420393, 0
55.001815, 5.000102, 420632, 420632, 0
60.001677, 4.999862, 419495, 419495, 0
65.001684, 5.000007, 417965, 417965, 0
70.001666, 4.999982, 417124, 417124, 0
75.001734, 5.000068, 415576, 415576, 0
80.001671, 4.999937, 415457, 415457, 0
85.001815, 5.000144, 416582, 416582, 0
90.001918, 5.000103, 416929, 416929, 0
95.001677, 4.999759, 417508, 417508, 0
100.001699, 5.000022, 417121, 417121, 0
105.001667, 4.999968, 416130, 416130, 0
110.001673, 5.000006, 415719, 415719, 0
115.001699, 5.000026, 420031, 420031, 0
120.001724, 5.000025, 414086, 414086, 0
121.002808, 1.001084, 83162, 83162, 0
