elapsed, window, n, min, mean, median, 95th, 99th, 99_9th, max, errors
5.001132, 5.001132, 1090, 932, 83942.4, 24593, 406330, 1232552, 1481741, 1501011, 0
10.001148, 5.000016, 99, 648, 200204.6, 926, 1334564, 1481741, 1501011, 1501011, 0
15.001144, 4.999996, 55, 697, 912.9, 884, 1081, 1256, 1447, 1447, 0
20.001139, 4.999995, 44, 768, 1177.6, 1103, 2128, 2447, 2447, 2447, 0
25.001171, 5.000032, 118, 646, 112627.2, 1852, 472232, 627115, 720647, 720647, 0
30.001191, 5.00002, 87, 1650, 485397.8, 392229, 1531617, 1893593, 2106437, 2106437, 0
35.001101, 4.99991, 47, 2658, 1708300.1, 1614538, 3591644, 3836220, 3836220, 3836220, 0
40.001088, 4.999987, 93, 4752, 4557708.6, 4650253, 7146972, 7244698, 7268922, 7268922, 0
45.001079, 4.999991, 80, 5865, 7952879.7, 8849929, 11965919, 12091385, 12095999, 12095999, 0
48.757136, 3.756057, 5, 5865, 8781879.8, 8934751, 11965919, 12091385, 12095999, 12095999, 0
