elapsed, window, n, min, mean, median, 95th, 99th, 99_9th, max, errors
5.001132, 5.001132, 2380, 572, 177536.9, 999, 906859, 1283397, 1432063, 1523673, 0
10.001148, 5.000016, 346, 609, 167007.3, 764, 1283397, 1427897, 1523673, 1523673, 0
15.001144, 4.999996, 1206, 543, 844.9, 787, 1204, 1794, 2602, 2817, 0
20.001139, 4.999995, 1138, 593, 1072.9, 898, 1999, 3468, 5840, 5916, 0
25.001171, 5.000032, 978, 578, 99808.1, 17987, 440563, 621887, 705877, 718405, 0
30.001191, 5.00002, 564, 564, 249458.2, 33862, 1089052, 1707334, 2038995, 2208824, 0
35.001101, 4.99991, 974, 566, 133841.2, 8330, 659172, 1016788, 1249966, 1290997, 0
40.001088, 4.999987, 750, 562, 177041.6, 12145, 780555, 992491, 1270166, 1326609, 0
45.001079, 4.999991, 391, 579, 345111.6, 12839, 1393615, 2517048, 3162460, 3162460, 0
48.757136, 3.756057, 618, 604, 184225.6, 8112, 1155163, 4186696, 5081579, 5983054, 1
