elapsed, window, n, min, mean, median, 95th, 99th, 99_9th, max, errors
5.000569, 5.000569, 150045, 476, 5602.4, 3328, 9455, 68183, 197980, 395070, 0
10.001528, 5.000959, 146095, 481, 5621.4, 3305, 9427, 71247, 184000, 395070, 0
15.001524, 4.999996, 143932, 546, 5690.4, 3557, 10285, 64704, 157613, 299239, 0
20.001571, 5.000047, 148245, 511, 5513.2, 3723, 10374, 52048, 124354, 223862, 0
25.001529, 4.999958, 146411, 550, 5567.4, 3794, 10657, 51054, 122297, 219694, 0
30.001514, 4.999985, 147967, 509, 5522.8, 3783, 9815, 52440, 133327, 218141, 0
35.001558, 5.000044, 145694, 509, 5619.8, 3807, 10183, 54351, 134241, 303206, 0
40.001528, 4.99997, 144259, 551, 5662.3, 3844, 10426, 51389, 143953, 333749, 0
45.001562, 5.000034, 144709, 536, 5616.7, 3802, 10363, 52074, 140596, 274070, 0
50.001561, 4.999999, 144114, 508, 5689.0, 3847, 10448, 53570, 141279, 260120, 0
55.001642, 5.000081, 144072, 505, 5694.9, 3820, 10746, 53057, 142378, 244214, 0
60.001561, 4.999919, 145339, 505, 5650.8, 3834, 11052, 51114, 121178, 227470, 0
65.001516, 4.999955, 144346, 515, 5667.9, 3751, 10080, 57684, 142683, 271950, 0
70.001534, 5.000018, 144824, 570, 5652.2, 3833, 10355, 53747, 130523, 234710, 0
75.001559, 5.000025, 146371, 571, 5610.2, 3879, 10472, 49641, 128351, 240569, 0
80.001508, 4.999949, 144334, 470, 5645.6, 3981, 10374, 46947, 130476, 253901, 0
85.001513, 5.000005, 144175, 531, 5649.9, 3929, 10427, 51728, 127050, 213413, 0
90.001526, 5.000013, 144927, 587, 5664.8, 3938, 10571, 50591, 118517, 210652, 0
95.001562, 5.000036, 144203, 575, 5659.4, 3969, 10642, 48562, 127761, 247099, 0
100.001537, 4.999975, 141278, 558, 5780.4, 3865, 10955, 52684, 148284, 289474, 0
105.00152, 4.999983, 141731, 521, 5782.4, 3828, 10785, 55493, 140486, 236722, 0
110.001569, 5.000049, 142434, 566, 5758.1, 3913, 10585, 55109, 129869, 237005, 0
115.001531, 4.999962, 140461, 513, 5838.2, 3976, 10987, 53825, 133550, 239882, 0
120.001522, 4.999991, 140705, 513, 5844.7, 3964, 10790, 57005, 123252, 252573, 0
121.004631, 1.003109, 28079, 530, 5822.7, 3963, 10758, 56652, 120974, 252573, 0
