elapsed, window, total, successful, failed
5.000288, 5.000288, 470620, 470620, 0
10.001291, 5.001003, 434379, 434379, 0
15.001354, 5.000063, 429448, 429448, 0
20.001279, 4.999925, 433549, 433549, 0
25.001341, 5.000062, 425819, 425819, 0
30.001329, 4.999988, 425752, 425752, 0
35.001306, 4.999977, 430959, 430959, 0
40.001279, 4.999973, 427290, 427290, 0
45.001332, 5.000053, 429637, 429637, 0
50.001283, 4.999951, 425453, 425453, 0
55.001283, 5.0, 424706, 424706, 0
60.001344, 5.000061, 426489, 426489, 0
65.001297, 4.999953, 429117, 429117, 0
70.001288, 4.999991, 432380, 432380, 0
75.001286, 4.999998, 428840, 428840, 0
80.001335, 5.000049, 427616, 427616, 0
85.001287, 4.999952, 432662, 432662, 0
90.001317, 5.00003, 430503, 430503, 0
95.001335, 5.000018, 426002, 426002, 0
100.001343, 5.000008, 432154, 432154, 0
105.001282, 4.999939, 427535, 427535, 0
110.001293, 5.000011, 433516, 433516, 0
115.00128, 4.999987, 437071, 437071, 0
120.001367, 5.000087, 424545, 424545, 0
121.017375, 1.016008, 87133, 87133, 0
