elapsed, window, n, min, mean, median, 95th, 99th, 99_9th, max, errors
5.000466, 5.000466, 61, 151784, 273908.6, 244247, 692126, 778948, 824807, 824807, 0
10.001493, 5.001027, 39, 151784, 273451.7, 204012, 745288, 794155, 794155, 794155, 0
15.001414, 4.999921, 86, 152168, 275483.0, 243505, 524695, 645952, 842589, 842589, 0
20.001413, 4.999999, 14, 152178, 249672.7, 168761, 500032, 892260, 892260, 892260, 0
25.00142, 5.000007, 30, 151479, 227156.8, 161570, 517683, 541473, 541473, 541473, 0
30.001466, 5.000046, 139, 151479, 264899.6, 244366, 537328, 868167, 881674, 881674, 0
35.001392, 4.999926, 62, 151347, 262783.8, 242860, 722463, 871107, 872355, 872355, 0
40.001459, 5.000067, 20, 151801, 281922.8, 165654, 790301, 891882, 891882, 891882, 0
45.001461, 5.000002, 78, 151829, 274869.5, 241885, 756036, 915392, 946412, 946412, 0
50.001463, 5.000002, 52, 151744, 273318.0, 244152, 646280, 743130, 793566, 793566, 0
55.001472, 5.000009, 82, 151617, 279595.6, 207521, 823993, 893927, 914246, 914246, 0
60.001468, 4.999996, 113, 151653, 266010.0, 243995, 705594, 757808, 893927, 893927, 0
65.001411, 4.999943, 30, 152359, 278546.3, 174372, 778927, 870349, 870349, 870349, 0
70.001461, 5.00005, 46, 151709, 300046.9, 169034, 854584, 885249, 885249, 885249, 0
75.001384, 4.999923, 47, 151370, 262565.5, 164407, 793019, 879704, 879704, 879704, 0
80.001422, 5.000038, 110, 151477, 262628.0, 244538, 689485, 902478, 948216, 948216, 0
85.001437, 5.000015, 83, 151590, 277449.1, 248137, 669281, 830380, 839245, 839245, 0
90.00141, 4.999973, 43, 151151, 222165.8, 228145, 360656, 497646, 497646, 497646, 0
95.001459, 5.000049, 19, 152737, 436116.3, 251963, 873896, 877331, 877331, 877331, 0
100.001467, 5.000008, 41, 151841, 297773.7, 248270, 715646, 792152, 792152, 792152, 0
105.001464, 4.999997, 44, 151643, 238242.7, 234074, 452780, 731359, 731359, 731359, 0
110.001417, 4.999953, 22, 151860, 236180.9, 168650, 440900, 745843, 745843, 745843, 0
115.00146, 5.000043, 51, 151454, 275573.0, 236266, 781303, 838884, 931862, 931862, 0
120.001411, 4.999951, 40, 151793, 284093.3, 239957, 729059, 1008130, 1008130, 1008130, 0
121.00458, 1.003169, 16, 151783, 296861.4, 241004, 784649, 1008130, 1008130, 1008130, 0
