elapsed, window, total, successful, failed
5.00021, 5.00021, 18093, 18093, 0
10.0012, 5.00099, 17891, 17891, 0
15.001192, 4.999992, 18144, 18144, 0
20.001181, 4.999989, 18112, 18112, 0
25.0012, 5.000019, 17998, 17998, 0
30.001228, 5.000028, 18208, 18208, 0
35.001189, 4.999961, 17878, 17878, 0
40.001192, 5.000003, 18007, 18007, 0
45.001208, 5.000016, 17962, 17962, 0
50.001232, 5.000024, 18116, 18116, 0
55.001204, 4.999972, 17971, 17971, 0
60.001227, 5.000023, 18178, 18178, 0
65.001205, 4.999978, 17976, 17976, 0
70.001178, 4.999973, 17916, 17916, 0
75.001228, 5.00005, 18113, 18113, 0
80.001182, 4.999954, 17933, 17933, 0
85.00118, 4.999998, 17891, 17891, 0
90.001226, 5.000046, 17896, 17896, 0
95.001253, 5.000027, 17783, 17783, 0
100.001182, 4.999929, 17810, 17810, 0
105.001184, 5.000002, 17664, 17664, 0
110.001242, 5.000058, 17875, 17875, 0
115.001277, 5.000035, 17936, 17936, 0
120.001179, 4.999902, 17682, 17682, 0
121.002274, 1.001095, 3566, 3566, 0
