elapsed, window, n, min, mean, median, 95th, 99th, 99_9th, max, errors
5.000984, 5.000984, 27773, 895, 2977.1, 1754, 10260, 13695, 15941, 22633, 0
10.001747, 5.000763, 28037, 1035, 2931.1, 1741, 10165, 13684, 16000, 21262, 0
15.001863, 5.000116, 28134, 975, 2910.2, 1699, 10248, 13726, 16249, 22681, 0
20.00169, 4.999827, 28292, 969, 2920.7, 1705, 10356, 13786, 16210, 19553, 0
25.001715, 5.000025, 27877, 976, 2929.9, 1729, 10182, 13640, 16071, 18763, 0
30.001738, 5.000023, 28080, 954, 2915.0, 1728, 10103, 13673, 16255, 25111, 0
35.00175, 5.000012, 27825, 999, 2949.2, 1753, 10205, 13683, 16068, 25111, 0
40.001705, 4.999955, 27821, 1007, 2958.6, 1757, 10349, 13936, 16527, 22781, 0
45.001713, 5.000008, 27940, 973, 2919.6, 1738, 10225, 13804, 16139, 18705, 0
50.001743, 5.00003, 28199, 948, 2903.5, 1718, 10208, 13732, 15938, 22027, 0
55.001704, 4.999961, 27944, 974, 2949.5, 1764, 10101, 13795, 16855, 23058, 0
60.001704, 5.0, 27333, 1001, 2989.1, 1794, 10265, 13841, 16110, 20194, 0
65.001711, 5.000007, 27638, 987, 2956.4, 1765, 10255, 13752, 16310, 25735, 0
70.001721, 5.00001, 28186, 974, 2928.5, 1725, 10371, 13789, 16386, 21597, 0
75.001704, 4.999983, 28306, 1028, 2900.9, 1719, 10136, 13755, 16044, 21908, 0
80.001725, 5.000021, 28089, 978, 2916.7, 1728, 10260, 13716, 16029, 19039, 0
85.001857, 5.000132, 27892, 986, 2938.3, 1734, 10335, 13749, 16231, 18847, 0
90.001684, 4.999827, 27677, 975, 2947.9, 1737, 10246, 13738, 16162, 25049, 0
95.001695, 5.000011, 27810, 960, 2929.3, 1736, 10246, 13751, 16193, 21744, 0
100.001772, 5.000077, 27770, 971, 2960.4, 1737, 10418, 13928, 16482, 21812, 0
105.001682, 4.99991, 28037, 983, 2925.1, 1732, 10155, 13843, 16067, 24023, 0
110.001692, 5.00001, 27579, 1001, 2965.3, 1719, 10414, 13845, 16494, 24132, 0
115.001703, 5.000011, 27596, 998, 2960.9, 1731, 10456, 13758, 16232, 20372, 0
120.001719, 5.000016, 28378, 985, 2918.3, 1754, 10184, 13789, 16376, 23573, 0
121.002965, 1.001246, 5442, 985, 2871.4, 1728, 10075, 13721, 16418, 23573, 0
