elapsed, window, n, min, mean, median, 95th, 99th, 99_9th, max, errors
5.001025, 5.001025, 21025, 1034, 7404.8, 6608, 14107, 21339, 34651, 60528, 0
10.001044, 5.000019, 20348, 1081, 7388.2, 6648, 13910, 20241, 30812, 48668, 0
15.001092, 5.000048, 20074, 770, 7360.9, 6517, 14341, 22493, 35779, 79563, 0
20.001034, 4.999942, 19924, 1188, 7445.3, 6585, 14660, 22665, 35049, 67403, 0
25.001022, 4.999988, 19837, 847, 7440.8, 6622, 14248, 22042, 33168, 54195, 0
30.001025, 5.000003, 20027, 1085, 7461.7, 6712, 14120, 20647, 34069, 64410, 0
35.001029, 5.000004, 19739, 789, 7538.6, 6671, 14868, 22446, 35655, 56035, 0
40.00103, 5.000001, 19653, 932, 7509.2, 6723, 14606, 21376, 34887, 48230, 0
45.001111, 5.000081, 19719, 1191, 7582.7, 6783, 14442, 20994, 31230, 50495, 0
50.001087, 4.999976, 19654, 1152, 7550.9, 6757, 14388, 21616, 34186, 54902, 0
55.001064, 4.999977, 20068, 1215, 7505.3, 6790, 13746, 20592, 31649, 51529, 0
60.001047, 4.999983, 19713, 1049, 7577.4, 6845, 13914, 20539, 31299, 54702, 0
65.001121, 5.000074, 19748, 951, 7526.6, 6793, 13979, 20947, 32303, 58103, 0
70.001081, 4.99996, 19599, 1363, 7523.3, 6739, 14232, 20960, 33600, 58864, 0
75.001047, 4.999966, 19735, 1091, 7518.6, 6747, 14193, 21285, 31452, 40476, 0
80.00103, 4.999983, 19587, 1116, 7603.5, 6870, 14090, 20499, 31211, 47136, 0
85.001088, 5.000058, 19346, 1585, 7566.3, 6855, 13938, 20123, 32271, 49554, 0
90.001068, 4.99998, 19573, 1050, 7631.3, 6931, 14036, 20073, 31720, 62987, 0
95.001027, 4.999959, 19433, 958, 7588.5, 6815, 14290, 21992, 33023, 47576, 0
100.001029, 5.000002, 19491, 1190, 7541.1, 6876, 13711, 19654, 28208, 41695, 0
105.001139, 5.00011, 19283, 808, 7647.1, 6906, 14138, 20774, 30533, 42384, 0
110.001102, 4.999963, 19294, 692, 7677.9, 6962, 14134, 21054, 32294, 51097, 0
115.001123, 5.000021, 19445, 846, 7686.2, 6877, 14688, 21440, 32463, 45593, 0
120.001058, 4.999935, 19206, 824, 7700.5, 6948, 14444, 21770, 35597, 57112, 0
121.005135, 1.004077, 3906, 824, 7698.3, 6930, 14481, 21720, 34170, 57112, 0
