elapsed, window, total, successful, failed
5.000656, 5.000656, 475039, 475039, 0
10.001656, 5.001, 435317, 435317, 0
15.001778, 5.000122, 433224, 433224, 0
20.001667, 4.999889, 436858, 436858, 0
25.001664, 4.999997, 433120, 433120, 0
30.001671, 5.000007, 429641, 429641, 0
35.001684, 5.000013, 433962, 433962, 0
40.001676, 4.999992, 436770, 436770, 0
45.001745, 5.000069, 432879, 432879, 0
50.00169, 4.999945, 434753, 434753, 0
55.001665, 4.999975, 433946, 433946, 0
60.001666, 5.000001, 434117, 434117, 0
65.001664, 4.999998, 435829, 435829, 0
70.001655, 4.999991, 430580, 430580, 0
75.001664, 5.000009, 432293, 432293, 0
80.001654, 4.99999, 432099, 432099, 0
85.001656, 5.000002, 431844, 431844, 0
90.001699, 5.000043, 432405, 432405, 0
95.00169, 4.999991, 432028, 432028, 0
100.001691, 5.000001, 433198, 433198, 0
105.001777, 5.000086, 438000, 438000, 0
110.001797, 5.00002, 430563, 430563, 0
115.001665, 4.999868, 433744, 433744, 0
120.001666, 5.000001, 433272, 433272, 0
121.01681, 1.015144, 88063, 88063, 0
