elapsed, window, total, successful, failed
5.000972, 5.000972, 256, 256, 0
10.00198, 5.001008, 167, 164, 3
15.001969, 4.999989, 108, 108, 0
20.001926, 4.999957, 247, 246, 1
25.00203, 5.000104, 201, 201, 0
30.002015, 4.999985, 242, 241, 1
35.001973, 4.999958, 183, 183, 0
40.001929, 4.999956, 247, 247, 0
45.001931, 5.000002, 215, 215, 0
50.001989, 5.000058, 215, 215, 0
55.001981, 4.999992, 216, 215, 1
60.001971, 4.99999, 226, 226, 0
65.001967, 4.999996, 245, 245, 0
70.001968, 5.000001, 197, 197, 0
75.00197, 5.000002, 229, 229, 0
80.002018, 5.000048, 218, 218, 0
85.001983, 4.999965, 225, 225, 0
90.001969, 4.999986, 201, 201, 0
95.001971, 5.000002, 226, 226, 0
100.001921, 4.99995, 213, 213, 0
105.001931, 5.00001, 224, 224, 0
110.001854, 4.999923, 222, 222, 0
115.001929, 5.000075, 216, 216, 0
120.001986, 5.000057, 219, 219, 0
125.001919, 4.999933, 214, 214, 0
130.001919, 5.0, 225, 225, 0
135.00193, 5.000011, 221, 221, 0
140.001972, 5.000042, 224, 224, 0
145.001945, 4.999973, 215, 215, 0
150.001913, 4.999968, 214, 214, 0
155.001914, 5.000001, 220, 220, 0
160.001917, 5.000003, 223, 223, 0
165.001941, 5.000024, 220, 220, 0
170.001965, 5.000024, 220, 220, 0
175.001917, 4.999952, 211, 211, 0
180.001922, 5.000005, 213, 213, 0
185.001965, 5.000043, 211, 211, 0
190.001918, 4.999953, 204, 204, 0
195.001918, 5.0, 225, 225, 0
200.001968, 5.00005, 222, 222, 0
205.001964, 4.999996, 221, 221, 0
210.001998, 5.000034, 215, 215, 0
215.001918, 4.99992, 203, 203, 0
220.001968, 5.00005, 232, 232, 0
225.002, 5.000032, 218, 218, 0
230.002011, 5.000011, 219, 219, 0
235.001972, 4.999961, 210, 210, 0
240.001918, 4.999946, 222, 222, 0
245.001921, 5.000003, 222, 222, 0
250.001966, 5.000045, 212, 212, 0
255.001929, 4.999963, 213, 213, 0
260.001943, 5.000014, 214, 214, 0
265.001966, 5.000023, 217, 217, 0
270.001915, 4.999949, 243, 243, 0
275.001966, 5.000051, 231, 231, 0
280.001918, 4.999952, 212, 212, 0
285.002011, 5.000093, 213, 213, 0
290.001982, 4.999971, 215, 215, 0
295.001922, 4.99994, 210, 210, 0
300.001973, 5.000051, 224, 224, 0
301.019009, 1.017036, 37, 37, 0
