elapsed, window, n, min, mean, median, 95th, 99th, 99_9th, max, errors
5.000929, 5.000929, 61107, 83, 1332.9, 324, 5281, 8046, 11664, 21667, 0
10.001912, 5.000983, 61047, 83, 1328.5, 324, 5323, 7963, 10876, 17109, 0
15.001894, 4.999982, 61146, 84, 1305.9, 303, 5271, 7858, 10828, 15611, 0
20.002209, 5.000315, 61163, 80, 1307.8, 319, 5287, 7901, 10691, 14977, 0
25.000897, 4.998688, 61119, 81, 1304.5, 303, 5257, 7922, 10635, 15366, 0
30.001905, 5.001008, 61263, 80, 1302.4, 308, 5196, 7836, 10744, 17359, 0
35.001895, 4.99999, 61090, 84, 1324.6, 323, 5264, 7895, 10898, 14678, 0
40.001899, 5.000004, 61103, 85, 1322.5, 324, 5276, 7950, 10970, 15370, 0
45.001908, 5.000009, 61167, 83, 1308.3, 321, 5248, 7810, 10778, 16095, 0
50.001972, 5.000064, 61318, 84, 1300.2, 305, 5223, 7871, 11012, 15075, 0
55.001911, 4.999939, 61195, 83, 1314.2, 310, 5271, 7830, 10671, 19257, 0
60.001915, 5.000004, 61084, 83, 1297.1, 310, 5208, 7821, 10753, 18146, 0
65.001967, 5.000052, 61054, 83, 1321.6, 310, 5314, 7963, 11116, 19208, 0
70.001896, 4.999929, 61174, 84, 1308.9, 309, 5246, 7823, 10801, 15498, 0
75.001942, 5.000046, 61271, 83, 1299.3, 312, 5183, 7822, 10806, 16789, 0
80.001896, 4.999954, 61120, 84, 1315.7, 325, 5267, 7903, 10781, 17207, 0
85.002032, 5.000136, 61054, 83, 1311.1, 317, 5246, 7945, 10756, 16205, 0
90.000911, 4.998879, 61106, 80, 1319.2, 315, 5322, 7977, 10725, 16205, 0
95.001909, 5.000998, 60972, 84, 1327.4, 324, 5324, 8033, 11001, 17704, 0
100.001928, 5.000019, 60967, 83, 1309.8, 300, 5255, 7867, 10826, 17360, 0
105.001934, 5.000006, 61024, 81, 1312.2, 310, 5256, 7848, 10935, 20384, 0
110.001897, 4.999963, 60997, 86, 1315.0, 319, 5265, 7725, 10493, 14566, 0
115.001933, 5.000036, 60989, 85, 1315.5, 316, 5287, 7780, 10445, 14286, 0
120.001898, 4.999965, 61145, 84, 1306.4, 301, 5250, 7907, 10728, 14319, 0
121.005951, 1.004053, 12191, 84, 1303.1, 299, 5240, 7906, 10724, 14319, 0
