elapsed, window, total, successful, failed
5.000429, 5.000429, 24316, 24316, 0
10.001357, 5.000928, 23825, 23825, 0
15.00137, 5.000013, 23894, 23894, 0
20.001303, 4.999933, 23599, 23599, 0
25.001415, 5.000112, 23181, 23181, 0
30.001321, 4.999906, 23251, 23251, 0
35.001734, 5.000413, 22911, 22911, 0
40.001334, 4.9996, 22642, 22642, 0
45.001577, 5.000243, 22386, 22386, 0
50.001292, 4.999715, 22184, 22184, 0
55.001339, 5.000047, 22084, 22084, 0
60.00133, 4.999991, 22007, 22007, 0
65.0015, 5.00017, 21698, 21698, 0
70.001376, 4.999876, 21951, 21951, 0
75.00131, 4.999934, 21565, 21565, 0
80.001333, 5.000023, 21769, 21769, 0
85.001306, 4.999973, 21846, 21846, 0
90.001347, 5.000041, 21664, 21664, 0
95.001342, 4.999995, 21809, 21809, 0
100.001391, 5.000049, 22234, 22234, 0
105.001374, 4.999983, 22173, 22173, 0
110.001349, 4.999975, 22356, 22356, 0
115.001406, 5.000057, 22084, 22084, 0
120.00131, 4.999904, 21875, 21875, 0
125.001315, 5.000005, 21864, 21864, 0
130.00137, 5.000055, 21556, 21556, 0
135.001351, 4.999981, 21175, 21175, 0
140.001508, 5.000157, 21532, 21532, 0
145.00144, 4.999932, 21622, 21622, 0
150.001306, 4.999866, 21577, 21577, 0
155.001397, 5.000091, 21565, 21565, 0
160.001396, 4.999999, 21192, 21192, 0
165.001463, 5.000067, 21798, 21798, 0
170.001487, 5.000024, 21932, 21932, 0
175.001454, 4.999967, 21859, 21859, 0
180.001308, 4.999854, 22371, 22371, 0
181.004403, 1.003095, 4612, 4612, 0
