elapsed, window, n, min, mean, median, 95th, 99th, 99_9th, max, errors
5.000572, 5.000572, 104419, 358, 6037.3, 2649, 24704, 61727, 141637, 248996, 0
10.0016, 5.001028, 100261, 358, 6210.9, 2626, 24572, 72153, 174624, 373885, 0
15.001553, 4.999953, 101505, 367, 6151.3, 2573, 19233, 73166, 302201, 488830, 0
20.001617, 5.000064, 102014, 354, 6120.9, 2666, 23976, 68078, 168606, 430433, 0
25.001573, 4.999956, 99813, 370, 6254.3, 2580, 23178, 84865, 182400, 294887, 0
30.00156, 4.999987, 97433, 365, 6381.3, 2665, 25802, 72949, 170824, 307738, 0
35.001553, 4.999993, 98572, 364, 6352.4, 2642, 24260, 79501, 196815, 336371, 0
40.001573, 5.00002, 97310, 358, 6404.4, 2638, 23377, 82056, 213266, 488835, 0
45.001559, 4.999986, 96521, 362, 6430.4, 2669, 24111, 80368, 211525, 409274, 0
50.001575, 5.000016, 97343, 363, 6406.8, 2606, 19541, 93606, 269893, 410389, 0
55.001581, 5.000006, 96738, 362, 6450.3, 2653, 20276, 82853, 304904, 679981, 0
60.001678, 5.000097, 94855, 353, 6607.6, 2765, 26972, 75341, 172468, 255399, 0
65.001576, 4.999898, 94870, 368, 6563.5, 2733, 26008, 80069, 176606, 305309, 0
70.001564, 4.999988, 93777, 369, 6645.1, 2744, 24756, 78414, 217465, 724727, 0
75.001551, 4.999987, 89734, 363, 6890.8, 2838, 24447, 87431, 244365, 434805, 0
80.001604, 5.000053, 90734, 365, 6861.1, 2806, 25754, 84833, 235716, 502683, 0
85.001567, 4.999963, 89798, 369, 6941.0, 2829, 27031, 89326, 204289, 365031, 0
90.001553, 4.999986, 89682, 346, 7001.5, 2828, 24853, 93274, 239905, 369229, 0
95.001572, 5.000019, 90353, 361, 6940.5, 2839, 25201, 84940, 254737, 511216, 0
100.001567, 4.999995, 89011, 353, 6986.8, 2919, 29838, 76016, 157692, 333470, 0
105.001553, 4.999986, 89123, 353, 6985.3, 2891, 28108, 85996, 177954, 299289, 0
110.001551, 4.999998, 89584, 355, 6944.9, 2871, 27480, 80969, 200669, 360208, 0
115.001564, 5.000013, 88942, 356, 7046.1, 2871, 27929, 85643, 203489, 328479, 0
120.001597, 5.000033, 89330, 353, 6984.7, 2861, 26645, 87234, 213290, 460785, 0
121.003668, 1.002071, 17489, 369, 7029.8, 2874, 27076, 89931, 206796, 460785, 0
