elapsed, window, n, min, mean, median, 95th, 99th, 99_9th, max, errors
5.000314, 5.000314, 272049, 201, 1229.0, 662, 6238, 6842, 7464, 11847, 0
10.001311, 5.000997, 257669, 204, 1227.6, 665, 6235, 6833, 7432, 10306, 0
15.001398, 5.000087, 259873, 215, 1228.2, 670, 6245, 6844, 7448, 11814, 0
20.001314, 4.999916, 258060, 198, 1226.2, 666, 6242, 6843, 7435, 11997, 0
25.001362, 5.000048, 257510, 213, 1228.8, 676, 6236, 6841, 7427, 10698, 0
30.001347, 4.999985, 257305, 206, 1228.1, 671, 6238, 6840, 7408, 11112, 0
35.001369, 5.000022, 258747, 196, 1226.7, 670, 6242, 6835, 7424, 11906, 0
40.001323, 4.999954, 257285, 198, 1233.3, 675, 6241, 6849, 7499, 13563, 0
45.001299, 4.999976, 257448, 207, 1233.5, 671, 6237, 6842, 7462, 12561, 0
50.001325, 5.000026, 258246, 215, 1230.9, 674, 6243, 6845, 7446, 11920, 0
55.001349, 5.000024, 257724, 201, 1232.3, 675, 6244, 6846, 7443, 11901, 0
60.001335, 4.999986, 257726, 213, 1232.0, 677, 6237, 6838, 7418, 11914, 0
65.001326, 4.999991, 256085, 207, 1237.4, 673, 6244, 6849, 7443, 12503, 0
70.00131, 4.999984, 257899, 208, 1232.4, 676, 6242, 6856, 7472, 12503, 0
75.001357, 5.000047, 256649, 192, 1237.0, 677, 6255, 6850, 7435, 11296, 0
80.001332, 4.999975, 255688, 217, 1238.7, 680, 6243, 6842, 7426, 9705, 0
85.001274, 4.999942, 255610, 216, 1240.2, 683, 6250, 6853, 7457, 9784, 0
90.001291, 5.000017, 257065, 213, 1234.5, 685, 6243, 6839, 7427, 9975, 0
95.001329, 5.000038, 256288, 202, 1236.4, 687, 6250, 6844, 7431, 10778, 0
100.001304, 4.999975, 256180, 217, 1238.9, 695, 6230, 6845, 7449, 10039, 0
105.001273, 4.999969, 255240, 214, 1244.2, 684, 6255, 6849, 7393, 10792, 0
110.001368, 5.000095, 255606, 216, 1239.6, 683, 6254, 6853, 7482, 10141, 0
115.001264, 4.999896, 256818, 190, 1238.7, 688, 6240, 6847, 7424, 9958, 0
120.001353, 5.000089, 256296, 202, 1239.1, 683, 6242, 6846, 7438, 11121, 0
121.002548, 1.001195, 51364, 211, 1240.1, 683, 6245, 6844, 7436, 11121, 0
