elapsed, window, n, min, mean, max, errors, median
5.000424, 5.000424,282303, 5,11.6909, 786,0,10
10.001271, 5.000847,295097, 5,11.6229, 573,0,10
15.001635, 5.000364,294215, 5,11.6345, 595,0,10
20.0013, 4.999665,294884, 4,11.623, 617,0,10
25.001282, 4.999982,295120, 5,11.5845, 527,0,10
30.001321, 5.000039,295968, 5,11.5845, 809,0,10
35.001326, 5.000005,295815, 5,11.5845, 519,0,10
40.001312, 4.999986,295583, 5,11.5576, 5382,0,10
45.00141, 5.000098,294537, 4,11.5615, 907,0,10
50.001339, 4.999929,295412, 5,11.523, 660,0,10
55.001271, 4.999932,295279, 5,11.5615, 677,0,10
60.001287, 5.000016,295149, 5,11.5616, 5138,0,10
65.001319, 5.000032,295299, 5,11.55, 751,0,10
70.001328, 5.000009,295610, 5,11.546, 5212,0,10
75.001274, 4.999946,293635, 5,11.6346, 5154,0,10
80.001319, 5.000045,293807, 5,11.6115, 570,0,10
85.001271, 4.999952,293706, 5,11.5961, 961,0,10
90.001319, 5.000048,293362, 5,11.623, 643,0,10
95.001265, 4.999946,293358, 5,11.6885, 618,0,10
100.001268, 5.000003,293416, 5,11.7, 606,0,10
105.001272, 5.000004,293604, 5,11.6576, 683,0,10
110.001272, 5.0,293835, 4,11.6615, 1247,0,10
115.001322, 5.00005,293514, 5,11.6961, 5112,0,10
120.001323, 5.000001,293536, 5,11.6616, 602,0,10
121.004377, 1.003054,58973, 5,11.6347, 510,0,10

