elapsed, window, total, successful, failed
5.000686, 5.000686, 120497, 120497, 0
10.001653, 5.000967, 121990, 121990, 0
15.001648, 4.999995, 121152, 121152, 0
20.00162, 4.999972, 121061, 121061, 0
25.001638, 5.000018, 120571, 120571, 0
30.00163, 4.999992, 120231, 120231, 0
35.001647, 5.000017, 120813, 120813, 0
40.001709, 5.000062, 119902, 119902, 0
45.001637, 4.999928, 120617, 120617, 0
50.001613, 4.999976, 119536, 119536, 0
55.001618, 5.000005, 119750, 119750, 0
60.001652, 5.000034, 119041, 119041, 0
65.001637, 4.999985, 118750, 118750, 0
70.001618, 4.999981, 118403, 118403, 0
75.001617, 4.999999, 118928, 118928, 0
80.001625, 5.000008, 117419, 117419, 0
85.001677, 5.000052, 117556, 117556, 0
90.001648, 4.999971, 117569, 117569, 0
95.001616, 4.999968, 117868, 117868, 0
100.001655, 5.000039, 119249, 119249, 0
105.001692, 5.000037, 118323, 118323, 0
110.001617, 4.999925, 117883, 117883, 0
115.001618, 5.000001, 118221, 118221, 0
120.001642, 5.000024, 117208, 117208, 0
121.003702, 1.00206, 22840, 22840, 0
