elapsed, window, n, min, mean, median, 95th, 99th, 99_9th, max, errors
5.001105, 5.001105, 496, 1521, 448895.5, 292165, 927399, 966712, 984834, 984834, 0
10.001105, 5.0, 34, 1556, 1206753.1, 3490, 4512269, 5486421, 5486421, 5486421, 0
15.001103, 4.999998, 63, 1465, 399124.9, 1722, 4885549, 5486421, 6558629, 6558629, 0
20.001047, 4.999944, 52, 1289, 1778.4, 1706, 2324, 2657, 2878, 2878, 0
25.001014, 4.999967, 57, 1400, 1831.4, 1707, 2422, 2740, 3531, 3531, 0
30.002058, 5.001044, 37, 1348, 1752.6, 1676, 2333, 2625, 2740, 2740, 0
35.001152, 4.999094, 46, 1430, 1702.5, 1660, 2013, 2133, 2346, 2346, 0
40.001099, 4.999947, 42, 1416, 1652.5, 1621, 1962, 1992, 2191, 2191, 0
45.001154, 5.000055, 19, 1416, 1657.0, 1599, 2094, 2249, 2249, 2249, 0
50.001102, 4.999948, 32, 1394, 1687.0, 1645, 1849, 2249, 2249, 2249, 0
55.001093, 4.999991, 20, 1406, 1638.9, 1624, 1879, 1950, 1950, 1950, 0
60.001105, 5.000012, 26, 1400, 1619.7, 1560, 1964, 2161, 2161, 2161, 0
65.001106, 5.000001, 17, 1339, 1656.0, 1563, 2161, 3112, 3112, 3112, 0
70.001108, 5.000002, 16, 1286, 1663.5, 1605, 1829, 3112, 3112, 3112, 0
75.001005, 4.999897, 18, 1396, 1588.7, 1542, 2020, 2237, 2237, 2237, 0
80.002021, 5.001016, 8, 1372, 1732.3, 1623, 2288, 2288, 2288, 2288, 0
85.002101, 5.00008, 17, 1340, 1541.7, 1490, 1744, 1845, 1845, 1845, 0
90.00106, 4.998959, 9, 1453, 1595.8, 1559, 1795, 1795, 1795, 1795, 0
95.001095, 5.000035, 11, 1391, 1592.9, 1602, 1684, 1779, 1779, 1779, 0
100.001061, 4.999966, 3, 1402, 1623.0, 1628, 1884, 1884, 1884, 1884, 0
105.00105, 4.999989, 6, 1467, 1622.1, 1501, 2062, 2062, 2062, 2062, 0
110.001051, 5.000001, 5, 1413, 1535.8, 1534, 1647, 1647, 1647, 1647, 0
115.001103, 5.000052, 0, 0, 0, 0, 0, 0, 0, 0, 0
120.001036, 4.999933, 7, 1328, 1522.9, 1419, 2107, 2107, 2107, 2107, 0
125.001106, 5.00007, 5, 1361, 1485.4, 1484, 1614, 1614, 1614, 1614, 0
130.001312, 5.000206, 0, 0, 0, 0, 0, 0, 0, 0, 0
135.0011, 4.999788, 0, 0, 0, 0, 0, 0, 0, 0, 0
140.0011, 5.0, 0, 0, 0, 0, 0, 0, 0, 0, 0
145.001095, 4.999995, 0, 0, 0, 0, 0, 0, 0, 0, 0
150.001098, 5.000003, 0, 0, 0, 0, 0, 0, 0, 0, 0
155.0011, 5.000002, 0, 0, 0, 0, 0, 0, 0, 0, 0
160.001056, 4.999956, 0, 0, 0, 0, 0, 0, 0, 0, 0
164.751002, 4.749946, 0, 0, 0, 0, 0, 0, 0, 0, 0
