elapsed, window, n, min, mean, median, 95th, 99th, 99_9th, max, errors
5.000819, 5.000819, 260751, 191, 1501.5, 900, 6392, 7148, 8161, 17266, 0
10.001902, 5.001083, 249791, 196, 1501.2, 897, 6400, 7146, 8062, 18678, 0
15.001778, 4.999876, 247588, 212, 1498.4, 905, 6381, 7135, 7958, 12347, 0
20.001768, 4.99999, 248112, 218, 1500.8, 903, 6375, 7109, 7935, 11202, 0
25.00181, 5.000042, 244020, 214, 1517.7, 899, 6380, 7123, 7955, 12144, 0
30.001802, 4.999992, 246886, 206, 1509.6, 907, 6386, 7141, 8007, 10878, 0
35.001793, 4.999991, 246216, 199, 1512.2, 904, 6395, 7151, 8033, 12803, 0
40.001792, 4.999999, 245400, 205, 1514.2, 900, 6405, 7168, 8087, 12823, 0
45.001867, 5.000075, 245972, 195, 1516.4, 897, 6400, 7169, 8126, 12823, 0
50.001828, 4.999961, 245785, 203, 1516.7, 895, 6392, 7162, 8032, 11588, 0
55.001855, 5.000027, 245234, 207, 1519.5, 904, 6407, 7193, 8065, 12498, 0
60.001766, 4.999911, 245183, 213, 1519.8, 898, 6405, 7169, 8073, 12498, 0
65.001902, 5.000136, 244644, 214, 1519.1, 908, 6391, 7166, 8095, 12802, 0
70.001791, 4.999889, 246200, 214, 1515.7, 889, 6416, 7170, 8036, 10143, 0
75.001784, 4.999993, 244263, 204, 1526.2, 901, 6410, 7191, 8124, 14458, 0
80.001763, 4.999979, 242823, 203, 1530.2, 904, 6409, 7195, 8106, 12372, 0
85.001763, 5.0, 242415, 214, 1535.2, 913, 6392, 7163, 8073, 11943, 0
90.001824, 5.000061, 241997, 203, 1538.2, 926, 6371, 7167, 8084, 10873, 0
95.001827, 5.000003, 241176, 202, 1540.9, 935, 6369, 7181, 8134, 12684, 0
100.001811, 4.999984, 241239, 207, 1531.4, 940, 6382, 7167, 8066, 12399, 0
105.001805, 4.999994, 241878, 198, 1537.9, 932, 6394, 7180, 8100, 12725, 0
110.001786, 4.999981, 239272, 196, 1547.2, 930, 6379, 7175, 8084, 11427, 0
115.001771, 4.999985, 242099, 198, 1538.8, 921, 6386, 7177, 8104, 14297, 0
120.001873, 5.000102, 242112, 211, 1539.1, 930, 6385, 7168, 8033, 10544, 0
121.002897, 1.001024, 48252, 214, 1539.8, 935, 6380, 7174, 8042, 13000, 0
