elapsed, window, n, min, mean, max, errors, median
5.001218, 5.001218,637091, 908,3582.71, 51240,0,1544.76
10.00141, 5.000192,630336, 891,3543.57, 51158,0,1547.39
15.001108, 4.999698,623753, 876,3560.51, 43541,0,1545.29
20.001064, 4.999956,629286, 909,3549.28, 39370,0,1544.05
25.001164, 5.0001,627789, 895,3547.2, 39372,0,1548.02
30.00107, 4.999906,626403, 923,3564.6, 39352,0,1545.11
35.00106, 4.99999,630602, 927,3549.81, 39256,0,1544.56
40.001132, 5.000072,625015, 900,3567.29, 39319,0,1550.52
45.00106, 4.999928,627384, 895,3556.99, 39399,0,1549.05
50.001096, 5.000036,628918, 895,3553.38, 40506,0,1548.36
55.001229, 5.000133,623946, 907,3568.88, 39021,0,1547.17
60.001194, 4.999965,626003, 912,3565.07, 38627,0,1549.41
65.001229, 5.000035,622368, 907,3578, 41081,0,1546.38
70.001157, 4.999928,619681, 895,3586.26, 52473,0,1549.15
75.001073, 4.999916,632397, 900,3541.12, 38749,0,1552.85
80.001103, 5.00003,625228, 930,3553.11, 38205,0,1548
85.001095, 4.999992,622839, 924,3578.3, 39233,0,1547.17
90.0013, 5.000205,621155, 882,3578.76, 37998,0,1547.02
95.001091, 4.999791,624696, 923,3563.67, 38726,0,1556.68
100.001126, 5.000035,623081, 905,3573.07, 38628,0,1554.62
105.001135, 5.000009,627659, 905,3559.07, 40094,0,1554.5
110.001116, 4.999981,623924, 921,3563.8, 38322,0,1553.92
115.001072, 4.999956,619751, 943,3583.01, 38234,0,1556.15
120.001108, 5.000036,622214, 930,3574.9, 40791,0,1558.88
121.004421, 1.003313,121352, 930,3588.55, 40791,0,1553.02

