elapsed, window, n, min, mean, max, errors, median
5.000656, 5.000656,1548078, 175,726.003, 8706,0,632.681
10.001801, 5.001145,1482993, 161,724.741, 7018,0,635.202
15.00164, 4.999839,1483387, 180,724.071, 7708,0,634.186
20.001648, 5.000008,1471311, 171,725.095, 8248,0,635.722
25.001729, 5.000081,1479612, 181,725.75, 9617,0,635.825
30.001648, 4.999919,1474168, 170,726.213, 6870,0,636.358
35.001656, 5.000008,1482266, 183,724.661, 7725,0,635.689
40.001678, 5.000022,1473816, 166,726.017, 7095,0,637.685
45.00171, 5.000032,1476678, 166,725.377, 7041,0,637.188
50.001673, 4.999963,1466735, 176,727.628, 7741,0,640.192
55.001764, 5.000091,1472752, 174,727.201, 8580,0,637.221
60.001701, 4.999937,1479923, 174,726.62, 11913,0,637.904
65.001682, 4.999981,1473800, 174,726.27, 8566,0,638.884
70.001699, 5.000017,1472336, 167,727.951, 7596,0,640.367
75.001736, 5.000037,1474777, 168,727.506, 7596,0,641.027
80.001691, 4.999955,1464693, 176,729.882, 6850,0,642.562
85.001671, 4.99998,1470904, 176,728.978, 8463,0,641.324
90.00167, 4.999999,1471161, 179,728.486, 7614,0,640.155
95.001645, 4.999975,1467930, 181,730.188, 8035,0,643.225
100.001674, 5.000029,1468576, 161,729.099, 8478,0,641.279
105.001642, 4.999968,1471150, 179,729.341, 7262,0,642.676
110.001739, 5.000097,1472656, 171,728.109, 8013,0,640.504
115.001671, 4.999932,1467098, 181,729.501, 7589,0,640.477
120.001751, 5.00008,1467729, 180,729.502, 8295,0,641.321
121.001796, 1.000045,295100, 180,729.427, 8295,0,641.107

