elapsed, window, total, successful, failed
5.000388, 5.000388, 323773, 323773, 0
10.001363, 5.000975, 307231, 307231, 0
15.001479, 5.000116, 311074, 311074, 0
20.001312, 4.999833, 309397, 309397, 0
25.001371, 5.000059, 310034, 310034, 0
30.001369, 4.999998, 311519, 311519, 0
35.001445, 5.000076, 311328, 311328, 0
40.001422, 4.999977, 310689, 310689, 0
45.001396, 4.999974, 310702, 310702, 0
50.001315, 4.999919, 310728, 310728, 0
55.001316, 5.000001, 310080, 310080, 0
60.001377, 5.000061, 310205, 310205, 0
65.001334, 4.999957, 310406, 310406, 0
70.001408, 5.000074, 310677, 310677, 0
75.001318, 4.99991, 308927, 308927, 0
80.001394, 5.000076, 308051, 308051, 0
85.001467, 5.000073, 312812, 312812, 0
90.001328, 4.999861, 310806, 310806, 0
95.001341, 5.000013, 309457, 309457, 0
100.001329, 4.999988, 309796, 309796, 0
105.001391, 5.000062, 310262, 310262, 0
110.001372, 4.999981, 308741, 308741, 0
115.00146, 5.000088, 310535, 310535, 0
120.001485, 5.000025, 307974, 307974, 0
121.002443, 1.000958, 62133, 62133, 0
