elapsed, window, n, min, mean, median, 95th, 99th, 99_9th, max, errors
5.000362, 5.000362, 2218, 91613, 150941.6, 105694, 296238, 477320, 604939, 633988, 0
10.00129, 5.000928, 1675, 91150, 171933.8, 186627, 314024, 353863, 372609, 386703, 2
15.001351, 5.000061, 1797, 91501, 166126.5, 180783, 290659, 323759, 361895, 367761, 0
20.001319, 4.999968, 1760, 91528, 167722.7, 182725, 295662, 325341, 354831, 373853, 1
25.001358, 5.000039, 1702, 91528, 169965.8, 185388, 301065, 340012, 366269, 371504, 1
30.001303, 4.999945, 1770, 91356, 168879.9, 187247, 293398, 324496, 351423, 359970, 3
35.001409, 5.000106, 1776, 91273, 165094.8, 179278, 284727, 315818, 351418, 367941, 2
40.001364, 4.999955, 1763, 90935, 165446.5, 186290, 279766, 301980, 322853, 334519, 0
45.001414, 5.00005, 1774, 91466, 170665.9, 189873, 295611, 325777, 349979, 350705, 0
50.001415, 5.000001, 1687, 91206, 172933.1, 187710, 321116, 352675, 373253, 375022, 0
55.001283, 4.999868, 1751, 91408, 167154.4, 185105, 295484, 323593, 350248, 351857, 3
60.001285, 5.000002, 1822, 91534, 164579.1, 175922, 287065, 313791, 360295, 364115, 0
65.001415, 5.00013, 1778, 91442, 166494.9, 187554, 287453, 309205, 327648, 333215, 0
70.001409, 4.999994, 1847, 91575, 166115.3, 189371, 273157, 295593, 308889, 347455, 1
75.00145, 5.000041, 1703, 91561, 177088.1, 187793, 312017, 420932, 577596, 595455, 1
80.001429, 4.999979, 1723, 91621, 177644.4, 186910, 323743, 434824, 556338, 566149, 1
85.001405, 4.999976, 1725, 91429, 187538.8, 188123, 383784, 471313, 525327, 573313, 2
90.001276, 4.999871, 1762, 91617, 166898.0, 186536, 284427, 315491, 329318, 340569, 3
95.001283, 5.000007, 1832, 91135, 166546.0, 190212, 272698, 290453, 305844, 309940, 0
100.001281, 4.999998, 1783, 91586, 167881.5, 189055, 285169, 300889, 317421, 329864, 0
105.001279, 4.999998, 1831, 91374, 162797.0, 171303, 278300, 310253, 338580, 343551, 2
110.001284, 5.000005, 1783, 91319, 166522.0, 185479, 282221, 302158, 316041, 325020, 2
115.001326, 5.000042, 1786, 91266, 166391.1, 184886, 282806, 313687, 337877, 341015, 0
120.001354, 5.000028, 1829, 91266, 166634.0, 187424, 278001, 306946, 337432, 342079, 6
121.006349, 1.004995, 380, 91266, 165887.1, 190061, 267066, 287872, 306216, 312688, 0
