elapsed, window, total, successful, failed
5.000082, 5.000082, 80086, 80086, 0
10.001081, 5.000999, 54243, 54243, 0
15.00109, 5.000009, 51597, 51597, 0
20.001094, 5.000004, 51560, 51560, 0
25.001169, 5.000075, 44894, 44894, 0
30.001099, 4.99993, 35339, 35339, 0
35.001115, 5.000016, 34284, 34284, 0
40.001132, 5.000017, 39999, 39999, 0
45.001132, 5.0, 36569, 36569, 0
50.001139, 5.000007, 31151, 31151, 0
55.001085, 4.999946, 28548, 28548, 0
60.001084, 4.999999, 25309, 25309, 0
65.00113, 5.000046, 24655, 24655, 0
70.001129, 4.999999, 31442, 31442, 0
75.001097, 4.999968, 18991, 18991, 0
80.001099, 5.000002, 13470, 13470, 0
85.001139, 5.00004, 13227, 13227, 0
90.001132, 4.999993, 25073, 25073, 0
95.001097, 4.999965, 4400, 4400, 0
100.001129, 5.000032, 4313, 4313, 0
105.001136, 5.000007, 13983, 13983, 0
110.001455, 5.000319, 18396, 18396, 0
115.001218, 4.999763, 2165, 2165, 0
120.001203, 4.999985, 14294, 14294, 0
125.001107, 4.999904, 18522, 18522, 0
130.001077, 4.99997, 23014, 23014, 0
135.001122, 5.000045, 28884, 28884, 0
140.001148, 5.000026, 29468, 29468, 0
145.001077, 4.999929, 31590, 31590, 0
150.001103, 5.000026, 30568, 30568, 0
155.001079, 4.999976, 31976, 31976, 0
160.001083, 5.000004, 28233, 28233, 0
165.001103, 5.00002, 22793, 22793, 0
170.001079, 4.999976, 13584, 13584, 0
175.001085, 5.000006, 9344, 9344, 0
180.001089, 5.000004, 1527, 1527, 0
181.005181, 1.004092, 106, 106, 0
