elapsed, window, n, min, mean, median, 95th, 99th, 99_9th, max, errors
5.000421, 5.000421, 997, 473, 1430.3, 855, 2933, 8502, 33190, 38566, 0
10.001432, 5.001011, 1090, 456, 2384.5, 781, 6702, 50395, 58326, 60097, 0
15.001431, 4.999999, 1284, 455, 3900.2, 735, 22445, 58473, 180644, 196985, 0
20.001358, 4.999927, 1281, 466, 1732.8, 775, 3314, 30330, 50800, 52126, 0
25.001446, 5.000088, 958, 449, 1878.3, 775, 3583, 32918, 59141, 60337, 0
30.001482, 5.000036, 856, 446, 2931.0, 775, 14369, 49974, 58812, 61095, 0
35.001337, 4.999855, 986, 446, 3768.0, 740, 24574, 54246, 76291, 162746, 0
40.00145, 5.000113, 828, 487, 4042.7, 773, 28581, 54408, 60641, 62477, 0
45.001457, 5.000007, 1725, 469, 3191.3, 795, 12772, 52333, 99114, 188703, 0
50.001478, 5.000021, 745, 468, 2957.9, 784, 18815, 43950, 52048, 54271, 0
55.00142, 4.999942, 1252, 468, 2579.3, 768, 9978, 50134, 60730, 62240, 0
60.001477, 5.000057, 1081, 467, 3330.9, 745, 22371, 50334, 59295, 99640, 0
65.001419, 4.999942, 1062, 428, 2521.8, 767, 10526, 48309, 58994, 62241, 0
70.00143, 5.000011, 755, 477, 4056.8, 744, 32558, 56279, 62038, 64030, 0
75.001379, 4.999949, 707, 477, 3209.0, 765, 21134, 42490, 56055, 56212, 0
80.001462, 5.000083, 603, 480, 4143.1, 732, 24300, 58196, 104265, 113871, 0
85.001431, 4.999969, 812, 457, 5462.6, 761, 36699, 58789, 120787, 122887, 0
90.001367, 4.999936, 643, 456, 5480.8, 777, 38023, 56208, 60626, 60946, 0
95.001433, 5.000066, 920, 504, 2996.5, 777, 16288, 44025, 92747, 120312, 0
100.001448, 5.000015, 882, 443, 3937.0, 816, 16899, 57932, 118912, 124646, 0
105.001383, 4.999935, 745, 455, 5056.8, 755, 43188, 56220, 64780, 64781, 0
110.001395, 5.000012, 1273, 484, 4588.6, 769, 34553, 56532, 99032, 160169, 0
115.00147, 5.000075, 1164, 465, 3160.2, 735, 16476, 54395, 99032, 160169, 0
120.001419, 4.999949, 923, 481, 3495.0, 729, 24814, 51966, 57294, 57863, 0
121.002524, 1.001105, 176, 481, 3707.6, 731, 28150, 51966, 57294, 58218, 0
