elapsed, window, n, min, mean, median, 95th, 99th, 99_9th, max, errors
5.000655, 5.000655, 482444, 267, 11388.5, 8168, 31174, 43488, 60022, 97721, 0
10.001641, 5.000986, 433485, 313, 11512.3, 7737, 33465, 46526, 62907, 91328, 0
15.001753, 5.000112, 436470, 350, 11446.0, 7912, 32588, 48972, 67822, 114525, 0
20.001651, 4.999898, 433362, 336, 11453.0, 7739, 33640, 56820, 75539, 139652, 0
25.001743, 5.000092, 437114, 364, 11488.8, 7920, 32021, 46266, 69876, 132913, 0
30.001626, 4.999883, 436302, 355, 11436.5, 7836, 31794, 46847, 73434, 145128, 0
35.001728, 5.000102, 438458, 321, 11394.0, 7993, 32510, 49167, 68039, 115039, 0
40.001665, 4.999937, 435478, 364, 11456.5, 8206, 31913, 46404, 64567, 114905, 0
45.001636, 4.999971, 435514, 330, 11436.0, 8257, 31137, 44581, 62235, 109673, 0
50.001732, 5.000096, 433907, 345, 11483.1, 7935, 33405, 46318, 64790, 109673, 0
55.001655, 4.999923, 428796, 321, 11613.1, 7778, 34182, 49335, 67923, 110784, 0
60.001634, 4.999979, 426040, 306, 11714.4, 7589, 34451, 51727, 81297, 164548, 0
65.001632, 4.999998, 424168, 299, 11744.2, 7413, 35659, 52108, 70437, 109540, 0
70.001632, 5.0, 428632, 271, 11702.9, 7273, 36965, 55599, 75311, 125936, 0
75.001654, 5.000022, 424443, 269, 11719.2, 7455, 35785, 53062, 73768, 123036, 0
80.001634, 4.99998, 427211, 272, 11695.1, 7342, 36407, 55097, 75976, 143197, 0
85.001626, 4.999992, 420515, 312, 11811.6, 7285, 34958, 65050, 89676, 166618, 0
90.001627, 5.000001, 427425, 294, 11740.1, 7367, 35236, 65297, 84926, 159859, 0
95.001669, 5.000042, 424685, 333, 11746.5, 7372, 35374, 52162, 79636, 154297, 0
100.001626, 4.999957, 427594, 324, 11782.3, 7669, 34734, 47765, 65661, 103016, 0
105.001632, 5.000006, 430576, 351, 11654.9, 7522, 33823, 49567, 67095, 116866, 0
110.001631, 4.999999, 431821, 320, 11594.9, 7698, 33695, 49986, 66720, 108645, 0
115.001637, 5.000006, 426114, 346, 11671.0, 7946, 33348, 46606, 62161, 104264, 0
120.001688, 5.000051, 429461, 315, 11622.9, 7774, 33797, 45461, 62269, 89471, 0
121.024751, 1.023063, 87848, 315, 11657.6, 7661, 34384, 48175, 67329, 124730, 0
