elapsed, window, n, min, mean, median, 95th, 99th, 99_9th, max, errors
1.233463, 1.233463, 122, 228198, 745070.5, 760090, 1088772, 1174793, 1193422, 1193422, 0
