elapsed, window, n, min, mean, median, 95th, 99th, 99_9th, max, errors
5.000441, 5.000441, 60, 153705, 255774.8, 243963, 401259, 416427, 431911, 431911, 65
10.001319, 5.000878, 28, 152995, 253317.2, 257528, 326488, 401259, 401259, 401259, 99
15.001353, 5.000034, 31, 152728, 266131.6, 265856, 339990, 516389, 516389, 516389, 116
20.001308, 4.999955, 36, 153120, 252130.7, 242002, 345661, 377560, 377560, 377560, 113
25.001356, 5.000048, 36, 153280, 257383.3, 251334, 350599, 450999, 450999, 450999, 85
30.001313, 4.999957, 31, 153436, 253732.1, 250257, 381083, 465602, 465602, 465602, 86
35.001442, 5.000129, 39, 152594, 252990.5, 249778, 376283, 427653, 427653, 427653, 112
40.001467, 5.000025, 28, 152125, 256392.2, 253760, 365493, 427653, 427653, 427653, 82
45.001329, 4.999862, 38, 153441, 253121.5, 249765, 354462, 476130, 476130, 476130, 81
50.001356, 5.000027, 31, 154313, 243485.5, 249765, 339962, 367384, 367384, 367384, 103
55.001339, 4.999983, 40, 153400, 231550.6, 234473, 299642, 377791, 377791, 377791, 101
60.001342, 5.000003, 46, 153344, 240780.8, 241913, 313463, 337573, 380835, 380835, 79
65.001369, 5.000027, 28, 153035, 219579.7, 214928, 284094, 345441, 345441, 345441, 92
70.001314, 4.999945, 41, 151905, 227058.0, 224467, 302929, 330684, 330684, 330684, 77
75.001304, 4.99999, 33, 151905, 231902.3, 244422, 322959, 353140, 353140, 353140, 89
80.001373, 5.000069, 40, 156546, 256592.0, 255666, 360740, 409266, 409266, 409266, 96
85.001315, 4.999942, 46, 153403, 248367.7, 244522, 360740, 369862, 411821, 411821, 104
90.001312, 4.999997, 50, 154840, 252822.2, 248797, 335205, 338704, 340277, 340277, 76
95.001458, 5.000146, 43, 152300, 235490.7, 242481, 309016, 342286, 439861, 439861, 96
100.001334, 4.999876, 45, 152300, 232474.2, 238317, 327452, 360988, 507969, 507969, 91
105.001394, 5.00006, 48, 155157, 235687.0, 234050, 321429, 363321, 368480, 368480, 96
110.001422, 5.000028, 46, 160796, 250269.1, 251877, 323914, 407316, 407316, 407316, 75
115.001375, 4.999953, 38, 153460, 243184.5, 245523, 305565, 352993, 352993, 352993, 81
120.001598, 5.000223, 42, 152504, 249377.5, 251396, 315350, 348771, 428405, 428405, 100
121.005566, 1.003968, 11, 152504, 238912.3, 236182, 315350, 348771, 428405, 428405, 11
