elapsed, window, n, min, mean, median, 95th, 99th, 99_9th, max, errors
5.001088, 5.001088, 40451, 333, 15328.6, 2795, 53036, 282138, 812490, 888300, 0
10.001164, 5.000076, 78017, 334, 8282.2, 2739, 27287, 85240, 588285, 737416, 0
15.001069, 4.999905, 48717, 342, 12426.3, 2784, 31506, 362064, 892085, 1356495, 0
20.001049, 4.99998, 53395, 346, 11313.5, 2754, 30024, 333370, 722546, 1277329, 0
25.001052, 5.000003, 35202, 334, 18675.9, 2733, 41473, 553928, 753024, 1277329, 0
30.001094, 5.000042, 48945, 330, 13970.4, 2797, 36335, 439655, 534042, 1077066, 0
35.001089, 4.999995, 72523, 345, 9048.0, 2817, 28301, 186048, 405889, 498683, 0
40.00108, 4.999991, 90201, 332, 6753.7, 2700, 24524, 66890, 261257, 338545, 0
45.001088, 5.000008, 84840, 335, 7522.6, 2589, 24110, 80942, 436192, 687379, 0
50.00104, 4.999952, 72856, 325, 8465.5, 2549, 23437, 52625, 607260, 687379, 0
55.001041, 5.000001, 99686, 339, 6368.5, 2546, 22383, 51843, 337304, 435843, 0
60.001039, 4.999998, 108503, 346, 5995.4, 2586, 21962, 51106, 238835, 435843, 0
65.00105, 5.000011, 76645, 338, 7736.4, 2598, 23448, 69362, 425085, 492739, 0
70.001043, 4.999993, 95984, 347, 6756.5, 2591, 23000, 52805, 362995, 492739, 0
75.001051, 5.000008, 114504, 340, 5384.7, 2545, 22126, 44084, 183582, 293830, 0
80.001105, 5.000054, 100398, 332, 6024.7, 2626, 23140, 49819, 241151, 302603, 0
85.001076, 4.999971, 78616, 338, 7692.3, 2674, 25659, 63593, 420856, 508328, 0
90.001039, 4.999963, 83407, 349, 7728.9, 2572, 25281, 71311, 428834, 508328, 0
95.001058, 5.000019, 99117, 351, 6589.6, 2602, 24515, 57548, 318953, 389776, 0
100.001143, 5.000085, 109802, 351, 5873.4, 2651, 23467, 48683, 247656, 325595, 0
105.001041, 4.999898, 96511, 349, 6294.6, 2733, 23277, 49556, 309658, 370651, 0
110.001038, 4.999997, 81829, 345, 7068.4, 2811, 25328, 55902, 333368, 388722, 0
115.001095, 5.000057, 62076, 340, 9882.6, 2843, 29990, 239294, 529341, 781612, 0
120.001047, 4.999952, 79073, 344, 8464.7, 2806, 27149, 82906, 463169, 534333, 0
121.003087, 1.00204, 16756, 347, 7764.5, 2791, 26865, 75116, 412080, 534333, 0
