elapsed, window, n, min, mean, median, 95th, 99th, 99_9th, max, errors
5.000086, 5.000086, 55830, 326, 657.0, 639, 874, 1029, 1635, 5196, 0
10.001212, 5.001126, 54029, 341, 650.6, 636, 865, 1003, 1219, 4836, 0
15.001072, 4.99986, 53911, 338, 650.2, 636, 862, 1000, 1227, 4697, 0
20.001059, 4.999987, 53534, 338, 652.3, 639, 864, 1005, 1261, 5024, 0
25.001078, 5.000019, 53798, 354, 653.8, 639, 867, 1007, 1287, 6113, 0
30.001089, 5.000011, 53976, 338, 655.2, 643, 863, 987, 1164, 1650, 0
35.001079, 4.99999, 54879, 355, 634.5, 617, 847, 987, 1215, 4687, 0
40.001114, 5.000035, 53928, 301, 647.1, 629, 865, 1011, 1236, 4705, 0
45.001068, 4.999954, 53575, 330, 656.2, 642, 873, 1014, 1245, 2592, 0
50.00107, 5.000002, 53917, 367, 649.8, 634, 865, 1012, 1232, 2175, 0
55.001124, 5.000054, 53545, 334, 656.1, 641, 867, 1008, 1301, 9373, 0
60.001174, 5.00005, 54010, 318, 651.0, 634, 864, 1011, 1251, 5056, 0
65.001077, 4.999903, 53644, 335, 651.8, 635, 871, 1014, 1272, 5056, 0
70.00108, 5.000003, 54282, 345, 652.6, 637, 869, 1006, 1221, 4994, 0
75.001098, 5.000018, 53730, 357, 652.9, 638, 872, 1012, 1219, 1708, 0
80.001141, 5.000043, 52413, 357, 664.9, 652, 877, 1011, 1214, 1787, 0
85.001089, 4.999948, 53727, 330, 654.9, 638, 866, 1007, 1223, 6462, 0
90.001131, 5.000042, 52894, 344, 667.2, 652, 884, 1021, 1236, 5470, 0
95.001081, 4.99995, 53945, 340, 650.0, 632, 865, 1007, 1319, 5305, 0
100.00108, 4.999999, 53182, 326, 659.4, 646, 866, 1001, 1284, 5956, 0
105.001066, 4.999986, 52789, 320, 663.7, 649, 874, 1012, 1312, 6683, 0
110.001155, 5.000089, 53245, 338, 659.6, 644, 873, 1012, 1245, 5962, 0
115.001081, 4.999926, 53521, 321, 656.2, 640, 872, 1015, 1262, 5093, 0
120.001173, 5.000092, 54305, 351, 648.9, 631, 865, 1011, 1218, 5916, 0
121.002196, 1.001023, 10992, 324, 648.7, 630, 868, 1016, 1235, 5916, 0
