elapsed, window, n, min, mean, median, 95th, 99th, 99_9th, max, errors
5.000821, 5.000821, 50, 1759, 8366.6, 2558, 31755, 184183, 184183, 184183, 0
10.00174, 5.000919, 0, 0, 0, 0, 0, 0, 0, 0, 0
15.00182, 5.00008, 0, 0, 0, 0, 0, 0, 0, 0, 0
20.001825, 5.000005, 0, 0, 0, 0, 0, 0, 0, 0, 0
25.001824, 4.999999, 0, 0, 0, 0, 0, 0, 0, 0, 0
30.001838, 5.000014, 0, 0, 0, 0, 0, 0, 0, 0, 0
35.001827, 4.999989, 72, 1471, 25573.4, 2519, 112855, 177415, 205564, 205564, 0
40.001704, 4.999877, 28, 1551, 32179.8, 2497, 152492, 190018, 205564, 205564, 0
45.001876, 5.000172, 10, 1776, 44992.9, 2978, 252874, 252874, 252874, 252874, 0
50.00178, 4.999904, 40, 1481, 29658.9, 3050, 138113, 265408, 265408, 265408, 0
55.001703, 4.999923, 58, 1540, 19627.1, 2436, 138473, 142078, 232199, 232199, 0
60.001783, 5.00008, 69, 1276, 13573.0, 2098, 99186, 229840, 296756, 296756, 0
65.001721, 4.999938, 149, 1450, 20208.5, 2340, 145862, 213291, 247782, 247782, 0
70.001854, 5.000133, 79, 1529, 25090.4, 2463, 145371, 198680, 270177, 270177, 0
75.001829, 4.999975, 98, 1490, 22410.6, 2312, 145963, 248709, 251976, 251976, 0
80.001836, 5.000007, 77, 1393, 20564.5, 2389, 157233, 187593, 212207, 212207, 0
85.001723, 4.999887, 29, 1543, 26755.9, 2391, 157233, 331812, 331812, 331812, 0
90.001835, 5.000112, 41, 1498, 3648.7, 2265, 10116, 17664, 17664, 17664, 0
95.001842, 5.000007, 0, 0, 0, 0, 0, 0, 0, 0, 0
100.001802, 4.99996, 96, 1364, 39561.7, 2374, 217548, 311657, 348536, 348536, 0
105.001828, 5.000026, 51, 1515, 53238.4, 2438, 270509, 311657, 405856, 405856, 0
110.001794, 4.999966, 61, 1530, 29637.2, 2459, 178590, 204406, 286990, 286990, 0
115.00183, 5.000036, 46, 1530, 31490.4, 2506, 178590, 211387, 335506, 335506, 0
120.001768, 4.999938, 74, 1383, 31224.1, 2299, 144063, 190017, 225652, 225652, 0
121.002988, 1.00122, 13, 1441, 31564.8, 2300, 144063, 190017, 225652, 225652, 0
