elapsed, window, n, min, mean, median, 95th, 99th, 99_9th, max, errors
5.001093, 5.001093, 244, 912, 5401.1, 1237, 36645, 83272, 86708, 86708, 0
10.001049, 4.999956, 244, 929, 4227.8, 1156, 25231, 46984, 85132, 85132, 0
15.001042, 4.999993, 132, 929, 2910.4, 1117, 14378, 32991, 34636, 34636, 0
20.001097, 5.000055, 193, 890, 3520.6, 1142, 20343, 38204, 50668, 50668, 0
25.001109, 5.000012, 192, 953, 3505.9, 1204, 14781, 31128, 58252, 58252, 0
30.001101, 4.999992, 202, 883, 4358.6, 1199, 24484, 36407, 66511, 66511, 0
35.001178, 5.000077, 296, 947, 3841.3, 1190, 25316, 35222, 41101, 41101, 0
40.001106, 4.999928, 182, 891, 7034.2, 1157, 44923, 76634, 116401, 116401, 0
45.001062, 4.999956, 225, 863, 3666.8, 1148, 20577, 56962, 87071, 87071, 0
50.001047, 4.999985, 224, 931, 3086.7, 1153, 9250, 51301, 72966, 72966, 0
55.001041, 4.999994, 290, 624, 4801.1, 1163, 32727, 62830, 87039, 87039, 0
60.001051, 5.00001, 170, 921, 5818.1, 1163, 34493, 54941, 74575, 74575, 0
65.001065, 5.000014, 211, 946, 4407.8, 1143, 26743, 54866, 64335, 64335, 0
70.001044, 4.999979, 244, 899, 4908.3, 1137, 24493, 76658, 98968, 98968, 0
75.001046, 5.000002, 225, 887, 9250.8, 1124, 65509, 114402, 176350, 176350, 0
80.001063, 5.000017, 253, 896, 5004.5, 1109, 30295, 72702, 111332, 111332, 0
85.00105, 4.999987, 256, 899, 3783.7, 1131, 18653, 52297, 91171, 91171, 0
90.001106, 5.000056, 157, 882, 4861.1, 1119, 27352, 76614, 109036, 109036, 0
95.0011, 4.999994, 149, 882, 3686.1, 1117, 18577, 46235, 83315, 83315, 0
100.001103, 5.000003, 316, 922, 2852.5, 1161, 10280, 42891, 72460, 72460, 0
105.001064, 4.999961, 234, 922, 3986.4, 1182, 11164, 64226, 66620, 66620, 0
110.001103, 5.000039, 243, 925, 3008.9, 1159, 12958, 32782, 47127, 47127, 0
115.001097, 4.999994, 223, 960, 4861.8, 1165, 28757, 50667, 62559, 62559, 0
120.001086, 4.999989, 251, 877, 2253.8, 1135, 8231, 25009, 36656, 36656, 0
121.003184, 1.002098, 41, 877, 2033.9, 1107, 6700, 17224, 31122, 31122, 0
