elapsed, window, n, min, mean, median, 95th, 99th, 99_9th, max, errors
5.001434, 5.001434, 39120, 80, 489.5, 311, 1121, 5001, 8846, 12919, 0
10.001009, 4.999575, 46301, 83, 381.1, 306, 882, 1331, 2019, 2434, 0
15.00203, 5.001021, 45292, 84, 365.8, 297, 822, 1263, 2090, 4154, 0
20.001, 4.99897, 46792, 84, 396.0, 316, 929, 1389, 2187, 3802, 0
25.001999, 5.000999, 45260, 82, 375.1, 295, 856, 1447, 2946, 4356, 0
30.002015, 5.000016, 46682, 83, 391.0, 314, 913, 1336, 2106, 3019, 0
35.000995, 4.99898, 47008, 80, 410.4, 325, 980, 1543, 2218, 4545, 0
40.001991, 5.000996, 46244, 81, 396.0, 316, 906, 1481, 2544, 6209, 0
45.001993, 5.000002, 45664, 83, 387.5, 302, 925, 1527, 2465, 3395, 0
50.002011, 5.000018, 44980, 84, 360.2, 291, 825, 1207, 1788, 2611, 0
55.001995, 4.999984, 45095, 83, 360.9, 295, 825, 1168, 1689, 2611, 0
60.001996, 5.000001, 45533, 85, 376.1, 303, 871, 1300, 2166, 3075, 0
65.002003, 5.000007, 45838, 84, 378.2, 302, 877, 1380, 2317, 3302, 0
70.001997, 4.999994, 46572, 84, 410.6, 322, 982, 1581, 2354, 3251, 0
75.002026, 5.000029, 47296, 88, 428.1, 346, 995, 1472, 1963, 2528, 0
80.001009, 4.998983, 46704, 85, 423.8, 335, 1010, 1545, 2330, 5544, 0
85.002001, 5.000992, 47217, 85, 427.0, 342, 996, 1499, 2542, 3613, 0
90.002016, 5.000015, 44629, 83, 387.2, 309, 905, 1356, 2040, 2621, 0
95.000997, 4.998981, 44829, 82, 389.3, 305, 925, 1595, 2446, 3321, 0
100.00201, 5.001013, 45601, 82, 407.6, 317, 983, 1692, 2804, 5420, 0
105.001997, 4.999987, 45257, 83, 410.4, 321, 955, 1750, 3043, 5815, 0
110.002014, 5.000017, 46033, 81, 405.6, 327, 931, 1423, 2621, 4353, 0
115.001004, 4.99899, 47192, 81, 429.3, 342, 1007, 1506, 2271, 2800, 0
120.001998, 5.000994, 47193, 85, 422.8, 338, 992, 1502, 2270, 2800, 0
121.005065, 1.003067, 8876, 82, 404.8, 328, 935, 1357, 1823, 2419, 0
