elapsed, window, n, min, mean, median, 95th, 99th, 99_9th, max, errors
5.000544, 5.000544, 5, 920, 1564.0, 1126, 3482, 3482, 3482, 3482, 0
10.001547, 5.001003, 0, 0, 0, 0, 0, 0, 0, 0, 0
15.001493, 4.999946, 5, 1003, 2624.2, 1029, 8956, 8956, 8956, 8956, 0
20.001499, 5.000006, 10, 870, 4011.4, 1110, 12501, 12501, 12501, 12501, 0
25.001549, 5.00005, 5, 932, 990.4, 1000, 1013, 1013, 1013, 1013, 0
30.001504, 4.999955, 0, 0, 0, 0, 0, 0, 0, 0, 0
35.001535, 5.000031, 15, 936, 1032.0, 1017, 1144, 1168, 1168, 1168, 0
40.001545, 5.00001, 0, 0, 0, 0, 0, 0, 0, 0, 0
45.001452, 4.999907, 0, 0, 0, 0, 0, 0, 0, 0, 0
50.001551, 5.000099, 5, 1003, 1116.4, 1124, 1185, 1185, 1185, 1185, 0
55.001523, 4.999972, 0, 0, 0, 0, 0, 0, 0, 0, 0
60.001451, 4.999928, 11, 912, 1576.1, 1025, 1283, 9160, 9160, 9160, 0
65.00145, 4.999999, 0, 0, 0, 0, 0, 0, 0, 0, 0
70.0015, 5.00005, 15, 930, 1053.9, 1032, 1144, 1434, 1434, 1434, 0
75.001366, 4.999866, 14, 918, 1029.9, 999, 1154, 1182, 1182, 1182, 0
80.001479, 5.000113, 11, 909, 1040.2, 1015, 1249, 1266, 1266, 1266, 0
85.001514, 5.000035, 0, 0, 0, 0, 0, 0, 0, 0, 0
90.001446, 4.999932, 5, 869, 991.2, 998, 1114, 1114, 1114, 1114, 0
95.001528, 5.000082, 5, 924, 2502.0, 1012, 8569, 8569, 8569, 8569, 0
100.001516, 4.999988, 0, 0, 0, 0, 0, 0, 0, 0, 0
105.001532, 5.000016, 12, 911, 1622.9, 1018, 1087, 8308, 8308, 8308, 0
110.001485, 4.999953, 8, 946, 4705.7, 1029, 13217, 13217, 13217, 13217, 0
115.001506, 5.000021, 15, 912, 1025.4, 1042, 1085, 1097, 1097, 1097, 0
120.001549, 5.000043, 15, 944, 3418.7, 1091, 12699, 14737, 14737, 14737, 0
121.004561, 1.003012, 0, 944, 3418.7, 1091, 12699, 14737, 14737, 14737, 0
