elapsed, window, n, min, mean, median, 95th, 99th, 99_9th, max, errors
5.000696, 5.000696, 23237, 163, 2614.7, 286, 6209, 6368, 11668, 11985, 0
10.001718, 5.001022, 23430, 164, 2606.1, 295, 6212, 6371, 11668, 12052, 0
15.001721, 5.000003, 23439, 163, 2594.8, 292, 6214, 6366, 11504, 11946, 0
20.001687, 4.999966, 23090, 164, 2616.7, 290, 6214, 6363, 11439, 11961, 0
25.001692, 5.000005, 23529, 166, 2596.9, 290, 6213, 6369, 11578, 11961, 0
30.001682, 4.99999, 23129, 164, 2620.3, 291, 6211, 6370, 11575, 12030, 0
35.001831, 5.000149, 22905, 164, 2638.8, 282, 6206, 6371, 11626, 11966, 0
40.001683, 4.999852, 23290, 165, 2624.8, 290, 6215, 6371, 11591, 11895, 0
45.001767, 5.000084, 22913, 167, 2632.3, 291, 6210, 6364, 11590, 11937, 0
50.001688, 4.999921, 23493, 165, 2607.9, 283, 6204, 6353, 11677, 12113, 0
55.001794, 5.000106, 23242, 167, 2603.0, 296, 6216, 6372, 11573, 12074, 0
60.001703, 4.999909, 23321, 165, 2592.8, 291, 6211, 6359, 11657, 12105, 0
65.001686, 4.999983, 23178, 166, 2611.7, 292, 6214, 6366, 11602, 11955, 0
70.001748, 5.000062, 23318, 166, 2604.3, 292, 6216, 6364, 11683, 11957, 0
75.001686, 4.999938, 23015, 161, 2626.2, 297, 6212, 6349, 11557, 11942, 0
80.001681, 4.999995, 22950, 160, 2608.8, 297, 6213, 6357, 11450, 12076, 0
85.001721, 5.00004, 22819, 164, 2610.4, 292, 6215, 6358, 11481, 11981, 0
90.001684, 4.999963, 23253, 163, 2586.9, 290, 6216, 6357, 11601, 11953, 0
95.001704, 5.00002, 22984, 166, 2614.5, 297, 6222, 6363, 11581, 11941, 0
100.00173, 5.000026, 23111, 161, 2616.0, 294, 6217, 6372, 11574, 11975, 0
105.00169, 4.99996, 23108, 164, 2604.3, 291, 6215, 6361, 11655, 12175, 0
110.001703, 5.000013, 23291, 168, 2600.3, 291, 6220, 6362, 11579, 12056, 0
115.001687, 4.999984, 23400, 169, 2599.2, 295, 6220, 6362, 11533, 11865, 0
120.001802, 5.000115, 23077, 165, 2638.0, 296, 6222, 6359, 11627, 11890, 0
121.001739, 0.999937, 4652, 167, 2643.4, 293, 6220, 6358, 11598, 11882, 0
