elapsed, window, n, min, mean, median, 95th, 99th, 99_9th, max, errors
5.001113, 5.001113, 40363, 0, 0.0, 0, 0, 0, 0, 0, 0
10.001033, 4.99992, 41909, 0, 0.0, 0, 0, 0, 0, 0, 0
15.001172, 5.000139, 42717, 0, 0.0, 0, 0, 0, 0, 0, 0
20.001012, 4.99984, 41777, 0, 0.0, 0, 0, 0, 0, 0, 0
25.001016, 5.000004, 41244, 0, 0.0, 0, 0, 0, 0, 0, 0
30.001007, 4.999991, 41748, 0, 0.0, 0, 0, 0, 0, 0, 0
35.001976, 5.000969, 42195, 0, 0.0, 0, 0, 0, 0, 0, 0
40.002042, 5.000066, 42047, 0, 0.0, 0, 0, 0, 0, 0, 0
45.00101, 4.998968, 41393, 0, 0.0, 0, 0, 0, 0, 0, 0
50.001999, 5.000989, 42648, 0, 0.0, 0, 0, 0, 0, 0, 0
55.002001, 5.000002, 41661, 0, 0.0, 0, 0, 0, 0, 0, 0
60.002026, 5.000025, 41731, 0, 0.0, 0, 0, 0, 0, 0, 0
65.001038, 4.999012, 41530, 0, 0.0, 0, 0, 0, 0, 0, 0
70.000976, 4.999938, 41493, 0, 0.0, 0, 0, 0, 0, 0, 0
75.002053, 5.001077, 42118, 0, 0.0, 0, 0, 0, 0, 0, 0
80.000992, 4.998939, 41025, 0, 0.0, 0, 0, 0, 0, 0, 0
85.001995, 5.001003, 41748, 0, 0.0, 0, 0, 0, 0, 0, 0
90.002, 5.000005, 42578, 0, 0.0, 0, 0, 0, 0, 0, 0
95.001981, 4.999981, 42460, 0, 0.0, 0, 0, 0, 0, 0, 0
100.002026, 5.000045, 41942, 0, 0.0, 0, 0, 0, 0, 0, 0
105.000977, 4.998951, 41902, 0, 0.0, 0, 0, 0, 0, 0, 0
110.001983, 5.001006, 41400, 0, 0.0, 0, 0, 0, 0, 0, 0
115.001984, 5.000001, 42532, 0, 0.0, 0, 0, 0, 0, 0, 0
120.001978, 4.999994, 41465, 0, 0.0, 0, 0, 0, 0, 0, 0
121.004082, 1.002104, 8226, 0, 0.0, 0, 0, 0, 0, 0, 0
