elapsed, window, n, min, mean, median, 95th, 99th, 99_9th, max, errors
5.000964, 5.000964, 460966, 316, 11844.0, 7848, 35218, 52181, 71370, 124491, 0
10.001988, 5.001024, 424211, 302, 11783.9, 7891, 33319, 48684, 64766, 107364, 0
15.002106, 5.000118, 426139, 354, 11755.0, 7841, 34735, 56710, 76270, 144138, 0
20.001069, 4.998963, 422539, 349, 11833.2, 7759, 35672, 54714, 74010, 144138, 0
25.000996, 4.999927, 425303, 311, 11763.7, 7805, 35097, 57486, 78781, 142275, 0
30.00197, 5.000974, 421594, 311, 11787.5, 7855, 35621, 53109, 72329, 124687, 0
35.001984, 5.000014, 425987, 338, 11825.4, 7870, 34519, 47534, 63965, 94084, 0
40.002013, 5.000029, 421118, 284, 11824.2, 8070, 33144, 46810, 62892, 105187, 0
45.000963, 4.99895, 419493, 322, 11832.3, 7566, 35024, 59645, 89148, 165978, 0
50.001961, 5.000998, 424408, 315, 11838.0, 7529, 34067, 64634, 95150, 182544, 0
55.002034, 5.000073, 419672, 274, 11857.0, 7898, 34362, 50036, 67876, 108217, 0
60.001037, 4.999003, 421720, 321, 11897.6, 8218, 34410, 55893, 76247, 134827, 0
65.001002, 4.999965, 419902, 376, 11922.5, 9108, 31548, 44173, 61117, 109015, 0
70.001966, 5.000964, 419384, 305, 11913.8, 9263, 31016, 42430, 57720, 92497, 0
75.001969, 5.000003, 411858, 359, 12025.3, 8712, 32924, 48543, 67266, 115881, 0
80.001962, 4.999993, 414091, 392, 12098.3, 8572, 33660, 47102, 67042, 122980, 0
85.001963, 5.000001, 416430, 332, 11994.3, 8601, 32913, 45266, 60507, 94375, 0
90.001998, 5.000035, 413668, 370, 12095.5, 8484, 35046, 48341, 65602, 106218, 0
95.001975, 4.999977, 416343, 321, 11999.9, 8830, 31897, 46381, 63144, 102837, 0
100.00197, 4.999995, 413712, 353, 12034.6, 8584, 32920, 45953, 64475, 122428, 0
105.001967, 4.999997, 420978, 310, 11973.2, 8635, 33019, 47360, 61944, 98885, 0
110.001996, 5.000029, 416639, 300, 12038.1, 8504, 32683, 48798, 66658, 128484, 0
115.002155, 5.000159, 415247, 313, 11916.8, 8855, 32458, 47463, 65205, 119606, 0
120.001075, 4.99892, 416536, 313, 12038.7, 8775, 33149, 49696, 68167, 119310, 0
121.02803, 1.026955, 86872, 460, 11969.6, 9164, 30892, 45805, 61234, 108170, 0
