elapsed, window, n, min, mean, median, 95th, 99th, 99_9th, max, errors
5.000722, 5.000722, 10409, 23057, 47946.0, 44605, 56558, 58987, 65979, 71709, 0
10.001733, 5.001011, 10379, 31767, 48081.1, 44578, 56523, 56745, 56998, 62652, 0
15.001668, 4.999935, 10366, 31746, 48226.3, 44598, 56533, 56742, 56976, 62594, 0
20.001671, 5.000003, 10385, 31788, 48112.1, 44575, 56508, 56729, 57039, 62742, 0
25.001671, 5.0, 10358, 31863, 48278.2, 44612, 56516, 56734, 57863, 67970, 0
30.00167, 4.999999, 10384, 31631, 48183.9, 44626, 56508, 56743, 57495, 62588, 0
35.001668, 4.999998, 10376, 31802, 48213.3, 44618, 56514, 56743, 57068, 62686, 0
40.001671, 5.000003, 10378, 31653, 48140.2, 44614, 56485, 56710, 56910, 68399, 0
45.00167, 4.999999, 10393, 31616, 48066.5, 44603, 56479, 56720, 57067, 68399, 0
50.001776, 5.000106, 10362, 31661, 48283.9, 44643, 56492, 56704, 56871, 62782, 0
55.001678, 4.999902, 10333, 31668, 48381.6, 44657, 56490, 56726, 56930, 62782, 0
60.001669, 4.999991, 10380, 31792, 48238.3, 44641, 56494, 56715, 56979, 62772, 0
65.001667, 4.999998, 10318, 31555, 48336.9, 44662, 56493, 56712, 56997, 62653, 0
70.00172, 5.000053, 10339, 31617, 48398.9, 44669, 56489, 56707, 56909, 68213, 0
75.001724, 5.000004, 10301, 31519, 48421.2, 44662, 56491, 56712, 57159, 62545, 0
80.001718, 4.999994, 10339, 31777, 48507.9, 44712, 56476, 56715, 57026, 67832, 0
85.001693, 4.999975, 10334, 31547, 48324.0, 44634, 56468, 56704, 56938, 62419, 0
90.001718, 5.000025, 10316, 31701, 48494.0, 44693, 56505, 56744, 61802, 62675, 0
95.00172, 5.000002, 10317, 31562, 48423.9, 44687, 56497, 56742, 57710, 62225, 0
100.001722, 5.000002, 10308, 31692, 48493.0, 44693, 56514, 56745, 58041, 74145, 0
105.001669, 4.999947, 10302, 31661, 48538.2, 44730, 56483, 56730, 61876, 68235, 0
110.001667, 4.999998, 10342, 31691, 48338.7, 44642, 56473, 56705, 56901, 61920, 0
115.001684, 5.000017, 10355, 31706, 48349.3, 44635, 56477, 56708, 57038, 67980, 0
120.001691, 5.000007, 10325, 31706, 48380.9, 44645, 56459, 56700, 57055, 62914, 0
121.003762, 1.002071, 2071, 31752, 48347.5, 44636, 56457, 56700, 56985, 62914, 0
