elapsed, window, total, successful, failed
5.000367, 5.000367, 114894, 114894, 0
10.001355, 5.000988, 112779, 112779, 0
15.001411, 5.000056, 112461, 112461, 0
20.001371, 4.99996, 112948, 112948, 0
25.001408, 5.000037, 113013, 113013, 0
30.001415, 5.000007, 112127, 112127, 0
35.001361, 4.999946, 111367, 111367, 0
40.001363, 5.000002, 111535, 111535, 0
45.001351, 4.999988, 109066, 109066, 0
50.001368, 5.000017, 109087, 109087, 0
55.001356, 4.999988, 110713, 110713, 0
60.00142, 5.000064, 110169, 110169, 0
65.001479, 5.000059, 109109, 109109, 0
70.001355, 4.999876, 109707, 109707, 0
75.001411, 5.000056, 109774, 109774, 0
80.001369, 4.999958, 110886, 110886, 0
85.00142, 5.000051, 109484, 109484, 0
90.001367, 4.999947, 107272, 107272, 0
95.001389, 5.000022, 106170, 106170, 0
100.001373, 4.999984, 109364, 109364, 0
105.001366, 4.999993, 108660, 108660, 0
110.001399, 5.000033, 108691, 108691, 0
115.00141, 5.000011, 106022, 106022, 0
120.001427, 5.000017, 107760, 107760, 0
121.002579, 1.001152, 22301, 22301, 0
