elapsed, window, total, successful, failed
5.001028, 5.001028, 259, 259, 0
10.000974, 4.999946, 256, 256, 0
15.00094, 4.999966, 273, 271, 2
20.001062, 5.000122, 277, 277, 0
25.000972, 4.99991, 280, 280, 0
30.002011, 5.001039, 278, 277, 1
35.001017, 4.999006, 269, 269, 0
40.002031, 5.001014, 276, 276, 0
45.00097, 4.998939, 266, 266, 0
50.001992, 5.001022, 268, 268, 0
55.001026, 4.999034, 286, 286, 0
60.000979, 4.999953, 278, 278, 0
65.000972, 4.999993, 257, 256, 1
70.001972, 5.001, 250, 250, 0
75.000984, 4.999012, 249, 249, 0
80.000967, 4.999983, 267, 266, 1
85.001028, 5.000061, 270, 270, 0
90.000982, 4.999954, 271, 271, 0
95.001967, 5.000985, 279, 279, 0
100.000968, 4.999001, 265, 265, 0
105.000965, 4.999997, 270, 270, 0
110.001966, 5.001001, 250, 250, 0
115.001991, 5.000025, 237, 237, 0
120.001964, 4.999973, 249, 248, 1
125.00097, 4.999006, 276, 276, 0
130.001964, 5.000994, 267, 267, 0
135.000973, 4.999009, 279, 278, 1
140.000969, 4.999996, 287, 286, 1
145.000968, 4.999999, 237, 237, 0
150.00197, 5.001002, 257, 257, 0
155.001958, 4.999988, 250, 250, 0
160.002053, 5.000095, 272, 271, 1
165.000969, 4.998916, 255, 255, 0
170.001964, 5.000995, 288, 286, 2
175.000963, 4.998999, 281, 281, 0
180.001967, 5.001004, 272, 272, 0
181.027047, 1.02508, 64, 64, 0
