elapsed, window, n, min, mean, median, 95th, 99th, 99_9th, max, errors
0.551569, 0.551569, 157, 6040, 189520.8, 177413, 382997, 422894, 512604, 512604, 5
