elapsed, window, total, successful, failed
5.000338, 5.000338, 27863, 27863, 0
10.001195, 5.000857, 27504, 27504, 0
15.00123, 5.000035, 26912, 26912, 0
20.001199, 4.999969, 26638, 26638, 0
25.001246, 5.000047, 27479, 27479, 0
30.001359, 5.000113, 27028, 27028, 0
35.001322, 4.999963, 26828, 26828, 0
40.001212, 4.99989, 26380, 26380, 0
45.001192, 4.99998, 26269, 26269, 0
50.001234, 5.000042, 25752, 25752, 0
55.00131, 5.000076, 25375, 25375, 0
60.001225, 4.999915, 25993, 25993, 0
65.001213, 4.999988, 25656, 25656, 0
70.001168, 4.999955, 25274, 25274, 0
75.001301, 5.000133, 25507, 25507, 0
80.00116, 4.999859, 24940, 24940, 0
85.001212, 5.000052, 24105, 24105, 0
90.001191, 4.999979, 24264, 24264, 0
95.001296, 5.000105, 23898, 23898, 0
100.001197, 4.999901, 23820, 23820, 0
105.001206, 5.000009, 24177, 24177, 0
110.001177, 4.999971, 24735, 24735, 0
115.001189, 5.000012, 23852, 23852, 0
120.001258, 5.000069, 23782, 23782, 0
125.001174, 4.999916, 23308, 23308, 0
130.001161, 4.999987, 24721, 24721, 0
135.001198, 5.000037, 24341, 24341, 0
140.001209, 5.000011, 23788, 23788, 0
145.001181, 4.999972, 24689, 24689, 0
150.001178, 4.999997, 24569, 24569, 0
155.001175, 4.999997, 24473, 24473, 0
160.001197, 5.000022, 25639, 25639, 0
165.001173, 4.999976, 26892, 26892, 0
170.001294, 5.000121, 30344, 30344, 0
175.001198, 4.999904, 30149, 30149, 0
180.001183, 4.999985, 31077, 31077, 0
181.003466, 1.002283, 6457, 6457, 0
