elapsed, window, n, min, mean, max, errors, median
5.00083, 5.00083,278507, 20054,26260.3, 212334,0,22288.5
10.002132, 5.001302,299116, 20098,24564.4, 187027,0,21888.3
15.001096, 4.998964,296192, 20004,24708, 177746,0,21953.1
20.000898, 4.999802,286796, 20164,25561.7, 235018,0,22178.7
25.001883, 5.000985,297788, 20104,24608.8, 184875,0,22075.3
30.001896, 5.000013,293877, 20176,24874.5, 184008,0,21986.9
35.001877, 4.999981,293412, 20159,25014.2, 195904,0,22023.5
40.001862, 4.999985,288349, 20174,25392.7, 249149,0,22042.6
45.001872, 5.00001,292082, 20173,25020, 204425,0,21980.7
50.001898, 5.000026,302919, 20171,24175.3, 170786,0,21915.5
55.001879, 4.999981,301069, 20143,24380.4, 184994,0,21849
60.001863, 4.999984,300036, 20121,24385.8, 158969,0,22019.1
65.00183, 4.999967,302343, 20172,24250.9, 162671,0,21965
70.001878, 5.000048,288657, 20169,25340.6, 213311,0,21999.7
75.001822, 4.999944,306713, 20167,23851.3, 144906,0,21937.4
80.00182, 4.999998,307976, 20166,23792.5, 164982,0,21884.8
85.001825, 5.000005,295969, 20168,24767.3, 224893,0,21961.9
90.001826, 5.000001,299553, 20052,24401.6, 154834,0,21921.5
95.001821, 4.999995,306724, 20173,23855.5, 149750,0,21945.9
100.001832, 5.000011,294723, 20169,24911.6, 188461,0,22089
105.001853, 5.000021,299701, 20169,24430.8, 188332,0,21951.2
110.001854, 5.000001,298729, 20174,24570, 168986,0,21915.6
115.001881, 5.000027,297652, 19983,24662.4, 219841,0,21960.1
120.001872, 4.999991,299719, 20173,24328.3, 244889,0,21979.8
121.005921, 1.004049,62515, 20166,24182.7, 244889,0,21986

