elapsed, window, total, successful, failed
5.000671, 5.000671, 138611, 138611, 0
10.001624, 5.000953, 134288, 134288, 0
15.001592, 4.999968, 133376, 133376, 0
20.001596, 5.000004, 134887, 134887, 0
25.00164, 5.000044, 133959, 133959, 0
30.001611, 4.999971, 132519, 132519, 0
35.001567, 4.999956, 133439, 133439, 0
40.001623, 5.000056, 129623, 129623, 0
45.001576, 4.999953, 134989, 134989, 0
50.001586, 5.00001, 132722, 132722, 0
55.001565, 4.999979, 132807, 132807, 0
60.001577, 5.000012, 132898, 132898, 0
65.00158, 5.000003, 134640, 134640, 0
70.001625, 5.000045, 133905, 133905, 0
75.001623, 4.999998, 131839, 131839, 0
80.001615, 4.999992, 132354, 132354, 0
85.001589, 4.999974, 131908, 131908, 0
90.001579, 4.99999, 131830, 131830, 0
95.001574, 4.999995, 131299, 131299, 0
100.001567, 4.999993, 131023, 131023, 0
105.001586, 5.000019, 128697, 128697, 0
110.0016, 5.000014, 129781, 129781, 0
115.001577, 4.999977, 130730, 130730, 0
120.001655, 5.000078, 128770, 128770, 0
121.003705, 1.00205, 25579, 25579, 0
