elapsed, window, total, successful, failed
5.000933, 5.000933, 26929, 26929, 0
10.001852, 5.000919, 26292, 26292, 0
15.001834, 4.999982, 26388, 26388, 0
20.001866, 5.000032, 26221, 26221, 0
25.001888, 5.000022, 25893, 25893, 0
30.00183, 4.999942, 26074, 26074, 0
35.001852, 5.000022, 26046, 26046, 0
40.001925, 5.000073, 26162, 26162, 0
45.001842, 4.999917, 25526, 25526, 0
50.001825, 4.999983, 26896, 26896, 0
55.001836, 5.000011, 27011, 27011, 0
60.001832, 4.999996, 26520, 26520, 0
65.001825, 4.999993, 26204, 26204, 0
70.001807, 4.999982, 26863, 26863, 0
75.001803, 4.999996, 26226, 26226, 0
80.00183, 5.000027, 25849, 25849, 0
85.001958, 5.000128, 26072, 26072, 0
90.001836, 4.999878, 26395, 26395, 0
95.001807, 4.999971, 26093, 26093, 0
100.001841, 5.000034, 26182, 26182, 0
105.001872, 5.000031, 26996, 26996, 0
110.001849, 4.999977, 25451, 25451, 0
115.001839, 4.99999, 27144, 27144, 0
120.001815, 4.999976, 26963, 26963, 0
125.001831, 5.000016, 26478, 26478, 0
130.001861, 5.00003, 26611, 26611, 0
135.001873, 5.000012, 26201, 26201, 0
140.001813, 4.99994, 26293, 26293, 0
145.00197, 5.000157, 26641, 26641, 0
150.001876, 4.999906, 26519, 26519, 0
155.001801, 4.999925, 26904, 26904, 0
160.001827, 5.000026, 26759, 26759, 0
165.001883, 5.000056, 26272, 26272, 0
170.001802, 4.999919, 26207, 26207, 0
175.0018, 4.999998, 26781, 26781, 0
180.002013, 5.000213, 26282, 26282, 0
181.003038, 1.001025, 5193, 5193, 0
