elapsed, window, n, min, mean, median, 95th, 99th, 99_9th, max, errors
5.000453, 5.000453, 45432, 0, 510.0, 0, 3623, 6347, 9618, 14855, 0
10.001456, 5.001003, 45494, 0, 531.5, 0, 3724, 6479, 9451, 15287, 0
15.00145, 4.999994, 45515, 0, 538.1, 0, 3705, 6587, 9630, 14725, 0
20.001454, 5.000004, 45444, 0, 547.2, 0, 3814, 6599, 9613, 15139, 0
25.001476, 5.000022, 45524, 0, 515.8, 0, 3624, 6422, 9527, 11909, 0
30.001521, 5.000045, 45551, 0, 551.9, 0, 3808, 6593, 9610, 13820, 0
35.001475, 4.999954, 45568, 0, 546.8, 0, 3785, 6518, 9521, 12675, 0
40.00145, 4.999975, 45552, 0, 547.6, 0, 3740, 6461, 9572, 14692, 0
45.001456, 5.000006, 45520, 0, 536.0, 0, 3705, 6417, 9216, 13144, 0
50.001452, 4.999996, 45518, 0, 542.3, 0, 3773, 6478, 9508, 13250, 0
55.001451, 4.999999, 45537, 0, 542.9, 0, 3784, 6543, 9648, 13046, 0
60.001572, 5.000121, 45564, 0, 532.5, 0, 3699, 6489, 9681, 12427, 0
65.001565, 4.999993, 45529, 0, 544.5, 0, 3734, 6504, 9591, 15769, 0
70.001451, 4.999886, 45623, 0, 525.8, 0, 3649, 6410, 9600, 13008, 0
75.001505, 5.000054, 45583, 0, 533.7, 0, 3666, 6422, 9715, 12937, 0
80.001507, 5.000002, 45539, 0, 541.2, 0, 3752, 6595, 9459, 12566, 0
85.00145, 4.999943, 45481, 0, 548.9, 0, 3828, 6515, 9622, 12936, 0
90.001462, 5.000012, 45557, 0, 537.8, 0, 3727, 6441, 9368, 14514, 0
95.001461, 4.999999, 45535, 0, 553.9, 0, 3799, 6432, 9748, 14514, 0
100.001525, 5.000064, 45554, 0, 549.2, 0, 3775, 6474, 9400, 14282, 0
105.00147, 4.999945, 45543, 0, 541.0, 0, 3744, 6443, 9306, 14282, 0
110.001499, 5.000029, 45511, 0, 530.7, 0, 3721, 6391, 9471, 14066, 0
115.001453, 4.999954, 45552, 0, 555.2, 0, 3817, 6354, 9244, 13406, 0
120.00145, 4.999997, 45475, 0, 552.5, 0, 3759, 6382, 9186, 13127, 0
121.004563, 1.003113, 9095, 0, 553.3, 0, 3749, 6405, 9299, 13127, 0
