elapsed, window, n, min, mean, median, 95th, 99th, 99_9th, max, errors
5.000073, 5.000073, 9870, 22504, 39010.9, 38429, 52991, 64668, 83653, 102606, 21509
10.001114, 5.001041, 13219, 22496, 39977.7, 39282, 54634, 64563, 82718, 102606, 17710
15.001075, 4.999961, 15777, 22268, 40305.9, 39224, 57877, 71399, 103531, 118038, 14934
20.001094, 5.000019, 16285, 22865, 40330.7, 39498, 56448, 68565, 90542, 100577, 14490
25.001078, 4.999984, 17858, 22596, 40485.5, 39154, 58891, 77969, 106032, 127604, 12666
30.001084, 5.000006, 19586, 22532, 40831.7, 39891, 57030, 69092, 86989, 109050, 10742
35.001172, 5.000088, 19580, 22946, 40987.6, 40168, 56218, 67815, 95317, 116322, 10698
40.001076, 4.999904, 20099, 22190, 41062.3, 40263, 56760, 67905, 97101, 116322, 10145
45.001077, 5.000001, 21256, 22759, 41366.4, 40225, 58214, 80841, 104647, 125609, 8707
50.001427, 5.00035, 21718, 22614, 41255.8, 40393, 57781, 69203, 86964, 103796, 8479
55.001089, 4.999662, 22895, 22824, 41417.4, 40233, 59594, 72262, 100205, 111060, 7019
60.001072, 4.999983, 22448, 22970, 41796.3, 40871, 58060, 70123, 85379, 104326, 7296
65.001138, 5.000066, 22840, 22563, 41929.8, 40670, 59084, 75564, 105656, 125169, 6823
70.001093, 4.999955, 23639, 22596, 42015.0, 40829, 58424, 75105, 97421, 118089, 5959
75.001082, 4.999989, 23814, 23018, 42530.9, 40563, 60986, 93295, 121801, 133406, 5310
80.001075, 4.999993, 22759, 22876, 42875.2, 41007, 61172, 88597, 128950, 147285, 6051
85.001112, 5.000037, 23372, 22876, 43049.9, 40884, 63282, 92448, 132772, 150842, 5529
90.001191, 5.000079, 23338, 22758, 42854.7, 41182, 61996, 80570, 98718, 118024, 5606
95.001082, 4.999891, 22923, 22974, 43061.9, 41166, 62439, 84340, 105928, 132203, 5902
100.00117, 5.000088, 22879, 23188, 43068.3, 40557, 62335, 101138, 187840, 204114, 5765
105.001074, 4.999904, 24106, 22748, 43112.3, 41532, 60737, 82296, 126262, 188511, 4724
110.001107, 5.000033, 25093, 23085, 43268.6, 41448, 63084, 82419, 105187, 131935, 3680
115.001113, 5.000006, 25810, 23189, 43172.4, 41328, 60309, 92268, 153716, 183307, 2937
120.001079, 4.999966, 24674, 22580, 43437.7, 41969, 61355, 75709, 107680, 135748, 3949
121.005137, 1.004058, 5042, 22580, 43587.9, 42007, 62249, 76997, 104522, 126136, 677
