elapsed, window, n, min, mean, median, 95th, 99th, 99_9th, max, errors
5.00014, 5.00014, 46288, 20643, 24100.8, 23062, 29338, 37548, 63721, 101040, 0
10.001141, 5.001001, 46694, 20552, 23721.1, 22938, 28727, 31504, 35064, 39963, 0
15.001164, 5.000023, 46578, 20571, 23764.2, 22978, 28729, 31701, 35728, 44597, 0
20.001381, 5.000217, 46561, 20622, 23803.0, 23040, 28688, 31578, 34949, 39557, 0
25.001156, 4.999775, 46610, 20547, 23784.2, 23001, 28687, 31546, 35209, 40072, 0
30.001139, 4.999983, 46589, 20623, 23786.5, 23041, 28597, 31525, 35468, 44043, 0
35.001136, 4.999997, 46589, 20647, 23802.5, 23036, 28677, 31658, 35057, 40016, 0
40.001134, 4.999998, 46493, 20593, 23831.0, 23065, 28685, 31645, 35171, 40168, 0
45.001159, 5.000025, 46581, 20600, 23842.9, 23088, 28726, 31518, 34839, 41946, 0
50.001213, 5.000054, 46494, 20582, 23834.9, 23074, 28744, 31725, 35507, 41231, 0
55.001206, 4.999993, 46481, 20626, 23872.0, 23116, 28827, 31789, 35348, 42788, 0
60.001155, 4.999949, 46402, 20578, 23848.1, 23089, 28770, 31722, 35275, 39937, 0
65.001134, 4.999979, 46467, 20613, 23877.0, 23119, 28831, 31801, 35269, 42449, 0
70.001138, 5.000004, 46474, 20633, 23826.8, 23074, 28684, 31511, 34771, 42449, 0
75.001166, 5.000028, 46435, 20597, 23869.7, 23135, 28735, 31544, 35112, 41117, 0
80.001208, 5.000042, 46211, 20582, 23929.8, 23183, 28870, 31855, 35280, 40483, 0
85.001156, 4.999948, 46311, 20687, 23956.4, 23225, 28887, 31785, 35326, 44066, 0
90.001432, 5.000276, 46324, 20591, 23931.4, 23164, 28874, 31893, 35518, 40366, 0
95.00114, 4.999708, 46162, 20647, 23955.7, 23194, 28939, 32019, 35505, 42664, 0
100.001168, 5.000028, 46231, 20645, 23969.4, 23218, 28906, 31889, 35785, 41189, 0
105.001153, 4.999985, 46189, 20602, 23955.3, 23210, 28890, 31957, 35465, 40344, 0
110.001163, 5.00001, 46157, 20551, 23975.5, 23225, 28952, 31872, 35688, 41983, 0
115.001169, 5.000006, 46240, 20611, 23937.5, 23189, 28851, 31801, 35145, 41983, 0
120.001141, 4.999972, 46255, 20601, 23935.7, 23190, 28881, 31879, 35074, 41757, 0
121.00423, 1.003089, 9231, 20577, 23942.7, 23195, 28870, 31885, 35188, 45062, 0
