elapsed, window, n, min, mean, median, 95th, 99th, 99_9th, max, errors
5.000166, 5.000166, 480545, 391, 11429.1, 8502, 29841, 49667, 70543, 128891, 0
10.001214, 5.001048, 439914, 386, 11487.3, 8125, 31864, 48979, 70045, 128891, 0
15.001182, 4.999968, 438717, 363, 11450.3, 8776, 29961, 44914, 58707, 99866, 0
20.00116, 4.999978, 436099, 356, 11425.4, 8794, 29325, 41559, 57433, 105235, 0
25.001158, 4.999998, 434825, 296, 11503.0, 7933, 32672, 47527, 64156, 107774, 0
30.001173, 5.000015, 437019, 354, 11407.8, 8234, 31660, 45758, 63692, 115984, 0
35.001188, 5.000015, 435853, 318, 11436.0, 8587, 30337, 45395, 61719, 107759, 0
40.001158, 4.99997, 439908, 340, 11389.8, 8648, 29439, 41802, 56611, 100512, 0
45.001195, 5.000037, 437755, 309, 11451.4, 9066, 28168, 40938, 62568, 117828, 0
50.001224, 5.000029, 434500, 364, 11454.4, 9359, 27212, 39703, 55861, 103422, 0
55.001186, 4.999962, 436922, 342, 11445.4, 8276, 31758, 44251, 59872, 94603, 0
60.001203, 5.000017, 434920, 363, 11476.2, 8266, 31502, 44237, 61167, 103379, 0
65.001167, 4.999964, 436619, 363, 11385.3, 8541, 30141, 42882, 59247, 103379, 0
70.001198, 5.000031, 426886, 324, 11599.8, 7776, 34421, 52199, 71617, 124337, 0
75.001207, 5.000009, 426498, 276, 11690.0, 7380, 35599, 50826, 68985, 121617, 0
80.001196, 4.999989, 423895, 303, 11782.3, 7192, 36094, 57705, 74916, 131343, 0
85.001226, 5.00003, 425540, 289, 11744.9, 7398, 35457, 51890, 73297, 140969, 0
90.001273, 5.000047, 425117, 319, 11747.5, 7202, 35360, 50118, 67606, 110640, 0
95.00117, 4.999897, 428060, 319, 11688.1, 7404, 34608, 52972, 97369, 191829, 0
100.001238, 5.000068, 426723, 303, 11724.6, 7446, 34780, 64417, 98569, 191829, 0
105.001161, 4.999923, 429610, 288, 11673.1, 7694, 34122, 51390, 69763, 126520, 0
110.001173, 5.000012, 424631, 317, 11724.5, 7796, 34537, 49558, 72809, 128105, 0
115.001312, 5.000139, 426351, 328, 11750.8, 7612, 34841, 53134, 73641, 129836, 0
120.001157, 4.999845, 425285, 261, 11707.4, 8187, 32738, 47203, 65117, 114317, 0
121.016242, 1.015085, 86769, 261, 11722.2, 8123, 32935, 48518, 67158, 117707, 0
