elapsed, window, n, min, mean, median, 95th, 99th, 99_9th, max, errors
5.000973, 5.000973, 46508, 1.0, 3.9, 3.0, 10.0, 16.0, 26.0, 69.0, 0
10.001899, 5.000926, 46655, 1.0, 3.9, 3.0, 10.0, 17.0, 29.0, 58.0, 0
15.001832, 4.999933, 46636, 1.0, 3.9, 3.0, 10.0, 17.0, 28.0, 84.0, 0
20.001825, 4.999993, 46703, 1.0, 3.9, 3.0, 10.0, 17.0, 29.0, 66.0, 0
25.001936, 5.000111, 46710, 1.0, 3.9, 3.0, 10.0, 17.0, 28.0, 62.0, 0
30.001877, 4.999941, 46701, 1.0, 4.0, 3.0, 10.0, 17.0, 30.0, 86.0, 0
35.002042, 5.000165, 46680, 1.0, 4.0, 3.0, 10.0, 17.0, 29.0, 148.0, 0
40.000843, 4.998801, 46719, 1.0, 4.0, 3.0, 10.0, 17.0, 28.0, 233.0, 0
45.002012, 5.001169, 46743, 1.0, 4.0, 3.0, 10.0, 17.0, 29.0, 78.0, 0
50.001877, 4.999865, 46648, 1.0, 4.0, 3.0, 10.0, 17.0, 28.0, 60.0, 0
55.00186, 4.999983, 46659, 1.0, 4.0, 3.0, 10.0, 17.0, 28.0, 114.0, 0
60.002005, 5.000145, 46725, 1.0, 4.0, 3.0, 10.0, 17.0, 28.0, 63.0, 0
65.001837, 4.999832, 46681, 1.0, 4.0, 3.0, 10.0, 17.0, 28.0, 48.0, 0
70.001838, 5.000001, 46772, 1.0, 3.9, 3.0, 10.0, 17.0, 27.0, 58.0, 0
75.002112, 5.000274, 46730, 1.0, 4.0, 3.0, 10.0, 17.0, 29.0, 49.0, 0
80.001078, 4.998966, 46715, 1.0, 4.0, 3.0, 10.0, 17.0, 29.0, 56.0, 0
85.000822, 4.999744, 46697, 1.0, 3.9, 3.0, 10.0, 17.0, 28.0, 74.0, 0
90.001846, 5.001024, 46765, 1.0, 4.0, 3.0, 10.0, 17.0, 28.0, 56.0, 0
95.001828, 4.999982, 46696, 1.0, 3.9, 3.0, 10.0, 17.0, 29.0, 50.0, 0
100.001913, 5.000085, 46713, 1.0, 4.0, 3.0, 10.0, 17.0, 29.0, 54.0, 0
105.001888, 4.999975, 46796, 1.0, 4.0, 3.0, 10.0, 17.0, 28.0, 48.0, 0
110.001874, 4.999986, 46766, 1.0, 3.9, 3.0, 10.0, 17.0, 28.0, 63.0, 0
115.001842, 4.999968, 46730, 1.0, 3.9, 3.0, 10.0, 17.0, 29.0, 63.0, 0
120.001828, 4.999986, 46774, 1.0, 4.0, 3.0, 10.0, 16.0, 28.0, 64.0, 0
121.002888, 1.00106, 9342, 1.0, 4.0, 3.0, 10.0, 16.0, 28.0, 50.0, 0
