elapsed, window, n, min, mean, median, 95th, 99th, 99_9th, max, errors
5.0008, 5.0008, 8814, 1456, 3693.4, 2630, 10237, 13402, 17400, 21390, 0
10.001863, 5.001063, 8502, 1508, 3695.7, 2692, 10188, 13020, 16166, 21321, 0
15.001784, 4.999921, 8361, 1480, 3756.9, 2712, 10289, 13308, 16606, 21284, 0
20.001916, 5.000132, 8391, 1415, 3698.6, 2676, 10237, 13056, 17318, 21400, 0
25.0019, 4.999984, 8163, 1439, 3781.8, 2685, 10166, 13180, 18026, 224936, 0
30.001801, 4.999901, 7059, 1363, 3796.6, 2705, 10195, 12997, 16692, 833771, 0
35.001777, 4.999976, 7184, 1351, 4008.2, 2727, 10373, 13311, 17803, 752949, 0
40.001864, 5.000087, 7132, 1391, 3821.6, 2704, 10251, 13284, 21855, 709191, 0
45.001821, 4.999957, 5983, 1497, 4944.1, 2655, 10177, 13528, 22802, 1537052, 0
50.001915, 5.000094, 7060, 1445, 3671.1, 2655, 10154, 13224, 16178, 18070, 0
55.001882, 4.999967, 6117, 1337, 5482.7, 2624, 10339, 13115, 733060, 1661207, 0
60.001757, 4.999875, 5992, 1418, 6067.2, 2635, 10331, 13487, 1454723, 1530835, 0
65.001787, 5.00003, 4567, 1413, 5576.4, 2570, 10088, 13083, 17701, 2389726, 0
70.001914, 5.000127, 8092, 1424, 3592.9, 2575, 10150, 12906, 16060, 24796, 0
75.001764, 4.99985, 6588, 1474, 4651.0, 2618, 10243, 12882, 18277, 1595891, 0
80.001883, 5.000119, 4817, 1400, 6565.6, 2633, 9988, 12966, 1484896, 1566788, 0
85.001916, 5.000033, 4896, 1434, 4889.4, 2634, 10280, 13016, 21005, 1590316, 0
90.001952, 5.000036, 7237, 1407, 3960.4, 2624, 10283, 13226, 17195, 742388, 0
95.001827, 4.999875, 6881, 1392, 4875.6, 2688, 10302, 13176, 21992, 1620905, 0
100.001801, 4.999974, 5898, 1426, 4489.9, 2676, 10252, 13037, 16727, 1585221, 0
105.001754, 4.999953, 6204, 1316, 4957.8, 2646, 10349, 13621, 662624, 762428, 0
110.001811, 5.000057, 5916, 1398, 5236.5, 2660, 10155, 13096, 22830, 1587976, 0
115.00176, 4.999949, 8086, 1425, 3750.4, 2670, 10303, 13377, 17815, 23777, 0
120.001759, 4.999999, 4675, 1456, 5807.3, 2665, 10290, 13575, 16599, 2499183, 0
121.004008, 1.002249, 1692, 1456, 5269.2, 2665, 10369, 13266, 16792, 2499183, 0
