elapsed, window, total, successful, failed
5.000621, 5.000621, 164021, 164021, 0
10.001617, 5.000996, 155305, 155305, 0
15.001603, 4.999986, 149074, 149074, 0
20.001603, 5.0, 155837, 155837, 0
25.001632, 5.000029, 149041, 149041, 0
30.001631, 4.999999, 151794, 151794, 0
35.001618, 4.999987, 146664, 146664, 0
40.001604, 4.999986, 153371, 153371, 0
45.001619, 5.000015, 144437, 144437, 0
50.001609, 4.99999, 152099, 152099, 0
55.001774, 5.000165, 143871, 143871, 0
60.001658, 4.999884, 153709, 153709, 0
65.001784, 5.000126, 144541, 144541, 0
70.001623, 4.999839, 150004, 150004, 0
75.001603, 4.99998, 146454, 146454, 0
80.001601, 4.999998, 152416, 152416, 0
85.001612, 5.000011, 147079, 147079, 0
90.001664, 5.000052, 154120, 154120, 0
95.001637, 4.999973, 139859, 139859, 0
100.001604, 4.999967, 150283, 150283, 0
105.001617, 5.000013, 147306, 147306, 0
110.001637, 5.00002, 152302, 152302, 0
115.001634, 4.999997, 145568, 145568, 0
120.001612, 4.999978, 151582, 151582, 0
121.004748, 1.003136, 27806, 27806, 0
