elapsed, window, n, min, mean, median, 95th, 99th, 99_9th, max, errors
5.000621, 5.000621, 16378, 735, 8329.6, 3922, 11790, 132886, 354461, 867853, 0
10.001617, 5.000996, 15391, 715, 8567.8, 3954, 11684, 144246, 328575, 568696, 0
15.001603, 4.999986, 14852, 677, 8965.5, 4346, 12082, 155475, 309631, 426381, 0
20.001603, 5.0, 15752, 758, 8528.1, 3914, 11995, 146269, 303961, 518539, 0
25.001632, 5.000029, 14773, 794, 8960.5, 4398, 12254, 154822, 303881, 458223, 0
30.001631, 4.999999, 15078, 749, 8782.2, 3910, 12316, 161682, 363384, 580500, 0
35.001618, 4.999987, 14788, 732, 9369.2, 4412, 12594, 156968, 392706, 545658, 0
40.001604, 4.999986, 15212, 694, 8667.7, 4023, 11350, 163340, 312769, 483501, 0
45.001619, 5.000015, 14479, 737, 8958.3, 4384, 12015, 145611, 370845, 570752, 0
50.001609, 4.99999, 15209, 695, 8963.8, 3902, 11533, 158840, 434491, 604010, 0
55.001774, 5.000165, 14428, 768, 9841.2, 4249, 12337, 178573, 487147, 680815, 0
60.001658, 4.999884, 15309, 676, 8921.0, 4040, 12262, 154460, 374767, 476314, 0
65.001784, 5.000126, 14530, 742, 9405.5, 4245, 12997, 152819, 474185, 696544, 0
70.001623, 4.999839, 15239, 689, 9109.1, 4005, 11837, 165601, 397171, 606132, 0
75.001603, 4.99998, 14755, 679, 9041.2, 4357, 12241, 157482, 350373, 465138, 0
80.001601, 4.999998, 15420, 764, 8712.6, 3968, 11331, 162366, 378079, 556480, 0
85.001612, 5.000011, 15001, 723, 8967.5, 4417, 12079, 153975, 301206, 577409, 0
90.001664, 5.000052, 15329, 757, 8751.5, 3958, 11575, 155386, 333876, 527848, 0
95.001637, 4.999973, 14132, 714, 9759.7, 4386, 13250, 162179, 450630, 655634, 0
100.001604, 4.999967, 15020, 791, 8963.8, 4059, 11634, 152033, 366979, 750395, 0
105.001617, 5.000013, 14615, 753, 9467.1, 4545, 12161, 156527, 362224, 470820, 0
110.001637, 5.00002, 15187, 779, 8973.2, 4040, 11884, 151112, 431863, 660111, 0
115.001634, 4.999997, 14348, 682, 9059.8, 4458, 12001, 157076, 343198, 594801, 0
120.001612, 4.999978, 15452, 780, 8952.7, 4008, 11715, 155740, 446561, 592419, 0
121.004748, 1.003136, 2805, 790, 9323.4, 4035, 12264, 162884, 462138, 592419, 0
