elapsed, window, n, min, mean, median, 95th, 99th, 99_9th, max, errors
5.000522, 5.000522, 52755, 4, 11.9, 10, 23, 37, 73, 466, 0
10.001529, 5.001007, 54813, 5, 12.0, 10, 23, 37, 72, 219, 0
15.001544, 5.000015, 55263, 5, 12.0, 10, 23, 37, 73, 274, 0
20.001599, 5.000055, 54992, 5, 12.0, 10, 23, 37, 75, 205, 0
25.00153, 4.999931, 55296, 4, 12.0, 10, 23, 37, 69, 353, 0
30.001536, 5.000006, 54960, 5, 12.0, 10, 23, 36, 67, 425, 0
35.00158, 5.000044, 54321, 5, 12.0, 10, 23, 38, 73, 628, 0
40.001528, 4.999948, 54845, 5, 12.0, 10, 23, 37, 76, 158, 0
45.001628, 5.0001, 54390, 4, 11.9, 10, 23, 36, 68, 172, 0
50.001675, 5.000047, 53530, 5, 11.9, 10, 23, 37, 74, 279, 0
55.001535, 4.99986, 55252, 5, 12.0, 10, 23, 38, 67, 130, 0
60.001553, 5.000018, 54707, 5, 12.0, 10, 23, 37, 73, 321, 0
65.001528, 4.999975, 53784, 5, 11.9, 10, 23, 37, 71, 205, 0
70.001553, 5.000025, 54118, 5, 12.0, 10, 23, 37, 72, 290, 0
75.001567, 5.000014, 55304, 5, 12.0, 10, 23, 37, 72, 124, 0
80.001531, 4.999964, 55506, 5, 12.0, 10, 23, 37, 67, 174, 0
85.001576, 5.000045, 55861, 5, 12.0, 10, 23, 37, 73, 189, 0
90.001531, 4.999955, 55137, 5, 12.0, 10, 23, 37, 72, 275, 0
95.001582, 5.000051, 55027, 5, 12.0, 10, 23, 37, 68, 292, 0
100.001577, 4.999995, 54398, 5, 11.9, 10, 23, 37, 65, 277, 0
105.001525, 4.999948, 55601, 5, 11.9, 10, 23, 36, 72, 529, 0
110.001549, 5.000024, 54142, 5, 11.9, 10, 23, 36, 68, 227, 0
115.001521, 4.999972, 54381, 5, 11.9, 10, 23, 37, 74, 355, 0
120.001917, 5.000396, 54839, 5, 11.9, 10, 23, 37, 71, 522, 0
121.005774, 1.003857, 11095, 5, 11.9, 10, 23, 37, 71, 234, 0
