elapsed, window, total, successful, failed
5.000453, 5.000453, 34424, 34424, 0
10.001459, 5.001006, 34160, 34160, 0
15.001447, 4.999988, 33842, 33842, 0
20.001438, 4.999991, 34061, 34061, 0
25.001598, 5.00016, 33899, 33899, 0
30.001437, 4.999839, 34116, 34116, 0
35.001535, 5.000098, 34539, 34539, 0
40.001443, 4.999908, 34043, 34043, 0
45.001418, 4.999975, 34419, 34419, 0
50.001456, 5.000038, 34822, 34822, 0
55.001457, 5.000001, 34405, 34405, 0
60.001458, 5.000001, 34313, 34313, 0
65.001431, 4.999973, 34041, 34041, 0
70.001449, 5.000018, 34379, 34379, 0
75.001468, 5.000019, 34640, 34640, 0
80.001431, 4.999963, 34156, 34156, 0
85.001441, 5.00001, 34194, 34194, 0
90.001408, 4.999967, 33976, 33976, 0
95.001465, 5.000057, 33983, 33983, 0
100.001558, 5.000093, 34026, 34026, 0
105.001461, 4.999903, 34143, 34143, 0
110.001434, 4.999973, 34061, 34061, 0
115.001424, 4.99999, 33872, 33872, 0
120.001417, 4.999993, 34240, 34240, 0
121.002712, 1.001295, 6894, 6894, 0
