elapsed, window, n, min, mean, median, 95th, 99th, 99_9th, max, errors
5.000185, 5.000185, 2582, 727, 6928.8, 2479, 29802, 59755, 74307, 112821, 0
10.001159, 5.000974, 2155, 707, 9523.0, 2338, 27437, 145320, 564319, 928661, 0
15.001238, 5.000079, 1196, 701, 32167.1, 1940, 54835, 928661, 1502722, 1586684, 0
20.00122, 4.999982, 446, 712, 104083.1, 2690, 530592, 2516215, 4559182, 4559182, 0
25.001192, 4.999972, 116, 775, 376297.8, 1624, 2431591, 6359039, 9899301, 9899301, 0
30.001211, 5.000019, 474, 705, 371265.4, 2392, 2365293, 8975251, 13542055, 13542055, 0
35.001178, 4.999967, 121, 705, 296330.8, 2354, 2312465, 6971084, 10364118, 10364118, 0
40.001227, 5.000049, 44, 856, 653482.4, 1977, 3939738, 9964217, 9964217, 9964217, 0
45.001153, 4.999926, 121, 788, 974876.0, 3081, 6161386, 10520205, 15260121, 15260121, 0
50.001223, 5.00007, 151, 771, 311836.2, 1579, 1540318, 9453212, 9699262, 9699262, 0
55.00118, 4.999957, 42, 792, 56259.8, 1330, 5064, 2330548, 2330548, 2330548, 0
60.00117, 4.99999, 22, 876, 3385876.5, 3277, 19159394, 23253826, 23253826, 23253826, 0
65.001228, 5.000058, 80, 800, 416521.9, 1765, 2852704, 4250174, 19159394, 19159394, 0
70.001261, 5.000033, 53, 727, 1291086.7, 3313, 5077565, 13130272, 14224443, 14224443, 0
75.001223, 4.999962, 23, 953, 935307.1, 3428, 7674730, 8500874, 8500874, 8500874, 0
80.001273, 5.00005, 0, 0, 0, 0, 0, 0, 0, 0, 0
85.001239, 4.999966, 71, 839, 1900896.6, 2136, 13664119, 15645871, 18582019, 18582019, 0
90.001194, 4.999955, 5, 979, 3486678.8, 4209, 8735308, 8735308, 8735308, 8735308, 0
95.001266, 5.000072, 0, 0, 0, 0, 0, 0, 0, 0, 0
100.001251, 4.999985, 0, 0, 0, 0, 0, 0, 0, 0, 0
105.001186, 4.999935, 103, 780, 3077199.1, 2779, 25744763, 35049007, 36083596, 36083596, 0
110.001172, 4.999986, 97, 792, 1154610.5, 2797, 5435951, 21257292, 28888382, 28888382, 0
115.001211, 5.000039, 10, 792, 2057.7, 1167, 3988, 5114, 5114, 5114, 0
120.001203, 4.999992, 0, 0, 0, 0, 0, 0, 0, 0, 0
125.001225, 5.000022, 0, 0, 0, 0, 0, 0, 0, 0, 0
130.001231, 5.000006, 0, 0, 0, 0, 0, 0, 0, 0, 0
135.001221, 4.99999, 0, 0, 0, 0, 0, 0, 0, 0, 0
139.719979, 4.718758, 0, 0, 0, 0, 0, 0, 0, 0, 10
