elapsed, window, total, successful, failed
5.000406, 5.000406, 5500, 5500, 0
10.001391, 5.000985, 5500, 5500, 0
15.001381, 4.99999, 5492, 5492, 0
20.001384, 5.000003, 3308, 3308, 0
25.001383, 4.999999, 720, 720, 0
30.001378, 4.999995, 5469, 5469, 0
35.001403, 5.000025, 3949, 3949, 0
40.001316, 4.999913, 5465, 5465, 0
45.00134, 5.000024, 5474, 5474, 0
50.001384, 5.000044, 4835, 4835, 0
55.001389, 5.000005, 4608, 4608, 0
60.001311, 4.999922, 5491, 5491, 0
65.001389, 5.000078, 5485, 5485, 0
70.001391, 5.000002, 5488, 5488, 0
75.001383, 4.999992, 5495, 5495, 0
80.001412, 5.000029, 5384, 5384, 0
85.00138, 4.999968, 5494, 5494, 0
90.001397, 5.000017, 5484, 5484, 0
95.001377, 4.99998, 3605, 3605, 0
100.001327, 4.99995, 3692, 3692, 0
105.001306, 4.999979, 1804, 1804, 0
110.00138, 5.000074, 2296, 2296, 0
115.001393, 5.000013, 5490, 5490, 0
120.001385, 4.999992, 5483, 5483, 0
125.00139, 5.000005, 5455, 5455, 0
130.001408, 5.000018, 5338, 5338, 0
135.001387, 4.999979, 5429, 5429, 0
140.001343, 4.999956, 5491, 5491, 0
145.001379, 5.000036, 5409, 5409, 0
150.001378, 4.999999, 5488, 5488, 0
155.001398, 5.00002, 5399, 5399, 0
160.001403, 5.000005, 5500, 5500, 0
165.001435, 5.000032, 5450, 5450, 0
170.001337, 4.999902, 5333, 5333, 0
175.001338, 5.000001, 5428, 5428, 0
180.00131, 4.999972, 5353, 5353, 0
185.00134, 5.00003, 5400, 5400, 0
190.001388, 5.000048, 5401, 5401, 0
195.001378, 4.99999, 5380, 5380, 0
200.001411, 5.000033, 5497, 5497, 0
205.001391, 4.99998, 5497, 5497, 0
210.001305, 4.999914, 5497, 5497, 0
215.001391, 5.000086, 5386, 5386, 0
220.001391, 5.0, 5418, 5418, 0
225.001374, 4.999983, 5484, 5484, 0
230.001388, 5.000014, 5297, 5297, 0
235.001315, 4.999927, 5440, 5440, 0
240.001318, 5.000003, 5407, 5407, 0
245.001386, 5.000068, 5384, 5384, 0
250.001317, 4.999931, 5437, 5437, 0
255.001339, 5.000022, 4546, 4546, 0
260.001391, 5.000052, 4388, 4388, 0
265.00139, 4.999999, 5468, 5468, 0
270.001376, 4.999986, 5368, 5368, 0
275.001378, 5.000002, 5448, 5448, 0
280.001364, 4.999986, 5358, 5358, 0
285.00141, 5.000046, 5458, 5458, 0
290.001382, 4.999972, 5465, 5465, 0
295.001395, 5.000013, 5408, 5408, 0
300.001362, 4.999967, 5437, 5437, 0
301.04456, 1.043198, 1125, 1125, 0
