elapsed, window, n, min, mean, max, errors, median
5.001106, 5.001106,286277, 848,2609.16, 21723,0,1363.72
10.001107, 5.000001,289131, 841,2573.5, 21827,0,1348.84
15.000987, 4.99988,285896, 855,2590.96, 22604,0,1351.79
20.002091, 5.001104,286919, 853,2592.82, 22604,0,1342.66
25.001037, 4.998946,286501, 844,2583.32, 22405,0,1336.76
30.000987, 4.99995,286774, 789,2580.89, 22617,0,1339.96
35.002161, 5.001174,284757, 849,2598.71, 21516,0,1346.73
40.001086, 4.998925,283357, 842,2601.34, 25879,0,1345.32
45.001243, 5.000157,286813, 842,2584.8, 23370,0,1356.18
50.00104, 4.999797,283550, 867,2610.64, 23974,0,1355.88
55.001041, 5.000001,281939, 866,2621.08, 26870,0,1347.77
60.001228, 5.000187,283945, 843,2613.63, 23199,0,1346.2
65.001027, 4.999799,283369, 869,2620.03, 22271,0,1349.95
70.000987, 4.99996,280690, 858,2636.49, 30046,0,1358.17
75.002025, 5.001038,279099, 878,2645.13, 30405,0,1353.33
80.001015, 4.99899,279758, 866,2642.21, 30405,0,1354.49
85.002016, 5.001001,278656, 852,2652.35, 28820,0,1344.03
90.002014, 4.999998,277129, 862,2663.22, 23035,0,1345.44
95.001987, 4.999973,276227, 850,2675.06, 23035,0,1341.59
100.001993, 5.000006,278474, 868,2662.4, 23003,0,1344.45
105.001982, 4.999989,277151, 856,2672.69, 23711,0,1354.45
110.00203, 5.000048,273733, 878,2700.34, 32738,0,1353.36
115.001985, 4.999955,274673, 870,2697.71, 32738,0,1363.95
120.001983, 4.999998,276828, 867,2682.97, 30316,0,1363.83
121.005116, 1.003133,55446, 867,2674.79, 30316,0,1357.59

