elapsed, window, n, min, mean, median, 95th, 99th, 99_9th, max, errors
5.000638, 5.000638, 45, 91406, 92259.4, 92079, 94618, 95213, 95213, 95213, 0
10.001651, 5.001013, 105, 90908, 92338.7, 91882, 95274, 98591, 99876, 99876, 0
15.001637, 4.999986, 150, 91334, 99237.4, 91956, 160648, 165667, 165722, 165722, 0
20.001653, 5.000016, 90, 91204, 92377.9, 91910, 95626, 96071, 99990, 99990, 0
25.001648, 4.999995, 75, 91263, 106199.9, 92045, 164085, 165130, 168142, 168142, 0
30.001588, 4.99994, 75, 91371, 121120.6, 93005, 167729, 169203, 171291, 171291, 0
35.001657, 5.000069, 90, 91123, 103693.4, 91976, 162613, 165274, 165971, 165971, 0
40.001505, 4.999848, 45, 91334, 92248.7, 91878, 95705, 97308, 97308, 97308, 0
45.001632, 5.000127, 90, 91266, 115883.1, 92281, 166158, 167044, 169942, 169942, 0
50.00155, 4.999918, 120, 90960, 99850.4, 91850, 155403, 159207, 159523, 159523, 0
55.001511, 4.999961, 45, 91230, 116386.5, 92063, 172562, 173325, 173325, 173325, 0
60.001666, 5.000155, 86, 91225, 103128.8, 92082, 153438, 157657, 158482, 158482, 0
65.001593, 4.999927, 79, 91224, 103850.5, 92033, 154762, 161663, 163996, 163996, 0
70.001634, 5.000041, 135, 91110, 107982.3, 92100, 165414, 166499, 169445, 169445, 0
75.001651, 5.000017, 30, 91076, 92248.1, 91963, 95168, 96023, 96023, 96023, 0
80.001594, 4.999943, 30, 91349, 123483.0, 92602, 166791, 168063, 168063, 168063, 0
85.001645, 5.000051, 60, 91041, 91938.9, 91805, 92914, 93428, 95481, 95481, 0
90.001636, 4.999991, 60, 91238, 110280.3, 91986, 168734, 169111, 175132, 175132, 0
95.001647, 5.000011, 30, 91567, 125333.9, 93860, 167150, 167443, 167443, 167443, 0
100.001645, 4.999998, 61, 91347, 92216.1, 91903, 93771, 96919, 97102, 97102, 0
105.001684, 5.000039, 110, 91093, 120996.7, 92724, 167261, 169240, 169294, 169294, 0
110.001588, 4.999904, 84, 91067, 92209.8, 91862, 94989, 97997, 98189, 98189, 0
115.001639, 5.000051, 135, 91144, 100082.2, 91916, 161481, 167305, 167822, 167822, 0
120.001655, 5.000016, 50, 91059, 92075.9, 91766, 93946, 97433, 97433, 97433, 0
121.004729, 1.003074, 17, 91059, 92229.6, 91794, 95437, 97012, 97433, 97433, 0
