elapsed, window, n, min, mean, median, 95th, 99th, 99_9th, max, errors
5.000197, 5.000197, 400, 88761, 94046.6, 90852, 110367, 135851, 149616, 149616, 0
10.001202, 5.001005, 300, 88776, 90867.0, 89871, 96820, 101254, 105934, 105934, 0
15.001149, 4.999947, 250, 88771, 90049.1, 89521, 93162, 97687, 99526, 99526, 0
20.001196, 5.000047, 418, 88783, 96213.8, 90239, 101762, 289933, 367153, 367153, 0
25.0012, 5.000004, 319, 88791, 105197.4, 90955, 216896, 349496, 378619, 378619, 0
30.001196, 4.999996, 263, 88755, 102996.1, 91233, 115332, 388794, 406910, 406910, 0
35.00115, 4.999954, 261, 88791, 109154.5, 91751, 179587, 368043, 404155, 404155, 0
40.001184, 5.000034, 345, 88778, 94312.3, 90308, 104431, 122287, 375629, 375629, 0
45.001178, 4.999994, 502, 88738, 90164.1, 89610, 93070, 96613, 100617, 103882, 0
50.001185, 5.000007, 331, 88755, 89862.8, 89380, 92287, 93259, 96436, 96436, 0
55.001199, 5.000014, 306, 88773, 91189.0, 89688, 98893, 111165, 128307, 128307, 0
60.001155, 4.999956, 373, 88769, 91294.6, 90042, 96968, 109877, 127028, 127028, 0
65.001184, 5.000029, 294, 88769, 91447.8, 90205, 99058, 109888, 129212, 129212, 0
70.001141, 4.999957, 487, 88803, 95054.4, 90551, 112198, 144092, 252840, 273385, 0
75.001182, 5.000041, 374, 88776, 97689.5, 91192, 120422, 144092, 339338, 339338, 0
80.001178, 4.999996, 310, 88792, 90517.8, 89990, 94886, 98847, 100623, 100623, 0
85.001202, 5.000024, 480, 88743, 90242.8, 89421, 94594, 97156, 99628, 102834, 0
90.001198, 4.999996, 450, 88771, 89789.3, 89233, 92063, 95714, 97040, 99848, 0
95.001163, 4.999965, 374, 88772, 90496.0, 89392, 96385, 101655, 105231, 105231, 0
100.00136, 5.000197, 444, 88732, 90188.5, 89561, 93510, 98341, 101655, 104990, 0
105.001152, 4.999792, 256, 88776, 90969.2, 89898, 97151, 102272, 109557, 109557, 0
110.001147, 4.999995, 465, 88763, 96525.6, 90887, 113244, 195092, 304108, 317769, 0
115.00116, 5.000013, 415, 88802, 92955.2, 90341, 105950, 119406, 158759, 158759, 0
120.001177, 5.000017, 451, 88773, 91895.7, 90088, 102289, 112769, 120102, 123973, 0
121.002231, 1.001054, 93, 88773, 92998.0, 90330, 107403, 120102, 149257, 149257, 0
