elapsed, window, n, min, mean, median, 95th, 99th, 99_9th, max, errors
5.000197, 5.000197, 50, 587, 945.8, 905, 1429, 1638, 1638, 1638, 0
10.001202, 5.001005, 150, 543, 870.0, 850, 1170, 1293, 1294, 1294, 0
15.001149, 4.999947, 500, 485, 833.2, 818, 1133, 1308, 1912, 1912, 0
20.001196, 5.000047, 250, 519, 849.0, 818, 1159, 1812, 1895, 1895, 0
25.0012, 5.000004, 221, 530, 833.2, 806, 1128, 1486, 1895, 1895, 0
30.001196, 4.999996, 81, 551, 897.5, 829, 1382, 1932, 2592, 2592, 0
35.00115, 4.999954, 196, 511, 867.1, 824, 1475, 2023, 2765, 2765, 0
40.001184, 5.000034, 156, 518, 811.8, 798, 1058, 1235, 1361, 1361, 0
45.001178, 4.999994, 146, 530, 817.2, 788, 1134, 1236, 1416, 1416, 0
50.001185, 5.000007, 188, 510, 843.7, 819, 1167, 1326, 1692, 1692, 0
55.001199, 5.000014, 208, 544, 843.8, 824, 1117, 1326, 1773, 1773, 0
60.001155, 4.999956, 112, 540, 844.3, 826, 1117, 1432, 1988, 1988, 0
65.001184, 5.000029, 144, 516, 845.3, 823, 1133, 1354, 1432, 1432, 0
70.001141, 4.999957, 98, 495, 868.0, 848, 1159, 1353, 1454, 1454, 0
75.001182, 5.000041, 204, 527, 882.7, 845, 1237, 1602, 4940, 4940, 0
80.001178, 4.999996, 210, 518, 858.3, 839, 1244, 1450, 2214, 2214, 0
85.001202, 5.000024, 136, 551, 870.3, 851, 1186, 1519, 1594, 1594, 0
90.001198, 4.999996, 119, 521, 862.6, 817, 1151, 1585, 1649, 1649, 0
95.001163, 4.999965, 189, 562, 806.2, 792, 1042, 1187, 1202, 1202, 0
100.00136, 5.000197, 191, 485, 821.8, 814, 1068, 1346, 1614, 1614, 0
105.001152, 4.999792, 244, 531, 832.6, 823, 1120, 1420, 1806, 1806, 0
110.001147, 4.999995, 260, 526, 865.1, 842, 1183, 1544, 2252, 2252, 0
115.00116, 5.000013, 183, 522, 854.7, 819, 1249, 1575, 2121, 2121, 0
120.001177, 5.000017, 362, 517, 844.0, 819, 1156, 1324, 1506, 1506, 0
121.002231, 1.001054, 61, 517, 850.7, 820, 1168, 1326, 1518, 1518, 0
