elapsed, window, total, successful, failed
5.000972, 5.000972, 79319, 79319, 0
10.001934, 5.000962, 78369, 78369, 0
15.001967, 5.000033, 80157, 80157, 0
20.001968, 5.000001, 87327, 87327, 0
25.002045, 5.000077, 100591, 100591, 0
30.00121, 4.999165, 99707, 99707, 0
35.001207, 4.999997, 98023, 98023, 0
40.001051, 4.999844, 100299, 100299, 0
45.000914, 4.999863, 97501, 97501, 0
50.001929, 5.001015, 95048, 95048, 0
55.001978, 5.000049, 93805, 93805, 0
60.001936, 4.999958, 98757, 98757, 0
65.001982, 5.000046, 100443, 100443, 0
70.001985, 5.000003, 98540, 98540, 0
75.001957, 4.999972, 100082, 100082, 0
80.002076, 5.000119, 101716, 101716, 0
85.000918, 4.998842, 102871, 102871, 0
90.00195, 5.001032, 103124, 103124, 0
95.001973, 5.000023, 100036, 100036, 0
100.001918, 4.999945, 100130, 100130, 0
105.00204, 5.000122, 96482, 96482, 0
110.001039, 4.998999, 97474, 97474, 0
115.00106, 5.000021, 100861, 100861, 0
120.000918, 4.999858, 100811, 100811, 0
121.011646, 1.010728, 18599, 18599, 0
