elapsed, window, n, min, mean, median, 95th, 99th, 99_9th, max, errors
5.001222, 5.001222, 7, 176473, 256041.7, 247140, 379818, 379818, 379818, 379818, 378
10.001241, 5.000019, 52, 152374, 256728.9, 252560, 345219, 389613, 436987, 436987, 318
15.001138, 4.999897, 72, 152504, 254518.4, 251472, 345454, 375338, 392899, 392899, 320
20.001122, 4.999984, 82, 153057, 259618.9, 251203, 347587, 380474, 384332, 384332, 284
25.001172, 5.00005, 92, 152379, 245373.1, 246761, 302546, 331771, 352307, 352307, 269
30.00118, 5.000008, 108, 152343, 252264.8, 253113, 344684, 426692, 437138, 437138, 251
35.001103, 4.999923, 97, 152438, 255802.8, 251210, 350420, 381178, 384515, 384515, 259
40.001181, 5.000078, 104, 151786, 262918.7, 254379, 348250, 372773, 376634, 376634, 245
45.00114, 4.999959, 131, 151627, 252973.9, 253647, 318187, 338906, 380851, 380851, 266
50.001116, 4.999976, 124, 151591, 260263.0, 257274, 344627, 367766, 370501, 370501, 239
55.00111, 4.999994, 116, 152397, 247839.0, 250723, 329645, 344219, 361697, 361697, 256
60.001163, 5.000053, 122, 152439, 259133.9, 253137, 325507, 353100, 416482, 416482, 255
65.001098, 4.999935, 137, 152425, 251597.6, 253359, 314542, 355140, 360477, 360477, 243
70.001147, 5.000049, 140, 152514, 249101.7, 252967, 302335, 341843, 344642, 344642, 252
75.001129, 4.999982, 125, 151382, 253065.9, 253507, 329004, 376216, 382606, 382606, 241
80.001163, 5.000034, 136, 152185, 259300.5, 258045, 309505, 350255, 361810, 361810, 232
85.001199, 5.000036, 129, 151969, 272635.1, 260114, 399843, 488565, 550146, 550146, 254
90.001257, 5.000058, 150, 152347, 256565.2, 254084, 319370, 478884, 567312, 567312, 219
95.001168, 4.999911, 165, 151961, 256816.1, 256809, 309816, 358219, 429102, 429102, 224
100.001193, 5.000025, 146, 152233, 250854.7, 252287, 305753, 314191, 426100, 426100, 202
105.001168, 4.999975, 175, 152518, 254338.1, 252899, 306834, 348261, 356889, 356889, 195
110.001161, 4.999993, 176, 152270, 254685.1, 251462, 314982, 367242, 379886, 379886, 194
115.001125, 4.999964, 176, 152743, 249250.6, 249949, 325898, 351412, 375062, 375062, 205
120.001161, 5.000036, 178, 152253, 249206.5, 249046, 303351, 346839, 377210, 377210, 227
121.006327, 1.005166, 46, 151648, 247810.8, 247844, 302576, 356885, 377210, 377210, 32
