elapsed, window, n, min, mean, median, 95th, 99th, 99_9th, max, errors
5.001317, 5.001317, 1775477, 66, 935.6, 837, 1767, 4054, 9231, 23384, 0
10.001077, 4.99976, 1238399, 68, 972.0, 854, 1906, 4349, 10563, 42360, 0
15.001006, 4.999929, 1295285, 69, 967.7, 834, 1956, 4618, 10180, 45816, 0
20.002269, 5.001263, 1261207, 70, 967.9, 838, 1925, 4554, 10592, 53637, 0
25.001171, 4.998902, 1274454, 66, 969.1, 851, 1886, 4377, 10063, 40497, 0
30.001272, 5.000101, 1292513, 65, 965.6, 836, 1915, 4535, 10705, 49643, 0
35.001262, 4.99999, 1274369, 71, 966.2, 823, 1910, 4829, 12682, 56538, 0
40.003616, 5.002354, 1279796, 67, 972.1, 842, 1870, 4516, 12181, 58603, 0
45.00129, 4.997674, 1240463, 67, 968.8, 851, 1874, 4340, 10330, 34656, 0
50.001181, 4.999891, 1261523, 70, 975.5, 848, 1910, 4533, 10919, 29826, 0
55.001339, 5.000158, 1260004, 68, 976.3, 841, 1952, 4692, 10904, 37386, 0
60.001179, 4.99984, 1265210, 63, 965.8, 803, 1968, 5261, 12402, 50201, 0
65.001176, 4.999997, 1312780, 65, 966.5, 841, 1856, 4560, 11914, 59241, 0
70.001266, 5.00009, 1236045, 64, 970.8, 856, 1911, 4173, 10485, 37717, 0
75.001152, 4.999886, 1297633, 70, 971.8, 862, 1854, 4183, 9864, 54547, 0
80.001382, 5.00023, 1275452, 62, 966.4, 844, 1855, 4424, 10721, 69055, 0
85.001521, 5.000139, 1271895, 64, 965.6, 843, 1859, 4549, 10566, 38782, 0
90.00112, 4.999599, 1237916, 59, 965.5, 820, 1901, 4987, 12224, 37430, 0
95.001235, 5.000115, 1278733, 59, 967.6, 835, 1870, 4636, 11615, 73109, 0
100.001141, 4.999906, 1315831, 73, 970.1, 848, 1864, 4570, 10166, 65056, 0
105.001143, 5.000002, 1260669, 68, 968.2, 849, 1869, 4367, 11257, 55524, 0
110.001094, 4.999951, 1274808, 59, 966.2, 846, 1857, 4267, 10659, 62655, 0
115.001636, 5.000542, 1249660, 64, 968.4, 821, 1905, 5063, 12536, 76404, 0
120.001465, 4.999829, 1273668, 67, 968.7, 847, 1870, 4490, 10606, 63755, 0
121.869492, 1.868027, 418312, 69, 976.3, 856, 1895, 4301, 10778, 40126, 0
