elapsed, window, n, min, mean, median, 95th, 99th, 99_9th, max, errors
5.001121, 5.001121, 0, 0, 0, 0, 0, 0, 0, 0, 0
10.001159, 5.000038, 300, 980, 1467.4, 1340, 2186, 3232, 3624, 3624, 0
15.001119, 4.99996, 0, 0, 0, 0, 0, 0, 0, 0, 0
20.001021, 4.999902, 0, 0, 0, 0, 0, 0, 0, 0, 0
25.001202, 5.000181, 0, 0, 0, 0, 0, 0, 0, 0, 0
30.001079, 4.999877, 0, 0, 0, 0, 0, 0, 0, 0, 0
35.001119, 5.00004, 0, 0, 0, 0, 0, 0, 0, 0, 0
40.001125, 5.000006, 0, 0, 0, 0, 0, 0, 0, 0, 0
45.001039, 4.999914, 300, 937, 1277.3, 1196, 1852, 2235, 3343, 3343, 0
50.001199, 5.00016, 0, 0, 0, 0, 0, 0, 0, 0, 0
55.001197, 4.999998, 0, 0, 0, 0, 0, 0, 0, 0, 0
60.001124, 4.999927, 0, 0, 0, 0, 0, 0, 0, 0, 0
65.001102, 4.999978, 300, 879, 1314.5, 1248, 1808, 1956, 2878, 2878, 0
70.001118, 5.000016, 600, 912, 1439.3, 1321, 2200, 3311, 4582, 4709, 0
75.001143, 5.000025, 0, 0, 0, 0, 0, 0, 0, 0, 0
80.001069, 4.999926, 300, 881, 1290.5, 1215, 1658, 3051, 3918, 3918, 0
85.001075, 5.000006, 0, 0, 0, 0, 0, 0, 0, 0, 0
90.001128, 5.000053, 0, 0, 0, 0, 0, 0, 0, 0, 0
95.001177, 5.000049, 0, 0, 0, 0, 0, 0, 0, 0, 0
100.001126, 4.999949, 0, 0, 0, 0, 0, 0, 0, 0, 0
105.001023, 4.999897, 0, 0, 0, 0, 0, 0, 0, 0, 0
110.001123, 5.0001, 300, 966, 1301.7, 1226, 1747, 2033, 2226, 2226, 0
115.001129, 5.000006, 0, 0, 0, 0, 0, 0, 0, 0, 0
120.000992, 4.999863, 735, 913, 216990.0, 1364, 1299984, 1394712, 1437762, 1445732, 0
121.010257, 1.009265, 165, 913, 180449.4, 1367, 1240729, 1392548, 1437762, 1445732, 0
