elapsed, window, total, successful, failed
5.000803, 5.000803, 462505, 462505, 0
10.001834, 5.001031, 420416, 420416, 0
15.001814, 4.99998, 415020, 415020, 0
20.001815, 5.000001, 421016, 421016, 0
25.002007, 5.000192, 419949, 419949, 0
30.001834, 4.999827, 424157, 424157, 0
35.001895, 5.000061, 425952, 425952, 0
40.001811, 4.999916, 429629, 429629, 0
45.001817, 5.000006, 428006, 428006, 0
50.001819, 5.000002, 433077, 433077, 0
55.001815, 4.999996, 424321, 424321, 0
60.001804, 4.999989, 430453, 430453, 0
65.0018, 4.999996, 434837, 434837, 0
70.001852, 5.000052, 431108, 431108, 0
75.001902, 5.00005, 429563, 429563, 0
80.001848, 4.999946, 430424, 430424, 0
85.001821, 4.999973, 428720, 428720, 0
90.001806, 4.999985, 427985, 427985, 0
95.001837, 5.000031, 430520, 430520, 0
100.001818, 4.999981, 433837, 433837, 0
105.001858, 5.00004, 426688, 426688, 0
110.001825, 4.999967, 435462, 435462, 0
115.001808, 4.999983, 429556, 429556, 0
120.001856, 5.000048, 433363, 433363, 0
121.023957, 1.022101, 87081, 87081, 0
