elapsed, window, total, successful, failed
5.000219, 5.000219, 549371, 549371, 0
10.001223, 5.001004, 491732, 491732, 0
15.001254, 5.000031, 495533, 495533, 0
20.001559, 5.000305, 492480, 492480, 0
25.001241, 4.999682, 493338, 493338, 0
30.001338, 5.000097, 488464, 488464, 0
35.001274, 4.999936, 490693, 490693, 0
40.00123, 4.999956, 494164, 494164, 0
45.001306, 5.000076, 491570, 491570, 0
50.001303, 4.999997, 496254, 496254, 0
55.001256, 4.999953, 491499, 491499, 0
60.001237, 4.999981, 490314, 490314, 0
65.001323, 5.000086, 490774, 490774, 0
70.001229, 4.999906, 485735, 485735, 0
75.001329, 5.0001, 496420, 496420, 0
80.00132, 4.999991, 520191, 520191, 0
85.001346, 5.000026, 546639, 546639, 0
90.001303, 4.999957, 537217, 537217, 0
95.001259, 4.999956, 535011, 535011, 0
100.001271, 5.000012, 533142, 533142, 0
105.001394, 5.000123, 542601, 542601, 0
110.001262, 4.999868, 533110, 533110, 0
115.001289, 5.000027, 540293, 540293, 0
120.001305, 5.000016, 536825, 536825, 0
121.023244, 1.021939, 24698, 24698, 0
