elapsed, window, total, successful, failed
5.001225, 5.001225, 934, 929, 5
10.001231, 5.000006, 290, 290, 0
15.001249, 5.000018, 494, 494, 0
20.00127, 5.000021, 358, 358, 0
25.001229, 4.999959, 560, 559, 1
30.001245, 5.000016, 351, 351, 0
35.001159, 4.999914, 501, 501, 0
40.001116, 4.999957, 397, 396, 1
45.001266, 5.00015, 369, 368, 1
50.001176, 4.99991, 491, 490, 1
55.00117, 4.999994, 407, 406, 1
60.001208, 5.000038, 461, 460, 1
65.001209, 5.000001, 437, 437, 0
70.001225, 5.000016, 431, 429, 2
75.001209, 4.999984, 484, 483, 1
80.001162, 4.999953, 402, 402, 0
85.001171, 5.000009, 482, 482, 0
90.001208, 5.000037, 409, 407, 2
95.001156, 4.999948, 435, 435, 0
100.001165, 5.000009, 421, 420, 1
105.001191, 5.000026, 420, 420, 0
110.001225, 5.000034, 468, 466, 2
115.001168, 4.999943, 401, 401, 0
120.001194, 5.000026, 459, 457, 2
125.001239, 5.000045, 397, 396, 1
130.001219, 4.99998, 438, 437, 1
135.001159, 4.99994, 477, 477, 0
140.001165, 5.000006, 428, 427, 1
145.001232, 5.000067, 449, 449, 0
150.00121, 4.999978, 411, 410, 1
155.001157, 4.999947, 451, 451, 0
160.001206, 5.000049, 436, 435, 1
165.001164, 4.999958, 440, 440, 0
170.001204, 5.00004, 440, 440, 0
175.001204, 5.0, 420, 419, 1
180.001166, 4.999962, 440, 440, 0
185.001161, 4.999995, 430, 430, 0
190.001207, 5.000046, 416, 415, 1
195.001213, 5.000006, 449, 448, 1
200.001161, 4.999948, 424, 423, 1
205.001249, 5.000088, 430, 430, 0
210.001159, 4.99991, 433, 432, 1
215.001211, 5.000052, 432, 432, 0
220.001159, 4.999948, 449, 449, 0
225.001212, 5.000053, 418, 418, 0
230.00121, 4.999998, 432, 432, 0
235.001194, 4.999984, 430, 427, 3
240.001205, 5.000011, 444, 441, 3
245.001164, 4.999959, 442, 442, 0
250.001166, 5.000002, 450, 450, 0
255.00121, 5.000044, 417, 417, 0
260.001213, 5.000003, 428, 428, 0
265.001168, 4.999955, 450, 449, 1
270.001159, 4.999991, 440, 440, 0
275.001163, 5.000004, 427, 427, 0
280.001163, 5.0, 440, 439, 1
285.001212, 5.000049, 416, 416, 0
290.001097, 4.999885, 432, 432, 0
295.001162, 5.000065, 446, 445, 1
300.001157, 4.999995, 438, 438, 0
301.031346, 1.030189, 84, 84, 0
