elapsed, window, n, min, mean, median, 95th, 99th, 99_9th, max, errors
5.000229, 5.000229, 91083, 359, 6907.2, 2589, 26400, 106669, 215359, 391479, 0
10.001236, 5.001007, 89555, 383, 6954.5, 2550, 20996, 118683, 248090, 517788, 0
15.001249, 5.000013, 91643, 378, 6811.0, 2491, 23039, 111053, 261058, 436398, 0
20.00126, 5.000011, 90912, 380, 6860.1, 2534, 16223, 117205, 282271, 600352, 0
25.001255, 4.999995, 92240, 382, 6763.6, 2480, 16125, 114378, 295039, 600352, 0
30.001234, 4.999979, 91564, 377, 6771.2, 2516, 18390, 114775, 261840, 557767, 0
35.001256, 5.000022, 90462, 358, 6904.9, 2521, 21596, 112793, 282739, 604585, 0
40.001295, 5.000039, 91079, 372, 6853.2, 2518, 22040, 112624, 270278, 458866, 0
45.00123, 4.999935, 89126, 383, 6986.1, 2580, 22335, 114650, 265174, 397654, 0
50.001319, 5.000089, 90017, 355, 6935.5, 2575, 22305, 110932, 266447, 483531, 0
55.001246, 4.999927, 87768, 374, 7054.1, 2560, 20197, 124044, 243211, 421884, 0
60.001256, 5.00001, 86472, 353, 7216.4, 2566, 15284, 127838, 330095, 473500, 0
65.001233, 4.999977, 85971, 375, 7262.3, 2609, 15934, 127939, 308486, 731917, 0
70.001263, 5.00003, 83539, 371, 7482.6, 2667, 28249, 116259, 270711, 731917, 0
75.001274, 5.000011, 85241, 368, 7347.2, 2650, 31186, 110515, 236701, 417616, 0
80.001235, 4.999961, 84622, 366, 7367.7, 2627, 20670, 126100, 314186, 538925, 0
85.001308, 5.000073, 83738, 364, 7429.6, 2633, 17029, 129254, 324810, 555130, 0
90.001321, 5.000013, 85378, 366, 7338.0, 2603, 15606, 131296, 296171, 545116, 0
95.001294, 4.999973, 85338, 370, 7314.2, 2628, 15214, 136840, 278291, 406977, 0
100.001255, 4.999961, 83564, 368, 7491.7, 2717, 29038, 116878, 265494, 554137, 0
105.001293, 5.000038, 82384, 376, 7533.9, 2686, 28642, 121908, 252465, 439850, 0
110.001258, 4.999965, 83567, 372, 7437.8, 2707, 26771, 116792, 285029, 502873, 0
115.001279, 5.000021, 82185, 371, 7592.8, 2722, 24639, 122235, 315251, 574203, 0
120.00124, 4.999961, 83032, 376, 7506.0, 2665, 19776, 131519, 298927, 743651, 0
121.003293, 1.002053, 17318, 376, 7524.4, 2653, 16979, 136865, 315931, 743651, 0
