elapsed, window, n, min, mean, max, errors, median
5.000315, 5.000315,3892834, 265,11288, 139435,0, 6920
10.001372, 5.001057,3557276, 280,11343.1, 158485,0, 7018
15.001394, 5.000022,3545512, 286,11298.4, 159572,0, 6747
20.001353, 4.999959,3537059, 254,11303.9, 192240,0, 6502
25.001382, 5.000029,3532478, 287,11300.4, 171861,0, 6668
30.001318, 4.999936,3535238, 266,11300.8, 177234,0, 6886
35.001527, 5.000209,3533814, 274,11294.6, 143888,0, 7040
40.001322, 4.999795,3534723, 282,11310.9, 149491,0, 6952
45.001307, 4.999985,3531602, 287,11313.8, 137950,0, 6866
50.001328, 5.000021,3527760, 248,11316.3, 143925,0, 7280
55.001336, 5.000008,3527106, 289,11344.1, 132390,0, 6801
60.001317, 4.999981,3535674, 243,11318, 146419,0, 6915
65.001456, 5.000139,3526453, 275,11319, 121235,0, 7205
70.001357, 4.999901,3537260, 287,11311.6, 121653,0, 7304
75.001393, 5.000036,3511536, 291,11344.4, 143687,0, 7321
80.00132, 4.999927,3500409, 291,11409, 156741,0, 7425
85.001425, 5.000105,3513900, 295,11383.1, 147619,0, 7630
90.001382, 4.999957,3511645, 281,11387.1, 147619,0, 7920
95.001339, 4.999957,3513198, 278,11391.1, 135210,0, 8102
100.001373, 5.000034,3510468, 284,11384.8, 160965,0, 8059
105.001319, 4.999946,3508223, 288,11404.6, 160965,0, 7869
110.001348, 5.000029,3517151, 295,11381.8, 128630,0, 8572
115.001415, 5.000067,3512525, 294,11372.1, 120570,0, 8953
120.00131, 4.999895,3519687, 294,11357, 130276,0, 9206
121.016404, 1.015094,717610, 294,11358.3, 130276,0, 9218

