elapsed, window, n, min, mean, median, 95th, 99th, 99_9th, max, errors
5.00068, 5.00068, 61, 91835, 210804.9, 217773, 276243, 298058, 309280, 309280, 482
10.001655, 5.000975, 122, 91842, 212276.0, 216488, 284641, 300130, 302793, 302793, 426
15.001688, 5.000033, 143, 91702, 216902.6, 224668, 277740, 290108, 376435, 376435, 375
20.001669, 4.999981, 175, 92107, 224958.6, 233148, 292448, 326761, 376435, 376435, 366
25.001622, 4.999953, 174, 92088, 231435.1, 228626, 326761, 345975, 371673, 371673, 286
30.001569, 4.999947, 219, 91876, 224644.6, 221186, 292276, 317232, 410365, 410365, 286
35.001628, 5.000059, 224, 91533, 221837.3, 220679, 281416, 295508, 299698, 299698, 268
40.001603, 4.999975, 240, 91686, 223385.5, 228115, 281490, 298763, 308532, 308532, 294
45.001608, 5.000005, 282, 91640, 224131.7, 223969, 287557, 312204, 368027, 368027, 226
50.001544, 4.999936, 273, 92157, 226538.0, 220235, 295212, 327692, 358814, 358814, 224
55.001555, 5.000011, 300, 91451, 218043.9, 215432, 284853, 309624, 336884, 336884, 244
60.00162, 5.000065, 308, 91786, 225651.9, 227659, 281233, 302891, 320345, 320345, 198
65.00161, 4.99999, 286, 91943, 222841.2, 223067, 290293, 318241, 332832, 332832, 217
70.001604, 4.999994, 307, 92089, 225224.4, 227518, 286713, 301699, 315003, 315003, 188
75.001617, 5.000013, 336, 92025, 219282.6, 219517, 270007, 300616, 318863, 318863, 204
80.001615, 4.999998, 333, 91938, 224327.3, 224802, 292861, 308686, 358879, 358879, 209
85.001601, 4.999986, 300, 92185, 231628.0, 233545, 296262, 311148, 320718, 320718, 192
90.001608, 5.000007, 332, 91676, 236456.7, 216603, 406949, 497233, 529745, 529745, 150
95.001583, 4.999975, 337, 92334, 230829.8, 229767, 284552, 309622, 314868, 314868, 162
100.001666, 5.000083, 341, 91954, 235417.4, 232091, 301154, 323281, 334739, 334739, 159
105.001602, 4.999936, 353, 91866, 226644.9, 226774, 290740, 310171, 323486, 323486, 182
110.001578, 4.999976, 333, 92509, 233841.4, 232331, 298569, 309686, 320384, 320384, 128
115.001601, 5.000023, 345, 91762, 224915.1, 222004, 286334, 306601, 316903, 316903, 172
120.001553, 4.999952, 361, 92087, 223628.5, 218411, 278585, 303530, 313996, 313996, 173
121.007694, 1.006141, 73, 92087, 219919.1, 215966, 272949, 303530, 313965, 313965, 23
