elapsed, window, n, min, mean, median, 95th, 99th, 99_9th, max, errors
5.000589, 5.000589, 66387, 21155, 26618.1, 26285, 31636, 34572, 40040, 48371, 0
10.001594, 5.001005, 65875, 21120, 26531.4, 26262, 31257, 33992, 37886, 47007, 0
15.001597, 5.000003, 65865, 21130, 26500.3, 26264, 31145, 33437, 36347, 40921, 0
20.00162, 5.000023, 65259, 21130, 26738.1, 26491, 31655, 34296, 38466, 43036, 0
25.001719, 5.000099, 65709, 21028, 26639.1, 26456, 31300, 33550, 36181, 39774, 0
30.001606, 4.999887, 65534, 21067, 26647.5, 26448, 31371, 33643, 36462, 39780, 0
35.001595, 4.999989, 65624, 21185, 26662.8, 26455, 31470, 33695, 36445, 41426, 0
40.001722, 5.000127, 65686, 21054, 26598.4, 26377, 31271, 33670, 37037, 44061, 0
45.001593, 4.999871, 65788, 21018, 26587.9, 26382, 31229, 33409, 36061, 41238, 0
50.00162, 5.000027, 65844, 21030, 26583.8, 26373, 31279, 33565, 36245, 40412, 0
55.001668, 5.000048, 65869, 21106, 26575.2, 26345, 31253, 33710, 37508, 43028, 0
60.001599, 4.999931, 65948, 21062, 26574.9, 26333, 31262, 33774, 37487, 43028, 0
65.00162, 5.000021, 65761, 21129, 26545.8, 26311, 31188, 33461, 36668, 44295, 0
70.001608, 4.999988, 65584, 21011, 26647.0, 26433, 31359, 33833, 37233, 42550, 0
75.0016, 4.999992, 64740, 21011, 26988.4, 26759, 32170, 34603, 37890, 42550, 0
80.001607, 5.000007, 64725, 21164, 27029.4, 26820, 32182, 34581, 37145, 41821, 0
85.001645, 5.000038, 64694, 21132, 27019.7, 26813, 32090, 34357, 37039, 41743, 0
90.001603, 4.999958, 64515, 21101, 27084.2, 26870, 32314, 34506, 37235, 42958, 0
95.001603, 5.0, 64681, 21118, 27064.4, 26877, 32203, 34459, 37344, 41079, 0
100.001592, 4.999989, 64479, 20892, 27118.5, 26917, 32371, 34693, 37621, 42285, 0
105.001622, 5.00003, 64442, 20935, 27122.9, 26880, 32442, 34963, 39204, 52788, 0
110.001705, 5.000083, 64700, 21096, 27049.0, 26890, 32083, 34275, 36969, 40242, 0
115.001621, 4.999916, 64746, 21158, 27017.2, 26832, 32124, 34526, 37472, 44412, 0
120.001598, 4.999977, 64712, 21040, 27014.9, 26882, 32032, 34262, 36810, 40902, 0
121.005706, 1.004108, 13015, 21040, 27005.8, 26852, 32043, 34304, 36907, 43581, 0
