elapsed, window, total, successful, failed
5.000942, 5.000942, 90975, 90975, 0
10.002138, 5.001196, 88576, 88576, 0
15.000916, 4.998778, 78219, 78219, 0
20.001915, 5.000999, 81304, 81304, 0
25.001932, 5.000017, 82724, 82724, 0
30.001915, 4.999983, 85340, 85340, 0
35.001966, 5.000051, 86459, 86459, 0
40.001911, 4.999945, 90472, 90472, 0
45.001954, 5.000043, 84626, 84626, 0
50.001917, 4.999963, 89222, 89222, 0
55.002061, 5.000144, 88818, 88818, 0
60.000943, 4.998882, 88503, 88503, 0
65.001925, 5.000982, 86652, 86652, 0
70.00191, 4.999985, 93549, 93549, 0
75.001986, 5.000076, 95622, 95622, 0
80.001915, 4.999929, 84423, 84423, 0
85.001943, 5.000028, 87285, 87285, 0
90.001939, 4.999996, 83549, 83549, 0
95.001927, 4.999988, 87610, 87610, 0
100.001956, 5.000029, 88347, 88347, 0
105.002086, 5.00013, 86261, 86261, 0
110.000945, 4.998859, 84503, 84503, 0
115.001933, 5.000988, 82280, 82280, 0
120.001931, 4.999998, 92323, 92323, 0
121.002024, 1.000093, 16315, 16315, 0
