elapsed, window, n, min, mean, median, 95th, 99th, 99_9th, max, errors
5.001009, 5.001009, 889, 1453, 21672.5, 3233, 135502, 165837, 188388, 190999, 0
10.002137, 5.001128, 749, 1359, 33333.9, 3137, 128759, 155381, 163290, 171678, 0
15.001083, 4.998946, 753, 1500, 32961.8, 3322, 127683, 153448, 169644, 171678, 0
20.001042, 4.999959, 740, 1310, 28519.5, 3103, 119192, 141850, 155704, 180928, 0
25.001079, 5.000037, 702, 1311, 33705.6, 3392, 137639, 157269, 182650, 188328, 0
30.001015, 4.999936, 770, 1392, 28642.9, 3101, 117465, 133894, 148721, 153526, 0
35.002081, 5.001066, 725, 1427, 34001.2, 3570, 136015, 155421, 170304, 170631, 0
40.001006, 4.998925, 735, 1420, 33005.1, 3422, 131042, 157063, 183706, 203517, 0
45.002042, 5.001036, 706, 1438, 36619.4, 4531, 115394, 284488, 371731, 379027, 0
50.001043, 4.999001, 601, 1372, 38966.5, 5087, 144520, 334929, 461458, 496186, 0
55.001059, 5.000016, 766, 1513, 32806.8, 4483, 121231, 145675, 164396, 176552, 0
60.001008, 4.999949, 761, 1401, 32270.7, 3673, 121337, 139723, 154391, 155445, 0
65.002038, 5.00103, 737, 1523, 30479.1, 3095, 116206, 143415, 158599, 164091, 0
70.001103, 4.999065, 746, 1473, 31508.8, 3418, 120299, 155998, 164091, 172820, 0
75.001048, 4.999945, 770, 1473, 30505.2, 3233, 117209, 141867, 164248, 167497, 0
80.001094, 5.000046, 741, 1412, 30269.2, 3075, 121255, 144812, 164248, 167497, 0
85.001139, 5.000045, 795, 1412, 31321.8, 3392, 116553, 129314, 153899, 170754, 0
90.001012, 4.999873, 714, 1308, 32952.4, 3963, 123875, 140299, 148361, 152242, 0
95.002159, 5.001147, 806, 1441, 30368.6, 3234, 123156, 139069, 157776, 163629, 0
100.001079, 4.99892, 735, 1455, 36233.0, 4053, 129946, 143147, 163629, 171596, 0
105.001048, 4.999969, 747, 1371, 31797.4, 3464, 114342, 126409, 136389, 139188, 0
110.001059, 5.000011, 721, 1286, 32053.3, 3505, 121656, 153450, 167183, 169644, 0
115.00103, 4.999971, 793, 1493, 27859.3, 2831, 108789, 116722, 126673, 128989, 0
120.002193, 5.001163, 546, 1461, 39544.6, 3302, 135344, 361998, 546026, 559454, 0
121.006165, 1.003972, 51, 1461, 49647.7, 3658, 285722, 513303, 551113, 559454, 0
