elapsed, window, total, successful, failed
5.000906, 5.000906, 127622, 127622, 0
10.001909, 5.001003, 125547, 125547, 0
15.001901, 4.999992, 125309, 125309, 0
20.001962, 5.000061, 124869, 124869, 0
25.001921, 4.999959, 125052, 125052, 0
30.001992, 5.000071, 125071, 125071, 0
35.001963, 4.999971, 125373, 125373, 0
40.001922, 4.999959, 125198, 125198, 0
45.001917, 4.999995, 125199, 125199, 0
50.001913, 4.999996, 125261, 125261, 0
55.001922, 5.000009, 124620, 124620, 0
60.001988, 5.000066, 125325, 125325, 0
65.001943, 4.999955, 125022, 125022, 0
70.001911, 4.999968, 125385, 125385, 0
75.001904, 4.999993, 125269, 125269, 0
80.001946, 5.000042, 124851, 124851, 0
85.001968, 5.000022, 124831, 124831, 0
90.001912, 4.999944, 124548, 124548, 0
95.001993, 5.000081, 125069, 125069, 0
100.001901, 4.999908, 124758, 124758, 0
105.001916, 5.000015, 125396, 125396, 0
110.001926, 5.00001, 125585, 125585, 0
115.001962, 5.000036, 125671, 125671, 0
120.001946, 4.999984, 125759, 125759, 0
121.002003, 1.000057, 24870, 24870, 0
