elapsed, window, n, min, mean, median, 95th, 99th, 99_9th, max, errors
5.000685, 5.000685, 92166, 379, 6773.2, 2535, 14930, 124433, 285393, 519034, 0
10.001702, 5.001017, 93272, 390, 6741.2, 2536, 13980, 120544, 306800, 519034, 0
15.001685, 4.999983, 93677, 366, 6667.4, 2593, 25529, 97264, 226337, 531023, 0
20.001723, 5.000038, 93092, 379, 6712.1, 2530, 21868, 107686, 270056, 542875, 0
25.001667, 4.999944, 91786, 379, 6783.8, 2538, 25517, 105071, 233335, 482182, 0
30.001714, 5.000047, 90183, 374, 6865.0, 2546, 28464, 102957, 222049, 399144, 0
35.001662, 4.999948, 90628, 384, 6903.4, 2554, 23335, 111511, 265522, 442220, 0
40.001724, 5.000062, 89172, 362, 6973.6, 2552, 21741, 112274, 253549, 691260, 0
45.001686, 4.999962, 88284, 375, 7074.5, 2578, 23686, 113471, 268883, 630029, 0
50.001678, 4.999992, 87104, 372, 7219.7, 2631, 27716, 114188, 234495, 523386, 0
55.001703, 5.000025, 84661, 376, 7374.0, 2608, 25745, 114900, 340750, 607177, 0
60.001663, 4.99996, 87975, 360, 7168.8, 2586, 25458, 121376, 239814, 438350, 0
65.001666, 5.000003, 85111, 387, 7281.9, 2661, 31181, 105853, 221441, 390482, 0
70.001687, 5.000021, 84505, 370, 7386.8, 2669, 31357, 108257, 242248, 519568, 0
75.001689, 5.000002, 86124, 370, 7255.1, 2653, 28046, 111050, 252028, 482230, 0
80.001797, 5.000108, 85557, 379, 7228.8, 2640, 23337, 120338, 268005, 463543, 0
85.001681, 4.999884, 84574, 373, 7337.7, 2643, 26910, 120316, 262155, 522619, 0
90.001662, 4.999981, 86057, 382, 7281.5, 2649, 23341, 121747, 281172, 455744, 0
95.001694, 5.000032, 85983, 369, 7276.6, 2666, 26978, 117810, 258276, 439705, 0
100.001689, 4.999995, 84868, 374, 7363.0, 2690, 26533, 122435, 239716, 511819, 0
105.001679, 4.99999, 84163, 377, 7394.7, 2680, 26609, 122928, 252788, 429977, 0
110.001668, 4.999989, 84786, 371, 7304.4, 2656, 21514, 125095, 286093, 478097, 0
115.001659, 4.999991, 82525, 352, 7593.0, 2706, 25546, 124800, 312164, 505032, 0
120.001668, 5.000009, 83328, 352, 7461.3, 2667, 21686, 128550, 293771, 562858, 0
121.002718, 1.00105, 17457, 365, 7452.5, 2648, 20243, 128402, 299221, 562858, 0
