elapsed, window, n, min, mean, median, 95th, 99th, 99_9th, max, errors
5.001051, 5.001051, 24964, 20500, 30065.8, 31853, 37834, 38224, 38963, 44423, 0
10.001045, 4.999994, 24861, 20574, 30133.5, 31859, 37853, 38215, 38896, 44306, 0
15.001145, 5.0001, 24868, 20500, 30163.9, 31869, 37847, 38207, 38914, 44230, 0
20.001066, 4.999921, 24937, 20592, 30071.8, 31857, 37761, 38217, 39030, 44211, 0
25.001035, 4.999969, 24850, 20505, 30157.9, 31868, 37827, 38228, 38969, 44245, 0
30.001094, 5.000059, 24922, 20497, 30093.8, 31857, 37775, 38193, 38905, 44230, 0
35.001031, 4.999937, 25019, 20738, 29971.4, 31842, 37688, 38150, 38683, 44191, 0
40.001091, 5.00006, 25044, 20516, 29956.0, 31843, 33082, 38165, 38720, 44118, 0
45.001058, 4.999967, 25032, 20571, 29940.1, 31845, 32920, 38131, 38691, 44062, 0
50.001033, 4.999975, 25044, 20516, 29944.6, 31842, 33057, 38123, 38763, 44289, 0
55.001045, 5.000012, 25008, 20568, 29987.8, 31851, 33135, 38152, 38775, 44401, 0
60.001034, 4.999989, 24986, 20603, 30004.4, 31854, 32959, 38130, 38566, 44130, 0
65.001032, 4.999998, 25002, 20994, 29968.2, 31845, 37665, 38152, 38770, 44811, 0
70.001418, 5.000386, 25007, 20522, 30020.5, 31857, 34397, 38161, 38764, 44811, 0
75.001032, 4.999614, 25005, 25493, 29954.6, 31845, 32997, 38143, 38778, 44367, 0
80.001091, 5.000059, 25052, 20531, 29940.2, 31846, 32994, 38147, 38867, 44291, 0
85.001031, 4.99994, 25051, 20744, 29934.7, 31842, 32966, 38144, 38818, 45142, 0
90.001026, 4.999995, 25081, 20547, 29904.9, 31837, 32956, 38118, 38786, 44383, 0
95.001029, 5.000003, 25046, 20547, 29928.1, 31842, 32940, 38135, 38764, 44744, 0
100.001083, 5.000054, 25041, 20531, 29940.6, 31842, 33001, 38153, 38712, 44102, 0
105.001027, 4.999944, 25062, 20686, 29920.3, 31840, 32986, 38137, 38778, 44307, 0
110.001031, 5.000004, 25070, 20692, 29914.5, 31840, 32916, 38125, 38731, 44400, 0
115.001142, 5.000111, 25041, 20521, 29923.9, 31837, 37636, 38147, 38720, 44310, 0
120.001045, 4.999903, 25091, 20480, 29877.4, 31835, 32844, 38133, 38755, 44419, 0
121.004132, 1.003087, 5040, 20480, 29863.1, 31833, 32830, 38138, 38755, 44419, 0
