elapsed, window, total, successful, failed
5.000866, 5.000866, 149771, 149771, 0
10.001941, 5.001075, 146056, 146056, 0
15.001852, 4.999911, 147158, 147158, 0
20.00185, 4.999998, 146079, 146079, 0
25.001896, 5.000046, 146138, 146138, 0
30.001907, 5.000011, 146879, 146879, 0
35.001851, 4.999944, 147950, 147950, 0
40.001906, 5.000055, 145938, 145938, 0
45.001876, 4.99997, 144984, 144984, 0
50.001851, 4.999975, 145657, 145657, 0
55.001857, 5.000006, 144254, 144254, 0
60.001867, 5.00001, 143571, 143571, 0
65.00188, 5.000013, 142434, 142434, 0
70.00194, 5.00006, 140883, 140883, 0
75.001859, 4.999919, 142865, 142865, 0
80.001878, 5.000019, 143689, 143689, 0
85.001886, 5.000008, 141702, 141702, 0
90.001924, 5.000038, 142758, 142758, 0
95.00194, 5.000016, 144063, 144063, 0
100.001861, 4.999921, 142250, 142250, 0
105.001892, 5.000031, 143606, 143606, 0
110.001931, 5.000039, 141324, 141324, 0
115.001867, 4.999936, 140141, 140141, 0
120.001853, 4.999986, 139071, 139071, 0
121.002922, 1.001069, 28111, 28111, 0
