elapsed, window, n, min, mean, median, 95th, 99th, 99_9th, max, errors
5.000464, 5.000464, 145, 152019, 201635.3, 221501, 246485, 249184, 251327, 251327, 0
10.001446, 5.000982, 125, 151572, 194802.9, 155617, 246002, 248437, 249088, 249088, 0
15.001417, 4.999971, 134, 151948, 198688.1, 219162, 245835, 246850, 248567, 248567, 0
20.001423, 5.000006, 115, 151762, 199690.8, 222397, 246230, 246631, 246726, 246726, 0
25.001436, 5.000013, 123, 151880, 199424.4, 217688, 245999, 247547, 252393, 252393, 0
30.001419, 4.999983, 120, 151908, 203091.5, 222725, 246797, 248512, 248793, 248793, 0
35.001433, 5.000014, 121, 152102, 198427.7, 220268, 246152, 246660, 247282, 247282, 0
40.001416, 4.999983, 140, 151253, 201644.6, 222458, 246233, 247021, 248956, 248956, 0
45.001345, 4.999929, 107, 151642, 207758.7, 225168, 246158, 246749, 246926, 246926, 0
50.001443, 5.000098, 137, 151940, 199799.5, 220760, 246541, 247471, 247600, 247600, 0
55.001424, 4.999981, 111, 151520, 203526.4, 223859, 246219, 246743, 247021, 247021, 0
60.001361, 4.999937, 162, 151590, 201998.2, 221544, 246405, 247564, 248958, 248958, 0
65.001481, 5.00012, 118, 151345, 195707.2, 212079, 246704, 253470, 269311, 269311, 0
70.001361, 4.99988, 113, 151917, 199312.5, 220645, 245484, 246269, 246897, 246897, 0
75.001441, 5.00008, 129, 151763, 198372.2, 218730, 245750, 248280, 257383, 257383, 0
80.001376, 4.999935, 128, 152152, 200944.7, 221595, 245971, 247110, 252696, 252696, 0
85.001412, 5.000036, 121, 151470, 199740.6, 220156, 246676, 247969, 249504, 249504, 0
90.001433, 5.000021, 124, 151598, 202460.9, 224341, 246670, 247560, 248659, 248659, 0
95.001377, 4.999944, 139, 151857, 200296.6, 222926, 246288, 251419, 301783, 301783, 0
100.00158, 5.000203, 137, 151771, 197112.8, 216189, 246336, 247513, 251054, 251054, 0
105.001359, 4.999779, 123, 151977, 197800.0, 221042, 246453, 247474, 248007, 248007, 0
110.001351, 4.999992, 125, 151674, 204696.6, 224628, 246362, 247302, 248171, 248171, 0
115.001469, 5.000118, 119, 151873, 200227.3, 220052, 246495, 247173, 248826, 248826, 0
120.001458, 4.999989, 134, 151935, 196949.0, 218816, 245992, 247269, 248157, 248157, 0
121.003592, 1.002134, 26, 151921, 198045.1, 219190, 245618, 247269, 248157, 248157, 0
