elapsed, window, n, min, mean, median, 95th, 99th, 99_9th, max, errors
5.000373, 5.000373, 33120, 20512, 22719.5, 21571, 29819, 41878, 60760, 73180, 0
10.001244, 5.000871, 34853, 20506, 21510.6, 21257, 23110, 24054, 25965, 28304, 0
15.001245, 5.000001, 34747, 20506, 21542.5, 21292, 23179, 24305, 26378, 30026, 0
20.001296, 5.000051, 34784, 20513, 21527.9, 21287, 23140, 24134, 25385, 27364, 0
25.001249, 4.999953, 34829, 20509, 21513.5, 21245, 23201, 24171, 25636, 27364, 0
30.001319, 5.00007, 34907, 20521, 21480.1, 21217, 23053, 24120, 26323, 32733, 0
35.001289, 4.99997, 34850, 20526, 21493.8, 21226, 23072, 24172, 26601, 32316, 0
40.001291, 5.000002, 34966, 20517, 21439.4, 21177, 22947, 23919, 25779, 27995, 0
45.001235, 4.999944, 34827, 20512, 21511.5, 21245, 23159, 24292, 26484, 30015, 0
50.001299, 5.000064, 34926, 20497, 21453.4, 21183, 23049, 23994, 25446, 26531, 0
55.001237, 4.999938, 34947, 20491, 21425.0, 21136, 23014, 24021, 25866, 28761, 0
60.001308, 5.000071, 34838, 20505, 21487.2, 21229, 23053, 24165, 26309, 30167, 0
65.001267, 4.999959, 34935, 20508, 21463.3, 21196, 23026, 24000, 25983, 30496, 0
70.001252, 4.999985, 34783, 20508, 21533.5, 21251, 23214, 24468, 27208, 32033, 0
75.001314, 5.000062, 34836, 20527, 21520.8, 21241, 23154, 24356, 27054, 30875, 0
80.001332, 5.000018, 34836, 20521, 21499.4, 21238, 23055, 24112, 26794, 32912, 0
85.001595, 5.000263, 34875, 20521, 21501.2, 21261, 23062, 23991, 25699, 28122, 0
90.001284, 4.999689, 34877, 20516, 21481.0, 21229, 23024, 23987, 25114, 27646, 0
95.001527, 5.000243, 34878, 20509, 21484.0, 21246, 22992, 23998, 25565, 30078, 0
100.001262, 4.999735, 34954, 20504, 21436.7, 21151, 23017, 24109, 25730, 29101, 0
105.001237, 4.999975, 34931, 20517, 21452.2, 21174, 23040, 24065, 25741, 29324, 0
110.001289, 5.000052, 34929, 20507, 21461.7, 21196, 23014, 24050, 25445, 28792, 0
115.001304, 5.000015, 34915, 20507, 21449.9, 21181, 23015, 23967, 25524, 30209, 0
120.001289, 4.999985, 34938, 20508, 21458.9, 21206, 22987, 23995, 26204, 29571, 0
121.003344, 1.002055, 6995, 20508, 21455.2, 21197, 22978, 23954, 26258, 29571, 0
