elapsed, window, n, min, mean, median, 95th, 99th, 99_9th, max, errors
5.001149, 5.001149, 5, 893, 1070.0, 1128, 1160, 1160, 1160, 1160, 0
10.001178, 5.000029, 15, 953, 3323.5, 1180, 12454, 22678, 22678, 22678, 0
15.001118, 4.99994, 5, 953, 1210.8, 1008, 2061, 2061, 2061, 2061, 0
20.001032, 4.999914, 15, 1043, 1242.3, 1112, 1529, 1951, 1951, 1951, 0
25.00206, 5.001028, 0, 0, 0, 0, 0, 0, 0, 0, 0
30.001103, 4.999043, 6, 1096, 1139.3, 1129, 1178, 1178, 1178, 1178, 0
35.001084, 4.999981, 14, 941, 3199.1, 1123, 1303, 32384, 32384, 32384, 0
40.001139, 5.000055, 15, 894, 1154.7, 1108, 1348, 1610, 1610, 1610, 0
45.001136, 4.999997, 25, 895, 1143.1, 1115, 1550, 1619, 1619, 1619, 0
50.001107, 4.999971, 2, 895, 1050.4, 1076, 1201, 1201, 1201, 1201, 0
55.001009, 4.999902, 8, 935, 6932.9, 1109, 44756, 44756, 44756, 44756, 0
60.00209, 5.001081, 15, 968, 4412.2, 1050, 7602, 44903, 44903, 44903, 0
65.001139, 4.999049, 20, 894, 1442.2, 1097, 3068, 7602, 7602, 7602, 0
70.001129, 4.99999, 18, 896, 9601.8, 1294, 50500, 54314, 54314, 54314, 0
75.001192, 5.000063, 14, 877, 3630.6, 1120, 10318, 32304, 32304, 32304, 0
80.001139, 4.999947, 13, 1029, 4320.7, 1210, 10318, 31057, 31057, 31057, 0
85.001116, 4.999977, 15, 973, 1570.4, 1097, 1352, 9352, 9352, 9352, 0
90.001126, 5.00001, 5, 964, 15706.8, 1194, 38465, 38465, 38465, 38465, 0
95.001005, 4.999879, 10, 1011, 8499.5, 1174, 45917, 45917, 45917, 45917, 0
100.002104, 5.001099, 9, 973, 4468.7, 1146, 30728, 30728, 30728, 30728, 0
105.001079, 4.998975, 22, 888, 8589.4, 1146, 40323, 44929, 44929, 44929, 0
110.001049, 4.99997, 25, 975, 2309.2, 1089, 8157, 17146, 17146, 17146, 0
115.001127, 5.000078, 4, 897, 14453.0, 1140, 38631, 38631, 38631, 38631, 0
120.001188, 5.000061, 14, 976, 1872.1, 1098, 1326, 11464, 11464, 11464, 0
121.004283, 1.003095, 5, 920, 1680.1, 1135, 1336, 11464, 11464, 11464, 0
