elapsed, window, total, successful, failed
5.000884, 5.000884, 29676, 29676, 0
10.001853, 5.000969, 12268, 12268, 0
15.001804, 4.999951, 350, 350, 0
20.001832, 5.000028, 223, 223, 0
25.001793, 4.999961, 843, 843, 0
30.001846, 5.000053, 278, 278, 0
35.001798, 4.999952, 361, 361, 0
40.001787, 4.999989, 7657, 7657, 0
45.001765, 4.999978, 6077, 6077, 0
50.001861, 5.000096, 1800, 1800, 0
55.001842, 4.999981, 298, 298, 0
60.001822, 4.99998, 287, 287, 0
65.001856, 5.000034, 10455, 10455, 0
70.001836, 4.99998, 8759, 8759, 0
75.001782, 4.999946, 307, 307, 0
80.00183, 5.000048, 21209, 21209, 0
85.001785, 4.999955, 182, 182, 0
90.001841, 5.000056, 68, 68, 0
95.001769, 4.999928, 285, 285, 0
100.001849, 5.00008, 0, 0, 0
105.001871, 5.000022, 349, 349, 0
110.001784, 4.999913, 1061, 1061, 0
115.00185, 5.000066, 5870, 5870, 0
120.001833, 4.999983, 285, 285, 0
125.001791, 4.999958, 356, 356, 0
130.00183, 5.000039, 0, 0, 0
135.001836, 5.000006, 378, 378, 0
140.001796, 4.99996, 14919, 14919, 0
145.001852, 5.000056, 0, 0, 0
150.00177, 4.999918, 430, 430, 0
155.001837, 5.000067, 12654, 12654, 0
160.001759, 4.999922, 623, 623, 0
165.001849, 5.00009, 1603, 1603, 0
170.001774, 4.999925, 3301, 3301, 0
175.001799, 5.000025, 2763, 2763, 0
180.001827, 5.000028, 335, 335, 0
181.002988, 1.001161, 0, 0, 0
