elapsed, window, n, min, mean, median, 95th, 99th, 99_9th, max, errors
5.000778, 5.000778, 11354, 5, 10.1, 10, 15, 20, 28, 35, 0
10.001773, 5.000995, 11380, 5, 10.0, 9, 15, 20, 29, 60, 0
15.001769, 4.999996, 11397, 5, 10.0, 10, 15, 20, 29, 53, 0
20.001761, 4.999992, 11386, 5, 10.0, 9, 15, 20, 27, 58, 0
25.001771, 5.00001, 11384, 5, 9.9, 9, 15, 20, 26, 78, 0
30.001796, 5.000025, 11357, 4, 9.8, 9, 15, 19, 25, 68, 0
35.001834, 5.000038, 11371, 4, 9.8, 9, 15, 19, 27, 61, 0
40.001768, 4.999934, 11377, 5, 9.9, 9, 15, 20, 28, 66, 0
45.001819, 5.000051, 11372, 5, 9.9, 9, 15, 20, 27, 246, 0
50.00182, 5.000001, 11378, 5, 9.8, 9, 15, 19, 27, 160, 0
55.001893, 5.000073, 11388, 5, 9.8, 9, 15, 19, 26, 43, 0
60.001774, 4.999881, 11369, 5, 9.9, 9, 15, 20, 28, 59, 0
65.001765, 4.999991, 11352, 5, 10.0, 9, 15, 20, 27, 56, 0
70.002104, 5.000339, 11365, 5, 10.0, 9, 15, 20, 28, 61, 0
75.001122, 4.999018, 11385, 4, 9.7, 9, 15, 19, 27, 61, 0
80.000823, 4.999701, 11371, 5, 9.8, 9, 15, 19, 27, 58, 0
85.00177, 5.000947, 11381, 4, 9.8, 9, 15, 19, 26, 58, 0
90.001805, 5.000035, 11369, 5, 9.9, 9, 15, 19, 27, 153, 0
95.001824, 5.000019, 11394, 5, 10.0, 9, 15, 20, 33, 148, 0
100.001766, 4.999942, 11378, 5, 9.8, 9, 15, 19, 26, 64, 0
105.001851, 5.000085, 11404, 5, 9.8, 9, 15, 20, 28, 90, 0
110.001818, 4.999967, 11380, 5, 9.8, 9, 15, 19, 26, 54, 0
115.001817, 4.999999, 11393, 5, 10.0, 9, 15, 20, 27, 63, 0
120.001816, 4.999999, 11382, 5, 9.8, 9, 15, 19, 25, 50, 0
121.002868, 1.001052, 2280, 5, 9.8, 9, 15, 19, 25, 62, 0
