elapsed, window, n, min, mean, median, 95th, 99th, 99_9th, max, errors
5.000711, 5.000711, 22663, 5, 11.1, 10, 18, 26, 37, 80, 0
10.001637, 5.000926, 22658, 6, 11.1, 10, 18, 26, 38, 287, 0
15.001696, 5.000059, 22683, 5, 11.2, 10, 18, 26, 38, 79, 0
20.001714, 5.000018, 22724, 6, 11.1, 10, 18, 26, 39, 79, 0
25.001697, 4.999983, 22731, 5, 11.1, 10, 18, 25, 40, 85, 0
30.001699, 5.000002, 22755, 5, 11.1, 10, 18, 25, 37, 85, 0
35.001827, 5.000128, 22778, 6, 11.1, 10, 18, 25, 38, 162, 0
40.001697, 4.99987, 22740, 6, 11.1, 10, 18, 25, 38, 88, 0
45.001641, 4.999944, 22739, 5, 11.1, 10, 18, 25, 40, 274, 0
50.001694, 5.000053, 22745, 5, 11.0, 10, 18, 25, 36, 108, 0
55.00169, 4.999996, 22728, 5, 11.0, 10, 18, 25, 37, 94, 0
60.001639, 4.999949, 22729, 5, 11.0, 10, 18, 25, 37, 181, 0
65.001699, 5.00006, 22746, 6, 11.1, 10, 18, 26, 38, 99, 0
70.001651, 4.999952, 22754, 5, 11.0, 10, 18, 25, 38, 71, 0
75.001643, 4.999992, 22733, 5, 11.0, 10, 18, 25, 38, 90, 0
80.001705, 5.000062, 22727, 6, 11.0, 10, 18, 25, 40, 93, 0
85.00191, 5.000205, 22735, 5, 11.0, 10, 18, 25, 35, 68, 0
90.001683, 4.999773, 22752, 5, 11.1, 10, 18, 26, 39, 99, 0
95.001691, 5.000008, 22754, 5, 11.0, 10, 18, 25, 39, 95, 0
100.001647, 4.999956, 22754, 5, 10.9, 10, 18, 25, 35, 83, 0
105.001698, 5.000051, 22724, 5, 10.9, 10, 18, 25, 37, 90, 0
110.001694, 4.999996, 22742, 5, 11.0, 10, 18, 25, 35, 90, 0
115.001701, 5.000007, 22762, 5, 10.9, 10, 18, 25, 35, 81, 0
120.001637, 4.999936, 22737, 5, 10.9, 10, 18, 25, 34, 91, 0
121.00272, 1.001083, 4559, 5, 10.9, 10, 18, 24, 34, 91, 0
