elapsed, window, n, min, mean, max, errors, median
5.000625, 5.000625,253681, 83,2151.9, 31564,0, 269
10.001486, 5.000861,254053, 80,2161.17, 30192,0, 256
15.001485, 4.999999,254291, 80,2143.89, 30762,0, 266
20.001505, 5.00002,254586, 80,2135.38, 33157,0, 251
25.00171, 5.000205,254439, 78,2156, 31092,0, 249
30.001736, 5.000026,254718, 79,2142.94, 31077,0, 268
35.001555, 4.999819,255088, 81,2129.31, 32804,0, 253
40.001543, 4.999988,254422, 82,2147.26, 31499,0, 272
45.001486, 4.999943,255016, 79,2151.23, 30826,0, 278
50.001491, 5.000005,254560, 83,2149.45, 31237,0, 259
55.001657, 5.000166,255026, 82,2137.43, 30991,0, 249
60.0015, 4.999843,255067, 80,2139.89, 30732,0, 239
65.001488, 4.999988,254932, 78,2128.86, 31118,0, 256
70.001497, 5.000009,254933, 82,2128.22, 31495,0, 250
75.001479, 4.999982,254888, 82,2147.52, 31495,0, 248
80.001514, 5.000035,254809, 78,2156.7, 33378,0, 255
85.001479, 4.999965,255179, 78,2144.17, 31752,0, 249
90.001573, 5.000094,254545, 81,2143.31, 33244,0, 244
95.00148, 4.999907,254167, 79,2140.52, 34673,0, 288
100.001508, 5.000028,255014, 81,2128.32, 32281,0, 261
105.001477, 4.999969,254343, 82,2161.6, 31518,0, 259
110.001764, 5.000287,254325, 81,2151.34, 31590,0, 247
115.001502, 4.999738,254604, 82,2146.64, 31789,0, 274
120.001475, 4.999973,254921, 80,2134.93, 31518,0, 257
121.003581, 1.002106,51046, 80,2143.79, 31518,0, 264

