elapsed, window, n, min, mean, median, 95th, 99th, 99_9th, max, errors
5.000617, 5.000617, 49058, 0, 0.0, 0, 0, 0, 0, 0, 0
10.001595, 5.000978, 54487, 0, 0.0, 0, 0, 0, 0, 0, 0
15.001598, 5.000003, 53171, 0, 0.0, 0, 0, 0, 0, 0, 0
20.00169, 5.000092, 54352, 0, 0.0, 0, 0, 0, 0, 0, 0
25.001655, 4.999965, 53641, 0, 0.0, 0, 0, 0, 0, 0, 0
30.001596, 4.999941, 52833, 0, 0.0, 0, 0, 0, 0, 0, 0
35.001597, 5.000001, 54152, 0, 0.0, 0, 0, 0, 0, 0, 0
40.001622, 5.000025, 53173, 0, 0.0, 0, 0, 0, 0, 0, 0
45.001618, 4.999996, 52863, 0, 0.0, 0, 0, 0, 0, 0, 0
50.001577, 4.999959, 53482, 0, 0.0, 0, 0, 0, 0, 0, 0
55.001628, 5.000051, 53469, 0, 0.0, 0, 0, 0, 0, 0, 0
60.001588, 4.99996, 54216, 0, 0.0, 0, 0, 0, 0, 0, 0
65.001585, 4.999997, 51772, 0, 0.0, 0, 0, 0, 0, 0, 0
70.001911, 5.000326, 53941, 0, 0.0, 0, 0, 0, 0, 0, 0
75.001618, 4.999707, 54053, 0, 0.0, 0, 0, 0, 0, 0, 0
80.001614, 4.999996, 51784, 0, 0.0, 0, 0, 0, 0, 0, 0
85.00159, 4.999976, 52903, 0, 0.0, 0, 0, 0, 0, 0, 0
90.001676, 5.000086, 54299, 0, 0.0, 0, 0, 0, 0, 0, 0
95.001595, 4.999919, 53230, 0, 0.0, 0, 0, 0, 0, 0, 0
100.001596, 5.000001, 54515, 0, 0.0, 0, 0, 0, 0, 0, 0
105.001614, 5.000018, 52602, 0, 0.0, 0, 0, 0, 0, 0, 0
110.001608, 4.999994, 53926, 0, 0.0, 0, 0, 0, 0, 0, 0
115.001638, 5.00003, 53254, 0, 0.0, 0, 0, 0, 0, 0, 0
120.001589, 4.999951, 52585, 0, 0.0, 0, 0, 0, 0, 0, 0
121.004677, 1.003088, 10709, 0, 0.0, 0, 0, 0, 0, 0, 0
