elapsed, window, total, successful, failed
5.000735, 5.000735, 5807, 5807, 0
10.00167, 5.000935, 5724, 5721, 3
15.001606, 4.999936, 5496, 5495, 1
20.001631, 5.000025, 5709, 5707, 2
25.001632, 5.000001, 5701, 5700, 1
30.001676, 5.000044, 5672, 5668, 4
35.001686, 5.00001, 5477, 5475, 2
40.00161, 4.999924, 5510, 5510, 0
45.001688, 5.000078, 5610, 5609, 1
50.001749, 5.000061, 1395, 1395, 0
55.00174, 4.999991, 0, 0, 0
60.00176, 5.00002, 0, 0, 0
65.00173, 4.99997, 0, 0, 0
70.001689, 4.999959, 0, 0, 0
75.001747, 5.000058, 0, 0, 0
80.001705, 4.999958, 0, 0, 0
85.001742, 5.000037, 0, 0, 0
90.001702, 4.99996, 0, 0, 0
95.001749, 5.000047, 0, 0, 0
100.00171, 4.999961, 0, 0, 0
105.001761, 5.000051, 0, 0, 0
110.001677, 4.999916, 0, 0, 0
115.001747, 5.00007, 0, 0, 0
120.001764, 5.000017, 0, 0, 0
125.001761, 4.999997, 0, 0, 0
130.00173, 4.999969, 0, 0, 0
135.00176, 5.00003, 0, 0, 0
140.001739, 4.999979, 0, 0, 0
145.001763, 5.000024, 0, 0, 0
150.001729, 4.999966, 0, 0, 0
155.001772, 5.000043, 0, 0, 0
160.001734, 4.999962, 0, 0, 0
165.00176, 5.000026, 0, 0, 0
170.001735, 4.999975, 0, 0, 0
175.001761, 5.000026, 0, 0, 0
180.001769, 5.000008, 0, 0, 0
185.001761, 4.999992, 0, 0, 0
190.001732, 4.999971, 0, 0, 0
195.00177, 5.000038, 0, 0, 0
200.001762, 4.999992, 0, 0, 0
205.001772, 5.00001, 0, 0, 0
210.001731, 4.999959, 0, 0, 0
215.001774, 5.000043, 0, 0, 0
220.00177, 4.999996, 0, 0, 0
225.001773, 5.000003, 0, 0, 0
230.001731, 4.999958, 0, 0, 0
235.001759, 5.000028, 0, 0, 0
240.001765, 5.000006, 0, 0, 0
245.001762, 4.999997, 0, 0, 0
250.00173, 4.999968, 0, 0, 0
255.001769, 5.000039, 0, 0, 0
260.001768, 4.999999, 0, 0, 0
265.00177, 5.000002, 0, 0, 0
270.001746, 4.999976, 0, 0, 0
275.001779, 5.000033, 0, 0, 0
280.001748, 4.999969, 0, 0, 0
285.001762, 5.000014, 0, 0, 0
290.00173, 4.999968, 0, 0, 0
295.001762, 5.000032, 0, 0, 0
300.001739, 4.999977, 0, 0, 0
301.004948, 1.003209, 0, 0, 0
