elapsed, window, n, min, mean, median, 95th, 99th, 99_9th, max, errors
5.000633, 5.000633, 543173, 283, 10251.1, 7371, 27522, 43719, 64719, 122089, 0
10.001546, 5.000913, 494332, 283, 10162.2, 6723, 29095, 42740, 63620, 121623, 0
15.001627, 5.000081, 490246, 268, 10164.7, 7156, 27887, 39599, 53257, 91560, 0
20.001506, 4.999879, 494350, 321, 10171.8, 7258, 27630, 39450, 53696, 94302, 0
25.00157, 5.000064, 494318, 268, 10086.2, 7309, 26766, 38286, 51859, 91476, 0
30.001572, 5.000002, 491009, 268, 10156.2, 6981, 28317, 41502, 55050, 91476, 0
35.001515, 4.999943, 490746, 347, 10140.3, 6893, 28658, 42969, 64322, 117790, 0
40.001561, 5.000046, 496061, 345, 10111.0, 7404, 27191, 38010, 53061, 105122, 0
45.001504, 4.999943, 492669, 303, 10120.7, 7255, 27164, 42405, 65127, 126212, 0
50.001508, 5.000004, 488911, 285, 10156.3, 6903, 28582, 43137, 65388, 126212, 0
55.001516, 5.000008, 488552, 332, 10241.6, 6923, 29368, 44818, 63351, 112718, 0
60.001568, 5.000052, 490857, 285, 10188.1, 7096, 28524, 40318, 54545, 88082, 0
65.001525, 4.999957, 492243, 285, 10174.1, 7224, 27420, 39225, 58399, 107555, 0
70.001511, 4.999986, 491483, 280, 10164.7, 7034, 28298, 40377, 54996, 100428, 0
75.001524, 5.000013, 483571, 336, 10240.1, 6978, 29359, 42519, 57388, 100428, 0
80.001523, 4.999999, 479354, 281, 10398.0, 6666, 30871, 44354, 60952, 104372, 0
85.00151, 4.999987, 483459, 311, 10414.7, 6573, 31038, 44130, 61015, 96618, 0
90.001569, 5.000059, 480674, 315, 10367.8, 6457, 31400, 48494, 64353, 111553, 0
95.001505, 4.999936, 482384, 330, 10348.5, 6548, 31170, 45377, 60464, 99965, 0
100.001543, 5.000038, 480563, 312, 10405.9, 6372, 31833, 47904, 72784, 139731, 0
105.001535, 4.999992, 481202, 340, 10389.8, 6663, 30770, 45732, 61007, 102059, 0
110.001508, 4.999973, 479687, 318, 10382.3, 6749, 30079, 45519, 62151, 109073, 0
115.001528, 5.00002, 478502, 274, 10436.4, 6313, 32447, 51695, 76233, 146404, 0
120.001506, 4.999978, 483153, 344, 10286.6, 6548, 30363, 43158, 74659, 153075, 0
121.016697, 1.015191, 102682, 335, 10310.0, 6575, 30271, 43510, 74720, 153075, 0
