elapsed, window, total, successful, failed
5.000601, 5.000601, 70772, 70772, 0
10.001622, 5.001021, 66500, 66500, 0
15.002162, 5.00054, 34665, 34665, 0
20.000816, 4.998654, 66729, 66729, 0
25.001609, 5.000793, 65734, 65734, 0
30.001661, 5.000052, 68032, 68032, 0
35.00166, 4.999999, 68536, 68536, 0
40.001651, 4.999991, 69037, 69037, 0
45.001701, 5.00005, 69309, 69309, 0
50.002039, 5.000338, 67925, 67925, 0
55.000634, 4.998595, 68401, 68401, 0
60.00172, 5.001086, 68862, 68862, 0
65.001708, 4.999988, 67822, 67822, 0
70.001816, 5.000108, 67901, 67901, 0
75.001688, 4.999872, 68944, 68944, 0
80.001682, 4.999994, 65257, 65257, 0
85.001665, 4.999983, 66539, 66539, 0
90.001697, 5.000032, 67056, 67056, 0
95.001631, 4.999934, 66810, 66810, 0
100.001652, 5.000021, 66302, 66302, 0
105.001792, 5.00014, 64664, 64664, 0
110.001722, 4.99993, 65295, 65295, 0
115.001646, 4.999924, 65435, 65435, 0
120.001629, 4.999983, 64275, 64275, 0
121.003824, 1.002195, 13181, 13181, 0
