elapsed, window, total, successful, failed
5.001029, 5.001029,241638,241638,0
10.000978, 4.999949,238995,238995,0
15.002007, 5.001029,239923,239923,0
20.001013, 4.999006,236507,236507,0
25.001061, 5.000048,237320,237320,0
30.001069, 5.000008,233433,233433,0
35.001005, 4.999936,231256,231256,0
40.001992, 5.000987,228269,228269,0
45.002017, 5.000025,226146,226146,0
50.001022, 4.999005,230779,230779,0
55.000972, 4.99995,229582,229582,0
60.001974, 5.001002,226179,226179,0
65.001971, 4.999997,217516,217516,0
70.001996, 5.000025,218696,218696,0
75.001985, 4.999989,223677,223677,0
80.001975, 4.99999,222302,222302,0
85.00198, 5.000005,230222,230222,0
90.002018, 5.000038,227857,227857,0
95.000999, 4.998981,225980,225980,0
100.001965, 5.000966,227094,227094,0
105.001964, 4.999999,228661,228661,0
110.002012, 5.000048,229345,229345,0
115.000964, 4.998952,228787,228787,0
120.001969, 5.001005,227048,227048,0
125.001974, 5.000005,229919,229919,0
130.002216, 5.000242,231789,231789,0
135.000973, 4.998757,232077,232077,0
140.00201, 5.001037,233705,233705,0
145.001963, 4.999953,232823,232823,0
150.001977, 5.000014,234419,234419,0
155.001984, 5.000007,233571,233571,0
160.001968, 4.999984,235018,235018,0
165.002122, 5.000154,235814,235814,0
170.000975, 4.998853,237665,237665,0
175.001965, 5.00099,235427,235427,0
180.001979, 5.000014,237549,237549,0
181.002074, 1.000095,46848,46848,0

