elapsed, window, n, min, mean, max, errors, median
5.000327, 5.000327,101482, 529,8234.21, 85882,0, 4523
10.001324, 5.000997,92281, 610,8820.22, 73796,0, 4526
15.001345, 5.000021,91810, 592,8989.91, 76762,0, 4665
20.001333, 4.999988,92513, 544,9120.28, 75089,0, 4533
25.001388, 5.000055,91431, 608,9141.85, 76185,0, 4690
30.00135, 4.999962,90794, 591,8986.96, 89663,0, 4609
35.001354, 5.000004,91406, 599,9230.5, 71718,0, 4649
40.001347, 4.999993,92886, 579,8995.38, 76900,0, 4714
45.001325, 4.999978,92498, 576,8907.77, 74888,0, 4743
50.001368, 5.000043,92136, 584,8917.15, 78416,0, 4801
55.001346, 4.999978,93547, 587,8816.28, 78331,0, 4503
60.001453, 5.000107,94128, 582,8909.25, 70785,0, 4314
65.001324, 4.999871,94855, 581,8760.63, 80212,0, 4295
70.001342, 5.000018,94837, 575,8778.51, 81378,0, 4260
75.001326, 4.999984,94893, 575,9015.52, 81877,0, 4308
80.001331, 5.000005,93444, 597,8832.13, 69262,0, 4381
85.001354, 5.000023,94332, 539,8733.29, 76625,0, 4407
90.001352, 4.999998,92915, 583,8960.67, 76020,0, 4431
95.001319, 4.999967,92735, 575,8945.89, 73931,0, 4514
100.001328, 5.000009,92549, 605,9014.53, 82767,0, 4557
105.001394, 5.000066,91793, 606,8881.73, 84807,0, 4540
110.001365, 4.999971,92072, 593,8938.37, 72203,0, 4576
115.001325, 4.99996,91817, 536,8926.15, 82334,0, 4568
120.001354, 5.000029,94669, 561,8678.03, 75708,0, 3646
121.013875, 1.012521,22772, 561,8220.17, 96655,0, 2968

