elapsed, window, n, min, mean, median, 95th, 99th, 99_9th, max, errors
5.000804, 5.000804, 170, 64441, 125875.2, 101440, 300443, 359737, 681544, 681544, 0
10.001897, 5.001093, 42, 63796, 645071.7, 190898, 3610078, 5944476, 5944476, 5944476, 0
15.001904, 5.000007, 16, 63367, 387199.7, 64874, 216024, 5843824, 5843824, 5843824, 0
20.001812, 4.999908, 8, 63577, 3167322.1, 64885, 12487276, 12487276, 12487276, 12487276, 0
25.001888, 5.000076, 5, 64457, 7502871.2, 5606632, 16032759, 16032759, 16032759, 16032759, 0
30.001888, 5.0, 0, 0, 0, 0, 0, 0, 0, 0, 0
35.001827, 4.999939, 7, 64521, 11087830.3, 156012, 28773348, 28773348, 28773348, 28773348, 0
40.001832, 5.000005, 5, 63742, 5224976.8, 64396, 25868096, 25868096, 25868096, 25868096, 0
45.00189, 5.000058, 0, 0, 0, 0, 0, 0, 0, 0, 0
50.0019, 5.00001, 0, 0, 0, 0, 0, 0, 0, 0, 0
55.001891, 4.999991, 0, 0, 0, 0, 0, 0, 0, 0, 0
60.001887, 4.999996, 0, 0, 0, 0, 0, 0, 0, 0, 0
65.001914, 5.000027, 0, 0, 0, 0, 0, 0, 0, 0, 0
70.001882, 4.999968, 0, 0, 0, 0, 0, 0, 0, 0, 0
75.001877, 4.999995, 0, 0, 0, 0, 0, 0, 0, 0, 0
80.001884, 5.000007, 8, 63399, 26622788.9, 64821, 73169866, 73169866, 73169866, 73169866, 0
85.001876, 4.999992, 4, 64488, 14712212.8, 117235, 73169866, 73169866, 73169866, 73169866, 0
90.001884, 5.000008, 0, 0, 0, 0, 0, 0, 0, 0, 0
95.001917, 5.000033, 0, 0, 0, 0, 0, 0, 0, 0, 0
100.001837, 4.99992, 0, 0, 0, 0, 0, 0, 0, 0, 0
105.001885, 5.000048, 0, 0, 0, 0, 0, 0, 0, 0, 0
110.001836, 4.999951, 0, 0, 0, 0, 0, 0, 0, 0, 0
115.001882, 5.000046, 0, 0, 0, 0, 0, 0, 0, 0, 0
120.001834, 4.999952, 0, 0, 0, 0, 0, 0, 0, 0, 0
125.001902, 5.000068, 0, 0, 0, 0, 0, 0, 0, 0, 0
130.001882, 4.99998, 6, 63777, 40837523.0, 106163, 122512785, 122512785, 122512785, 122512785, 0
135.001877, 4.999995, 0, 0, 0, 0, 0, 0, 0, 0, 0
140.001883, 5.000006, 4, 64448, 48913897.4, 181885, 125847547, 125847547, 125847547, 125847547, 0
145.001885, 5.000002, 0, 0, 0, 0, 0, 0, 0, 0, 0
150.001838, 4.999953, 0, 0, 0, 0, 0, 0, 0, 0, 0
155.001969, 5.000131, 0, 0, 0, 0, 0, 0, 0, 0, 0
160.001928, 4.999959, 0, 0, 0, 0, 0, 0, 0, 0, 0
165.001876, 4.999948, 0, 0, 0, 0, 0, 0, 0, 0, 0
170.001915, 5.000039, 0, 0, 0, 0, 0, 0, 0, 0, 0
175.001862, 4.999947, 0, 0, 0, 0, 0, 0, 0, 0, 0
180.001847, 4.999985, 0, 0, 0, 0, 0, 0, 0, 0, 0
185.00188, 5.000033, 0, 0, 0, 0, 0, 0, 0, 0, 0
187.378559, 2.376679, 0, 0, 0, 0, 0, 0, 0, 0, 13
