elapsed, window, n, min, mean, median, 95th, 99th, 99_9th, max, errors
5.000537, 5.000537, 50, 708, 980.7, 994, 1250, 1265, 1265, 1265, 0
10.001548, 5.001011, 0, 0, 0, 0, 0, 0, 0, 0, 0
15.001455, 4.999907, 50, 731, 935.8, 942, 1132, 1160, 1160, 1160, 0
20.001634, 5.000179, 0, 0, 0, 0, 0, 0, 0, 0, 0
25.001543, 4.999909, 50, 662, 918.4, 900, 1241, 1411, 1411, 1411, 0
30.001546, 5.000003, 50, 656, 964.3, 912, 1366, 2226, 2226, 2226, 0
35.001538, 4.999992, 0, 0, 0, 0, 0, 0, 0, 0, 0
40.001551, 5.000013, 150, 700, 906.9, 894, 1092, 1297, 1446, 1446, 0
45.001418, 4.999867, 50, 711, 864.8, 867, 1000, 1036, 1036, 1036, 0
50.001469, 5.000051, 50, 652, 877.4, 869, 1079, 1178, 1178, 1178, 0
55.001538, 5.000069, 200, 680, 919.0, 901, 1114, 1212, 1437, 1437, 0
60.001545, 5.000007, 50, 649, 872.6, 881, 1022, 1049, 1049, 1049, 0
65.001538, 4.999993, 0, 0, 0, 0, 0, 0, 0, 0, 0
70.001548, 5.00001, 0, 0, 0, 0, 0, 0, 0, 0, 0
75.001542, 4.999994, 0, 0, 0, 0, 0, 0, 0, 0, 0
80.001548, 5.000006, 100, 700, 951.6, 908, 1217, 1445, 1696, 1696, 0
85.001536, 4.999988, 0, 759, 983.3, 927, 1430, 1696, 1696, 1696, 0
90.001537, 5.000001, 50, 710, 868.7, 856, 986, 1090, 1090, 1090, 0
95.001505, 4.999968, 0, 0, 0, 0, 0, 0, 0, 0, 0
100.001556, 5.000051, 59, 670, 892.7, 889, 1021, 1057, 1061, 1061, 0
105.001497, 4.999941, 41, 670, 913.8, 883, 1184, 1826, 1826, 1826, 0
110.001546, 5.000049, 50, 695, 921.4, 921, 1085, 1094, 1094, 1094, 0
115.001548, 5.000002, 0, 0, 0, 0, 0, 0, 0, 0, 0
120.001538, 4.99999, 150, 699, 902.9, 900, 1047, 1131, 1192, 1192, 0
121.003643, 1.002105, 0, 699, 902.9, 900, 1047, 1131, 1192, 1192, 0
