elapsed, window, total, successful, failed
5.000683, 5.000683, 104922, 104922, 0
10.001681, 5.000998, 92285, 92285, 0
15.001619, 4.999938, 89394, 89394, 0
20.001646, 5.000027, 87058, 87058, 0
25.001602, 4.999956, 87129, 87129, 0
30.001634, 5.000032, 85767, 85767, 0
35.001638, 5.000004, 85030, 85030, 0
40.001599, 4.999961, 84836, 84836, 0
45.0016, 5.000001, 84381, 84381, 0
50.001597, 4.999997, 85061, 85061, 0
55.001681, 5.000084, 84507, 84507, 0
60.001679, 4.999998, 83986, 83986, 0
65.001611, 4.999932, 82506, 82506, 0
70.001699, 5.000088, 82701, 82701, 0
75.001676, 4.999977, 83886, 83886, 0
80.001647, 4.999971, 83383, 83383, 0
85.001634, 4.999987, 83200, 83200, 0
90.001681, 5.000047, 82572, 82572, 0
95.001615, 4.999934, 83543, 83543, 0
100.001647, 5.000032, 82771, 82771, 0
105.001602, 4.999955, 80114, 80114, 0
110.001734, 5.000132, 80068, 80068, 0
115.001627, 4.999893, 81930, 81930, 0
120.001689, 5.000062, 82977, 82977, 0
121.001707, 1.000018, 16477, 16477, 0
