elapsed, window, n, min, mean, median, 95th, 99th, 99_9th, max, errors
5.000683, 5.000683, 104922, 346, 1200.1, 1080, 2211, 2975, 4458, 6442, 0
10.001681, 5.000998, 92285, 330, 1337.6, 1199, 2532, 3354, 4471, 6870, 0
15.001619, 4.999938, 89394, 349, 1383.9, 1226, 2679, 3621, 4931, 7216, 0
20.001646, 5.000027, 87058, 345, 1425.6, 1258, 2793, 3763, 5029, 7539, 0
25.001602, 4.999956, 87129, 341, 1424.6, 1247, 2839, 3871, 5393, 7952, 0
30.001634, 5.000032, 85767, 331, 1445.1, 1269, 2861, 3936, 5470, 8723, 0
35.001638, 5.000004, 85030, 333, 1458.1, 1270, 2931, 3995, 5515, 8756, 0
40.001599, 4.999961, 84836, 330, 1464.2, 1269, 2987, 4107, 5696, 7938, 0
45.0016, 5.000001, 84381, 335, 1476.3, 1277, 3012, 4172, 5792, 9480, 0
50.001597, 4.999997, 85061, 326, 1465.5, 1273, 2965, 4040, 5536, 8893, 0
55.001681, 5.000084, 84507, 305, 1468.8, 1272, 2981, 4131, 5828, 9969, 0
60.001679, 4.999998, 83986, 342, 1475.9, 1278, 3007, 4169, 5842, 8978, 0
65.001611, 4.999932, 82506, 319, 1502.9, 1282, 3131, 4477, 6607, 14286, 0
70.001699, 5.000088, 82701, 327, 1506.6, 1285, 3153, 4494, 6715, 10955, 0
75.001676, 4.999977, 83886, 313, 1489.9, 1289, 3030, 4140, 5850, 9063, 0
80.001647, 4.999971, 83383, 319, 1488.8, 1278, 3085, 4338, 6195, 8753, 0
85.001634, 4.999987, 83200, 319, 1491.0, 1280, 3084, 4328, 6256, 9279, 0
90.001681, 5.000047, 82572, 334, 1503.7, 1283, 3121, 4437, 6615, 11326, 0
95.001615, 4.999934, 83543, 313, 1487.4, 1276, 3082, 4360, 6380, 10464, 0
100.001647, 5.000032, 82771, 328, 1498.1, 1287, 3076, 4365, 6753, 10206, 0
105.001602, 4.999955, 80114, 317, 1540.7, 1288, 3292, 5196, 8576, 14738, 0
110.001734, 5.000132, 80068, 317, 1560.4, 1295, 3339, 5596, 8836, 14738, 0
115.001627, 4.999893, 81930, 314, 1514.4, 1280, 3155, 4603, 8758, 13976, 0
120.001689, 5.000062, 82977, 316, 1497.2, 1280, 3100, 4371, 6937, 10469, 0
121.001707, 1.000018, 16477, 316, 1498.7, 1281, 3107, 4435, 7086, 10469, 0
