elapsed, window, n, min, mean, median, 95th, 99th, 99_9th, max, errors
5.000427, 5.000427, 372, 1461, 45672.0, 19561, 136914, 181133, 207227, 207227, 0
10.001428, 5.001001, 368, 1391, 44962.2, 21225, 127170, 162476, 184932, 184932, 0
15.001358, 4.99993, 343, 1342, 42878.1, 15012, 128580, 159399, 183774, 183774, 0
20.001421, 5.000063, 331, 1421, 64199.0, 35714, 218663, 277618, 305988, 305988, 0
25.001436, 5.000015, 384, 1378, 45199.8, 16001, 120615, 171391, 193886, 193886, 0
30.001398, 4.999962, 356, 1449, 47220.4, 18925, 123219, 148639, 183760, 183760, 0
35.001479, 5.000081, 379, 1343, 51386.7, 28536, 131426, 170685, 191643, 191643, 0
40.001373, 4.999894, 340, 1358, 49009.3, 21505, 135163, 188888, 208825, 208825, 0
45.001492, 5.000119, 384, 1379, 47050.2, 22797, 119993, 167725, 184954, 184954, 0
50.001381, 4.999889, 409, 1447, 44779.1, 13010, 121194, 158230, 186246, 186246, 0
55.001418, 5.000037, 389, 1435, 46107.2, 22363, 133631, 171036, 198221, 198221, 0
60.001477, 5.000059, 406, 1520, 45989.0, 21208, 127331, 156826, 198221, 198221, 0
65.001423, 4.999946, 371, 1437, 50581.9, 37553, 121054, 152432, 213221, 213221, 0
70.0014, 4.999977, 372, 1405, 47148.1, 23334, 128767, 147667, 186823, 186823, 0
75.001375, 4.999975, 357, 1475, 44385.0, 20334, 122438, 142513, 175202, 175202, 0
80.001507, 5.000132, 399, 1460, 44687.0, 20765, 127670, 149429, 176135, 176135, 0
85.001435, 4.999928, 346, 1433, 47570.0, 19852, 128910, 169150, 208436, 208436, 0
90.001386, 4.999951, 380, 1458, 50667.7, 34152, 129369, 145739, 152886, 152886, 0
95.001468, 5.000082, 379, 1435, 45918.2, 23134, 117592, 146460, 148958, 148958, 0
100.001482, 5.000014, 345, 1410, 44675.7, 21272, 117150, 131872, 145707, 145707, 0
105.001361, 4.999879, 375, 1450, 37222.9, 7632, 124036, 155547, 163007, 163007, 0
110.001469, 5.000108, 393, 1469, 49828.0, 27206, 129798, 176279, 207900, 207900, 0
115.001397, 4.999928, 396, 1459, 45015.5, 23354, 119198, 139678, 158422, 158422, 0
120.001366, 4.999969, 406, 1429, 43606.1, 15698, 121308, 141863, 145801, 145801, 0
121.005612, 1.004246, 61, 1454, 44004.7, 15233, 116939, 141863, 145801, 145801, 0
