elapsed, window, n, min, mean, median, 95th, 99th, 99_9th, max, errors
5.000463, 5.000463, 48277, 20350, 25639.9, 23276, 41006, 74635, 106525, 113958, 0
10.001346, 5.000883, 53097, 20361, 23206.1, 22957, 26187, 28214, 38350, 43242, 0
15.001516, 5.00017, 52959, 20358, 23221.3, 22965, 26226, 28180, 43300, 48634, 0
20.001317, 4.999801, 53120, 20351, 23161.5, 22919, 26248, 28100, 36671, 41936, 0
25.001347, 5.00003, 53233, 20367, 23135.4, 22907, 26199, 28234, 32185, 37332, 0
30.001525, 5.000178, 52900, 20340, 23236.7, 22981, 26391, 28612, 36740, 44924, 0
35.001365, 4.99984, 52941, 20354, 23286.3, 23008, 26426, 28835, 41658, 48335, 0
40.00129, 4.999925, 53083, 20363, 23167.0, 22955, 26213, 27874, 30336, 33526, 0
45.001288, 4.999998, 53180, 20364, 23158.4, 22943, 26207, 27960, 30335, 34773, 0
50.001291, 5.000003, 52592, 20341, 23374.2, 22977, 26493, 29608, 59035, 67085, 0
55.001341, 5.00005, 53060, 20353, 23218.6, 22972, 26284, 28430, 39779, 44473, 0
60.001299, 4.999958, 52981, 20356, 23211.3, 23002, 26265, 27934, 30040, 33998, 0
65.001325, 5.000026, 53078, 20361, 23187.0, 22937, 26185, 28328, 40164, 47146, 0
70.001308, 4.999983, 52714, 20358, 23355.7, 23002, 26829, 31577, 38145, 41268, 0
75.00131, 5.000002, 52929, 20341, 23288.7, 23006, 26501, 29471, 36856, 41268, 0
80.001293, 4.999983, 52903, 20341, 23271.8, 22986, 26406, 29350, 42787, 48329, 0
85.001324, 5.000031, 52857, 20352, 23293.0, 22967, 26543, 30294, 40650, 46142, 0
90.001347, 5.000023, 52876, 20325, 23271.3, 22944, 26438, 28987, 49467, 53794, 0
95.001355, 5.000008, 52853, 20307, 23291.4, 22977, 26671, 29751, 39139, 43210, 0
100.00163, 5.000275, 52793, 20317, 23371.2, 22950, 26578, 34594, 52087, 55936, 0
105.001293, 4.999663, 52673, 20351, 23448.8, 22973, 26725, 36819, 54256, 60331, 0
110.001291, 4.999998, 53063, 20346, 23220.2, 22956, 26187, 28053, 50199, 56118, 0
115.001314, 5.000023, 52185, 20352, 23599.3, 22973, 26729, 44373, 66806, 70442, 0
120.001314, 5.0, 53261, 20350, 23137.5, 22916, 26173, 27849, 29840, 33201, 0
121.005397, 1.004083, 10699, 20350, 23119.4, 22900, 26149, 27859, 29717, 33201, 0
