elapsed, window, n, min, mean, median, 95th, 99th, 99_9th, max, errors
5.000785, 5.000785, 17725, 6, 12.4, 11, 22, 30, 45, 92, 0
10.001786, 5.001001, 17805, 6, 12.2, 11, 21, 29, 43, 84, 0
15.001784, 4.999998, 17831, 6, 12.3, 11, 21, 29, 45, 95, 0
20.001786, 5.000002, 17724, 6, 12.2, 11, 21, 30, 44, 110, 0
25.001799, 5.000013, 17791, 6, 12.1, 11, 21, 29, 44, 83, 0
30.001774, 4.999975, 17883, 6, 12.2, 11, 21, 30, 45, 77, 0
35.00173, 4.999956, 17796, 6, 12.1, 11, 21, 29, 48, 88, 0
40.001788, 5.000058, 17811, 6, 12.1, 11, 21, 29, 47, 74, 0
45.001784, 4.999996, 17766, 6, 12.1, 11, 21, 29, 46, 85, 0
50.001804, 5.00002, 17865, 6, 12.2, 11, 21, 29, 44, 72, 0
55.002073, 5.000269, 17822, 6, 12.1, 11, 21, 29, 51, 177, 0
60.000731, 4.998658, 17851, 6, 12.1, 11, 21, 29, 47, 88, 0
65.002009, 5.001278, 17780, 6, 12.1, 11, 21, 29, 52, 215, 0
70.000731, 4.998722, 17827, 6, 12.1, 11, 21, 29, 46, 104, 0
75.001882, 5.001151, 17873, 6, 12.2, 11, 21, 30, 46, 92, 0
80.001732, 4.99985, 17833, 6, 12.1, 11, 21, 29, 46, 96, 0
85.001732, 5.0, 17816, 6, 12.1, 11, 21, 29, 52, 81, 0
90.001787, 5.000055, 17810, 6, 12.1, 11, 21, 29, 45, 116, 0
95.001749, 4.999962, 17808, 6, 12.2, 11, 21, 29, 48, 87, 0
100.001783, 5.000034, 17889, 6, 12.1, 11, 21, 29, 44, 106, 0
105.001733, 4.99995, 17826, 6, 12.2, 11, 21, 29, 41, 157, 0
110.001746, 5.000013, 17825, 7, 12.1, 11, 21, 30, 50, 121, 0
115.001755, 5.000009, 17835, 6, 12.2, 11, 21, 29, 49, 121, 0
120.001731, 4.999976, 17831, 6, 12.0, 11, 21, 28, 43, 119, 0
121.001777, 1.000046, 3548, 6, 12.1, 11, 21, 29, 42, 119, 0
