elapsed, window, n, min, mean, median, 95th, 99th, 99_9th, max, errors
5.000296, 5.000296, 6843, 81, 2277.5, 165, 10732, 17397, 23813, 39623, 0
10.0013, 5.001004, 7373, 82, 2119.4, 172, 9891, 14625, 21133, 22797, 0
15.001297, 4.999997, 7338, 78, 2195.3, 179, 10091, 15374, 20374, 23981, 0
20.001546, 5.000249, 7388, 78, 2150.1, 171, 10009, 15184, 20240, 22787, 0
25.001529, 4.999983, 7342, 78, 2209.0, 163, 10165, 16437, 23473, 30882, 0
30.001265, 4.999736, 7403, 79, 2113.5, 163, 9886, 14353, 20176, 21965, 0
35.001296, 5.000031, 7436, 80, 2108.6, 169, 9747, 15134, 20695, 29430, 0
40.001298, 5.000002, 7418, 79, 2093.8, 172, 9752, 14667, 20493, 24113, 0
45.001314, 5.000016, 7396, 80, 2082.4, 164, 9805, 14836, 20761, 27184, 0
50.001298, 4.999984, 7385, 81, 2130.3, 162, 9869, 14772, 20499, 26626, 0
55.001245, 4.999947, 7443, 78, 2008.8, 166, 9772, 15183, 20218, 22983, 0
60.001244, 4.999999, 7412, 81, 2136.1, 173, 9838, 15100, 20326, 24388, 0
65.001242, 4.999998, 7462, 81, 2041.7, 163, 9619, 14529, 19911, 22382, 0
70.0013, 5.000058, 7427, 78, 2097.1, 173, 9632, 14840, 19323, 30879, 0
75.001244, 4.999944, 7441, 79, 2006.2, 163, 9454, 14306, 20282, 23679, 0
80.001297, 5.000053, 7396, 79, 2008.7, 163, 9566, 14112, 20515, 23994, 0
85.001238, 4.999941, 7389, 79, 2179.4, 172, 10064, 14847, 20570, 22152, 0
90.00124, 5.000002, 7416, 78, 2160.8, 171, 9855, 15374, 21842, 30313, 0
95.001245, 5.000005, 7364, 76, 2091.6, 164, 9816, 15869, 21138, 22316, 0
100.001298, 5.000053, 7464, 79, 2051.1, 161, 9565, 15301, 20454, 22639, 0
105.001294, 4.999996, 7382, 78, 2133.1, 156, 9869, 14561, 21230, 26845, 0
110.001243, 4.999949, 7404, 78, 2073.8, 161, 9758, 15139, 21143, 24687, 0
115.001295, 5.000052, 7369, 80, 2125.8, 169, 9850, 15329, 20211, 27789, 0
120.001297, 5.000002, 7370, 79, 2114.0, 169, 9802, 15243, 21848, 23620, 0
121.002322, 1.001025, 1501, 79, 2139.0, 169, 9830, 15389, 21848, 23620, 0
