elapsed, window, n, min, mean, median, 95th, 99th, 99_9th, max, errors
5.001117, 5.001117, 35084, 20270, 21174.9, 20654, 22692, 34249, 54556, 59917, 0
10.001021, 4.999904, 35675, 20283, 20748.1, 20592, 21636, 22372, 23897, 26027, 0
15.001326, 5.000305, 35638, 20273, 20759.7, 20596, 21685, 22502, 24168, 25972, 0
20.001053, 4.999727, 35680, 20281, 20752.8, 20594, 21660, 22395, 23789, 28916, 0
25.000976, 4.999923, 35642, 20283, 20769.5, 20603, 21693, 22495, 24356, 26064, 0
30.00199, 5.001014, 35617, 20274, 20780.6, 20611, 21724, 22621, 24469, 26980, 0
35.002025, 5.000035, 35652, 20283, 20760.4, 20604, 21658, 22399, 23843, 27070, 0
40.000966, 4.998941, 35696, 20270, 20748.9, 20597, 21620, 22346, 23761, 26532, 0
45.002012, 5.001046, 35683, 20277, 20749.6, 20600, 21620, 22302, 23305, 25552, 0
50.000988, 4.998976, 35683, 20283, 20738.3, 20592, 21598, 22272, 23398, 25552, 0
55.002296, 5.001308, 35691, 20284, 20735.8, 20592, 21582, 22257, 23336, 24498, 0
60.000966, 4.99867, 35676, 20281, 20742.4, 20596, 21604, 22276, 23289, 24979, 0
65.001972, 5.001006, 35646, 20278, 20761.4, 20607, 21657, 22400, 23627, 26366, 0
70.001959, 4.999987, 35623, 20282, 20783.4, 20623, 21698, 22519, 24224, 26549, 0
75.00202, 5.000061, 35636, 20282, 20758.1, 20603, 21655, 22412, 23786, 26925, 0
80.001018, 4.998998, 35665, 20286, 20747.7, 20599, 21608, 22307, 23280, 26925, 0
85.000964, 4.999946, 35664, 20287, 20749.5, 20604, 21612, 22314, 23344, 26146, 0
90.001991, 5.001027, 35674, 20283, 20749.2, 20599, 21610, 22356, 23525, 25797, 0
95.002272, 5.000281, 35642, 20279, 20779.2, 20614, 21708, 22522, 24108, 25797, 0
100.000984, 4.998712, 35636, 20285, 20753.2, 20606, 21608, 22318, 23376, 25066, 0
105.001975, 5.000991, 35619, 20280, 20773.4, 20613, 21687, 22503, 24210, 25774, 0
110.002134, 5.000159, 35633, 20282, 20773.1, 20612, 21696, 22528, 23897, 25774, 0
115.000968, 4.998834, 35681, 20282, 20744.9, 20596, 21605, 22310, 23448, 25401, 0
120.001972, 5.001004, 35628, 20280, 20765.0, 20612, 21649, 22385, 23525, 24585, 0
121.00304, 1.001068, 7118, 20276, 20771.7, 20616, 21667, 22435, 23760, 25074, 0
