elapsed, window, total, successful, failed
5.000354, 5.000354, 165043, 165043, 0
10.001321, 5.000967, 151130, 151130, 0
15.001321, 5.0, 158967, 158967, 0
20.001336, 5.000015, 151475, 151475, 0
25.001338, 5.000002, 156857, 156857, 0
30.00133, 4.999992, 149588, 149588, 0
35.001356, 5.000026, 155623, 155623, 0
40.001398, 5.000042, 146802, 146802, 0
45.001329, 4.999931, 150725, 150725, 0
50.001335, 5.000006, 147234, 147234, 0
55.001348, 5.000013, 153565, 153565, 0
60.001354, 5.000006, 146208, 146208, 0
65.001324, 4.99997, 149521, 149521, 0
70.001406, 5.000082, 146569, 146569, 0
75.001547, 5.000141, 151425, 151425, 0
80.001338, 4.999791, 147642, 147642, 0
85.001455, 5.000117, 151433, 151433, 0
90.001392, 4.999937, 147428, 147428, 0
95.001329, 4.999937, 153307, 153307, 0
100.001324, 4.999995, 145534, 145534, 0
105.001361, 5.000037, 151563, 151563, 0
110.001337, 4.999976, 146736, 146736, 0
115.001353, 5.000016, 154539, 154539, 0
120.001334, 4.999981, 145570, 145570, 0
121.004388, 1.003054, 29499, 29499, 0
