elapsed, window, n, min, mean, median, 95th, 99th, 99_9th, max, errors
5.000542, 5.000542, 35, 1043, 133536.8, 157281, 218325, 253463, 253463, 253463, 0
10.001507, 5.000965, 0, 0, 0, 0, 0, 0, 0, 0, 0
15.001539, 5.000032, 0, 0, 0, 0, 0, 0, 0, 0, 0
20.001501, 4.999962, 0, 0, 0, 0, 0, 0, 0, 0, 0
25.001506, 5.000005, 0, 0, 0, 0, 0, 0, 0, 0, 0
30.0015, 4.999994, 0, 0, 0, 0, 0, 0, 0, 0, 0
35.001444, 4.999944, 28, 898, 197002.3, 215423, 332662, 454852, 454852, 454852, 0
40.001506, 5.000062, 42, 890, 197676.2, 222750, 342499, 394180, 394180, 394180, 0
45.001379, 4.999873, 0, 0, 0, 0, 0, 0, 0, 0, 0
50.001653, 5.000274, 35, 898, 189468.1, 205921, 365080, 380497, 380497, 380497, 0
55.001447, 4.999794, 0, 0, 0, 0, 0, 0, 0, 0, 0
60.001503, 5.000056, 66, 767, 80616.4, 1095, 330979, 335598, 397088, 397088, 0
65.001447, 4.999944, 89, 885, 167538.8, 179128, 373220, 384224, 409249, 409249, 0
70.001419, 4.999972, 80, 860, 180722.7, 194425, 397107, 409249, 457153, 457153, 0
75.001409, 4.99999, 37, 925, 142009.4, 147155, 291427, 379742, 379742, 379742, 0
80.001509, 5.0001, 72, 875, 118822.8, 92746, 308130, 367551, 443221, 443221, 0
85.001509, 5.0, 36, 981, 130703.8, 121056, 326854, 369239, 369239, 369239, 0
90.001542, 5.000033, 32, 930, 14620.6, 6595, 18414, 108763, 108763, 108763, 0
95.001514, 4.999972, 0, 0, 0, 0, 0, 0, 0, 0, 0
100.001537, 5.000023, 32, 965, 252943.3, 281118, 409102, 416639, 416639, 416639, 0
105.00152, 4.999983, 81, 953, 180047.8, 183524, 371831, 424450, 446553, 446553, 0
110.001367, 4.999847, 37, 1147, 155109.6, 132396, 302029, 414470, 414470, 414470, 0
115.001448, 5.000081, 51, 927, 144753.9, 119002, 368412, 384526, 436742, 436742, 0
120.001503, 5.000055, 39, 912, 62579.6, 3103, 268316, 449878, 449878, 449878, 0
121.003625, 1.002122, 12, 912, 47844.5, 2269, 183855, 268316, 268316, 268316, 0
