elapsed, window, total, successful, failed
5.00036, 5.00036, 6046, 6046, 0
10.001335, 5.000975, 6605, 6605, 0
15.001274, 4.999939, 6702, 6702, 0
20.001241, 4.999967, 6862, 6862, 0
25.001211, 4.99997, 6901, 6901, 0
30.001252, 5.000041, 6950, 6950, 0
35.001291, 5.000039, 7007, 7007, 0
40.001242, 4.999951, 6496, 6496, 0
45.00124, 4.999998, 6711, 6711, 0
50.001232, 4.999992, 6662, 6662, 0
55.001294, 5.000062, 6921, 6921, 0
60.001213, 4.999919, 6944, 6944, 0
65.001378, 5.000165, 6836, 6836, 0
70.001342, 4.999964, 6966, 6966, 0
75.001212, 4.99987, 6899, 6899, 0
80.001328, 5.000116, 6109, 6109, 0
85.001226, 4.999898, 6358, 6358, 0
90.001238, 5.000012, 6340, 6340, 0
95.001384, 5.000146, 6289, 6289, 0
100.001345, 4.999961, 6626, 6626, 0
105.001271, 4.999926, 6824, 6824, 0
110.001327, 5.000056, 6989, 6989, 0
115.00124, 4.999913, 6820, 6820, 0
120.001228, 4.999988, 6988, 6988, 0
121.009551, 1.008323, 2270, 2270, 0
