elapsed, window, n, min, mean, median, 95th, 99th, 99_9th, max, errors
5.000759, 5.000759, 10087, 81, 115.9, 105, 133, 191, 1809, 1933, 0
10.00157, 5.000811, 10110, 78, 107.2, 103, 132, 166, 511, 722, 0
15.001557, 4.999987, 10128, 78, 107.5, 103, 131, 163, 441, 2300, 0
20.001518, 4.999961, 10106, 78, 106.3, 103, 131, 161, 318, 616, 0
25.001513, 4.999995, 10133, 81, 107.2, 104, 132, 160, 251, 2690, 0
30.001553, 5.00004, 10136, 76, 107.0, 103, 134, 162, 262, 2909, 0
35.001554, 5.000001, 10128, 78, 106.9, 103, 133, 166, 230, 670, 0
40.001506, 4.999952, 10121, 78, 106.1, 103, 132, 164, 255, 800, 0
45.001556, 5.00005, 10127, 80, 106.7, 103, 133, 166, 244, 800, 0
50.001546, 4.99999, 10107, 76, 106.7, 103, 131, 161, 235, 772, 0
55.001556, 5.00001, 10127, 76, 106.6, 103, 131, 160, 241, 3739, 0
60.001503, 4.999947, 10122, 74, 106.1, 103, 133, 164, 214, 1099, 0
65.001517, 5.000014, 10117, 74, 105.5, 102, 130, 161, 215, 622, 0
70.001556, 5.000039, 10119, 77, 105.8, 102, 129, 162, 397, 764, 0
75.001546, 4.99999, 10130, 80, 106.1, 103, 129, 159, 225, 675, 0
80.001726, 5.00018, 10127, 78, 106.7, 103, 129, 161, 228, 3709, 0
85.001555, 4.999829, 10128, 76, 107.1, 103, 132, 166, 477, 1191, 0
90.001561, 5.000006, 10105, 75, 106.9, 103, 132, 166, 373, 674, 0
95.001559, 4.999998, 10129, 76, 106.3, 102, 133, 167, 442, 1298, 0
100.001557, 4.999998, 10104, 78, 105.7, 102, 131, 165, 290, 1805, 0
105.001578, 5.000021, 10131, 78, 106.9, 103, 131, 161, 533, 2488, 0
110.001555, 4.999977, 10109, 77, 106.8, 103, 133, 169, 389, 773, 0
115.001559, 5.000004, 10119, 77, 105.7, 103, 132, 165, 230, 388, 0
120.001533, 4.999974, 10109, 76, 106.1, 102, 131, 164, 476, 1473, 0
121.002675, 1.001142, 2019, 76, 106.8, 103, 132, 164, 540, 2026, 0
