elapsed, window, total, successful, failed
5.000721, 5.000721, 24305, 24305, 0
10.001743, 5.001022, 15730, 15730, 0
15.001786, 5.000043, 18362, 18362, 0
20.001753, 4.999967, 3568, 3568, 0
25.001648, 4.999895, 13112, 13112, 0
30.001781, 5.000133, 6950, 6950, 0
35.001614, 4.999833, 23200, 23200, 0
40.001761, 5.000147, 20453, 20453, 0
45.001608, 4.999847, 10763, 10763, 0
50.001733, 5.000125, 20732, 20732, 0
55.001819, 5.000086, 10788, 10788, 0
60.001633, 4.999814, 10320, 10320, 0
65.001682, 5.000049, 23501, 23501, 0
70.001721, 5.000039, 13549, 13549, 0
75.001774, 5.000053, 24408, 24408, 0
80.001649, 4.999875, 20277, 20277, 0
85.001665, 5.000016, 7623, 7623, 0
90.001611, 4.999946, 17077, 17077, 0
95.001732, 5.000121, 20911, 20911, 0
100.001717, 4.999985, 14284, 14284, 0
105.001703, 4.999986, 14285, 14285, 0
110.001607, 4.999904, 13939, 13939, 0
115.001766, 5.000159, 7137, 7137, 0
120.001604, 4.999838, 15720, 15720, 0
125.001634, 5.00003, 21951, 21951, 0
130.001635, 5.000001, 27113, 27113, 0
135.001705, 5.00007, 17604, 17604, 0
140.001628, 4.999923, 17281, 17281, 0
145.001738, 5.00011, 11134, 11134, 0
150.001647, 4.999909, 11342, 11342, 0
155.001761, 5.000114, 9077, 9077, 0
160.001717, 4.999956, 20788, 20788, 0
165.001731, 5.000014, 7827, 7827, 0
170.001765, 5.000034, 492, 492, 0
175.001651, 4.999886, 17147, 17147, 0
180.001615, 4.999964, 25545, 25545, 0
181.002964, 1.001349, 1578, 1578, 0
