elapsed, window, n, min, mean, median, 95th, 99th, 99_9th, max, errors
5.000346, 5.000346, 53494, 84, 198.7, 152, 421, 835, 2340, 2958, 0
10.001394, 5.001048, 55630, 85, 187.3, 154, 375, 588, 944, 2460, 0
15.001381, 4.999987, 55654, 85, 190.5, 156, 388, 606, 970, 1643, 0
20.001354, 4.999973, 55694, 85, 193.3, 156, 404, 661, 1042, 5880, 0
25.001412, 5.000058, 55199, 85, 193.7, 154, 400, 701, 1557, 2861, 0
30.001357, 4.999945, 55591, 83, 195.2, 156, 400, 675, 1432, 5047, 0
35.001357, 5.0, 55895, 84, 189.3, 155, 381, 612, 1115, 4749, 0
40.001629, 5.000272, 56168, 83, 190.5, 155, 384, 618, 1270, 2912, 0
45.001341, 4.999712, 55979, 84, 187.7, 155, 377, 590, 951, 1874, 0
50.001389, 5.000048, 55646, 84, 187.0, 154, 374, 588, 954, 2384, 0
55.001391, 5.000002, 55741, 78, 189.1, 157, 379, 566, 863, 5237, 0
60.001518, 5.000127, 55828, 85, 193.5, 156, 392, 635, 1399, 4916, 0
65.001343, 4.999825, 56290, 86, 194.0, 158, 395, 631, 1058, 4542, 0
70.001352, 5.000009, 55575, 82, 190.3, 159, 376, 578, 952, 2322, 0
75.001345, 4.999993, 55345, 83, 195.9, 158, 398, 663, 1581, 4730, 0
80.001365, 5.00002, 56131, 85, 193.8, 161, 389, 605, 947, 1267, 0
85.001409, 5.000044, 56088, 83, 193.3, 161, 382, 591, 930, 5564, 0
90.001357, 4.999948, 56234, 85, 194.1, 163, 381, 582, 974, 5693, 0
95.001337, 4.99998, 55976, 83, 192.7, 160, 376, 579, 961, 6412, 0
100.001425, 5.000088, 56116, 84, 198.0, 162, 397, 636, 1485, 5194, 0
105.001344, 4.999919, 55122, 86, 195.2, 162, 386, 611, 1100, 5594, 0
110.001342, 4.999998, 56276, 84, 194.0, 161, 387, 599, 1041, 3930, 0
115.00136, 5.000018, 56134, 81, 195.6, 162, 395, 626, 1063, 4550, 0
120.001387, 5.000027, 56403, 80, 198.5, 162, 401, 650, 1216, 5152, 0
121.00744, 1.006053, 11243, 80, 196.7, 162, 395, 635, 1139, 5231, 0
