elapsed, window, n, min, mean, median, 95th, 99th, 99_9th, max, errors
0.707265, 0.707265, 46, 1250, 394104.3, 389348, 598559, 623043, 623043, 623043, 0
