elapsed, window, n, min, mean, median, 95th, 99th, 99_9th, max, errors
5.000832, 5.000832, 100, 92139, 221994.2, 223061, 283717, 296600, 297491, 297491, 437
10.00181, 5.000978, 190, 91778, 219518.0, 221251, 281430, 299952, 385829, 385829, 348
15.00173, 4.99992, 232, 91937, 222466.4, 224714, 280857, 298623, 313266, 313266, 291
20.00182, 5.00009, 252, 92137, 224692.2, 228893, 287982, 312034, 323612, 323612, 266
25.001737, 4.999917, 223, 91724, 234276.4, 229915, 312908, 331148, 337554, 337554, 241
30.00178, 5.000043, 246, 91519, 227888.1, 223877, 301658, 315897, 432569, 432569, 247
35.001798, 5.000018, 272, 92074, 222905.7, 223939, 279310, 304207, 316194, 316194, 216
40.00196, 5.000162, 308, 91914, 223181.4, 223473, 278183, 300986, 307636, 307636, 220
45.001741, 4.999781, 300, 91644, 227239.2, 227687, 291239, 314702, 345808, 345808, 193
50.001793, 5.000052, 327, 91844, 226013.1, 220660, 295823, 311803, 350259, 350259, 210
55.001704, 4.999911, 316, 91980, 219900.4, 217074, 288201, 311997, 333075, 333075, 198
60.001783, 5.000079, 320, 92044, 227276.1, 225610, 290256, 300795, 305098, 305098, 176
65.001801, 5.000018, 323, 91938, 225124.0, 224317, 284625, 307798, 320895, 320895, 182
70.001717, 4.999916, 331, 91982, 224908.3, 227770, 270853, 299959, 316112, 316112, 184
75.001821, 5.000104, 355, 92149, 220103.9, 219612, 265788, 300877, 323743, 323743, 176
80.001832, 5.000011, 342, 92224, 227642.0, 228126, 290216, 309185, 320128, 320128, 173
85.001808, 4.999976, 324, 91945, 234543.3, 238855, 295680, 309185, 321522, 321522, 172
90.001784, 4.999976, 330, 92336, 235839.3, 222987, 360938, 489836, 526302, 526302, 157
95.001771, 4.999987, 326, 92200, 228424.0, 227425, 286971, 309352, 321108, 321108, 161
100.001803, 5.000032, 340, 92008, 234893.1, 231651, 303725, 350010, 364724, 364724, 157
105.001776, 4.999973, 384, 92063, 223843.9, 221831, 283084, 300237, 318280, 318280, 170
110.00172, 4.999944, 346, 91684, 232003.5, 232524, 295358, 311907, 324140, 324140, 131
115.001765, 5.000045, 354, 92111, 223713.5, 221436, 288428, 301182, 324140, 324140, 142
120.001778, 5.000013, 386, 91994, 221634.3, 217796, 288918, 307051, 312779, 312779, 140
121.006908, 1.00513, 92, 91994, 218061.4, 212027, 279760, 308482, 342637, 342637, 24
