elapsed, window, n, min, mean, median, 95th, 99th, 99_9th, max, errors
5.000901, 5.000901, 123013, 305, 3099.8, 2475, 7357, 10595, 32409, 37920, 0
10.001955, 5.001054, 124421, 310, 3017.7, 2505, 7087, 9542, 13258, 20388, 0
15.001835, 4.99988, 123075, 308, 3036.3, 2485, 7199, 9739, 13348, 22426, 0
20.001832, 4.999997, 123344, 303, 3041.4, 2513, 7203, 9767, 14270, 24285, 0
25.00184, 5.000008, 124010, 309, 3025.2, 2513, 7142, 9697, 14149, 20643, 0
30.001865, 5.000025, 123008, 316, 3037.1, 2516, 7144, 9729, 13774, 25086, 0
35.001846, 4.999981, 124337, 289, 3011.8, 2556, 6847, 9263, 13649, 20548, 0
40.001868, 5.000022, 124075, 308, 3008.5, 2506, 7001, 9490, 13378, 22272, 0
45.001869, 5.000001, 123037, 314, 3027.9, 2507, 7160, 9717, 13536, 23277, 0
50.001897, 5.000028, 124439, 297, 3011.8, 2520, 6953, 9419, 12797, 23277, 0
55.001842, 4.999945, 124207, 319, 3015.3, 2532, 6999, 9436, 13054, 21207, 0
60.001853, 5.000011, 122538, 285, 3048.1, 2530, 7171, 9665, 13455, 21014, 0
65.001871, 5.000018, 123018, 315, 3039.1, 2520, 7096, 9562, 13627, 21242, 0
70.001836, 4.999965, 123177, 325, 3043.4, 2542, 7088, 9690, 13592, 29003, 0
75.001903, 5.000067, 123315, 297, 3031.8, 2560, 6943, 9284, 12550, 29003, 0
80.001838, 4.999935, 122404, 306, 3053.3, 2548, 7104, 9611, 13225, 21531, 0
85.001867, 5.000029, 123301, 323, 3038.3, 2534, 7086, 9551, 13152, 23527, 0
90.001991, 5.000124, 123550, 311, 3034.4, 2553, 6998, 9406, 13205, 21101, 0
95.001839, 4.999848, 121506, 310, 3072.5, 2573, 7177, 9672, 13634, 18552, 0
100.001845, 5.000006, 122292, 323, 3060.4, 2551, 7140, 9636, 13503, 24844, 0
105.001901, 5.000056, 122853, 290, 3049.3, 2549, 7091, 9596, 13493, 22027, 0
110.001838, 4.999937, 122858, 307, 3043.7, 2565, 7017, 9446, 13036, 21372, 0
115.001834, 4.999996, 121917, 302, 3059.7, 2512, 7247, 9821, 13758, 30653, 0
120.001848, 5.000014, 122817, 308, 3048.7, 2519, 7150, 9672, 13890, 25984, 0
121.002911, 1.001063, 24119, 308, 3057.2, 2515, 7245, 9751, 14440, 25984, 0
