elapsed, window, n, min, mean, median, 95th, 99th, 99_9th, max, errors
5.00093, 5.00093, 53316, 20192, 27549.1, 24147, 42974, 95527, 195567, 218844, 0
10.00201, 5.00108, 56109, 20218, 26176.0, 24417, 35089, 67430, 124784, 145761, 0
15.001887, 4.999877, 54051, 20209, 26978.9, 23631, 47590, 84827, 138058, 157885, 0
20.001941, 5.000054, 54301, 19967, 26893.1, 23899, 36533, 89127, 181886, 212355, 0
25.001897, 4.999956, 56443, 20202, 25946.3, 24047, 34447, 66999, 111905, 127493, 0
30.001892, 4.999995, 56408, 20207, 25908.0, 24653, 33037, 60109, 88773, 110175, 0
35.001966, 5.000074, 55880, 20226, 26143.1, 24260, 33745, 68380, 129204, 141709, 0
40.00189, 4.999924, 55857, 20207, 26178.4, 24535, 34550, 69882, 101307, 126081, 0
45.001893, 5.000003, 55587, 20214, 26265.9, 24469, 34101, 73373, 128339, 139776, 0
50.001915, 5.000022, 55351, 20182, 26427.8, 24299, 35076, 73803, 145052, 178273, 0
55.001901, 4.999986, 55693, 20228, 26304.0, 23825, 35325, 79113, 157445, 181690, 0
60.001898, 4.999997, 55694, 20213, 26287.2, 25119, 34030, 54026, 116992, 133709, 0
65.001972, 5.000074, 55822, 20215, 26206.2, 24123, 35668, 68713, 121810, 133709, 0
70.001912, 4.99994, 55630, 20216, 26282.1, 23935, 34873, 70986, 118663, 137144, 0
75.00191, 4.999998, 56303, 20228, 25919.2, 24445, 33325, 57153, 96621, 116062, 0
80.001892, 4.999982, 55216, 20208, 26386.9, 23965, 34637, 61847, 180619, 198469, 0
85.001977, 5.000085, 56532, 20204, 25901.9, 24224, 34217, 66795, 104304, 119345, 0
90.001907, 4.99993, 55569, 20204, 26272.5, 25159, 33695, 54656, 94813, 128651, 0
95.001928, 5.000021, 54683, 20199, 26657.7, 24122, 38364, 84749, 136935, 152624, 0
100.001902, 4.999974, 56439, 20205, 25944.3, 25376, 33011, 42606, 64906, 76160, 0
105.001892, 4.99999, 54948, 20176, 26589.3, 23634, 40847, 80209, 131972, 143581, 0
110.001899, 5.000007, 56536, 20197, 25905.4, 25060, 32904, 52285, 81698, 93555, 0
115.001896, 4.999997, 54777, 20204, 26733.1, 23789, 37242, 77852, 188917, 204182, 0
120.002006, 5.00011, 54274, 20204, 27035.3, 23423, 43876, 102409, 162180, 180148, 0
121.004994, 1.002988, 11281, 20215, 26707.3, 23779, 38201, 89996, 154410, 180148, 0
