elapsed, window, n, min, mean, median, 95th, 99th, 99_9th, max, errors
5.001037, 5.001037, 12101, 692, 8299.5, 3577, 14288, 115264, 506218, 739678, 0
10.001056, 5.000019, 11414, 660, 9003.2, 4397, 16311, 138976, 365559, 540107, 0
15.00103, 4.999974, 13044, 777, 8308.3, 4005, 13637, 120731, 339970, 501573, 0
20.00107, 5.00004, 11576, 645, 8876.5, 4517, 25426, 114677, 240475, 442597, 0
25.001044, 4.999974, 12834, 713, 7658.4, 4193, 15253, 98828, 246418, 345759, 0
30.001067, 5.000023, 11196, 630, 8993.7, 4257, 20132, 132796, 321148, 381383, 0
35.001029, 4.999962, 12701, 706, 8081.8, 4007, 14542, 122405, 268206, 437106, 0
40.001034, 5.000005, 11699, 688, 8378.2, 4391, 17143, 115820, 267326, 609561, 0
45.00105, 5.000016, 12688, 720, 7699.9, 3995, 12977, 108139, 306177, 487586, 0
50.001048, 4.999998, 11584, 662, 8910.6, 4457, 19410, 114565, 322347, 703888, 0
55.001034, 4.999986, 12699, 737, 7705.5, 4062, 13984, 103312, 279819, 436127, 0
60.001059, 5.000025, 11616, 665, 8433.6, 4197, 18173, 106891, 304090, 651295, 0
65.001058, 4.999999, 12683, 731, 7838.2, 3903, 13737, 113366, 321912, 465448, 0
70.001064, 5.000006, 11417, 702, 8925.0, 4244, 20199, 128822, 290394, 412711, 0
75.001049, 4.999985, 12925, 781, 7722.4, 4003, 14294, 112115, 251893, 354525, 0
80.001091, 5.000042, 11120, 727, 8656.6, 4157, 18764, 126530, 267712, 359869, 0
85.001045, 4.999954, 12158, 737, 8682.1, 3957, 16995, 119759, 403829, 567510, 0
90.001022, 4.999977, 11223, 741, 8940.6, 4145, 20140, 125248, 294580, 507438, 0
95.001039, 5.000017, 12461, 776, 8229.4, 4020, 15578, 125084, 256284, 391295, 0
100.001037, 4.999998, 11305, 706, 9375.5, 4234, 24158, 136726, 281787, 328183, 0
105.001043, 5.000006, 12306, 676, 7882.9, 4029, 16653, 106425, 275745, 430041, 0
110.001077, 5.000034, 11246, 710, 8827.6, 4206, 21728, 131714, 251721, 373904, 0
115.001085, 5.000008, 11814, 748, 8309.7, 4046, 20030, 116943, 281038, 426978, 0
120.001044, 4.999959, 11188, 691, 8674.6, 4344, 20166, 110907, 300989, 348724, 0
121.004115, 1.003071, 2248, 691, 8913.0, 4358, 24236, 119125, 300989, 348724, 0
