elapsed, window, n, min, mean, max, errors, median
5.000781, 5.000781,218578, 884,2854.77, 29838,0,1727.9
10.001709, 5.000928,216613, 904,2842.49, 33607,0,1728.86
15.001676, 4.999967,216661, 893,2841.95, 33607,0,1742.36
20.00171, 5.000034,216069, 859,2852.65, 24951,0,1748.77
25.001685, 4.999975,215679, 862,2853.32, 29220,0,1744.68
30.001909, 5.000224,217007, 873,2835.41, 22980,0,1747.27
35.001712, 4.999803,217201, 904,2836.01, 21735,0,1740.84
40.001712, 5.0,217353, 887,2829.87, 24821,0,1733.08
45.001668, 4.999956,215601, 882,2842.46, 28984,0,1734.64
50.00178, 5.000112,217143, 879,2834.16, 21509,0,1738.12
55.001757, 4.999977,215910, 867,2843.53, 22535,0,1752.47
60.001696, 4.999939,216362, 876,2837.64, 22589,0,1733.16
65.001726, 5.00003,217311, 849,2833.78, 21525,0,1738.03
70.001685, 4.999959,217524, 871,2826.73, 23134,0,1737.85
75.001828, 5.000143,216469, 885,2843.52, 34762,0,1748.56
80.001696, 4.999868,215486, 885,2848.64, 29736,0,1748.58
85.001714, 5.000018,215965, 929,2840.3, 30468,0,1756.83
90.001898, 5.000184,215339, 923,2844.86, 21928,0,1758.55
95.001773, 4.999875,215845, 921,2837.79, 24333,0,1761.35
100.001679, 4.999906,215972, 868,2843.64, 20293,0,1748.43
105.001736, 5.000057,216623, 885,2839.43, 22671,0,1773.82
110.001733, 4.999997,215476, 872,2843.69, 22475,0,1762.75
115.00175, 5.000017,214435, 878,2860.34, 23331,0,1766.02
120.001707, 4.999957,217811, 877,2833.39, 20584,0,1762.04
121.00281, 1.001103,44395, 877,2816.78, 20584,0,1753.08

