elapsed, window, n, min, mean, median, 95th, 99th, 99_9th, max, errors
5.000989, 5.000989, 192016, 609, 5931.8, 5479, 10634, 13633, 42710, 51338, 0
10.00198, 5.000991, 187552, 589, 5877.7, 5496, 10369, 13116, 16872, 25798, 0
15.001988, 5.000008, 185189, 550, 5884.0, 5498, 10327, 13038, 16683, 25798, 0
20.002012, 5.000024, 184549, 652, 5911.7, 5496, 10566, 13313, 17046, 24904, 0
25.001, 4.998988, 184151, 615, 5941.9, 5543, 10555, 13233, 16758, 23952, 0
30.001981, 5.000981, 183361, 655, 5968.8, 5594, 10464, 13094, 16368, 23617, 0
35.002018, 5.000037, 182747, 531, 5982.7, 5608, 10394, 13054, 16582, 26109, 0
40.001016, 4.998998, 183263, 595, 5979.1, 5567, 10619, 13376, 16859, 24729, 0
45.000994, 4.999978, 181170, 564, 6032.2, 5611, 10868, 13716, 17448, 24449, 0
50.001995, 5.001001, 178701, 589, 6094.7, 5600, 11362, 14520, 18403, 27843, 0
55.001993, 4.999998, 179239, 499, 6104.6, 5645, 11197, 14208, 18197, 32157, 0
60.001986, 4.999993, 180748, 695, 6064.4, 5646, 10887, 13754, 17554, 26127, 0
61.004065, 1.002079, 35817, 695, 6052.1, 5639, 10790, 13570, 17238, 26127, 0
