elapsed, window, total, successful, failed
5.000357, 5.000357, 77998, 77998, 0
10.001417, 5.00106, 76235, 76235, 0
15.001359, 4.999942, 78570, 78570, 0
20.001374, 5.000015, 77445, 77445, 0
25.001409, 5.000035, 78574, 78574, 0
30.001411, 5.000002, 76725, 76725, 0
35.001372, 4.999961, 79860, 79860, 0
40.001359, 4.999987, 79676, 79676, 0
45.001352, 4.999993, 78839, 78839, 0
50.001407, 5.000055, 76668, 76668, 0
55.001365, 4.999958, 79317, 79317, 0
60.001407, 5.000042, 77888, 77888, 0
65.001405, 4.999998, 78791, 78791, 0
70.001406, 5.000001, 78589, 78589, 0
75.001479, 5.000073, 77843, 77843, 0
80.001406, 4.999927, 75664, 75664, 0
85.001387, 4.999981, 74590, 74590, 0
90.001407, 5.00002, 75796, 75796, 0
95.001408, 5.000001, 77170, 77170, 0
100.001411, 5.000003, 74838, 74838, 0
105.001407, 4.999996, 77515, 77515, 0
110.001367, 4.99996, 75463, 75463, 0
115.001406, 5.000039, 73037, 73037, 0
120.001366, 4.99996, 76181, 76181, 0
121.011392, 1.010026, 15285, 15285, 0
