elapsed, window, total, successful, failed
5.000366, 5.000366, 116238, 116238, 0
10.001248, 5.000882, 93061, 93061, 0
15.00123, 4.999982, 88180, 88180, 0
20.001252, 5.000022, 86832, 86832, 0
25.0013, 5.000048, 85214, 85214, 0
30.001265, 4.999965, 84023, 84023, 0
35.001273, 5.000008, 83527, 83527, 0
40.001236, 4.999963, 82686, 82686, 0
45.001236, 5.0, 82266, 82266, 0
50.001259, 5.000023, 82509, 82509, 0
55.00131, 5.000051, 82164, 82164, 0
60.001239, 4.999929, 80318, 80318, 0
65.001275, 5.000036, 78914, 78914, 0
70.001333, 5.000058, 80150, 80150, 0
75.001358, 5.000025, 80683, 80683, 0
80.001235, 4.999877, 80720, 80720, 0
85.001255, 5.00002, 80249, 80249, 0
90.001239, 4.999984, 77788, 77788, 0
95.001247, 5.000008, 80124, 80124, 0
100.001291, 5.000044, 79510, 79510, 0
105.001269, 4.999978, 78663, 78663, 0
110.001272, 5.000003, 76599, 76599, 0
115.001232, 4.99996, 78948, 78948, 0
120.001238, 5.000006, 79036, 79036, 0
121.002425, 1.001187, 15862, 15862, 0
