elapsed, window, n, min, mean, median, 95th, 99th, 99_9th, max, errors
5.001078, 5.001078, 10, 935, 1082.4, 1077, 1198, 1198, 1198, 1198, 0
10.001108, 5.00003, 25, 870, 3054.2, 1066, 10783, 10881, 10881, 10881, 0
15.001042, 4.999934, 30, 929, 1986.5, 1089, 10383, 11220, 11220, 11220, 0
20.001116, 5.000074, 39, 946, 3498.9, 1244, 11168, 14600, 14600, 14600, 0
25.001088, 4.999972, 21, 966, 3419.4, 1143, 11168, 12671, 12671, 12671, 0
30.001088, 5.0, 25, 866, 1826.6, 1075, 10473, 10864, 10864, 10864, 0
35.001092, 5.000004, 10, 850, 1018.3, 1025, 1103, 1172, 1172, 1172, 0
40.001085, 4.999993, 24, 897, 3229.1, 1056, 12541, 12950, 12950, 12950, 0
45.001047, 4.999962, 21, 956, 1985.2, 1082, 8810, 8977, 8977, 8977, 0
50.001047, 5.0, 15, 980, 1618.4, 1120, 1306, 9240, 9240, 9240, 0
55.001047, 5.0, 24, 960, 2223.9, 1094, 10484, 13371, 13371, 13371, 0
60.001096, 5.000049, 16, 915, 2305.2, 1089, 8532, 11225, 11225, 11225, 0
65.000977, 4.999881, 35, 941, 1731.8, 1048, 1329, 12727, 12727, 12727, 0
70.002158, 5.001181, 15, 1005, 1579.7, 1065, 1214, 8570, 8570, 8570, 0
75.001039, 4.998881, 15, 892, 1050.5, 1024, 1205, 1291, 1291, 1291, 0
80.001105, 5.000066, 15, 875, 2051.3, 1070, 8127, 8785, 8785, 8785, 0
85.001103, 4.999998, 25, 929, 1922.6, 1091, 8656, 9073, 9073, 9073, 0
90.001097, 4.999994, 39, 903, 2250.7, 1109, 10315, 12550, 12550, 12550, 0
95.001118, 5.000021, 11, 962, 1036.8, 1039, 1104, 1115, 1115, 1115, 0
100.001089, 4.999971, 10, 909, 3176.3, 1069, 12458, 12458, 12458, 12458, 0
105.001081, 4.999992, 13, 949, 1080.9, 1077, 1133, 1228, 1228, 1228, 0
110.001062, 4.999981, 21, 971, 1432.0, 1094, 1349, 8837, 8837, 8837, 0
115.001063, 5.000001, 6, 892, 1000.4, 980, 1149, 1149, 1149, 1149, 0
120.001083, 5.00002, 20, 937, 1920.6, 1040, 7176, 12614, 12614, 12614, 0
121.004226, 1.003143, 5, 937, 1768.0, 1040, 7176, 10929, 10929, 10929, 0
