elapsed, window, n, min, mean, median, 95th, 99th, 99_9th, max, errors
5.000836, 5.000836, 102194, 380, 12313.8, 3003, 61130, 132932, 271462, 471107, 0
10.001807, 5.000971, 100427, 374, 12327.2, 2817, 61090, 176920, 388676, 597671, 0
15.001808, 5.000001, 99261, 366, 12514.9, 2812, 54025, 177282, 703910, 1128620, 0
20.001877, 5.000069, 100124, 374, 12542.6, 2708, 53230, 193298, 744956, 1223785, 0
25.001811, 4.999934, 98374, 381, 12597.8, 2711, 47930, 215671, 846034, 1087876, 0
30.001819, 5.000008, 99296, 363, 12686.9, 2727, 48159, 222293, 720547, 1105647, 0
35.001813, 4.999994, 97380, 374, 12747.4, 2725, 50112, 229502, 639765, 1253927, 0
40.001823, 5.00001, 95730, 356, 13045.0, 2743, 43682, 268806, 718927, 1108502, 0
45.001857, 5.000034, 94695, 350, 13065.8, 2737, 41553, 276048, 773527, 1100140, 0
50.00182, 4.999963, 93627, 358, 13359.2, 2862, 47744, 236443, 760921, 1034921, 0
55.001801, 4.999981, 93567, 359, 13249.5, 2898, 50377, 209097, 742587, 1120181, 0
60.001812, 5.000011, 95484, 359, 13222.5, 2858, 44980, 190466, 1033087, 1667455, 0
65.001809, 4.999997, 93768, 359, 13289.0, 2834, 41179, 250287, 957898, 1274184, 0
70.001804, 4.999995, 93151, 371, 13326.5, 2868, 43626, 221405, 990751, 1403495, 0
75.001859, 5.000055, 95328, 369, 13134.4, 2791, 37034, 234977, 1088433, 1403495, 0
80.001807, 4.999948, 91771, 367, 13277.2, 2820, 33800, 239934, 1246615, 1778768, 0
85.001814, 5.000007, 93735, 370, 13237.7, 2740, 24545, 192321, 1351844, 2168689, 0
90.001825, 5.000011, 98492, 374, 12732.7, 2539, 10853, 299485, 1466313, 1997237, 0
95.001827, 5.000002, 92678, 365, 13208.0, 2513, 9776, 336123, 1517227, 1949753, 0
100.001925, 5.000098, 93860, 350, 13375.1, 2542, 9560, 309729, 1598409, 1949753, 0
105.00182, 4.999895, 97420, 363, 12917.8, 2554, 11341, 230884, 1672571, 2028182, 0
110.001825, 5.000005, 94455, 359, 13031.0, 2515, 9725, 301374, 1578898, 1960876, 0
115.001803, 4.999978, 93989, 371, 12962.3, 2570, 9996, 263400, 1751669, 2272063, 0
120.001824, 5.000021, 92002, 371, 13810.4, 2618, 11361, 301218, 1943606, 2362772, 0
121.003952, 1.002128, 20446, 378, 13706.8, 2590, 10747, 328791, 1906382, 2362772, 0
