elapsed, window, n, min, mean, median, 95th, 99th, 99_9th, max, errors
5.000884, 5.000884, 125, 91839, 159575.5, 113856, 322725, 519237, 535698, 535698, 298
10.001991, 5.001107, 86, 91574, 175275.4, 178299, 323115, 331874, 342267, 342267, 244
15.001922, 4.999931, 115, 91605, 166052.2, 188354, 284898, 328306, 370493, 370493, 234
20.001857, 4.999935, 104, 91964, 164571.4, 172622, 287586, 309362, 310741, 310741, 237
25.001895, 5.000038, 110, 92261, 178127.2, 184193, 301819, 347891, 372137, 372137, 207
30.00195, 5.000055, 115, 92257, 175486.7, 182240, 301833, 323956, 338604, 338604, 229
35.001948, 4.999998, 116, 91504, 161514.7, 115183, 281547, 311927, 312532, 312532, 245
40.002011, 5.000063, 122, 91898, 157398.2, 111074, 284798, 309195, 311226, 311226, 238
45.001875, 4.999864, 124, 91811, 155277.3, 107236, 288901, 313627, 326844, 326844, 223
50.001923, 5.000048, 108, 92014, 159514.7, 104930, 310796, 349810, 352610, 352610, 216
55.001945, 5.000022, 140, 92024, 162044.8, 139465, 283243, 323487, 329514, 329514, 211
60.001888, 4.999943, 119, 91875, 160645.0, 132864, 283081, 320859, 323487, 323487, 241
65.001888, 5.0, 103, 91858, 164187.3, 148271, 281482, 290052, 334732, 334732, 212
70.001875, 4.999987, 115, 91872, 161533.1, 153547, 265035, 302603, 402338, 402338, 218
75.001954, 5.000079, 129, 92052, 187486.7, 194016, 345666, 461667, 561741, 561741, 187
80.001966, 5.000012, 140, 92142, 179117.2, 184717, 298369, 414991, 534479, 534479, 224
85.001895, 4.999929, 151, 92492, 187455.2, 161750, 397079, 474071, 546314, 546314, 172
90.001882, 4.999987, 160, 91744, 166435.6, 176740, 284481, 299939, 354495, 354495, 214
95.001931, 5.000049, 145, 91781, 168047.2, 193374, 268227, 281663, 284118, 284118, 198
100.001894, 4.999963, 147, 91845, 167280.6, 188062, 282556, 291792, 310723, 310723, 201
105.001893, 4.999999, 153, 92176, 163870.4, 178409, 279957, 302788, 312726, 312726, 192
110.001872, 4.999979, 149, 92009, 161510.5, 125341, 280338, 297245, 312919, 312919, 181
115.00194, 5.000068, 161, 91548, 172285.1, 178986, 289032, 316038, 338685, 338685, 176
120.001925, 4.999985, 167, 92064, 162165.6, 137790, 280105, 300648, 323539, 323539, 164
121.004997, 1.003072, 36, 92064, 159849.2, 118619, 271548, 286666, 301289, 301289, 43
