elapsed, window, n, min, mean, median, 95th, 99th, 99_9th, max, errors
5.000994, 5.000994, 474488, 275, 11481.7, 7370, 34136, 51298, 72151, 134703, 0
10.001951, 5.000957, 426788, 295, 11699.1, 7757, 34369, 48909, 64619, 107078, 0
15.001978, 5.000027, 428531, 294, 11646.7, 7382, 35073, 54200, 76944, 144938, 0
20.001963, 4.999985, 426562, 261, 11702.1, 7377, 35142, 50245, 67478, 110425, 0
25.002018, 5.000055, 428824, 350, 11638.3, 8775, 30879, 43907, 60617, 103546, 0
30.000955, 4.998937, 427131, 381, 11677.1, 9229, 29567, 42169, 56501, 88953, 0
35.00199, 5.001035, 430048, 403, 11638.3, 9825, 26999, 36739, 48726, 75739, 0
40.001986, 4.999996, 426511, 410, 11689.8, 9523, 28053, 38918, 53426, 91163, 0
45.001955, 4.999969, 425153, 341, 11734.3, 9225, 29222, 46193, 66451, 127908, 0
50.001943, 4.999988, 426230, 357, 11764.5, 9446, 29138, 41442, 60271, 110029, 0
55.002027, 5.000084, 426247, 366, 11689.9, 9803, 27369, 36934, 49085, 83511, 0
60.000957, 4.99893, 422355, 346, 11800.8, 8996, 30443, 45213, 61641, 111129, 0
65.002008, 5.001051, 428566, 397, 11689.1, 9341, 28742, 38698, 52788, 80422, 0
70.001968, 4.99996, 427736, 403, 11676.1, 9286, 28956, 40852, 54875, 89120, 0
75.002002, 5.000034, 426517, 396, 11705.0, 9336, 28972, 40637, 54386, 92883, 0
80.002042, 5.00004, 428834, 305, 11635.1, 9155, 29749, 41368, 56440, 95172, 0
85.000979, 4.998937, 427686, 379, 11699.0, 9384, 28342, 43273, 62873, 116920, 0
90.001942, 5.000963, 427407, 404, 11681.2, 9596, 27719, 38991, 53465, 95905, 0
95.00194, 4.999998, 427345, 338, 11699.9, 9197, 29551, 41024, 55697, 97792, 0
100.001984, 5.000044, 424074, 380, 11745.7, 9292, 29333, 41992, 56560, 99399, 0
105.001958, 4.999974, 425125, 391, 11796.3, 8966, 31067, 46698, 63220, 110502, 0
110.001958, 5.0, 425991, 335, 11713.6, 8919, 30847, 43366, 57766, 94280, 0
115.001997, 5.000039, 424854, 349, 11755.0, 9105, 30202, 43806, 61934, 110896, 0
120.001946, 4.999949, 427064, 374, 11727.0, 9496, 28425, 41018, 58457, 106911, 0
121.074057, 1.072111, 90804, 374, 11709.5, 9575, 28072, 39952, 61519, 119034, 0
