elapsed, window, n, min, mean, median, 95th, 99th, 99_9th, max, errors
5.000579, 5.000579, 2264, 938, 24630.7, 1378, 101417, 103000, 106729, 109427, 0
10.001417, 5.000838, 2408, 961, 23656.5, 1307, 101187, 102992, 104794, 106224, 0
15.001485, 5.000068, 2326, 931, 24088.7, 1278, 101117, 102876, 106435, 108504, 0
20.001581, 5.000096, 2409, 934, 24069.5, 1288, 101227, 102861, 103282, 104709, 0
25.001492, 4.999911, 2409, 969, 23489.2, 1286, 101127, 102968, 105909, 112361, 0
30.001485, 4.999993, 2520, 931, 23103.0, 1307, 101112, 102924, 104777, 108761, 0
35.001457, 4.999972, 2519, 929, 23369.0, 1278, 101106, 103007, 104924, 111320, 0
40.001452, 4.999995, 2269, 960, 24664.1, 1291, 101090, 102883, 106649, 110799, 0
45.001459, 5.000007, 2446, 930, 23972.9, 1290, 101136, 102913, 109096, 115083, 0
50.001463, 5.000004, 2386, 938, 23285.8, 1291, 101112, 102910, 106820, 113211, 0
55.001453, 4.99999, 2465, 951, 23565.0, 1285, 101057, 102766, 104366, 106729, 0
60.001457, 5.000004, 2480, 955, 23686.0, 1264, 100985, 102755, 104231, 111471, 0
65.001442, 4.999985, 2362, 922, 24742.4, 1253, 100964, 102824, 106109, 112842, 0
70.001415, 4.999973, 2410, 927, 23715.7, 1237, 100890, 102704, 104145, 104982, 0
75.001493, 5.000078, 2315, 945, 23948.5, 1255, 100928, 102576, 103343, 109391, 0
80.001493, 5.0, 2317, 890, 25148.4, 1219, 100922, 102464, 103365, 104307, 0
85.001436, 4.999943, 2311, 900, 23736.1, 1230, 100920, 102628, 104231, 105191, 0
90.001555, 5.000119, 2285, 931, 24775.9, 1287, 100921, 102559, 104436, 107029, 0
95.001433, 4.999878, 2248, 949, 25416.8, 1309, 100919, 102644, 133216, 214848, 0
100.001482, 5.000049, 2513, 933, 22848.6, 1258, 100808, 102524, 103399, 104664, 0
105.001423, 4.999941, 2231, 959, 25800.3, 1319, 100926, 102523, 104841, 107621, 0
110.001462, 5.000039, 2457, 940, 23449.8, 1288, 100899, 102582, 104194, 104583, 0
115.001473, 5.000011, 2425, 906, 23812.4, 1270, 100852, 102446, 105820, 110835, 0
120.001448, 4.999975, 2369, 933, 24397.6, 1269, 100824, 102301, 103241, 107131, 0
121.004627, 1.003179, 462, 933, 24308.5, 1267, 100849, 102313, 103241, 104764, 0
