elapsed, window, n, min, mean, median, 95th, 99th, 99_9th, max, errors
5.00063, 5.00063, 996, 152023, 405466.2, 349073, 875511, 1378375, 1486376, 1574855, 1
10.001615, 5.000985, 1267, 151922, 320175.9, 298463, 525288, 643876, 829781, 835525, 0
15.001636, 5.000021, 1278, 152880, 365227.9, 369891, 512304, 570184, 705068, 769666, 1
20.001534, 4.999898, 1260, 152169, 337900.1, 319593, 524622, 618215, 787524, 796767, 1
25.001542, 5.000008, 1289, 151689, 327691.8, 309479, 531440, 627556, 810628, 838852, 2
30.001645, 5.000103, 1344, 151983, 304389.4, 281828, 500151, 582602, 760864, 786060, 1
35.001588, 4.999943, 1284, 151754, 344166.9, 334477, 530371, 640461, 773234, 887585, 0
40.001664, 5.000076, 1266, 151473, 312169.1, 274728, 531325, 624096, 798710, 850179, 0
45.001563, 4.999899, 1274, 152458, 333490.5, 323696, 501480, 578616, 769629, 867075, 0
50.001553, 4.99999, 1272, 151999, 344876.8, 340476, 519243, 582007, 735461, 785655, 1
55.001647, 5.000094, 1270, 151606, 325955.2, 298920, 532945, 643949, 771623, 802665, 0
60.001565, 4.999918, 1288, 151815, 312946.2, 283356, 504293, 672069, 816194, 902768, 1
65.001626, 5.000061, 1287, 151721, 310567.5, 274959, 537979, 652048, 904409, 924131, 0
70.00157, 4.999944, 1302, 151988, 300385.8, 273464, 516107, 623035, 799847, 809808, 0
75.001564, 4.999994, 1286, 152211, 335584.4, 324526, 511444, 596758, 804555, 811570, 0
80.001566, 5.000002, 1303, 153078, 350415.1, 344755, 487884, 560874, 696646, 712985, 3
85.001551, 4.999985, 1316, 151566, 326706.1, 309441, 512739, 608157, 774479, 788528, 1
90.001549, 4.999998, 1263, 151706, 310982.6, 286245, 529810, 687862, 857061, 869371, 1
95.00156, 5.000011, 1338, 152308, 310147.7, 291844, 496601, 589003, 752935, 795363, 1
100.001607, 5.000047, 1334, 151464, 338629.5, 332361, 495166, 602759, 711489, 726306, 0
105.001597, 4.99999, 1313, 152021, 333729.3, 322829, 500126, 605502, 678551, 691129, 1
110.001563, 4.999966, 1286, 151603, 340399.1, 322577, 530599, 661822, 824834, 853981, 0
115.001671, 5.000108, 1264, 151844, 291824.1, 259846, 520034, 710303, 853981, 866490, 1
120.001578, 4.999907, 1278, 151981, 307315.5, 282087, 522463, 598081, 784064, 786559, 0
121.006796, 1.005218, 418, 151937, 289091.1, 263869, 504551, 595900, 758086, 786559, 0
