elapsed, window, n, min, mean, median, 95th, 99th, 99_9th, max, errors
5.001114, 5.001114, 38010, 20857, 29427.6, 31376, 38788, 43141, 62205, 67056, 0
10.001181, 5.000067, 38137, 20890, 29217.1, 31285, 38360, 42013, 46277, 53943, 0
15.001039, 4.999858, 38164, 20828, 29195.9, 31306, 38362, 42168, 46598, 52786, 0
20.001012, 4.999973, 38184, 20830, 29195.7, 31315, 38346, 42061, 46590, 53575, 0
25.001012, 5.0, 38238, 20759, 29141.4, 31269, 38185, 41884, 46394, 54200, 0
30.001084, 5.000072, 38235, 20759, 29147.2, 31260, 38215, 41896, 46290, 58741, 0
35.001077, 4.999993, 38312, 20817, 29149.7, 31267, 38256, 41832, 46342, 50891, 0
40.001012, 4.999935, 38209, 20764, 29161.7, 31279, 38272, 42025, 46603, 50150, 0
45.001037, 5.000025, 38261, 20830, 29142.8, 31207, 38227, 41887, 46374, 53452, 0
50.001021, 4.999984, 38169, 20855, 29189.9, 31284, 38185, 41981, 47103, 52469, 0
55.001016, 4.999995, 38140, 20833, 29190.3, 31257, 38206, 42132, 46826, 52469, 0
60.001074, 5.000058, 38244, 20854, 29141.2, 31235, 38171, 41743, 46427, 52298, 0
65.00101, 4.999936, 38181, 20830, 29185.4, 31267, 38065, 41559, 46157, 58455, 0
70.001019, 5.000009, 38121, 20742, 29230.1, 31273, 38245, 42028, 46635, 52137, 0
75.002009, 5.00099, 38104, 20858, 29214.3, 31261, 38168, 41797, 46695, 55466, 0
80.001008, 4.998999, 38047, 20811, 29304.1, 31278, 38271, 41914, 46474, 54646, 0
85.00102, 5.000012, 38172, 20874, 29235.9, 31270, 38243, 42055, 46434, 54311, 0
90.00101, 4.99999, 38020, 20804, 29327.9, 31396, 38370, 42150, 47306, 53827, 0
95.00101, 5.0, 38066, 20804, 29324.0, 31374, 38395, 42181, 46641, 54289, 0
100.001022, 5.000012, 38057, 20879, 29291.7, 31327, 38395, 42190, 46678, 52433, 0
105.001006, 4.999984, 38019, 20880, 29304.9, 31343, 38462, 42254, 47202, 57080, 0
110.002032, 5.001026, 38144, 20875, 29282.4, 31313, 38382, 42216, 46507, 54781, 0
115.001013, 4.998981, 38048, 20726, 29266.1, 31292, 38368, 42215, 46848, 53958, 0
120.001008, 4.999995, 38057, 20827, 29314.1, 31335, 38504, 42220, 46356, 52986, 0
121.004115, 1.003107, 7574, 20827, 29331.9, 31337, 38523, 42220, 46466, 52986, 0
