elapsed, window, n, min, mean, median, 95th, 99th, 99_9th, max, errors
5.000893, 5.000893, 154189, 486, 7380.4, 5172, 20086, 43613, 90750, 182170, 0
10.001907, 5.001014, 147457, 502, 7489.0, 5166, 20656, 47077, 98829, 225315, 0
15.001917, 5.00001, 148477, 506, 7442.4, 5156, 18892, 49776, 118047, 246722, 0
20.001881, 4.999964, 146074, 486, 7548.6, 5262, 20457, 45506, 96007, 207256, 0
25.001907, 5.000026, 147131, 488, 7539.0, 5235, 20639, 47618, 100482, 174447, 0
30.001888, 4.999981, 146495, 531, 7525.6, 5294, 20633, 44006, 83048, 151862, 0
35.001911, 5.000023, 145295, 543, 7594.4, 5280, 19458, 48440, 112716, 245746, 0
40.001881, 4.99997, 144398, 488, 7670.2, 5391, 20316, 46179, 107301, 192767, 0
45.001891, 5.00001, 141106, 489, 7849.7, 5323, 21219, 50904, 126680, 299549, 0
50.001897, 5.000006, 142795, 443, 7757.2, 5333, 22536, 46867, 88912, 170745, 0
55.001904, 5.000007, 140335, 449, 7872.8, 5455, 22270, 46932, 91353, 181109, 0
60.001892, 4.999988, 140848, 472, 7871.1, 5467, 22038, 46956, 103107, 210145, 0
65.001904, 5.000012, 140289, 479, 7887.9, 5456, 22686, 46462, 81240, 155599, 0
70.001901, 4.999997, 137964, 482, 7982.0, 5416, 22260, 53305, 107968, 240013, 0
75.001898, 4.999997, 138859, 495, 7975.6, 5496, 21570, 50956, 112563, 222224, 0
80.001906, 5.000008, 140255, 484, 7926.6, 5441, 21301, 51329, 122596, 204851, 0
85.001899, 4.999993, 137371, 484, 8055.0, 5519, 21927, 51199, 118707, 235623, 0
90.001926, 5.000027, 137043, 463, 8083.5, 5636, 22710, 47365, 90969, 250514, 0
95.001923, 4.999997, 136580, 481, 8091.7, 5600, 22222, 48401, 114521, 240564, 0
100.001896, 4.999973, 136489, 474, 8130.6, 5691, 23276, 46126, 81307, 151983, 0
105.001903, 5.000007, 137373, 482, 8088.3, 5681, 22655, 45629, 92695, 155999, 0
110.00191, 5.000007, 136214, 497, 8116.1, 5675, 22644, 47433, 92390, 152114, 0
115.0019, 4.99999, 137371, 488, 8034.8, 5530, 21646, 51786, 109586, 243816, 0
120.001949, 5.000049, 135764, 481, 8182.7, 5749, 22632, 47875, 98819, 199379, 0
121.004974, 1.003025, 27494, 481, 8124.2, 5767, 22464, 45657, 88065, 199379, 0
