elapsed, window, n, min, mean, median, 95th, 99th, 99_9th, max, errors
5.000357, 5.000357, 6937, 1437, 3198.4, 2093, 9814, 13807, 15808, 18481, 0
10.001455, 5.001098, 6812, 1468, 3166.3, 2082, 9828, 13417, 16154, 25969, 0
15.00124, 4.999785, 6840, 1416, 3196.9, 2090, 9833, 13439, 15848, 25969, 0
20.001262, 5.000022, 6802, 1392, 3148.4, 2068, 9656, 13465, 15591, 16240, 0
25.001203, 4.999941, 6812, 1491, 3189.4, 2077, 9786, 13541, 16005, 19762, 0
30.001304, 5.000101, 6801, 1428, 3191.2, 2070, 9823, 13206, 15698, 21534, 0
35.001257, 4.999953, 6801, 1470, 3224.9, 2104, 9825, 13393, 15646, 16775, 0
40.001206, 4.999949, 6833, 1407, 3243.8, 2090, 9812, 13476, 15617, 16263, 0
45.001215, 5.000009, 6822, 1432, 3217.1, 2072, 9881, 13593, 15932, 20327, 0
50.001231, 5.000016, 6862, 1292, 3165.1, 2059, 9788, 13259, 15755, 16497, 0
55.001207, 4.999976, 6925, 1395, 3221.7, 2066, 9794, 13423, 15599, 21068, 0
60.001252, 5.000045, 6834, 1440, 3175.7, 2058, 9790, 13371, 15659, 20527, 0
65.001244, 4.999992, 6791, 1446, 3117.9, 2047, 9711, 13183, 15090, 16112, 0
70.001239, 4.999995, 6799, 1417, 3183.8, 2078, 9771, 13473, 15860, 22670, 0
75.001223, 4.999984, 6843, 1368, 3233.6, 2079, 9871, 13638, 15945, 22670, 0
80.001207, 4.999984, 6894, 1392, 3196.8, 2067, 9832, 13464, 15352, 15946, 0
85.001263, 5.000056, 6828, 1386, 3218.7, 2076, 9792, 13284, 15449, 16065, 0
90.001244, 4.999981, 6843, 1437, 3207.3, 2076, 9803, 13448, 15754, 22543, 0
95.001295, 5.000051, 6818, 1406, 3179.3, 2081, 9775, 13323, 15757, 19540, 0
100.001206, 4.999911, 6935, 1429, 3267.8, 2093, 9994, 13510, 15403, 16407, 0
105.001218, 5.000012, 6799, 1400, 3177.9, 2104, 9737, 13135, 15639, 16902, 0
110.001247, 5.000029, 6704, 1393, 3171.9, 2099, 9733, 13219, 15527, 19505, 0
115.001196, 4.999949, 6874, 1360, 3169.9, 2065, 9737, 13098, 15520, 16608, 0
120.001216, 5.00002, 6884, 1424, 3195.5, 2085, 9838, 13443, 15842, 19497, 0
121.003542, 1.002326, 1152, 1424, 3180.8, 2059, 9839, 13566, 15842, 19497, 0
