elapsed, window, total, successful, failed
5.000678, 5.000678, 496985, 496985, 0
10.001651, 5.000973, 452611, 452611, 0
15.001658, 5.000007, 446277, 446277, 0
20.001678, 5.00002, 446571, 446571, 0
25.00166, 4.999982, 446667, 446667, 0
30.001686, 5.000026, 446696, 446696, 0
35.001694, 5.000008, 445952, 445952, 0
40.001681, 4.999987, 449954, 449954, 0
45.001659, 4.999978, 447708, 447708, 0
50.001687, 5.000028, 449379, 449379, 0
55.001702, 5.000015, 450626, 450626, 0
60.001663, 4.999961, 444755, 444755, 0
65.001767, 5.000104, 441216, 441216, 0
70.001658, 4.999891, 447021, 447021, 0
75.001743, 5.000085, 444128, 444128, 0
80.001654, 4.999911, 447311, 447311, 0
85.001665, 5.000011, 443420, 443420, 0
90.001684, 5.000019, 441675, 441675, 0
95.00212, 5.000436, 442233, 442233, 0
100.000692, 4.998572, 446499, 446499, 0
105.001747, 5.001055, 441784, 441784, 0
110.001667, 4.99992, 443401, 443401, 0
115.001677, 5.00001, 446004, 446004, 0
120.001655, 4.999978, 446724, 446724, 0
121.050713, 1.049058, 93026, 93026, 0
