elapsed, window, n, min, mean, median, 95th, 99th, 99_9th, max, errors
5.000197, 5.000197, 1872, 11330, 18016.9, 18439, 20664, 21220, 22051, 22976, 0
10.001213, 5.001016, 1895, 9744, 17276.2, 17193, 20596, 21340, 22268, 22976, 0
15.001182, 4.999969, 1925, 9744, 17119.3, 16937, 20405, 21181, 21842, 22643, 0
20.001565, 5.000383, 1902, 10909, 17437.1, 17297, 20591, 21176, 22043, 25510, 0
25.001307, 4.999742, 1905, 10710, 16894.3, 16626, 20333, 21003, 22408, 25510, 0
30.001185, 4.999878, 2040, 9830, 16530.0, 16339, 19989, 20614, 23977, 24649, 0
35.001183, 4.999998, 1904, 10998, 16813.9, 16566, 20205, 20972, 23031, 23855, 0
40.001244, 5.000061, 1830, 10831, 17266.4, 16931, 20413, 20958, 23031, 23855, 0
45.001324, 5.00008, 1785, 10547, 17274.2, 16886, 20437, 20871, 21332, 22161, 0
50.00126, 4.999936, 1948, 9718, 16970.8, 16661, 20406, 20764, 21978, 22288, 0
55.001246, 4.999986, 1993, 10957, 16891.2, 16551, 20193, 20654, 21860, 22288, 0
60.001221, 4.999975, 1946, 10669, 16868.3, 16502, 20327, 20814, 21452, 21860, 0
65.001203, 4.999982, 1870, 9861, 17061.4, 16722, 20430, 20817, 21370, 23428, 0
70.001182, 4.999979, 1794, 9861, 17333.8, 17087, 20395, 20833, 22252, 23552, 0
75.001229, 5.000047, 1933, 9940, 17025.0, 16740, 20243, 20746, 21483, 22820, 0
80.00124, 5.000011, 1859, 10145, 16829.0, 16510, 20308, 20861, 21661, 22820, 0
85.001194, 4.999954, 1952, 10423, 16643.5, 16384, 20078, 20791, 22250, 25804, 0
90.001195, 5.000001, 1851, 10669, 16990.8, 16766, 20547, 21360, 23253, 25804, 0
95.001201, 5.000006, 1905, 9601, 17040.7, 16871, 20687, 21408, 23109, 23304, 0
100.001191, 4.99999, 2015, 10604, 16533.3, 16274, 20023, 20849, 24683, 25735, 0
105.001202, 5.000011, 1920, 10373, 16429.6, 16190, 19958, 20503, 24683, 25735, 0
110.001205, 5.000003, 2087, 11112, 16412.2, 16151, 19992, 20392, 22559, 23599, 0
115.001202, 4.999997, 1879, 9959, 16987.3, 16572, 20330, 20730, 22252, 23599, 0
120.001185, 4.999983, 1958, 9943, 16625.2, 16297, 20156, 20540, 21199, 22468, 0
121.014383, 1.013198, 310, 9943, 16575.1, 16269, 20150, 20549, 20969, 21518, 0
