elapsed, window, n, min, mean, median, 95th, 99th, 99_9th, max, errors
5.000884, 5.000884, 0, 0, 0, 0, 0, 0, 0, 0, 0
10.001936, 5.001052, 0, 0, 0, 0, 0, 0, 0, 0, 0
15.001939, 5.000003, 500, 484, 716.7, 701, 871, 1019, 1178, 1178, 0
20.001936, 4.999997, 0, 0, 0, 0, 0, 0, 0, 0, 0
25.002046, 5.00011, 0, 0, 0, 0, 0, 0, 0, 0, 0
30.001985, 4.999939, 0, 0, 0, 0, 0, 0, 0, 0, 0
35.001934, 4.999949, 0, 0, 0, 0, 0, 0, 0, 0, 0
40.001862, 4.999928, 0, 0, 0, 0, 0, 0, 0, 0, 0
45.001945, 5.000083, 0, 0, 0, 0, 0, 0, 0, 0, 0
50.00189, 4.999945, 0, 0, 0, 0, 0, 0, 0, 0, 0
55.001831, 4.999941, 0, 0, 0, 0, 0, 0, 0, 0, 0
60.001933, 5.000102, 0, 0, 0, 0, 0, 0, 0, 0, 0
65.001925, 4.999992, 0, 0, 0, 0, 0, 0, 0, 0, 0
70.001841, 4.999916, 0, 0, 0, 0, 0, 0, 0, 0, 0
75.001844, 5.000003, 500, 514, 728.6, 684, 993, 1462, 2881, 2881, 0
80.001849, 5.000005, 484, 505, 753.9, 703, 1081, 1847, 2767, 2767, 0
85.001942, 5.000093, 516, 484, 726.6, 677, 1015, 1778, 2910, 3305, 0
90.001933, 4.999991, 0, 0, 0, 0, 0, 0, 0, 0, 0
95.001898, 4.999965, 500, 534, 4830.8, 708, 36626, 66738, 84842, 84842, 0
100.001936, 5.000038, 487, 503, 704.9, 676, 920, 1310, 1823, 1823, 0
105.001831, 4.999895, 13, 508, 693.2, 683, 857, 930, 949, 949, 0
110.00183, 4.999999, 0, 0, 0, 0, 0, 0, 0, 0, 0
115.001943, 5.000113, 497, 481, 730.8, 667, 1013, 1853, 5111, 5111, 0
120.001933, 4.99999, 0, 0, 0, 0, 0, 0, 0, 0, 0
121.020102, 1.018169, 0, 0, 0, 0, 0, 0, 0, 0, 0
