elapsed, window, total, successful, failed
5.00063, 5.00063, 6448, 6445, 3
10.00173, 5.0011, 5106, 5105, 1
15.00151, 4.99978, 5125, 5124, 1
20.001771, 5.000261, 5009, 5008, 1
25.001537, 4.999766, 5069, 5069, 0
30.001621, 5.000084, 5046, 5044, 2
35.001578, 4.999957, 5064, 5062, 2
40.001641, 5.000063, 5020, 5019, 1
45.001533, 4.999892, 5029, 5026, 3
50.001631, 5.000098, 5153, 5153, 0
55.001635, 5.000004, 5126, 5124, 2
60.001625, 4.99999, 5084, 5083, 1
65.001661, 5.000036, 5001, 5001, 0
70.001528, 4.999867, 5076, 5075, 1
75.001636, 5.000108, 4985, 4983, 2
80.001631, 4.999995, 4984, 4981, 3
85.00162, 4.999989, 5018, 5018, 0
90.001639, 5.000019, 4997, 4997, 0
95.001627, 4.999988, 5007, 5003, 4
100.001534, 4.999907, 4985, 4985, 0
105.001626, 5.000092, 5028, 5025, 3
110.001625, 4.999999, 5054, 5053, 1
115.001636, 5.000011, 4966, 4965, 1
120.001625, 4.999989, 4978, 4977, 1
125.001624, 4.999999, 5010, 5009, 1
130.001529, 4.999905, 5039, 5039, 0
135.001616, 5.000087, 5000, 5000, 0
140.001626, 5.00001, 5001, 4999, 2
145.001625, 4.999999, 4968, 4968, 0
150.001568, 4.999943, 4964, 4963, 1
155.001619, 5.000051, 5029, 5029, 0
160.001623, 5.000004, 4974, 4973, 1
165.001616, 4.999993, 4938, 4938, 0
170.001617, 5.000001, 4983, 4983, 0
175.001628, 5.000011, 5025, 5025, 0
180.001578, 4.99995, 4977, 4974, 3
181.007761, 1.006183, 1009, 1009, 0
