elapsed, window, n, min, mean, median, 95th, 99th, 99_9th, max, errors
5.00057, 5.00057, 118983, 340, 4767.0, 586, 42987, 44743, 48109, 49872, 0
10.001564, 5.000994, 115048, 355, 4846.9, 563, 43025, 44756, 48122, 49347, 0
15.001571, 5.000007, 115150, 375, 4846.5, 568, 43068, 45003, 48124, 49537, 0
20.001595, 5.000024, 116005, 368, 4815.2, 574, 42978, 44574, 47941, 49200, 0
25.001645, 5.00005, 115080, 365, 4835.3, 576, 43008, 44701, 48098, 49364, 0
30.001545, 4.9999, 115529, 361, 4843.2, 575, 43019, 44668, 48065, 49828, 0
35.001544, 4.999999, 114052, 374, 4873.1, 574, 43039, 44837, 48054, 49073, 0
40.001545, 5.000001, 114410, 368, 4884.5, 582, 43091, 45057, 48157, 49401, 0
45.001598, 5.000053, 112533, 370, 4916.4, 584, 43065, 44813, 48075, 49226, 0
50.0016, 5.000002, 114623, 370, 4889.4, 596, 43112, 45322, 48237, 49279, 0
55.001563, 4.999963, 114102, 375, 4899.3, 595, 43117, 45413, 48193, 49759, 0
60.001575, 5.000012, 115358, 378, 4853.1, 599, 43022, 44826, 48059, 49007, 0
65.001545, 4.99997, 115382, 365, 4822.4, 606, 43005, 44832, 48116, 50703, 0
70.00154, 4.999995, 115061, 370, 4869.5, 579, 43040, 45315, 48187, 49156, 0
75.001555, 5.000015, 116369, 362, 4831.9, 584, 42989, 44947, 48145, 49045, 0
80.001558, 5.000003, 115073, 356, 4827.9, 586, 42964, 44996, 48106, 49394, 0
85.001579, 5.000021, 114485, 358, 4908.9, 579, 43004, 45098, 48096, 49268, 0
90.001551, 4.999972, 112723, 355, 4971.5, 579, 43090, 45893, 48217, 49286, 0
95.001615, 5.000064, 114679, 365, 4867.6, 586, 43120, 46132, 48367, 49742, 0
100.001552, 4.999937, 115105, 366, 4856.0, 595, 43021, 45619, 48252, 49071, 0
105.001549, 4.999997, 113992, 370, 4880.6, 583, 43013, 45170, 48180, 48972, 0
110.001585, 5.000036, 113751, 366, 4911.2, 583, 42976, 44847, 48051, 49301, 0
115.001541, 4.999956, 114313, 359, 4879.8, 591, 42961, 44957, 48139, 49231, 0
120.001577, 5.000036, 112642, 368, 4953.5, 592, 43065, 45650, 48247, 49087, 0
121.010583, 1.009006, 23437, 368, 4959.7, 594, 43090, 45770, 48262, 49161, 0
