elapsed, window, n, min, mean, median, 95th, 99th, 99_9th, max, errors
5.001229, 5.001229, 292, 545, 19350.4, 3787, 70307, 88013, 92234, 92234, 0
10.001242, 5.000013, 306, 528, 33334.5, 32803, 82846, 110351, 144219, 144219, 0
15.001224, 4.999982, 372, 531, 28957.9, 26216, 77397, 92651, 96991, 96991, 0
20.001135, 4.999911, 353, 547, 32568.3, 38382, 68807, 90384, 102422, 102422, 0
25.001244, 5.000109, 346, 522, 29330.7, 20416, 76167, 100633, 110182, 110182, 0
30.001141, 4.999897, 245, 509, 25887.8, 4700, 77913, 90491, 117136, 117136, 0
35.001238, 5.000097, 275, 501, 25174.3, 8650, 70305, 88689, 108692, 108692, 0
40.001238, 5.0, 261, 528, 26136.1, 19888, 66838, 100625, 147079, 147079, 0
45.001233, 4.999995, 243, 572, 33980.5, 38603, 64146, 78741, 90075, 90075, 0
50.001135, 4.999902, 377, 547, 36580.4, 44440, 72374, 104125, 146652, 146652, 0
55.001212, 5.000077, 297, 510, 24008.7, 2936, 77229, 108113, 136367, 136367, 0
60.001172, 4.99996, 310, 541, 30618.0, 28006, 74824, 108113, 124562, 124562, 0
65.001185, 5.000013, 269, 533, 37279.7, 42354, 70489, 108677, 117288, 117288, 0
70.001228, 5.000043, 326, 594, 40451.1, 44326, 85997, 112762, 124584, 124584, 0
75.00124, 5.000012, 215, 507, 35981.3, 34843, 106216, 140270, 197649, 197649, 0
80.001232, 4.999992, 238, 554, 35465.5, 40327, 68713, 116375, 126123, 126123, 0
85.001246, 5.000014, 230, 522, 36298.2, 40520, 76111, 92425, 116375, 116375, 0
90.001254, 5.000008, 198, 563, 35773.7, 40864, 70729, 86901, 102451, 102451, 0
95.001208, 4.999954, 205, 527, 33746.4, 30224, 86639, 125965, 160439, 160439, 0
100.001237, 5.000029, 330, 517, 27088.3, 24441, 64751, 82475, 104029, 104029, 0
105.001226, 4.999989, 222, 546, 36681.7, 42149, 67208, 96879, 102034, 102034, 0
110.001101, 4.999875, 279, 546, 32026.2, 36732, 62755, 102657, 126655, 126655, 0
115.001227, 5.000126, 262, 585, 35107.6, 41955, 60584, 66551, 76214, 76214, 0
120.001238, 5.000011, 242, 467, 36675.2, 38025, 103580, 116499, 120050, 120050, 0
121.003259, 1.002021, 62, 467, 37848.3, 40397, 100610, 116499, 120050, 120050, 0
