elapsed, window, n, min, mean, median, 95th, 99th, 99_9th, max, errors
5.00095, 5.00095, 3009, 1011, 31686.8, 5772, 144367, 207664, 289582, 322223, 0
10.001914, 5.000964, 2464, 1011, 53657.5, 29033, 146695, 177494, 204986, 223252, 0
15.001822, 4.999908, 2405, 1028, 52135.9, 30311, 134532, 151111, 172349, 200106, 0
20.001859, 5.000037, 2440, 1000, 54715.1, 22796, 150695, 297420, 349014, 350693, 0
25.001799, 4.99994, 2429, 980, 55665.0, 29469, 182871, 323314, 350693, 358478, 0
30.001796, 4.999997, 2538, 1046, 52220.5, 37305, 144084, 168225, 180329, 202915, 0
35.00179, 4.999994, 2380, 1005, 50996.3, 35038, 133266, 157293, 179793, 202915, 0
40.001794, 5.000004, 2568, 1009, 48455.5, 19861, 129199, 154054, 179089, 187993, 0
45.001913, 5.000119, 2416, 1060, 50480.0, 29422, 133388, 161226, 184996, 191133, 0
50.001915, 5.000002, 2515, 1045, 51249.6, 36732, 135273, 164100, 191448, 207112, 0
55.001802, 4.999887, 2548, 1065, 50603.1, 28123, 132903, 164257, 201448, 209019, 0
60.001799, 4.999997, 2626, 1084, 48713.8, 26899, 128506, 149792, 183050, 190503, 0
65.001857, 5.000058, 2475, 1061, 49170.9, 29821, 124835, 166705, 199884, 213784, 0
70.001791, 4.999934, 2607, 1056, 47535.4, 27434, 117121, 137452, 162394, 184175, 0
75.00188, 5.000089, 2548, 998, 49613.4, 25547, 133816, 183728, 207858, 231020, 0
80.001868, 4.999988, 2607, 998, 47367.7, 22685, 121746, 148256, 168986, 179867, 0
85.001899, 5.000031, 2592, 981, 50489.6, 33247, 129577, 177170, 205726, 212428, 0
90.001917, 5.000018, 2510, 975, 48675.9, 31952, 126379, 172965, 205726, 212428, 0
95.001891, 4.999974, 2616, 1017, 47391.1, 22762, 120210, 136836, 161370, 188447, 0
100.001929, 5.000038, 2577, 1016, 47108.4, 29460, 113350, 135695, 167099, 205450, 0
105.001933, 5.000004, 2691, 963, 44264.7, 13627, 114326, 134409, 153006, 157956, 0
110.001822, 4.999889, 2561, 1020, 48924.1, 28270, 127714, 153615, 176990, 183367, 0
115.001856, 5.000034, 2616, 1034, 47490.1, 32908, 117639, 140200, 159147, 163970, 0
120.001852, 4.999996, 2554, 1033, 45791.6, 21621, 113895, 128516, 141095, 144106, 0
121.006055, 1.004203, 537, 1033, 45568.5, 21414, 114213, 129080, 144759, 151271, 0
