elapsed, window, n, min, mean, median, 95th, 99th, 99_9th, max, errors
5.000259, 5.000259, 104, 0, 0.0, 0, 0, 0, 0, 0, 0
10.001262, 5.001003, 96, 0, 0.0, 0, 0, 0, 0, 0, 0
15.001262, 5.0, 100, 0, 0.0, 0, 0, 0, 0, 0, 0
20.001262, 5.0, 102, 0, 0.0, 0, 0, 0, 0, 0, 0
25.001265, 5.000003, 105, 0, 0.0, 0, 0, 0, 0, 0, 0
30.001261, 4.999996, 109, 0, 0.0, 0, 0, 0, 0, 0, 0
35.001261, 5.0, 101, 0, 0.0, 0, 0, 0, 0, 0, 0
40.001262, 5.000001, 104, 0, 0.0, 0, 0, 0, 0, 0, 0
45.001262, 5.0, 103, 0, 0.0, 0, 0, 0, 0, 0, 0
50.001262, 5.0, 102, 0, 0.0, 0, 0, 0, 0, 0, 0
55.00126, 4.999998, 101, 0, 0.0, 0, 0, 0, 0, 0, 0
60.00126, 5.0, 90, 0, 0.0, 0, 0, 0, 0, 0, 0
65.001261, 5.000001, 103, 0, 0.0, 0, 0, 0, 0, 0, 0
70.001261, 5.0, 99, 0, 0.0, 0, 0, 0, 0, 0, 0
75.001262, 5.000001, 105, 0, 0.0, 0, 0, 0, 0, 0, 0
80.001261, 4.999999, 97, 0, 0.0, 0, 0, 0, 0, 0, 0
85.001263, 5.000002, 104, 0, 0.0, 0, 0, 0, 0, 0, 0
90.001263, 5.0, 100, 0, 0.0, 0, 0, 0, 0, 0, 0
95.001263, 5.0, 101, 0, 0.0, 0, 0, 0, 0, 0, 0
100.001266, 5.000003, 102, 0, 0.0, 0, 0, 0, 0, 0, 0
105.001262, 4.999996, 103, 0, 0.0, 0, 0, 0, 0, 0, 0
110.001262, 5.0, 105, 0, 0.0, 0, 0, 0, 0, 0, 0
115.001262, 5.0, 99, 0, 0.0, 0, 0, 0, 0, 0, 0
120.001262, 5.0, 97, 0, 0.0, 0, 0, 0, 0, 0, 0
121.0013, 1.000038, 21, 0, 0.0, 0, 0, 0, 0, 0, 0
