elapsed, window, total, successful, failed
5.00065, 5.00065, 557770, 557770, 0
10.001623, 5.000973, 498645, 498645, 0
15.001785, 5.000162, 500184, 500184, 0
20.001717, 4.999932, 500503, 500503, 0
25.001686, 4.999969, 498302, 498302, 0
30.001579, 4.999893, 499681, 499681, 0
35.001564, 4.999985, 499699, 499699, 0
40.00175, 5.000186, 497449, 497449, 0
45.001569, 4.999819, 498077, 498077, 0
50.001787, 5.000218, 493636, 493636, 0
55.001584, 4.999797, 493372, 493372, 0
60.00166, 5.000076, 493772, 493772, 0
65.001624, 4.999964, 499640, 499640, 0
70.001562, 4.999938, 496276, 496276, 0
75.001643, 5.000081, 497450, 497450, 0
80.001625, 4.999982, 492184, 492184, 0
85.002017, 5.000392, 493537, 493537, 0
90.000581, 4.998564, 496024, 496024, 0
95.001551, 5.00097, 493632, 493632, 0
100.001551, 5.0, 492473, 492473, 0
105.001807, 5.000256, 492049, 492049, 0
110.00159, 4.999783, 490515, 490515, 0
115.001563, 4.999973, 494511, 494511, 0
120.001645, 5.000082, 492870, 492870, 0
121.004362, 1.002717, 97981, 97981, 0
