elapsed, window, total, successful, failed
5.000838, 5.000838, 45, 0, 45
10.00179, 5.000952, 45, 7, 38
15.001788, 4.999998, 46, 28, 18
20.001835, 5.000047, 46, 43, 3
25.001837, 5.000002, 46, 46, 0
30.001787, 4.99995, 46, 46, 0
35.001835, 5.000048, 44, 44, 0
40.001836, 5.000001, 44, 44, 0
45.001787, 4.999951, 46, 46, 0
50.001789, 5.000002, 45, 45, 0
55.001835, 5.000046, 46, 46, 0
60.001964, 5.000129, 47, 47, 0
65.001836, 4.999872, 47, 47, 0
70.001837, 5.000001, 46, 46, 0
75.001835, 4.999998, 47, 47, 0
80.001787, 4.999952, 46, 45, 1
85.001836, 5.000049, 46, 46, 0
90.001786, 4.99995, 45, 45, 0
95.001836, 5.00005, 46, 46, 0
100.001839, 5.000003, 44, 44, 0
105.001836, 4.999997, 47, 47, 0
110.001786, 4.99995, 47, 47, 0
115.001787, 5.000001, 46, 46, 0
120.001838, 5.000051, 47, 47, 0
121.001874, 1.000036, 10, 10, 0
