elapsed, window, n, min, mean, median, 95th, 99th, 99_9th, max, errors
5.001039, 5.001039, 1404, 1402, 36626.8, 3190, 148179, 196707, 230374, 242614, 0
10.001536, 5.000497, 1448, 1387, 34100.4, 2637, 125677, 147762, 174090, 186079, 0
15.001056, 4.99952, 1545, 1350, 34987.6, 4065, 122476, 145629, 154810, 157291, 0
20.001099, 5.000043, 1513, 1389, 33971.5, 3135, 127388, 147896, 161897, 171746, 0
25.001125, 5.000026, 1450, 1344, 32214.5, 2949, 124375, 144647, 162485, 169434, 0
30.001089, 4.999964, 1461, 1319, 32315.9, 2842, 128717, 149293, 169460, 177352, 0
35.001057, 4.999968, 1476, 1328, 33814.3, 2934, 125536, 145744, 161772, 175532, 0
40.001038, 4.999981, 1422, 1372, 39989.2, 5147, 146508, 178960, 191677, 199550, 0
45.001166, 5.000128, 1440, 1382, 36933.8, 4737, 132731, 165134, 188877, 192977, 0
50.001086, 4.99992, 1430, 1426, 38141.2, 5496, 136849, 168882, 187407, 196392, 0
55.001036, 4.99995, 1481, 1419, 35579.5, 3980, 130097, 154159, 168081, 170336, 0
60.001043, 5.000007, 1429, 1434, 38758.7, 5017, 138291, 168275, 189384, 197749, 0
65.001032, 4.999989, 1475, 1414, 34333.1, 3291, 126126, 155258, 172852, 200825, 0
70.001126, 5.000094, 1405, 1369, 36713.9, 3787, 140058, 169884, 181324, 185657, 0
75.001114, 4.999988, 1448, 1404, 37388.9, 3425, 140346, 181473, 194704, 195653, 0
80.001085, 4.999971, 1444, 1398, 35945.9, 3096, 133527, 179176, 190019, 203211, 0
85.001036, 4.999951, 1498, 1421, 35176.4, 3800, 121491, 141007, 157328, 174697, 0
90.001165, 5.000129, 1384, 1420, 34788.0, 3702, 119094, 137246, 157888, 159520, 0
95.001119, 4.999954, 1477, 1433, 35820.4, 5396, 123523, 146104, 163245, 165348, 0
100.001041, 4.999922, 1446, 1380, 35974.4, 5082, 126832, 143738, 159540, 160412, 0
105.001072, 5.000031, 1412, 1327, 40137.2, 6833, 130499, 154770, 167082, 177152, 0
110.001078, 5.000006, 1424, 1328, 35219.8, 3231, 125579, 159343, 183381, 194681, 0
115.001078, 5.0, 1471, 1433, 33318.4, 2598, 122456, 144747, 153678, 162467, 0
120.001096, 5.000018, 1490, 1369, 35341.8, 2927, 121283, 139969, 162326, 165912, 0
121.010106, 1.00901, 343, 1390, 34108.3, 2479, 119046, 137549, 162326, 165912, 0
