elapsed, window, n, min, mean, median, 95th, 99th, 99_9th, max, errors
5.000129, 5.000129, 25896, 894, 2408.2, 1355, 8812, 11128, 13351, 22512, 0
10.001252, 5.001123, 26638, 850, 2313.9, 1393, 7957, 10437, 12376, 16327, 0
15.001277, 5.000025, 26959, 909, 2294.9, 1417, 7571, 9686, 11296, 12617, 0
20.001244, 4.999967, 26960, 898, 2280.6, 1419, 7442, 9372, 11174, 13039, 0
25.001132, 4.999888, 26608, 907, 2287.2, 1452, 7385, 9296, 11089, 15814, 0
30.001175, 5.000043, 27272, 906, 2261.3, 1443, 7282, 9276, 10949, 15685, 0
35.001124, 4.999949, 26845, 891, 2282.0, 1476, 7252, 9196, 11003, 15119, 0
40.001155, 5.000031, 27572, 891, 2237.2, 1453, 7185, 9066, 10909, 15119, 0
45.001121, 4.999966, 28441, 862, 2170.6, 1404, 7062, 8881, 10657, 18454, 0
50.001202, 5.000081, 28232, 855, 2164.6, 1405, 6963, 8515, 9906, 16594, 0
55.00117, 4.999968, 28279, 904, 2166.5, 1438, 6949, 8385, 9906, 17996, 0
60.00122, 5.00005, 28706, 899, 2144.1, 1424, 6888, 8360, 9649, 24092, 0
65.001124, 4.999904, 28606, 907, 2143.2, 1393, 6931, 8368, 9769, 17894, 0
70.001169, 5.000045, 28437, 859, 2144.6, 1427, 6889, 8155, 9767, 15929, 0
75.001185, 5.000016, 28205, 859, 2170.9, 1449, 6932, 8343, 9722, 13620, 0
80.00124, 5.000055, 28730, 885, 2144.1, 1408, 6908, 8370, 9723, 13928, 0
85.001178, 4.999938, 27340, 902, 2208.2, 1470, 6934, 8235, 9620, 11449, 0
90.001264, 5.000086, 28631, 888, 2163.2, 1436, 6929, 8296, 9727, 14584, 0
95.001172, 4.999908, 28052, 911, 2181.9, 1477, 6903, 8106, 9574, 15113, 0
100.001179, 5.000007, 27423, 916, 2240.3, 1515, 6976, 8225, 9617, 23053, 0
105.00125, 5.000071, 28671, 871, 2149.5, 1408, 6926, 8402, 9648, 15485, 0
110.001251, 5.000001, 28310, 924, 2169.1, 1445, 6932, 8141, 9363, 14879, 0
115.001143, 4.999892, 28169, 905, 2164.5, 1434, 6930, 8256, 9838, 19424, 0
120.001119, 4.999976, 29210, 884, 2118.4, 1383, 6912, 8342, 9651, 17695, 0
121.002369, 1.00125, 5631, 884, 2122.8, 1382, 6908, 8342, 9570, 17695, 0
