elapsed, window, n, min, mean, median, 95th, 99th, 99_9th, max, errors
5.001046, 5.001046, 11, 748, 6897.5, 4346, 6549, 40384, 40384, 40384, 0
10.001089, 5.000043, 11, 706, 5407.9, 4346, 6899, 21110, 21110, 21110, 0
15.001059, 4.99997, 0, 0, 0, 0, 0, 0, 0, 0, 0
20.001045, 4.999986, 7, 743, 3908.4, 2600, 8366, 8366, 8366, 8366, 0
25.001075, 5.00003, 13, 737, 7009.0, 2798, 6942, 60384, 60384, 60384, 0
30.001088, 5.000013, 10, 703, 7922.4, 4755, 6712, 42525, 42525, 42525, 0
35.000996, 4.999908, 10, 707, 5144.6, 4882, 7093, 10079, 10079, 10079, 0
40.001995, 5.000999, 11, 738, 8237.0, 2402, 6823, 60540, 60540, 60540, 0
45.002001, 5.000006, 9, 675, 3195.4, 2402, 6216, 6525, 6525, 6525, 0
50.002065, 5.000064, 4, 677, 4156.6, 4257, 6755, 6755, 6755, 6755, 0
55.00102, 4.998955, 15, 618, 11788.0, 4826, 40816, 54609, 54609, 54609, 0
60.001999, 5.000979, 18, 684, 8523.7, 4481, 42404, 54609, 54609, 54609, 0
65.001954, 4.999955, 16, 727, 5800.8, 4219, 6622, 42404, 42404, 42404, 0
70.001996, 5.000042, 11, 690, 8733.8, 6380, 6848, 54829, 54829, 54829, 0
75.001999, 5.000003, 12, 1018, 16206.6, 6134, 38695, 48273, 48273, 48273, 0
80.001996, 4.999997, 11, 666, 6994.2, 5975, 6804, 36648, 36648, 36648, 0
85.00196, 4.999964, 8, 2093, 4504.3, 4219, 6639, 6639, 6639, 6639, 0
90.001997, 5.000037, 10, 830, 8396.7, 5860, 6847, 46114, 46114, 46114, 0
95.00207, 5.000073, 11, 742, 9771.9, 4532, 34688, 42251, 42251, 42251, 0
100.000999, 4.998929, 9, 881, 15142.4, 4754, 44565, 48780, 48780, 48780, 0
105.002125, 5.001126, 9, 870, 8540.7, 4357, 8117, 56300, 56300, 56300, 0
110.001044, 4.998919, 9, 766, 18863.5, 4874, 58657, 58657, 58657, 58657, 0
115.001031, 4.999987, 10, 822, 14462.8, 4712, 47162, 58657, 58657, 58657, 0
120.001054, 5.000023, 7, 621, 15656.5, 4982, 47162, 50184, 50184, 50184, 0
121.002159, 1.001105, 2, 621, 13142.4, 4278, 50184, 50184, 50184, 50184, 0
