elapsed, window, n, min, mean, median, 95th, 99th, 99_9th, max, errors
5.000059, 5.000059, 11214, 5, 10.2, 10, 16, 21, 30, 52, 0
10.001111, 5.001052, 11286, 4, 10.1, 10, 15, 20, 28, 83, 0
15.001096, 4.999985, 11299, 5, 10.2, 10, 16, 21, 28, 225, 0
20.001062, 4.999966, 11272, 5, 10.1, 10, 15, 20, 30, 71, 0
25.001066, 5.000004, 11295, 5, 10.0, 10, 15, 20, 28, 78, 0
30.001058, 4.999992, 11274, 5, 9.9, 9, 15, 20, 27, 48, 0
35.001105, 5.000047, 11283, 5, 9.8, 9, 15, 20, 26, 45, 0
40.001137, 5.000032, 11301, 5, 10.0, 9, 15, 20, 27, 66, 0
45.001108, 4.999971, 11280, 5, 10.0, 10, 15, 20, 29, 73, 0
50.001113, 5.000005, 11275, 4, 9.9, 9, 15, 20, 30, 76, 0
55.00111, 4.999997, 11279, 4, 9.9, 9, 15, 20, 30, 83, 0
60.00111, 5.0, 11282, 5, 10.0, 10, 15, 20, 27, 67, 0
65.001063, 4.999953, 11280, 5, 10.1, 10, 15, 20, 30, 61, 0
70.001182, 5.000119, 11282, 5, 10.1, 10, 15, 20, 30, 68, 0
75.001111, 4.999929, 11297, 4, 9.7, 9, 15, 20, 28, 61, 0
80.001109, 4.999998, 11279, 5, 9.9, 9, 15, 20, 30, 61, 0
85.001116, 5.000007, 11267, 4, 9.8, 9, 15, 19, 28, 66, 0
90.001054, 4.999938, 11261, 5, 9.9, 9, 15, 20, 26, 70, 0
95.001105, 5.000051, 11281, 5, 10.0, 10, 15, 20, 32, 72, 0
100.001059, 4.999954, 11288, 4, 9.8, 9, 15, 19, 28, 60, 0
105.001179, 5.00012, 11311, 5, 9.8, 9, 15, 19, 26, 35, 0
110.001239, 5.00006, 11289, 5, 9.9, 9, 15, 20, 31, 65, 0
115.001111, 4.999872, 11283, 5, 10.0, 10, 15, 20, 28, 75, 0
120.001071, 4.99996, 11284, 4, 9.8, 9, 15, 20, 29, 64, 0
121.00215, 1.001079, 2260, 4, 9.8, 9, 15, 20, 29, 64, 0
