elapsed, window, n, min, mean, median, 95th, 99th, 99_9th, max, errors
5.000817, 5.000817, 483521, 310, 11409.1, 7823, 32732, 46295, 62809, 103632, 0
10.001834, 5.001017, 439685, 315, 11367.5, 7624, 32183, 46277, 65675, 124434, 0
15.001893, 5.000059, 440092, 359, 11335.4, 7529, 33253, 48128, 64908, 109595, 0
20.001946, 5.000053, 434507, 318, 11440.4, 7144, 34622, 51781, 72952, 132369, 0
25.002, 5.000054, 438671, 338, 11446.3, 7128, 35209, 48630, 66730, 100002, 0
30.001947, 4.999947, 433934, 356, 11500.0, 9285, 28313, 42398, 59605, 108980, 0
35.001811, 4.999864, 436479, 440, 11441.2, 9146, 28405, 39422, 53199, 84766, 0
40.001814, 5.000003, 427645, 354, 11630.9, 7795, 33585, 48384, 69038, 126865, 0
45.002026, 5.000212, 431974, 351, 11576.5, 7856, 33687, 49244, 65427, 100447, 0
50.000841, 4.998815, 428157, 315, 11632.6, 8139, 32105, 45873, 62474, 109766, 0
55.001841, 5.001, 425489, 360, 11718.4, 7795, 34422, 50213, 69544, 118288, 0
60.001817, 4.999976, 429809, 343, 11624.8, 7935, 32863, 45353, 63265, 112658, 0
65.001822, 5.000005, 428557, 332, 11664.3, 7894, 33432, 47413, 64196, 103048, 0
70.001951, 5.000129, 430728, 320, 11634.8, 8056, 32451, 47002, 63103, 102641, 0
75.001854, 4.999903, 427728, 345, 11673.7, 7989, 32319, 48586, 67100, 122414, 0
80.00182, 4.999966, 430216, 349, 11575.6, 7754, 34250, 50134, 66628, 102433, 0
85.001816, 4.999996, 424653, 313, 11755.7, 7845, 34408, 48744, 66937, 113589, 0
90.001818, 5.000002, 430039, 349, 11645.1, 7597, 34221, 51720, 69098, 118483, 0
95.00188, 5.000062, 432256, 319, 11557.8, 7654, 33373, 46073, 62889, 103027, 0
100.001831, 4.999951, 433761, 352, 11563.6, 7851, 33617, 51231, 74923, 138695, 0
105.001817, 4.999986, 429636, 322, 11641.3, 7707, 34321, 49566, 65892, 115834, 0
110.001832, 5.000015, 425171, 310, 11718.9, 8362, 32019, 46950, 65501, 114049, 0
115.001815, 4.999983, 428543, 325, 11713.1, 7900, 34277, 48956, 65922, 105549, 0
120.001827, 5.000012, 429005, 341, 11661.1, 8096, 32151, 44558, 60518, 103954, 0
121.016887, 1.01506, 90037, 341, 11602.8, 8104, 31743, 43210, 58096, 88860, 0
