elapsed, window, n, min, mean, median, 95th, 99th, 99_9th, max, errors
5.000425, 5.000425, 71509, 984, 4741.6, 2606, 16510, 21170, 33395, 303319, 0
10.001329, 5.000904, 69105, 1012, 5284.4, 2587, 16993, 23326, 355225, 445324, 0
15.001431, 5.000102, 38352, 978, 8444.1, 2547, 16646, 22805, 1287333, 1326416, 0
20.00145, 5.000019, 16087, 1006, 4595.5, 2610, 16737, 21466, 29446, 1362289, 0
25.001321, 4.999871, 50688, 994, 12516.7, 2480, 17172, 25331, 4044072, 4259648, 0
30.001477, 5.000156, 44645, 1016, 6290.6, 2551, 16761, 22789, 1268396, 1378688, 0
35.001344, 4.999867, 47886, 976, 8604.3, 2543, 16882, 22745, 1368428, 1448374, 0
40.001306, 4.999962, 34105, 962, 9451.4, 2516, 16728, 23793, 1336891, 1413666, 0
45.001469, 5.000163, 50520, 996, 6216.2, 2539, 16780, 22682, 1268668, 1436877, 0
50.001448, 4.999979, 35874, 996, 6972.5, 2534, 17016, 23100, 1259034, 1356387, 0
55.001381, 4.999933, 48450, 1015, 8896.7, 2578, 16882, 23042, 2802303, 2902234, 0
60.001313, 4.999932, 27384, 986, 15166.8, 2494, 17200, 29046, 1429256, 1490853, 0
65.001475, 5.000162, 37800, 1012, 8216.4, 2563, 16825, 23341, 1288273, 1333718, 0
70.001358, 4.999883, 52422, 1056, 8917.3, 2583, 17157, 23169, 1553953, 2890939, 0
75.001454, 5.000096, 41488, 1025, 8693.0, 2574, 16938, 23097, 1347766, 1453255, 0
80.001612, 5.000158, 25515, 1009, 16431.9, 2540, 17628, 161919, 1441369, 1501173, 0
85.001423, 4.999811, 41470, 1021, 9119.6, 2522, 17185, 24876, 1318758, 1407396, 0
90.001417, 4.999994, 50082, 1012, 7731.6, 2526, 17166, 23913, 1234931, 1359396, 0
95.001405, 4.999988, 41468, 972, 10367.5, 2540, 17123, 23597, 1290608, 1370443, 0
100.001551, 5.000146, 45121, 981, 9719.0, 2525, 17123, 25763, 1260276, 1317285, 0
105.001407, 4.999856, 44838, 1052, 9151.6, 2555, 16853, 23886, 1270113, 1390318, 0
110.001492, 5.000085, 36882, 1026, 8496.4, 2537, 17081, 23630, 2480945, 2596063, 0
115.001427, 4.999935, 20068, 975, 11447.7, 2495, 16533, 25650, 1404013, 1466575, 0
120.00136, 4.999933, 51426, 1050, 8341.8, 2516, 17075, 23801, 1303518, 1410898, 0
121.007463, 1.006103, 12281, 1028, 6060.0, 2536, 16972, 22982, 1164804, 1317558, 0
