elapsed, window, total, successful, failed
5.000941, 5.000941, 5292, 5292, 0
10.001912, 5.000971, 3007, 3007, 0
15.001938, 5.000026, 6360, 6360, 0
20.001944, 5.000006, 2317, 2317, 0
25.001961, 5.000017, 3425, 3425, 0
30.001999, 5.000038, 5755, 5755, 0
35.001825, 4.999826, 4805, 4805, 0
40.001955, 5.00013, 3738, 3738, 0
45.00194, 4.999985, 5929, 5929, 0
50.001955, 5.000015, 4271, 4271, 0
55.001928, 4.999973, 3569, 3569, 0
60.001953, 5.000025, 4319, 4319, 0
65.001838, 4.999885, 5870, 5870, 0
70.001955, 5.000117, 4566, 4566, 0
75.001939, 4.999984, 4631, 4631, 0
80.001895, 4.999956, 6123, 6123, 0
85.001944, 5.000049, 5119, 5119, 0
90.001887, 4.999943, 5948, 5948, 0
95.001831, 4.999944, 5646, 5646, 0
100.001833, 5.000002, 3724, 3724, 0
105.001948, 5.000115, 4480, 4480, 0
110.00194, 4.999992, 4983, 4983, 0
115.001968, 5.000028, 6407, 6407, 0
120.001976, 5.000008, 6765, 6765, 0
125.001952, 4.999976, 5104, 5104, 0
130.001866, 4.999914, 3986, 3986, 0
135.001855, 4.999989, 4086, 4086, 0
140.001955, 5.0001, 6324, 6324, 0
145.002009, 5.000054, 5253, 5253, 0
150.001944, 4.999935, 5734, 5734, 0
155.001993, 5.000049, 4778, 4778, 0
160.00196, 4.999967, 2859, 2859, 0
165.001913, 4.999953, 4337, 4337, 0
170.001972, 5.000059, 4081, 4081, 0
175.001955, 4.999983, 3238, 3238, 0
180.001979, 5.000024, 5158, 5158, 0
185.001941, 4.999962, 4966, 4966, 0
190.001823, 4.999882, 5876, 5876, 0
195.001974, 5.000151, 3922, 3922, 0
200.00183, 4.999856, 3551, 3551, 0
205.001899, 5.000069, 5571, 5571, 0
210.001901, 5.000002, 3825, 3825, 0
215.001974, 5.000073, 5052, 5052, 0
220.001875, 4.999901, 4684, 4684, 0
225.001944, 5.000069, 3704, 3704, 0
230.00197, 5.000026, 4643, 4643, 0
235.001977, 5.000007, 3337, 3337, 0
240.001945, 4.999968, 4610, 4610, 0
245.001841, 4.999896, 4836, 4836, 0
250.001999, 5.000158, 3083, 3083, 0
255.001947, 4.999948, 2252, 2252, 0
260.001968, 5.000021, 4264, 4264, 0
265.001939, 4.999971, 4308, 4308, 0
270.001906, 4.999967, 4007, 4007, 0
275.001954, 5.000048, 3697, 3697, 0
280.00195, 4.999996, 4529, 4529, 0
285.001891, 4.999941, 7077, 7077, 0
290.001834, 4.999943, 7362, 7362, 0
295.001941, 5.000107, 7906, 7906, 0
300.001902, 4.999961, 5973, 5973, 0
301.009144, 1.007242, 1533, 1533, 0
