elapsed, window, total, successful, failed
5.001095, 5.001095, 23013, 23013, 0
10.000962, 4.999867, 23518, 23518, 0
15.001961, 5.000999, 22678, 22678, 0
20.00199, 5.000029, 23120, 23120, 0
25.002106, 5.000116, 7126, 7126, 0
30.001119, 4.999013, 21334, 21334, 0
35.001123, 5.000004, 0, 0, 0
40.001111, 4.999988, 0, 0, 0
45.000982, 4.999871, 9655, 9655, 0
50.002082, 5.0011, 12153, 12153, 0
55.001109, 4.999027, 11703, 11703, 0
60.001086, 4.999977, 11028, 11028, 0
65.000972, 4.999886, 20424, 20424, 0
70.002105, 5.001133, 2513, 2513, 0
75.001114, 4.999009, 0, 0, 0
80.001092, 4.999978, 21135, 21135, 0
85.000948, 4.999856, 8055, 8055, 0
90.002104, 5.001156, 15813, 15813, 0
95.001129, 4.999025, 0, 0, 0
100.000965, 4.999836, 13442, 13442, 0
105.002163, 5.001198, 8208, 8208, 0
110.000964, 4.998801, 7507, 7507, 0
115.001964, 5.001, 23793, 23793, 0
120.00212, 5.000156, 15047, 15047, 0
125.001119, 4.998999, 8036, 8036, 0
130.001057, 4.999938, 14408, 14408, 0
135.000971, 4.999914, 8279, 8279, 0
140.00207, 5.001099, 13793, 13793, 0
145.001, 4.99893, 16970, 16970, 0
150.002114, 5.001114, 6068, 6068, 0
155.001116, 4.999002, 0, 0, 0
160.000954, 4.999838, 7960, 7960, 0
165.002089, 5.001135, 13634, 13634, 0
170.001069, 4.99898, 15887, 15887, 0
175.001101, 5.000032, 0, 0, 0
180.001058, 4.999957, 1397, 1397, 0
181.004137, 1.003079, 4880, 4880, 0
