elapsed, window, total, successful, failed
5.000408, 5.000408, 253, 253, 0
10.001477, 5.001069, 87, 86, 1
15.001466, 4.999989, 160, 157, 3
20.001456, 4.99999, 274, 273, 1
25.001425, 4.999969, 154, 154, 0
30.001468, 5.000043, 238, 238, 0
35.001465, 4.999997, 220, 219, 1
40.00147, 5.000005, 277, 277, 0
45.001462, 4.999992, 175, 175, 0
50.001459, 4.999997, 223, 223, 0
55.001417, 4.999958, 210, 210, 0
60.001467, 5.00005, 216, 216, 0
65.001476, 5.000009, 236, 236, 0
70.001414, 4.999938, 203, 203, 0
75.001413, 4.999999, 255, 255, 0
80.001423, 5.00001, 201, 200, 1
85.001459, 5.000036, 213, 213, 0
90.001412, 4.999953, 232, 232, 0
95.001419, 5.000007, 211, 211, 0
100.001468, 5.000049, 222, 222, 0
105.001464, 4.999996, 220, 220, 0
110.001464, 5.0, 238, 237, 1
115.001411, 4.999947, 205, 205, 0
120.001416, 5.000005, 220, 220, 0
125.001465, 5.000049, 236, 236, 0
130.001409, 4.999944, 212, 212, 0
135.001412, 5.000003, 220, 220, 0
140.001412, 5.0, 211, 211, 0
145.001459, 5.000047, 231, 231, 0
150.001411, 4.999952, 214, 214, 0
155.00141, 4.999999, 227, 227, 0
160.001415, 5.000005, 222, 222, 0
165.001426, 5.000011, 198, 198, 0
170.001407, 4.999981, 209, 209, 0
175.001416, 5.000009, 212, 212, 0
180.001419, 5.000003, 220, 220, 0
185.001415, 4.999996, 201, 201, 0
190.001456, 5.000041, 240, 240, 0
195.001407, 4.999951, 210, 210, 0
200.001412, 5.000005, 215, 215, 0
205.001423, 5.000011, 210, 210, 0
210.00141, 4.999987, 224, 224, 0
215.001458, 5.000048, 213, 213, 0
220.001425, 4.999967, 221, 221, 0
225.001413, 4.999988, 223, 223, 0
230.001457, 5.000044, 207, 207, 0
235.001413, 4.999956, 213, 213, 0
240.00146, 5.000047, 225, 225, 0
245.001414, 4.999954, 230, 230, 0
250.001412, 4.999998, 213, 213, 0
255.001473, 5.000061, 226, 226, 0
260.001463, 4.99999, 213, 213, 0
265.001414, 4.999951, 212, 211, 1
270.001457, 5.000043, 229, 229, 0
275.001411, 4.999954, 209, 209, 0
280.001462, 5.000051, 225, 225, 0
285.001411, 4.999949, 211, 211, 0
290.001409, 4.999998, 212, 211, 1
295.00141, 5.000001, 223, 223, 0
300.00146, 5.00005, 211, 211, 0
301.015644, 1.014184, 47, 47, 0
