elapsed, window, total, successful, failed
5.000818, 5.000818, 87487, 87487, 0
10.001775, 5.000957, 85982, 85982, 0
15.001803, 5.000028, 86290, 86290, 0
20.001785, 4.999982, 86109, 86109, 0
25.00187, 5.000085, 85638, 85638, 0
30.001784, 4.999914, 85291, 85291, 0
35.00177, 4.999986, 85205, 85205, 0
40.001774, 5.000004, 84307, 84307, 0
45.001943, 5.000169, 83705, 83705, 0
50.001773, 4.99983, 83258, 83258, 0
55.001776, 5.000003, 82617, 82617, 0
60.001776, 5.0, 82127, 82127, 0
65.001807, 5.000031, 81740, 81740, 0
70.001771, 4.999964, 81853, 81853, 0
75.001819, 5.000048, 81353, 81353, 0
80.001787, 4.999968, 80777, 80777, 0
85.001795, 5.000008, 80698, 80698, 0
90.001794, 4.999999, 80110, 80110, 0
95.001779, 4.999985, 79826, 79826, 0
100.001771, 4.999992, 79587, 79587, 0
105.001829, 5.000058, 79810, 79810, 0
110.001794, 4.999965, 78976, 78976, 0
115.001783, 4.999989, 78787, 78787, 0
120.001843, 5.00006, 78735, 78735, 0
121.002916, 1.001073, 15585, 15585, 0
