elapsed, window, n, min, mean, median, 95th, 99th, 99_9th, max, errors
5.000668, 5.000668, 111, 24173, 44482.4, 45021, 59947, 64424, 66633, 66633, 0
10.001673, 5.001005, 117, 24893, 42988.7, 41611, 58085, 73721, 76812, 76812, 0
15.001667, 4.999994, 114, 24493, 43782.7, 42175, 59091, 61937, 65679, 65679, 0
20.001667, 5.0, 113, 21229, 43970.4, 42474, 59492, 66104, 68895, 68895, 0
25.00167, 5.000003, 115, 21229, 43224.0, 41124, 58164, 62173, 62515, 62515, 0
30.00167, 5.0, 115, 23923, 43280.9, 41625, 59864, 62794, 64135, 64135, 0
35.001668, 4.999998, 112, 23796, 44254.1, 42521, 59863, 65098, 91049, 91049, 0
40.001668, 5.0, 112, 22582, 43996.6, 42867, 59896, 63977, 70149, 70149, 0
45.001667, 4.999999, 116, 23075, 43099.9, 41113, 59999, 63265, 67281, 67281, 0
50.00167, 5.000003, 112, 24788, 44303.6, 42950, 60905, 67281, 69325, 69325, 0
55.001666, 4.999996, 115, 23308, 43315.2, 42538, 59891, 63252, 66669, 66669, 0
60.001667, 5.000001, 113, 22539, 44296.8, 42245, 63328, 66669, 69992, 69992, 0
65.001668, 5.000001, 116, 26971, 43092.5, 40455, 56977, 65385, 66317, 66317, 0
70.001669, 5.000001, 112, 24102, 44266.3, 42846, 60599, 68763, 73964, 73964, 0
75.001669, 5.0, 115, 23547, 43532.7, 42346, 58575, 68612, 69452, 69452, 0
80.001669, 5.0, 117, 23217, 42437.8, 41743, 54857, 60935, 65674, 65674, 0
85.001668, 4.999999, 118, 22259, 42351.9, 40618, 59592, 67028, 67175, 67175, 0
90.001669, 5.000001, 120, 21775, 41552.3, 39873, 58740, 63514, 64417, 64417, 0
95.001666, 4.999997, 115, 22309, 42518.6, 41749, 59816, 60212, 62761, 62761, 0
100.00167, 5.000004, 115, 23518, 43181.7, 41576, 61667, 68024, 68453, 68453, 0
105.001666, 4.999996, 114, 21510, 43454.9, 42106, 60616, 67791, 67948, 67948, 0
110.001668, 5.000002, 117, 26000, 42704.2, 40645, 59415, 60921, 65042, 65042, 0
115.001667, 4.999999, 115, 24082, 42803.2, 40798, 60158, 69396, 69861, 69861, 0
120.001667, 5.0, 119, 20627, 42166.8, 40178, 56465, 69396, 70083, 70083, 0
121.001712, 1.000045, 22, 20627, 42127.6, 40518, 58411, 60553, 60564, 60564, 0
