elapsed, window, n, min, mean, median, 95th, 99th, 99_9th, max, errors
5.000664, 5.000664, 54664, 82, 158.6, 132, 257, 426, 2464, 4443, 0
10.00166, 5.000996, 55021, 84, 146.7, 130, 246, 351, 526, 798, 0
15.001667, 5.000007, 54846, 84, 147.4, 131, 245, 345, 549, 4397, 0
20.00185, 5.000183, 54958, 83, 146.7, 130, 245, 341, 511, 1007, 0
25.001735, 4.999885, 54976, 83, 146.4, 130, 245, 344, 512, 1198, 0
30.001659, 4.999924, 55019, 81, 145.7, 130, 241, 339, 497, 4872, 0
35.001654, 4.999995, 54774, 80, 147.2, 130, 248, 348, 523, 3731, 0
40.001677, 5.000023, 54952, 81, 147.2, 131, 246, 346, 513, 1297, 0
45.00166, 4.999983, 54970, 82, 146.7, 131, 245, 343, 497, 971, 0
50.001679, 5.000019, 54910, 82, 147.7, 131, 247, 340, 527, 4667, 0
55.00166, 4.999981, 54993, 83, 148.3, 132, 247, 343, 516, 874, 0
60.001686, 5.000026, 55025, 82, 147.0, 131, 246, 346, 493, 3292, 0
65.001834, 5.000148, 54941, 79, 149.2, 133, 249, 352, 519, 2480, 0
70.001663, 4.999829, 54934, 83, 151.7, 135, 253, 355, 536, 797, 0
75.001699, 5.000036, 55040, 82, 149.1, 133, 248, 346, 510, 3180, 0
80.001659, 4.99996, 54959, 82, 150.2, 134, 251, 350, 512, 1000, 0
85.001711, 5.000052, 55011, 80, 150.8, 135, 251, 344, 516, 1062, 0
90.001669, 4.999958, 54969, 85, 151.4, 135, 251, 353, 553, 5166, 0
95.001698, 5.000029, 54915, 82, 148.9, 133, 248, 343, 497, 918, 0
100.001663, 4.999965, 55093, 83, 148.5, 133, 246, 338, 497, 1293, 0
105.001683, 5.00002, 54935, 83, 151.7, 136, 252, 347, 513, 994, 0
110.001719, 5.000036, 55101, 81, 150.5, 135, 250, 341, 508, 5254, 0
115.001689, 4.99997, 54959, 80, 150.9, 135, 252, 346, 514, 1096, 0
120.001676, 4.999987, 55078, 79, 151.6, 136, 253, 351, 512, 879, 0
121.00475, 1.003074, 10979, 79, 150.6, 135, 252, 351, 508, 1231, 0
