elapsed, window, n, min, mean, median, 95th, 99th, 99_9th, max, errors
5.000654, 5.000654, 12084, 20439, 20675.0, 20627, 20860, 21104, 30594, 31115, 0
10.001604, 5.00095, 12102, 20439, 20641.9, 20627, 20854, 21003, 21190, 21648, 0
15.001601, 4.999997, 12103, 20425, 20632.0, 20618, 20828, 20966, 21148, 21425, 0
20.001603, 5.000002, 12108, 20437, 20621.6, 20609, 20810, 20946, 21144, 21338, 0
25.001549, 4.999946, 12112, 20436, 20618.8, 20606, 20806, 20945, 21138, 21346, 0
30.001602, 5.000053, 12109, 20436, 20625.2, 20614, 20816, 20951, 21134, 21249, 0
35.001602, 5.0, 12112, 20434, 20614.7, 20605, 20787, 20912, 21059, 21289, 0
40.001549, 4.999947, 12110, 20429, 20625.3, 20614, 20809, 20932, 21119, 21356, 0
45.001551, 5.000002, 12112, 20430, 20623.4, 20611, 20813, 20952, 21145, 21411, 0
50.001549, 4.999998, 12110, 20425, 20629.3, 20616, 20828, 20991, 21199, 21596, 0
55.001542, 4.999993, 12112, 20432, 20623.9, 20612, 20812, 20935, 21133, 21611, 0
60.001692, 5.00015, 12109, 20428, 20627.5, 20616, 20819, 20956, 21189, 21560, 0
65.001667, 4.999975, 12099, 20439, 20629.3, 20615, 20825, 20971, 21234, 21375, 0
70.001549, 4.999882, 12119, 20432, 20616.1, 20605, 20799, 20941, 21117, 21709, 0
75.001569, 5.00002, 12110, 20420, 20624.9, 20613, 20811, 20944, 21120, 21709, 0
80.001637, 5.000068, 12109, 20428, 20627.6, 20614, 20816, 20956, 21168, 21238, 0
85.001582, 4.999945, 12099, 20432, 20624.0, 20611, 20815, 20951, 21173, 21424, 0
90.00155, 4.999968, 12114, 20423, 20622.0, 20609, 20809, 20952, 21160, 21332, 0
95.001597, 5.000047, 12115, 20432, 20625.4, 20614, 20812, 20960, 21171, 22139, 0
100.001549, 4.999952, 12102, 20431, 20631.3, 20617, 20828, 20982, 21220, 21872, 0
105.0016, 5.000051, 12111, 20430, 20632.0, 20617, 20842, 20986, 21169, 21292, 0
110.00155, 4.99995, 12101, 20434, 20629.8, 20616, 20829, 20955, 21231, 23941, 0
115.001549, 4.999999, 12106, 20438, 20630.2, 20617, 20828, 20949, 21184, 21323, 0
120.001549, 5.0, 12113, 20437, 20629.7, 20617, 20821, 20958, 21151, 21547, 0
121.00173, 1.000181, 2415, 20433, 20630.7, 20618, 20824, 20965, 21161, 21404, 0
