elapsed, window, n, min, mean, median, 95th, 99th, 99_9th, max, errors
5.000919, 5.000919, 450033, 288, 12116.2, 7100, 39637, 58597, 79820, 137809, 0
10.00199, 5.001071, 415641, 231, 12121.2, 7537, 37605, 54723, 75519, 137809, 0
15.001933, 4.999943, 411400, 281, 12159.6, 7398, 39359, 56783, 78215, 136024, 0
20.001938, 5.000005, 406906, 285, 12298.2, 7019, 41151, 62298, 84076, 146342, 0
25.001941, 5.000003, 409067, 300, 12209.9, 7512, 39028, 56038, 78556, 146342, 0
30.001928, 4.999987, 415818, 298, 12110.1, 7449, 37597, 53221, 75046, 129191, 0
35.002008, 5.00008, 406182, 291, 12260.4, 7315, 39150, 54469, 73311, 117775, 0
40.001977, 4.999969, 413373, 288, 12155.5, 7349, 39076, 57035, 76350, 124394, 0
45.001915, 4.999938, 403340, 283, 12266.1, 7420, 38826, 54827, 78434, 122570, 0
50.00193, 5.000015, 413412, 281, 12165.1, 7794, 37257, 52542, 71479, 122832, 0
55.001921, 4.999991, 410133, 268, 12159.1, 7348, 39352, 58251, 79558, 134276, 0
60.001931, 5.00001, 409862, 268, 12156.6, 7197, 38306, 57350, 81723, 143013, 0
65.002207, 5.000276, 409828, 311, 12269.9, 7449, 38345, 57504, 79900, 133516, 0
70.000957, 4.99875, 415165, 345, 12061.4, 7776, 36472, 49553, 69287, 97213, 0
75.001915, 5.000958, 410237, 321, 12106.6, 7923, 35444, 51029, 71958, 128710, 0
80.001948, 5.000033, 412004, 336, 12125.1, 7674, 36045, 55256, 74534, 130800, 0
85.001913, 4.999965, 408778, 340, 12189.3, 7682, 36253, 56172, 83911, 152651, 0
90.001943, 5.00003, 410697, 327, 12200.5, 7839, 36492, 61324, 88813, 174048, 0
95.00193, 4.999987, 410798, 300, 12207.2, 7672, 36647, 56658, 79623, 154042, 0
100.001941, 5.000011, 415224, 290, 12071.6, 8123, 34903, 49962, 71185, 116007, 0
105.001968, 5.000027, 413297, 290, 12060.5, 8272, 34274, 49214, 70194, 116007, 0
110.001913, 4.999945, 409627, 309, 12154.3, 8309, 34993, 47942, 65894, 114783, 0
115.001975, 5.000062, 410366, 306, 12165.7, 7471, 37570, 54476, 73630, 132014, 0
120.002018, 5.000043, 414045, 215, 12102.9, 7153, 39394, 60863, 81997, 142754, 0
121.017113, 1.015095, 82440, 215, 12078.0, 7287, 39046, 56638, 78950, 138438, 0
