elapsed, window, n, min, mean, max, errors, median
5.001004, 5.001004,1061395, 217,2626.47, 19248,0, 2396
10.002035, 5.001031,965463, 264,2605.16, 15064,0, 2397
15.00101, 4.998975,957596, 260,2598.45, 15034,0, 2372
20.000942, 4.999932,959031, 260,2602.75, 17816,0, 2388
25.001932, 5.00099,956269, 263,2602.4, 16666,0, 2371
30.001949, 5.000017,959022, 275,2600.71, 15746,0, 2383
35.001962, 5.000013,955927, 217,2601.45, 15746,0, 2375
40.001985, 5.000023,956738, 283,2601.47, 16635,0, 2388
45.001947, 4.999962,955703, 272,2600.44, 16152,0, 2381
50.001937, 4.99999,957310, 272,2607.61, 16484,0, 2387
55.001952, 5.000015,954167, 281,2611.1, 16165,0, 2392
60.001955, 5.000003,954958, 281,2607.99, 14520,0, 2398
65.001942, 4.999987,951964, 230,2611.46, 15674,0, 2387
70.001989, 5.000047,955705, 256,2608.06, 16233,0, 2381
75.001949, 4.99996,951925, 265,2611.55, 17327,0, 2390
80.001926, 4.999977,944598, 269,2628.7, 19308,0, 2392
85.001947, 5.000021,940919, 276,2646.55, 16636,0, 2352
90.002497, 5.00055,945702, 280,2643.53, 16636,0, 2374
95.001, 4.998503,944861, 279,2641.4, 17219,0, 2365
100.001999, 5.000999,938604, 263,2646.79, 17909,0, 2358
105.002133, 5.000134,940494, 260,2650.65, 17506,0, 2376
110.001011, 4.998878,940354, 266,2651.57, 20724,0, 2376
115.001926, 5.000915,936376, 275,2649.8, 20743,0, 2379
120.002027, 5.000101,941515, 278,2654.11, 20743,0, 2366
121.004995, 1.002968,184962, 275,2656.02, 24039,0, 2358

