elapsed, window, total, successful, failed
5.00077, 5.00077, 1128, 1128, 0
10.001813, 5.001043, 31, 31, 0
15.001815, 5.000002, 7, 7, 0
20.001782, 4.999967, 0, 0, 0
25.001791, 5.000009, 0, 0, 0
30.00185, 5.000059, 0, 0, 0
35.001843, 4.999993, 6, 6, 0
40.001835, 4.999992, 9, 9, 0
45.001803, 4.999968, 14, 14, 0
50.001861, 5.000058, 10, 10, 0
55.001807, 4.999946, 19, 19, 0
60.001785, 4.999978, 14, 14, 0
65.001841, 5.000056, 7, 7, 0
70.001823, 4.999982, 12, 12, 0
75.001794, 4.999971, 24, 24, 0
80.001787, 4.999993, 34, 34, 0
85.001845, 5.000058, 24, 24, 0
90.001723, 4.999878, 48, 48, 0
95.001818, 5.000095, 65, 65, 0
100.001829, 5.000011, 45, 45, 0
105.001838, 5.000009, 54, 54, 0
110.001777, 4.999939, 24, 24, 0
115.00184, 5.000063, 29, 29, 0
120.00183, 4.99999, 21, 21, 0
125.001808, 4.999978, 31, 31, 0
130.001789, 4.999981, 43, 43, 0
135.001788, 4.999999, 41, 41, 0
140.001816, 5.000028, 39, 39, 0
145.001804, 4.999988, 120, 120, 0
150.001847, 5.000043, 0, 0, 0
155.001784, 4.999937, 10, 10, 0
160.001831, 5.000047, 18, 17, 1
165.001826, 4.999995, 23, 23, 0
170.001845, 5.000019, 33, 33, 0
175.001745, 4.9999, 41, 41, 0
180.001845, 5.0001, 8, 8, 0
185.001847, 5.000002, 61, 61, 0
190.001804, 4.999957, 18, 18, 0
195.001788, 4.999984, 40, 40, 0
200.001785, 4.999997, 23, 23, 0
205.001823, 5.000038, 70, 70, 0
210.001849, 5.000026, 15, 15, 0
215.001842, 4.999993, 7, 7, 0
220.001834, 4.999992, 0, 0, 0
225.001854, 5.00002, 4, 4, 0
230.001847, 4.999993, 7, 7, 0
235.001806, 4.999959, 2, 2, 0
240.001831, 5.000025, 7, 7, 0
245.001778, 4.999947, 10, 10, 0
250.001803, 5.000025, 7, 7, 0
255.001849, 5.000046, 0, 0, 0
260.001798, 4.999949, 0, 0, 0
265.001849, 5.000051, 0, 0, 0
270.001844, 4.999995, 3, 3, 0
275.001801, 4.999957, 3, 3, 0
280.001831, 5.00003, 1, 1, 0
285.001803, 4.999972, 2, 2, 0
290.001802, 4.999999, 2, 2, 0
295.001808, 5.000006, 3, 3, 0
300.00183, 5.000022, 4, 4, 0
301.064049, 1.062219, 3, 3, 0
