elapsed, window, n, min, mean, median, 95th, 99th, 99_9th, max, errors
5.000357, 5.000357, 12023, 0, 0.0, 0, 0, 0, 0, 0, 0
10.001366, 5.001009, 12056, 0, 0.0, 0, 0, 0, 0, 0, 0
15.001364, 4.999998, 12083, 0, 0.0, 0, 0, 0, 0, 0, 0
20.001319, 4.999955, 12055, 0, 0.0, 0, 0, 0, 0, 0, 0
25.001612, 5.000293, 12066, 0, 0.0, 0, 0, 0, 0, 0, 0
30.001452, 4.99984, 12057, 0, 0.0, 0, 0, 0, 0, 0, 0
35.001358, 4.999906, 12075, 0, 0.0, 0, 0, 0, 0, 0, 0
40.001356, 4.999998, 12067, 0, 0.0, 0, 0, 0, 0, 0, 0
45.001327, 4.999971, 12065, 0, 0.0, 0, 0, 0, 0, 0, 0
50.001357, 5.00003, 12074, 0, 0.0, 0, 0, 0, 0, 0, 0
55.001358, 5.000001, 12064, 0, 0.0, 0, 0, 0, 0, 0, 0
60.001355, 4.999997, 12066, 0, 0.0, 0, 0, 0, 0, 0, 0
65.001301, 4.999946, 12069, 0, 0.0, 0, 0, 0, 0, 0, 0
70.001306, 5.000005, 12068, 0, 0.0, 0, 0, 0, 0, 0, 0
75.001409, 5.000103, 12061, 0, 0.0, 0, 0, 0, 0, 0, 0
80.001355, 4.999946, 12068, 0, 0.0, 0, 0, 0, 0, 0, 0
85.001457, 5.000102, 12066, 0, 0.0, 0, 0, 0, 0, 0, 0
90.001359, 4.999902, 12059, 0, 0.0, 0, 0, 0, 0, 0, 0
95.001358, 4.999999, 12076, 0, 0.0, 0, 0, 0, 0, 0, 0
100.001356, 4.999998, 12075, 0, 0.0, 0, 0, 0, 0, 0, 0
105.001312, 4.999956, 12058, 0, 0.0, 0, 0, 0, 0, 0, 0
110.001358, 5.000046, 12077, 0, 0.0, 0, 0, 0, 0, 0, 0
115.001398, 5.00004, 12083, 0, 0.0, 0, 0, 0, 0, 0, 0
120.001319, 4.999921, 12066, 0, 0.0, 0, 0, 0, 0, 0, 0
121.002354, 1.001035, 2420, 0, 0.0, 0, 0, 0, 0, 0, 0
