elapsed, window, n, min, mean, median, 95th, 99th, 99_9th, max, errors
5.0008, 5.0008, 28996, 342, 21430.5, 2881, 50632, 510424, 1010761, 1401342, 0
10.001766, 5.000966, 72030, 341, 9467.1, 2736, 33483, 186282, 579490, 1107075, 0
15.001755, 4.999989, 91379, 338, 6891.9, 2699, 25063, 67500, 283581, 383033, 0
20.001769, 5.000014, 98665, 351, 6187.2, 2683, 23211, 48631, 292483, 390655, 0
25.001749, 4.99998, 123693, 350, 5465.8, 2551, 21957, 43723, 253985, 390655, 0
30.00175, 5.000001, 79101, 335, 7668.5, 2575, 25715, 75422, 363433, 408245, 0
35.001798, 5.000048, 80142, 327, 7557.3, 2656, 25396, 64212, 398332, 483835, 0
40.001801, 5.000003, 86655, 332, 7170.9, 2699, 23702, 62206, 330651, 442365, 0
45.001786, 4.999985, 70407, 328, 9025.6, 2681, 25531, 148281, 479387, 541560, 0
50.001816, 5.00003, 81683, 331, 7936.9, 2681, 25031, 60420, 433247, 514584, 0
55.001798, 4.999982, 91663, 331, 7043.2, 2721, 23814, 65314, 381574, 514584, 0
60.001748, 4.99995, 88149, 338, 7294.1, 2697, 23774, 86555, 335089, 510098, 0
65.0018, 5.000052, 41203, 338, 12981.1, 2731, 31130, 442020, 727870, 825489, 0
70.00176, 4.99996, 46043, 334, 14361.1, 2781, 32955, 534474, 770715, 809795, 0
75.001785, 5.000025, 42158, 338, 14598.0, 2836, 35474, 513177, 732331, 831447, 0
80.001784, 4.999999, 65037, 346, 10285.7, 2675, 28281, 322742, 525130, 698421, 0
85.0018, 5.000016, 54384, 335, 11139.0, 2685, 27668, 402770, 612071, 686914, 0
90.001807, 5.000007, 43050, 337, 12830.2, 2713, 32573, 444554, 884925, 987774, 0
95.001817, 5.00001, 86717, 337, 8185.1, 2592, 25376, 51401, 759512, 872622, 0
100.001761, 4.999944, 95782, 344, 6718.3, 2566, 23693, 52192, 358582, 422401, 0
105.001771, 5.00001, 94181, 335, 6811.5, 2505, 23627, 50676, 369388, 429698, 0
110.001799, 5.000028, 84334, 346, 7232.3, 2586, 23686, 61949, 478343, 623996, 0
115.001776, 4.999977, 55384, 331, 11322.9, 2734, 28931, 420927, 584906, 709663, 0
120.001798, 5.000022, 63387, 335, 9440.2, 2675, 27505, 118550, 558459, 642046, 0
121.002848, 1.00105, 7944, 335, 10232.8, 2682, 28292, 265411, 665682, 791107, 0
