elapsed, window, total, successful, failed
5.00105, 5.00105, 45785, 45785, 0
10.000826, 4.999776, 43596, 43596, 0
15.001832, 5.001006, 43515, 43515, 0
20.001903, 5.000071, 43642, 43642, 0
25.001926, 5.000023, 28376, 28376, 0
30.001808, 4.999882, 43693, 43693, 0
35.00182, 5.000012, 43279, 43279, 0
40.001875, 5.000055, 44232, 44232, 0
45.001821, 4.999946, 44125, 44125, 0
50.001954, 5.000133, 25491, 25491, 0
55.00191, 4.999956, 30265, 30265, 0
60.002006, 5.000096, 13435, 13435, 0
65.001991, 4.999985, 33493, 33493, 0
70.001897, 4.999906, 1183, 1183, 0
75.001831, 4.999934, 15256, 15256, 0
80.001838, 5.000007, 9760, 9760, 0
85.001809, 4.999971, 6202, 6202, 0
90.002004, 5.000195, 44021, 44021, 0
95.001926, 4.999922, 43158, 43158, 0
100.00182, 4.999894, 43437, 43437, 0
105.001826, 5.000006, 43529, 43529, 0
110.001871, 5.000045, 43154, 43154, 0
115.001816, 4.999945, 43884, 43884, 0
120.001817, 5.000001, 42910, 42910, 0
121.003204, 1.001387, 8673, 8673, 0
