elapsed, window, n, min, mean, median, 95th, 99th, 99_9th, max, errors
5.00104, 5.00104, 485063, 215, 2259.3, 1888, 5203, 6889, 9407, 15804, 0
10.001028, 4.999988, 440939, 220, 2269.9, 1840, 5368, 7158, 9795, 16579, 0
15.00111, 5.000082, 440423, 237, 2262.4, 1914, 5115, 6782, 9123, 14920, 0
20.001034, 4.999924, 440649, 212, 2266.6, 1897, 5205, 6961, 9463, 15071, 0
25.001015, 4.999981, 440678, 219, 2256.0, 1895, 5162, 6919, 9364, 16660, 0
30.001965, 5.00095, 438973, 227, 2268.3, 1823, 5550, 7507, 10828, 18863, 0
35.002003, 5.000038, 436155, 217, 2275.4, 1855, 5468, 7273, 10310, 15371, 0
40.002089, 5.000086, 438621, 202, 2271.3, 1884, 5276, 7002, 9781, 18570, 0
45.000991, 4.998902, 434736, 211, 2278.9, 1896, 5257, 7287, 10067, 18570, 0
50.001977, 5.000986, 438489, 207, 2283.5, 1881, 5372, 7195, 10043, 14926, 0
55.002028, 5.000051, 434602, 210, 2288.3, 1898, 5346, 7080, 9826, 17179, 0
60.000973, 4.998945, 438461, 222, 2277.9, 1940, 5098, 6710, 9134, 14378, 0
65.002004, 5.001031, 433100, 218, 2285.4, 1872, 5413, 7272, 10005, 15966, 0
70.002002, 4.999998, 439030, 220, 2282.6, 1883, 5380, 7143, 9834, 14289, 0
75.001999, 4.999997, 432673, 206, 2297.9, 1822, 5686, 7745, 11144, 17773, 0
80.001985, 4.999986, 429123, 220, 2307.2, 1847, 5581, 7594, 10369, 17773, 0
85.002038, 5.000053, 434289, 218, 2306.2, 1860, 5518, 7364, 10132, 15540, 0
90.001048, 4.99901, 428710, 221, 2316.2, 1813, 5809, 8046, 11331, 18392, 0
95.001003, 4.999955, 432934, 195, 2307.4, 1744, 5875, 7777, 10994, 17003, 0
100.001994, 5.000991, 430513, 205, 2308.6, 1804, 5774, 8053, 11062, 18145, 0
105.001977, 4.999983, 429580, 212, 2308.3, 1741, 5924, 8034, 11141, 16531, 0
110.001998, 5.000021, 434842, 180, 2317.6, 1790, 5956, 8018, 12223, 26682, 0
115.001964, 4.999966, 431467, 204, 2301.7, 1811, 5678, 7547, 10426, 16379, 0
120.002021, 5.000057, 436104, 219, 2291.5, 1826, 5591, 7450, 10475, 15478, 0
121.004054, 1.002033, 83337, 219, 2293.7, 1814, 5622, 7672, 10739, 17456, 0
