elapsed, window, n, min, mean, median, 95th, 99th, 99_9th, max, errors
5.000828, 5.000828, 79225, 346, 14881.5, 2482, 48102, 337578, 746630, 1451724, 0
10.001787, 5.000959, 64727, 365, 18092.1, 2135, 25138, 599053, 1495445, 2701715, 0
15.001782, 4.999995, 55159, 359, 22907.9, 2102, 34902, 992728, 2299684, 3383007, 0
20.001831, 5.000049, 59886, 360, 19927.8, 2020, 30221, 801570, 2081019, 3085997, 0
25.001801, 4.99997, 52914, 369, 24834.8, 1992, 39268, 685267, 2691982, 3834980, 0
30.001831, 5.00003, 54724, 358, 22077.1, 2026, 32230, 666499, 2446012, 2997696, 0
35.001783, 4.999952, 47327, 357, 25727.3, 2028, 39769, 786120, 2842563, 4337852, 0
40.001831, 5.000048, 45016, 349, 27801.9, 1948, 41230, 916129, 2924581, 4455708, 0
45.001832, 5.000001, 56906, 349, 22382.1, 2040, 37894, 816561, 2630554, 3807395, 0
50.00182, 4.999988, 45929, 330, 26629.6, 2007, 40660, 817107, 3089573, 4389521, 0
55.001784, 4.999964, 46920, 341, 27098.5, 1992, 40879, 819699, 3185393, 4827624, 0
60.001841, 5.000057, 43543, 345, 27163.7, 1970, 40791, 828859, 3109864, 5272627, 0
65.001831, 4.99999, 41051, 354, 30111.6, 1956, 40984, 771665, 3810637, 6153539, 0
70.001782, 4.999951, 36304, 352, 33151.1, 2082, 41701, 878912, 4181430, 6743770, 0
75.00178, 4.999998, 41700, 355, 32059.7, 2033, 41539, 667986, 4295717, 6743770, 0
80.001785, 5.000005, 40108, 354, 30710.0, 2011, 41333, 860019, 3888408, 6279589, 0
85.001831, 5.000046, 48987, 359, 25139.4, 2017, 39916, 514825, 3375194, 6279589, 0
90.001828, 4.999997, 39712, 355, 30311.0, 2030, 41363, 601712, 4562413, 6753895, 0
95.001829, 5.000001, 37128, 349, 33042.4, 2090, 41374, 636112, 4644077, 7127719, 0
100.001832, 5.000003, 39366, 356, 32456.1, 1983, 41234, 735345, 4947388, 7120107, 0
105.001777, 4.999945, 57217, 350, 23009.3, 1925, 38997, 447794, 3985956, 6168207, 0
110.00178, 5.000003, 34352, 354, 32255.6, 2027, 41636, 771414, 4998395, 7044156, 0
115.001833, 5.000053, 39372, 355, 34770.3, 2003, 41497, 642479, 5517887, 7281651, 0
120.00183, 4.999997, 40042, 354, 32071.1, 2098, 41292, 578871, 5265634, 6712022, 0
121.005823, 1.003993, 7826, 354, 32123.7, 2090, 41329, 583589, 5424693, 6698782, 0
