elapsed, window, n, min, mean, max, errors, median
5.001217, 5.001217,5008, 64107,82927.9, 396342,5508,78872
10.001134, 4.999917,5706, 64204,85045.4, 340653,6726,80414.9
15.001223, 5.000089,5811, 64040,86777.6, 290669,6772,81706.3
20.001237, 5.000014,5287, 63993,107659, 861644,6265,83378.7
25.001236, 4.999999,5596, 64062,112941, 957513,6570,83296.6
30.001196, 4.99996,5712, 63798,88643.1, 289677,6706,83062.3
35.001219, 5.000023,5486, 64360,105134, 734507,6651,83712.5
40.001172, 4.999953,5818, 64441,86980.2, 315346,7145,82347.5
45.001171, 4.999999,5800, 64099,85943.9, 274119,7263,82000.3
50.001222, 5.000051,5790, 64477,89452, 313226,7481,82982.1
55.001229, 5.000007,5736, 64163,86792.2, 289174,7359,82305.1
60.001257, 5.000028,5847, 64124,84728.4, 389813,7432,81334.1
65.00123, 4.999973,5061, 64124,106281, 1169026,6730,83038.2
70.001181, 4.999951,2880, 64511,458554, 3082351,3972,300703
75.001227, 5.000046,3520, 64142,347414, 2614986,4732,270454
80.001235, 5.000008,2148, 65382,636324, 3007238,3166,544964
85.001223, 4.999988,1837, 65040,862475, 3660398,2559,806385
90.001224, 5.000001,1991, 63907,799552, 4172283,2588,739079
95.001237, 5.000013,1875, 65924,1.07267e+06, 5733182,2695,978833
100.00118, 4.999943,2320, 64605,774186, 7125903,3200,729691
105.001179, 4.999999,1624, 64762,939087, 5308800,2250,862751
110.001225, 5.000046,2071, 65173,972026, 6365991,2929,937059
115.001105, 4.99988,3663, 64131,480416, 5902410,4873,200905
120.001217, 5.000112,5790, 64054,91745.1, 634659,8089,81918.1
125.00117, 4.999953,5916, 64135,87533.1, 349728,8454,82618.7
130.001219, 5.000049,5820, 64089,85050.7, 286232,8275,81775.5
135.00113, 4.999911,5858, 64302,86978.7, 307393,8280,82712.8
140.001224, 5.000094,5729, 64340,86239.8, 296322,8409,82169.8
145.00122, 4.999996,5760, 64113,85466.5, 226662,8420,81932.4
150.001166, 4.999946,5859, 64214,86230.2, 313754,8717,82393.6
155.001109, 4.999943,5817, 64091,86474.5, 257872,8793,82443.7
160.00126, 5.000151,5844, 64372,86233.5, 291981,8646,82337.8
165.001111, 4.999851,5732, 64436,86761.7, 244633,8731,82555.9
170.001204, 5.000093,5724, 64053,85773.7, 242404,8597,82351.6
175.001171, 4.999967,5883, 63659,85957.6, 260782,9201,82388.8
180.001265, 5.000094,5730, 64395,85415.1, 310480,8814,81944.3
181.04918, 1.047915,1212, 64048,84578.2, 310480,1996,81254.7

