elapsed, window, n, min, mean, median, 95th, 99th, 99_9th, max, errors
5.001063, 5.001063, 212, 516, 3772.9, 1884, 9072, 11327, 11961, 11961, 0
10.001076, 5.000013, 17, 558, 694.6, 676, 818, 827, 827, 827, 0
15.001054, 4.999978, 17, 575, 680.8, 668, 816, 846, 846, 846, 0
20.000937, 4.999883, 6, 603, 669.5, 635, 753, 753, 753, 753, 0
25.002076, 5.001139, 36, 577, 694.1, 666, 855, 1093, 1093, 1093, 0
30.001058, 4.998982, 15, 575, 659.5, 648, 756, 878, 878, 878, 0
35.001065, 5.000007, 22, 548, 651.5, 637, 779, 826, 826, 826, 0
40.001065, 5.0, 34, 494, 635.6, 644, 738, 765, 765, 765, 0
45.001059, 4.999994, 19, 566, 656.5, 638, 791, 820, 820, 820, 0
50.001016, 4.999957, 22, 510, 634.2, 615, 771, 807, 807, 807, 0
55.00207, 5.001054, 19, 541, 628.9, 601, 734, 987, 987, 987, 0
60.001081, 4.999011, 23, 472, 634.6, 631, 743, 765, 765, 765, 0
65.001104, 5.000023, 27, 489, 614.9, 617, 773, 851, 851, 851, 0
70.001108, 5.000004, 32, 472, 586.1, 565, 668, 868, 868, 868, 0
75.001064, 4.999956, 21, 506, 592.1, 589, 666, 693, 693, 693, 0
80.001071, 5.000007, 29, 521, 619.9, 615, 738, 766, 766, 766, 0
85.001027, 4.999956, 32, 510, 636.5, 628, 721, 807, 807, 807, 0
90.002061, 5.001034, 17, 531, 661.3, 645, 756, 891, 891, 891, 0
95.001044, 4.998983, 26, 512, 613.0, 600, 718, 818, 818, 818, 0
100.001103, 5.000059, 21, 549, 639.8, 613, 755, 1020, 1020, 1020, 0
105.001049, 4.999946, 26, 461, 626.8, 604, 885, 1064, 1064, 1064, 0
110.001128, 5.000079, 20, 474, 626.0, 605, 811, 905, 905, 905, 0
115.001057, 4.999929, 28, 493, 610.2, 601, 756, 774, 774, 774, 0
120.001084, 5.000027, 23, 481, 601.6, 595, 683, 789, 789, 789, 0
121.025181, 1.024097, 6, 481, 597.2, 595, 683, 789, 789, 789, 0
