elapsed, window, total, successful, failed
5.001123, 5.001123,677282,677282,0
10.001108, 4.999985,634953,634953,0
15.001218, 5.00011,632592,632592,0
20.001125, 4.999907,628753,628753,0
25.00112, 4.999995,626897,626897,0
30.001371, 5.000251,623469,623469,0
35.001133, 4.999762,619187,619187,0
40.00115, 5.000017,617853,617853,0
45.000275, 4.999125,613522,613522,0
50.001207, 5.000932,614369,614369,0
55.001234, 5.000027,615404,615404,0
60.001213, 4.999979,610858,610858,0
65.00129, 5.000077,612444,612444,0
70.001129, 4.999839,609645,609645,0
75.001181, 5.000052,606851,606851,0
80.001156, 4.999975,606442,606442,0
85.001177, 5.000021,607602,607602,0
90.001276, 5.000099,606284,606284,0
95.001126, 4.99985,602436,602436,0
100.001144, 5.000018,604681,604681,0
105.001285, 5.000141,599407,599407,0
110.001272, 4.999987,598704,598704,0
115.001114, 4.999842,600103,600103,0
120.001281, 5.000167,595329,595329,0
125.001264, 4.999983,597315,597315,0
130.001255, 4.999991,595940,595940,0
135.001119, 4.999864,592955,592955,0
140.001109, 4.99999,592310,592310,0
145.001144, 5.000035,592860,592860,0
150.001103, 4.999959,589827,589827,0
155.00114, 5.000037,587956,587956,0
160.001298, 5.000158,587624,587624,0
165.001218, 4.99992,585227,585227,0
170.001279, 5.000061,584981,584981,0
175.0012, 4.999921,583034,583034,0
180.001133, 4.999933,583863,583863,0
185.00112, 4.999987,583653,583653,0
190.001146, 5.000026,580616,580616,0
195.001264, 5.000118,577252,577252,0
200.001181, 4.999917,578532,578532,0
205.001143, 4.999962,579292,579292,0
210.001192, 5.000049,576504,576504,0
215.001267, 5.000075,575370,575370,0
220.001127, 4.99986,576243,576243,0
225.001193, 5.000066,571849,571849,0
230.00125, 5.000057,569040,569040,0
235.00113, 4.99988,572300,572300,0
240.001188, 5.000058,569578,569578,0
245.001149, 4.999961,569120,569120,0
250.001101, 4.999952,568473,568473,0
255.001268, 5.000167,567737,567737,0
260.001156, 4.999888,567472,567472,0
265.001256, 5.0001,566585,566585,0
270.001106, 4.99985,565578,565578,0
275.001285, 5.000179,563185,563185,0
280.001116, 4.999831,564899,564899,0
285.001143, 5.000027,563024,563024,0
290.001238, 5.000095,564252,564252,0
295.001102, 4.999864,564316,564316,0
300.001105, 5.000003,551714,551714,0
301.062275, 1.06117,100269,100269,0

