elapsed, window, n, min, mean, median, 95th, 99th, 99_9th, max, errors
5.000787, 5.000787, 477665, 274, 11453.0, 8464, 30477, 44072, 60356, 108072, 0
10.001825, 5.001038, 433270, 314, 11535.6, 8038, 32105, 45063, 60745, 102560, 0
15.001843, 5.000018, 432684, 337, 11575.9, 8329, 32226, 49399, 68705, 121321, 0
20.001797, 4.999954, 430122, 404, 11544.3, 8451, 31479, 44430, 60281, 89380, 0
25.001832, 5.000035, 427582, 335, 11613.1, 7948, 33604, 53357, 72644, 133924, 0
30.001789, 4.999957, 430327, 342, 11691.2, 7895, 33529, 48112, 65550, 117383, 0
35.001875, 5.000086, 434270, 350, 11542.5, 8451, 30602, 45266, 63054, 114201, 0
40.001805, 4.99993, 431609, 350, 11520.5, 8460, 31312, 46642, 65298, 116912, 0
45.001897, 5.000092, 435716, 408, 11508.9, 8773, 29244, 42417, 67885, 128049, 0
50.001831, 4.999934, 431549, 405, 11566.4, 8943, 29903, 42267, 59901, 111375, 0
55.001828, 4.999997, 430520, 358, 11577.6, 7926, 32952, 56672, 82262, 155246, 0
60.001791, 4.999963, 436928, 354, 11471.4, 8469, 30239, 43419, 57749, 94179, 0
65.001801, 5.00001, 435778, 350, 11447.7, 8261, 31481, 44744, 59810, 96571, 0
70.001829, 5.000028, 433664, 344, 11535.5, 8413, 30849, 45302, 72587, 135987, 0
75.001854, 5.000025, 428440, 347, 11586.4, 7280, 35615, 58335, 77641, 137298, 0
80.001784, 4.99993, 423824, 289, 11790.4, 7010, 37908, 57998, 79132, 141695, 0
85.001793, 5.000009, 425318, 309, 11761.5, 7202, 36290, 52187, 70750, 116214, 0
90.001802, 5.000009, 423917, 271, 11744.9, 7443, 35447, 52459, 73689, 121387, 0
95.001859, 5.000057, 422560, 289, 11837.5, 7159, 37443, 51439, 71385, 112404, 0
100.001822, 4.999963, 431614, 322, 11712.4, 7641, 34262, 50073, 67453, 115638, 0
105.001816, 4.999994, 419026, 314, 11793.8, 7667, 34857, 49655, 66419, 110795, 0
110.001781, 4.999965, 427421, 279, 11715.1, 7584, 34936, 50457, 67774, 116398, 0
115.001796, 5.000015, 426414, 319, 11667.2, 7573, 35142, 51578, 69456, 116398, 0
120.001805, 5.000009, 422806, 319, 11823.2, 7678, 34962, 51944, 71738, 133335, 0
121.069881, 1.068076, 90449, 307, 11765.3, 7787, 34207, 50486, 70690, 133335, 0
