elapsed, window, n, min, mean, median, 95th, 99th, 99_9th, max, errors
5.000229, 5.000229, 26479, 757, 9463.3, 7240, 13055, 13574, 33051, 44968, 0
10.001274, 5.001045, 26789, 758, 9331.1, 7184, 13015, 13272, 13789, 17773, 0
15.001221, 4.999947, 26687, 779, 9346.3, 7220, 13015, 13303, 14321, 17669, 0
20.001227, 5.000006, 26995, 751, 9267.6, 7188, 13011, 13290, 13705, 15375, 0
25.001252, 5.000025, 26772, 759, 9317.0, 7219, 13038, 13345, 14630, 17497, 0
30.001263, 5.000011, 27049, 767, 9250.6, 7176, 13024, 13290, 14270, 15987, 0
35.001236, 4.999973, 27128, 775, 9207.1, 7138, 13002, 13285, 16053, 28735, 0
40.00122, 4.999984, 27183, 808, 9201.4, 7157, 13018, 13305, 14007, 16347, 0
45.001232, 5.000012, 27342, 791, 9121.3, 7130, 12986, 13282, 14117, 16866, 0
50.001232, 5.0, 27241, 791, 9163.4, 7136, 12994, 13245, 13651, 16357, 0
55.001264, 5.000032, 27344, 770, 9130.9, 7133, 12987, 13274, 14442, 18935, 0
60.001251, 4.999987, 27395, 791, 9110.4, 7130, 12986, 13269, 13824, 15754, 0
65.001321, 5.00007, 27604, 800, 9051.3, 7108, 12970, 13258, 14030, 17271, 0
70.001284, 4.999963, 27431, 795, 9087.1, 7135, 12990, 13280, 13842, 16563, 0
75.001289, 5.000005, 27645, 762, 9034.1, 7138, 12997, 13305, 13870, 16886, 0
80.001282, 4.999993, 27717, 778, 9019.9, 7124, 12989, 13266, 13775, 17153, 0
85.001244, 4.999962, 27784, 790, 8992.6, 7116, 12980, 13261, 13738, 18781, 0
90.001401, 5.000157, 27812, 759, 8986.7, 7101, 12958, 13250, 13802, 17583, 0
95.001223, 4.999822, 28174, 800, 8884.5, 7089, 12944, 13239, 13786, 17244, 0
100.001227, 5.000004, 28300, 741, 8816.2, 7066, 12931, 13220, 13958, 16954, 0
105.001256, 5.000029, 28294, 771, 8811.5, 7071, 12934, 13246, 14373, 18240, 0
110.001247, 4.999991, 28590, 817, 8737.5, 7062, 12935, 13226, 14052, 21235, 0
115.001222, 4.999975, 28718, 795, 8698.2, 7050, 12916, 13183, 13614, 17057, 0
120.001221, 4.999999, 28956, 815, 8638.3, 7043, 12907, 13173, 13550, 17096, 0
121.002391, 1.00117, 5772, 776, 8623.8, 7041, 12903, 13170, 13544, 17096, 0
