elapsed, window, n, min, mean, median, 95th, 99th, 99_9th, max, errors
5.001091, 5.001091, 110, 151875, 227772.6, 245429, 251067, 334034, 346777, 346777, 128
10.001074, 4.999983, 49, 152234, 239037.3, 246572, 267916, 365073, 365073, 365073, 210
15.001074, 5.0, 49, 151793, 230701.8, 245967, 289988, 364405, 364405, 364405, 202
20.00109, 5.000016, 42, 151449, 240351.2, 246571, 259956, 359753, 359753, 359753, 230
25.001125, 5.000035, 45, 151402, 239537.6, 246128, 278827, 367602, 367602, 367602, 177
30.001081, 4.999956, 51, 151694, 234951.7, 246085, 268048, 289336, 367602, 367602, 191
35.001036, 4.999955, 37, 152199, 237087.9, 247089, 284243, 364938, 364938, 364938, 181
40.001031, 4.999995, 54, 152294, 237342.0, 245382, 250654, 252868, 253408, 253408, 177
45.001064, 5.000033, 44, 152209, 230070.7, 245043, 250959, 256100, 256100, 256100, 193
50.001073, 5.000009, 50, 151771, 236366.1, 245844, 251918, 392801, 392801, 392801, 192
55.001036, 4.999963, 61, 154451, 246064.2, 246294, 254937, 307608, 347583, 347583, 171
60.001037, 5.000001, 58, 151874, 235413.4, 246093, 252317, 252823, 258836, 258836, 202
65.001046, 5.000009, 63, 151434, 238060.1, 245825, 251182, 256400, 300573, 300573, 173
70.001034, 4.999988, 62, 152553, 242468.6, 245589, 255627, 257961, 286977, 286977, 179
75.001065, 5.000031, 49, 152366, 303883.4, 257479, 499033, 635753, 635753, 635753, 137
80.001027, 4.999962, 71, 152197, 321642.7, 259082, 544316, 605032, 748017, 748017, 108
85.001037, 5.00001, 78, 153651, 262956.6, 248523, 347242, 469449, 510768, 510768, 137
90.001037, 5.0, 67, 153155, 307766.9, 253617, 497625, 631952, 636122, 636122, 121
95.001076, 5.000039, 92, 152630, 318285.9, 269524, 489112, 567497, 614852, 614852, 102
100.001033, 4.999957, 98, 152110, 241362.4, 246538, 252161, 256953, 340858, 340858, 123
105.001085, 5.000052, 110, 152249, 244056.1, 246088, 272815, 313832, 355638, 355638, 117
110.00103, 4.999945, 117, 152112, 242934.3, 246634, 260069, 267565, 323662, 323662, 120
115.001056, 5.000026, 117, 152354, 246483.7, 246765, 263379, 353114, 376855, 376855, 135
120.001026, 4.99997, 120, 152149, 238659.2, 246501, 251880, 267694, 334710, 334710, 131
121.004194, 1.003168, 15, 152149, 240218.6, 246367, 250623, 252977, 255544, 255544, 31
