elapsed, window, total, successful, failed
5.000797, 5.000797, 6256, 6256, 0
10.001848, 5.001051, 5156, 5156, 0
15.001798, 4.99995, 4613, 4613, 0
20.001811, 5.000013, 5991, 5991, 0
25.00172, 4.999909, 5947, 5947, 0
30.001689, 4.999969, 5523, 5523, 0
35.001821, 5.000132, 4932, 4932, 0
40.001794, 4.999973, 3935, 3935, 0
45.001809, 5.000015, 5195, 5195, 0
50.0018, 4.999991, 4905, 4905, 0
55.001801, 5.000001, 4565, 4565, 0
60.001806, 5.000005, 4527, 4527, 0
65.001795, 4.999989, 4423, 4423, 0
70.001723, 4.999928, 6828, 6828, 0
75.001801, 5.000078, 6146, 6146, 0
80.001808, 5.000007, 5106, 5106, 0
85.001799, 4.999991, 4657, 4657, 0
90.001807, 5.000008, 4288, 4288, 0
95.001724, 4.999917, 4694, 4694, 0
100.001822, 5.000098, 5331, 5331, 0
105.001744, 4.999922, 5718, 5718, 0
110.001787, 5.000043, 4848, 4848, 0
115.001828, 5.000041, 4400, 4400, 0
120.001805, 4.999977, 8395, 8395, 0
125.001676, 4.999871, 7389, 7389, 0
130.001866, 5.00019, 6018, 6018, 0
135.001808, 4.999942, 5469, 5469, 0
140.001808, 5.0, 4947, 4947, 0
145.00183, 5.000022, 5330, 5330, 0
150.00181, 4.99998, 5438, 5438, 0
155.001751, 4.999941, 6586, 6586, 0
160.001864, 5.000113, 3806, 3806, 0
165.001809, 4.999945, 4777, 4777, 0
170.00177, 4.999961, 5169, 5169, 0
175.001745, 4.999975, 4665, 4665, 0
180.001708, 4.999963, 6196, 6196, 0
185.001681, 4.999973, 6015, 6015, 0
190.001876, 5.000195, 5650, 5650, 0
195.001843, 4.999967, 5170, 5170, 0
200.001817, 4.999974, 5585, 5585, 0
205.0017, 4.999883, 5359, 5359, 0
210.001808, 5.000108, 5807, 5807, 0
215.001688, 4.99988, 5653, 5653, 0
220.001806, 5.000118, 5439, 5439, 0
225.001746, 4.99994, 5597, 5597, 0
230.001815, 5.000069, 4992, 4992, 0
235.001811, 4.999996, 5719, 5719, 0
240.001703, 4.999892, 4549, 4549, 0
245.001798, 5.000095, 4729, 4729, 0
250.001673, 4.999875, 4669, 4669, 0
255.001821, 5.000148, 4745, 4745, 0
260.001686, 4.999865, 3842, 3842, 0
265.001863, 5.000177, 5399, 5399, 0
270.001808, 4.999945, 5822, 5822, 0
275.001801, 4.999993, 4102, 4102, 0
280.001809, 5.000008, 4782, 4782, 0
285.001821, 5.000012, 4697, 4697, 0
290.00176, 4.999939, 3738, 3738, 0
295.001749, 4.999989, 4509, 4509, 0
300.001801, 5.000052, 5715, 5715, 0
301.004923, 1.003122, 1088, 1088, 0
