elapsed, window, total, successful, failed
5.000398, 5.000398, 10608, 10608, 0
10.001355, 5.000957, 3600, 3600, 0
15.00131, 4.999955, 5624, 5624, 0
20.001321, 5.000011, 4713, 4713, 0
25.001358, 5.000037, 5031, 5014, 17
30.001399, 5.000041, 5390, 5389, 1
35.001393, 4.999994, 5306, 5306, 0
40.001421, 5.000028, 5703, 5701, 2
45.00128, 4.999859, 4589, 4588, 1
50.001398, 5.000118, 5812, 5811, 1
55.001441, 5.000043, 5086, 5084, 2
60.001333, 4.999892, 5365, 5364, 1
65.001395, 5.000062, 5125, 5125, 0
70.001277, 4.999882, 5384, 5384, 0
75.001324, 5.000047, 5471, 5471, 0
80.001436, 5.000112, 5011, 5009, 2
85.001325, 4.999889, 5511, 5509, 2
90.001443, 5.000118, 5095, 5094, 1
95.001419, 4.999976, 5486, 5484, 2
100.001414, 4.999995, 5178, 5178, 0
105.001309, 4.999895, 5361, 5360, 1
110.001332, 5.000023, 5248, 5247, 1
115.001353, 5.000021, 5161, 5160, 1
120.001389, 5.000036, 5444, 5443, 1
125.001355, 4.999966, 5197, 5195, 2
130.001396, 5.000041, 5379, 5379, 0
135.00139, 4.999994, 5172, 5172, 0
140.001273, 4.999883, 5464, 5463, 1
145.001446, 5.000173, 5204, 5204, 0
150.00132, 4.999874, 5282, 5282, 0
155.001494, 5.000174, 5326, 5325, 1
160.001269, 4.999775, 5258, 5256, 2
165.00127, 5.000001, 5328, 5328, 0
170.001345, 5.000075, 5321, 5321, 0
175.001307, 4.999962, 5380, 5376, 4
180.001413, 5.000106, 5204, 5203, 1
185.001377, 4.999964, 5357, 5356, 1
190.00138, 5.000003, 5319, 5317, 2
195.00127, 4.99989, 5300, 5298, 2
200.001406, 5.000136, 5348, 5346, 2
205.001373, 4.999967, 5320, 5320, 0
210.001319, 4.999946, 5285, 5284, 1
215.001271, 4.999952, 5257, 5257, 0
220.001333, 5.000062, 5301, 5298, 3
225.001403, 5.00007, 5338, 5337, 1
230.001301, 4.999898, 5370, 5370, 0
235.001394, 5.000093, 5202, 5202, 0
240.001397, 5.000003, 5240, 5240, 0
245.001356, 4.999959, 5342, 5341, 1
250.001392, 5.000036, 5227, 5225, 2
255.001387, 4.999995, 5249, 5249, 0
260.001391, 5.000004, 5342, 5341, 1
265.001274, 4.999883, 5287, 5286, 1
270.001333, 5.000059, 5209, 5209, 0
275.001373, 5.00004, 5359, 5357, 2
280.001407, 5.000034, 5331, 5329, 2
285.001413, 5.000006, 5291, 5290, 1
290.001348, 4.999935, 5270, 5269, 1
295.001413, 5.000065, 5298, 5294, 4
300.001294, 4.999881, 5322, 5322, 0
301.222443, 1.221149, 1293, 1293, 0
