elapsed, window, n, min, mean, max, errors, median
5.001203, 5.001203,3332, 536,51797.9, 171604,0,58155.5
10.001101, 4.999898,2533, 531,67947.2, 270738,0,70834.3
15.001127, 5.000026,3900, 505,55814.2, 158424,0,67466.2
20.00121, 5.000083,3541, 516,61195.1, 206815,0,74936.4
25.001227, 5.000017,3928, 482,53513, 182064,0,58663.4
30.001126, 4.999899,3263, 496,61264.8, 174345,0,76413.1
35.001222, 5.000096,2994, 499,63316.9, 213747,0,77776
40.001143, 4.999921,3223, 485,61539.8, 196299,0,70356.7
45.001093, 4.99995,2792, 468,64841.7, 217238,0,77627
50.001222, 5.000129,2619, 468,57322.7, 236319,0,67778.2
55.001216, 4.999994,2899, 518,66041.9, 210183,0,74825.7
60.001248, 5.000032,3331, 503,65300.8, 214981,0,66062.4
65.001214, 4.999966,3361, 514,50882.9, 162621,0,73373.4
70.00122, 5.000006,3043, 501,58776.7, 174612,0,75886.6
75.001211, 4.999991,3160, 498,72064.9, 288355,0,80680
80.001217, 5.000006,2960, 542,71679.5, 273591,0,76755.5
85.001215, 4.999998,2993, 493,69895.6, 211839,0,79931.8
90.001103, 4.999888,3011, 477,61501.5, 219461,0,69518.9
95.001257, 5.000154,2673, 500,57820.4, 217640,0,64632.7
100.001212, 4.999955,2354, 497,58246.1, 212113,0,75584.9
105.001156, 4.999944,2804, 479,62151.9, 202377,0,77365.2
110.00119, 5.000034,2613, 493,58583.7, 224846,0,66202.6
115.001216, 5.000026,2724, 533,65681.9, 185519,0,77251.3
120.001116, 4.9999,3158, 504,68076.8, 248765,0,82355.1
121.003243, 1.002127,604, 504,72415.8, 248765,0,82036.9

