elapsed, window, total, successful, failed
5.000959, 5.000959, 492271, 492271, 0
10.001985, 5.001026, 439109, 439109, 0
15.00191, 4.999925, 444970, 444970, 0
20.002007, 5.000097, 439898, 439898, 0
25.001911, 4.999904, 441727, 441727, 0
30.00193, 5.000019, 437128, 437128, 0
35.002065, 5.000135, 438122, 438122, 0
40.000987, 4.998922, 437394, 437394, 0
45.001942, 5.000955, 443868, 443868, 0
50.001927, 4.999985, 438878, 438878, 0
55.001983, 5.000056, 427592, 427592, 0
60.001978, 4.999995, 433213, 433213, 0
65.001938, 4.99996, 430638, 430638, 0
70.001923, 4.999985, 432101, 432101, 0
75.001911, 4.999988, 431211, 431211, 0
80.001922, 5.000011, 429260, 429260, 0
85.002011, 5.000089, 433222, 433222, 0
90.002024, 5.000013, 432102, 432102, 0
95.00094, 4.998916, 432747, 432747, 0
100.001921, 5.000981, 434695, 434695, 0
105.001965, 5.000044, 434198, 434198, 0
110.002007, 5.000042, 433620, 433620, 0
115.001921, 4.999914, 434051, 434051, 0
120.001953, 5.000032, 430175, 430175, 0
121.081999, 1.080046, 92790, 92790, 0
