elapsed, window, total, successful, failed
5.001023, 5.001023, 15756, 15756, 0
10.001062, 5.000039, 15603, 15603, 0
15.001093, 5.000031, 15461, 15461, 0
20.001109, 5.000016, 15612, 15612, 0
25.001023, 4.999914, 15403, 15403, 0
30.002035, 5.001012, 15506, 15506, 0
35.002046, 5.000011, 15482, 15482, 0
40.001166, 4.99912, 15513, 15513, 0
45.001016, 4.99985, 15374, 15374, 0
50.002071, 5.001055, 15363, 15363, 0
55.001017, 4.998946, 15385, 15385, 0
60.001067, 5.00005, 15399, 15399, 0
65.001118, 5.000051, 15325, 15325, 0
70.001091, 4.999973, 15259, 15259, 0
75.001019, 4.999928, 15287, 15287, 0
80.001089, 5.00007, 15397, 15397, 0
85.001021, 4.999932, 15386, 15386, 0
90.001024, 5.000003, 15249, 15249, 0
95.002019, 5.000995, 15435, 15435, 0
100.002017, 4.999998, 15243, 15243, 0
105.002114, 5.000097, 15400, 15400, 0
110.001146, 4.999032, 15369, 15369, 0
115.001077, 4.999931, 15250, 15250, 0
120.001091, 5.000014, 15175, 15175, 0
125.001055, 4.999964, 15181, 15181, 0
130.001217, 5.000162, 15223, 15223, 0
135.001065, 4.999848, 15083, 15083, 0
140.001033, 4.999968, 15231, 15231, 0
145.001016, 4.999983, 15132, 15132, 0
150.002025, 5.001009, 15077, 15077, 0
155.001056, 4.999031, 15050, 15050, 0
160.001051, 4.999995, 15067, 15067, 0
165.001089, 5.000038, 14995, 14995, 0
170.001157, 5.000068, 14909, 14909, 0
175.001035, 4.999878, 15110, 15110, 0
180.001075, 5.00004, 15200, 15200, 0
181.00428, 1.003205, 2940, 2940, 0
