elapsed, window, total, successful, failed
5.000661, 5.000661, 35378, 35378, 0
10.001515, 5.000854, 35202, 35202, 0
15.001551, 5.000036, 34705, 34705, 0
20.001638, 5.000087, 34885, 34885, 0
25.001555, 4.999917, 35078, 35078, 0
30.001568, 5.000013, 35292, 35292, 0
35.001749, 5.000181, 35218, 35218, 0
40.001505, 4.999756, 35110, 35110, 0
45.001519, 5.000014, 35350, 35350, 0
50.001607, 5.000088, 34809, 34809, 0
55.001647, 5.00004, 34965, 34965, 0
60.001577, 4.99993, 34842, 34842, 0
65.001626, 5.000049, 34694, 34694, 0
70.001546, 4.99992, 34417, 34417, 0
75.00151, 4.999964, 34533, 34533, 0
80.001537, 5.000027, 35333, 35333, 0
85.001651, 5.000114, 35240, 35240, 0
90.00151, 4.999859, 34799, 34799, 0
95.001514, 5.000004, 34640, 34640, 0
100.001536, 5.000022, 34538, 34538, 0
105.001523, 4.999987, 34642, 34642, 0
110.00155, 5.000027, 34935, 34935, 0
115.001584, 5.000034, 34672, 34672, 0
120.001506, 4.999922, 34697, 34697, 0
125.001636, 5.00013, 34722, 34722, 0
130.001553, 4.999917, 34158, 34158, 0
135.001545, 4.999992, 34438, 34438, 0
140.001513, 4.999968, 35478, 35478, 0
145.001499, 4.999986, 35200, 35200, 0
150.001558, 5.000059, 34026, 34026, 0
155.001577, 5.000019, 34117, 34117, 0
160.001536, 4.999959, 34532, 34532, 0
165.001503, 4.999967, 34594, 34594, 0
170.001514, 5.000011, 34722, 34722, 0
175.001532, 5.000018, 34177, 34177, 0
180.001506, 4.999974, 34801, 34801, 0
185.00151, 5.000004, 34559, 34559, 0
190.001516, 5.000006, 34147, 34147, 0
195.001759, 5.000243, 34568, 34568, 0
200.001519, 4.99976, 34953, 34953, 0
205.0015, 4.999981, 34771, 34771, 0
210.001582, 5.000082, 34453, 34453, 0
215.001574, 4.999992, 34364, 34364, 0
220.001516, 4.999942, 34174, 34174, 0
225.001572, 5.000056, 34078, 34078, 0
230.001537, 4.999965, 34828, 34828, 0
235.001569, 5.000032, 34481, 34481, 0
240.001537, 4.999968, 34102, 34102, 0
245.001682, 5.000145, 34357, 34357, 0
250.001613, 4.999931, 33659, 33659, 0
255.001534, 4.999921, 33817, 33817, 0
260.001672, 5.000138, 34191, 34191, 0
265.001528, 4.999856, 34765, 34765, 0
270.001508, 4.99998, 33757, 33757, 0
275.001522, 5.000014, 35046, 35046, 0
280.001502, 4.99998, 34107, 34107, 0
285.001556, 5.000054, 34456, 34456, 0
290.00157, 5.000014, 34242, 34242, 0
295.001515, 4.999945, 34239, 34239, 0
300.001546, 5.000031, 34025, 34025, 0
301.003732, 1.002186, 6873, 6873, 0
