elapsed, window, total, successful, failed
5.000727, 5.000727, 66610, 66610, 0
10.001725, 5.000998, 66626, 66626, 0
15.001746, 5.000021, 66481, 66481, 0
20.001777, 5.000031, 66318, 66318, 0
25.001843, 5.000066, 66900, 66900, 0
30.001711, 4.999868, 66937, 66937, 0
35.001714, 5.000003, 66838, 66838, 0
40.00174, 5.000026, 66841, 66841, 0
45.001795, 5.000055, 67030, 67030, 0
50.001735, 4.99994, 67034, 67034, 0
55.00172, 4.999985, 66897, 66897, 0
60.001758, 5.000038, 66896, 66896, 0
65.001708, 4.99995, 66759, 66759, 0
70.001725, 5.000017, 66764, 66764, 0
75.001732, 5.000007, 66795, 66795, 0
80.001709, 4.999977, 66652, 66652, 0
85.001729, 5.00002, 66779, 66779, 0
90.001723, 4.999994, 66836, 66836, 0
95.001712, 4.999989, 66587, 66587, 0
100.001763, 5.000051, 66923, 66923, 0
105.001711, 4.999948, 66809, 66809, 0
110.001727, 5.000016, 66765, 66765, 0
115.001734, 5.000007, 66855, 66855, 0
120.001796, 5.000062, 66854, 66854, 0
121.006814, 1.005018, 13348, 13348, 0
