elapsed, window, total, successful, failed
5.000692, 5.000692, 354, 354, 0
10.001677, 5.000985, 37, 37, 0
15.001602, 4.999925, 47, 46, 1
20.001639, 5.000037, 157, 155, 2
25.001653, 5.000014, 19, 19, 0
30.001654, 5.000001, 196, 191, 5
35.001642, 4.999988, 90, 88, 2
40.001641, 4.999999, 17, 17, 0
45.001649, 5.000008, 3, 3, 0
50.001657, 5.000008, 0, 0, 0
55.001651, 4.999994, 0, 0, 0
60.001687, 5.000036, 0, 0, 0
65.001648, 4.999961, 0, 0, 0
70.001652, 5.000004, 0, 0, 0
75.001686, 5.000034, 0, 0, 0
80.001641, 4.999955, 0, 0, 0
85.001672, 5.000031, 0, 0, 0
90.001692, 5.00002, 0, 0, 0
95.001673, 4.999981, 0, 0, 0
100.001665, 4.999992, 0, 0, 0
105.001691, 5.000026, 0, 0, 0
110.001655, 4.999964, 0, 0, 0
115.00167, 5.000015, 0, 0, 0
120.001691, 5.000021, 0, 0, 0
125.001653, 4.999962, 0, 0, 0
130.001656, 5.000003, 0, 0, 0
135.001691, 5.000035, 0, 0, 0
140.001655, 4.999964, 0, 0, 0
145.001669, 5.000014, 0, 0, 0
150.001693, 5.000024, 0, 0, 0
155.001671, 4.999978, 0, 0, 0
160.001655, 4.999984, 0, 0, 0
165.001678, 5.000023, 0, 0, 0
170.001658, 4.99998, 0, 0, 0
175.001672, 5.000014, 0, 0, 0
180.001663, 4.999991, 0, 0, 0
185.001666, 5.000003, 0, 0, 0
190.001658, 4.999992, 0, 0, 0
195.001664, 5.000006, 0, 0, 0
200.001651, 4.999987, 0, 0, 0
205.001659, 5.000008, 0, 0, 0
210.001693, 5.000034, 0, 0, 0
215.001661, 4.999968, 0, 0, 0
220.001654, 4.999993, 0, 0, 0
225.001678, 5.000024, 0, 0, 0
230.00166, 4.999982, 0, 0, 0
235.001671, 5.000011, 0, 0, 0
240.001678, 5.000007, 0, 0, 0
245.001659, 4.999981, 0, 0, 0
250.001674, 5.000015, 0, 0, 0
255.001675, 5.000001, 0, 0, 0
260.001687, 5.000012, 0, 0, 0
265.00167, 4.999983, 0, 0, 0
270.001692, 5.000022, 0, 0, 0
275.001674, 4.999982, 0, 0, 0
280.001666, 4.999992, 0, 0, 0
285.001684, 5.000018, 0, 0, 0
290.001677, 4.999993, 0, 0, 0
295.001669, 4.999992, 0, 0, 0
300.001675, 5.000006, 0, 0, 0
301.021855, 1.02018, 0, 0, 0
