elapsed, window, total, successful, failed
5.000527, 5.000527, 502819, 502819, 0
10.001531, 5.001004, 459043, 459043, 0
15.001567, 5.000036, 450534, 450534, 0
20.001535, 4.999968, 449568, 449568, 0
25.001687, 5.000152, 455523, 455523, 0
30.001524, 4.999837, 450316, 450316, 0
35.001545, 5.000021, 452845, 452845, 0
40.001536, 4.999991, 451965, 451965, 0
45.001519, 4.999983, 450965, 450965, 0
50.0015, 4.999981, 445025, 445025, 0
55.001499, 4.999999, 437236, 437236, 0
60.001506, 5.000007, 445889, 445889, 0
65.001588, 5.000082, 438491, 438491, 0
70.001523, 4.999935, 444078, 444078, 0
75.001541, 5.000018, 446853, 446853, 0
80.001514, 4.999973, 445405, 445405, 0
85.001503, 4.999989, 442656, 442656, 0
90.001504, 5.000001, 439691, 439691, 0
95.001501, 4.999997, 439943, 439943, 0
100.001526, 5.000025, 443412, 443412, 0
105.00151, 4.999984, 442920, 442920, 0
110.001511, 5.000001, 441189, 441189, 0
115.001537, 5.000026, 444742, 444742, 0
120.00153, 4.999993, 441494, 441494, 0
121.019584, 1.018054, 82626, 82626, 0
