elapsed, window, total, successful, failed
5.00011, 5.00011, 153302, 153302, 0
10.00116, 5.00105, 153171, 153171, 0
15.00117, 5.00001, 154269, 154269, 0
20.001099, 4.999929, 152114, 152114, 0
25.001113, 5.000014, 152180, 152180, 0
30.001109, 4.999996, 151734, 151734, 0
35.001278, 5.000169, 152425, 152425, 0
40.001148, 4.99987, 151824, 151824, 0
45.001122, 4.999974, 151245, 151245, 0
50.001143, 5.000021, 152184, 152184, 0
55.0011, 4.999957, 151402, 151402, 0
60.001101, 5.000001, 151336, 151336, 0
65.00112, 5.000019, 151592, 151592, 0
70.001117, 4.999997, 151294, 151294, 0
75.001125, 5.000008, 151137, 151137, 0
80.001169, 5.000044, 151519, 151519, 0
85.001178, 5.000009, 151182, 151182, 0
90.001152, 4.999974, 150521, 150521, 0
95.001118, 4.999966, 150472, 150472, 0
100.0011, 4.999982, 150957, 150957, 0
105.001161, 5.000061, 150737, 150737, 0
110.001099, 4.999938, 150103, 150103, 0
115.001127, 5.000028, 151060, 151060, 0
120.001131, 5.000004, 150487, 150487, 0
121.003199, 1.002068, 30045, 30045, 0
