elapsed, window, n, min, mean, median, 95th, 99th, 99_9th, max, errors
5.001213, 5.001213, 5117, 356, 17446.5, 13543, 44605, 62924, 77549, 80902, 0
10.001022, 4.999809, 4683, 320, 17791.5, 13615, 45505, 66781, 80087, 86715, 0
15.001051, 5.000029, 4733, 342, 17576.8, 13607, 44352, 64996, 82748, 85740, 0
20.001025, 4.999974, 4829, 369, 17697.4, 13149, 45818, 63733, 81987, 85014, 0
25.001081, 5.000056, 4804, 334, 17502.3, 13180, 44750, 63904, 82521, 86524, 0
30.001043, 4.999962, 4811, 325, 17706.9, 13422, 45215, 64014, 85093, 90159, 0
35.001037, 4.999994, 4925, 334, 18200.3, 13397, 46166, 66452, 84181, 88552, 0
40.001054, 5.000017, 4963, 335, 17692.1, 13282, 44460, 61812, 82384, 86617, 0
45.001083, 5.000029, 4856, 351, 17995.4, 12941, 46006, 61575, 81534, 86288, 0
50.001069, 4.999986, 5052, 320, 17437.3, 12322, 45292, 62126, 80748, 90890, 0
55.00107, 5.000001, 4996, 336, 17585.0, 12395, 44993, 62638, 79562, 90890, 0
60.001053, 4.999983, 4948, 332, 17598.0, 12565, 45726, 64188, 79148, 85257, 0
65.001067, 5.000014, 4818, 346, 17563.6, 12729, 44996, 61007, 80136, 84225, 0
70.001069, 5.000002, 4945, 313, 17364.2, 12299, 45192, 61218, 79751, 83138, 0
75.001099, 5.00003, 4968, 327, 17881.5, 12977, 45233, 64929, 82174, 88134, 0
80.001068, 4.999969, 4881, 354, 18089.9, 13217, 45856, 66358, 82372, 90593, 0
85.001085, 5.000017, 4852, 348, 18094.3, 12935, 46694, 65143, 84482, 90593, 0
90.00103, 4.999945, 4866, 336, 17535.9, 12719, 45759, 62766, 81140, 86461, 0
95.00107, 5.00004, 4934, 359, 17655.4, 12354, 45781, 65205, 82183, 87801, 0
100.001021, 4.999951, 4919, 347, 17489.0, 12736, 44232, 62702, 80604, 83414, 0
105.001071, 5.00005, 5095, 365, 17394.3, 12686, 45054, 62339, 80662, 85704, 0
110.001084, 5.000013, 4982, 306, 17452.6, 12543, 45494, 63480, 86162, 91549, 0
115.001068, 4.999984, 4871, 327, 17428.8, 12458, 45656, 62373, 80168, 88717, 0
120.00107, 5.000002, 4914, 337, 17741.1, 12983, 46192, 64409, 84403, 87574, 0
121.01018, 1.00911, 1041, 337, 17831.3, 13180, 46378, 64409, 84403, 87574, 0
