elapsed, window, n, min, mean, median, 95th, 99th, 99_9th, max, errors
5.000114, 5.000114, 46452, 83, 1599.1, 321, 6692, 9627, 13375, 19289, 0
10.001211, 5.001097, 46354, 79, 1589.8, 305, 6577, 9623, 13263, 19044, 0
15.001114, 4.999903, 46166, 85, 1588.6, 305, 6608, 9635, 13602, 20948, 0
20.00112, 5.000006, 46346, 82, 1578.8, 293, 6585, 9500, 13566, 21085, 0
25.00112, 5.0, 46269, 84, 1578.5, 297, 6611, 9607, 13780, 23695, 0
30.001157, 5.000037, 46411, 80, 1576.8, 300, 6519, 9539, 13403, 22548, 0
35.00112, 4.999963, 46248, 83, 1582.4, 304, 6560, 9722, 13404, 19741, 0
40.001305, 5.000185, 46405, 83, 1569.4, 298, 6446, 9667, 13453, 20079, 0
45.001131, 4.999826, 46260, 84, 1590.6, 307, 6571, 9562, 13308, 20180, 0
50.00113, 4.999999, 46582, 82, 1558.0, 293, 6442, 9362, 13132, 20802, 0
55.001117, 4.999987, 46402, 80, 1559.5, 291, 6444, 9467, 13592, 20874, 0
60.001135, 5.000018, 46359, 80, 1555.2, 281, 6464, 9452, 13430, 20155, 0
65.001114, 4.999979, 46176, 84, 1591.2, 302, 6613, 9775, 13865, 20698, 0
70.001118, 5.000004, 46083, 83, 1563.8, 283, 6568, 9670, 13291, 20391, 0
75.001115, 4.999997, 46216, 83, 1594.4, 308, 6649, 9645, 13401, 20506, 0
80.001116, 5.000001, 46283, 83, 1580.2, 287, 6673, 9864, 13525, 19638, 0
85.00117, 5.000054, 46488, 84, 1554.9, 307, 6497, 9612, 13708, 19422, 0
90.001127, 4.999957, 46249, 83, 1571.2, 300, 6463, 9553, 13662, 22517, 0
95.001121, 4.999994, 46315, 85, 1579.1, 312, 6503, 9431, 13755, 20187, 0
100.001132, 5.000011, 46311, 81, 1564.2, 293, 6540, 9620, 13497, 20187, 0
105.001163, 5.000031, 46318, 83, 1560.1, 289, 6470, 9498, 13933, 20438, 0
110.001117, 4.999954, 46137, 83, 1587.2, 301, 6649, 9751, 13713, 24895, 0
115.001112, 4.999995, 46041, 81, 1579.3, 285, 6632, 9728, 13548, 19808, 0
120.001147, 5.000035, 46215, 83, 1577.2, 289, 6536, 9651, 13632, 20439, 0
121.004208, 1.003061, 9375, 83, 1575.4, 288, 6538, 9643, 13718, 20602, 0
