elapsed, window, total, successful, failed
5.000413, 5.000413, 78110, 78110, 0
10.001345, 5.000932, 78161, 78161, 0
15.001362, 5.000017, 78542, 78542, 0
20.001314, 4.999952, 78674, 78674, 0
25.001535, 5.000221, 77897, 77897, 0
30.001324, 4.999789, 78458, 78458, 0
35.001317, 4.999993, 78264, 78264, 0
40.001318, 5.000001, 78512, 78512, 0
45.001342, 5.000024, 78516, 78516, 0
50.001321, 4.999979, 78629, 78629, 0
55.001317, 4.999996, 78478, 78478, 0
60.001378, 5.000061, 78415, 78415, 0
65.001342, 4.999964, 77798, 77798, 0
70.001311, 4.999969, 77949, 77949, 0
75.00133, 5.000019, 77774, 77774, 0
80.001346, 5.000016, 78173, 78173, 0
85.00137, 5.000024, 77995, 77995, 0
90.00133, 4.99996, 78094, 78094, 0
95.001363, 5.000033, 78247, 78247, 0
100.001353, 4.99999, 77948, 77948, 0
105.001328, 4.999975, 77835, 77835, 0
110.001309, 4.999981, 78100, 78100, 0
115.001351, 5.000042, 78334, 78334, 0
120.001444, 5.000093, 78453, 78453, 0
121.002418, 1.000974, 15681, 15681, 0
