elapsed, window, n, min, mean, max, errors, median
5.001329, 5.001329,2684, 63342,91748.4, 224683,0,77764.6
10.001301, 4.999972,1842, 63377,74760.5, 118931,0,74337
15.00122, 4.999919,1837, 63243,75865.6, 170726,0,74425.3
20.001197, 4.999977,1753, 63343,74963.2, 108883,0,74393.1
25.000192, 4.998995,1809, 63287,75040.2, 106605,0,74414.5
30.001265, 5.001073,1768, 63219,74877.1, 97743,0,74718.9
35.001262, 4.999997,1801, 63281,74006.9, 97123,0,73842.6
40.001273, 5.000011,1841, 63165,74356.8, 96836,0,74191.6
45.001302, 5.000029,1774, 63267,75808.1, 181940,0,74343.2
50.001272, 4.99997,1846, 63179,75687.3, 156932,0,74566.8
55.001241, 4.999969,1824, 63262,75097.5, 101296,0,74874.8
60.001269, 5.000028,1840, 63269,75004.5, 154167,0,74288.4
65.000307, 4.999038,1790, 63202,74824.7, 154167,0,74204.7
70.001229, 5.000922,1778, 63215,74815.9, 97886,0,74622.7
75.001267, 5.000038,1790, 63303,74159, 99529,0,73971.4
80.001267, 5.0,1860, 63293,76856, 116327,0,75556.8
85.001275, 5.000008,1853, 63293,78912.1, 155084,0,77015.4
90.001288, 5.000013,1789, 63285,80737.8, 174634,0,77646.5
95.001196, 4.999908,1781, 63236,75116.5, 109094,0,74660.3
100.001206, 5.00001,1865, 63167,75239.5, 103424,0,74723
105.001182, 4.999976,1817, 63319,74250.2, 99916,0,73983
110.001202, 5.00002,1783, 63262,74944.1, 99916,0,74657.3
115.001257, 5.000055,1810, 63221,74880.4, 99940,0,74537.1
120.001281, 5.000024,1842, 63295,75583.3, 99734,0,75239.5
125.001232, 4.999951,1821, 63256,75813.3, 104583,0,75205.8
130.001261, 5.000029,1738, 63327,74870.9, 100254,0,74555.7
135.00123, 4.999969,1763, 63263,76011.1, 106099,0,75283
140.001265, 5.000035,1854, 63271,74299.2, 99319,0,74122.8
145.001265, 5.0,1813, 63256,75004, 103504,0,74701.8
150.001348, 5.000083,1825, 63316,75061.8, 105916,0,74511.8
155.001236, 4.999888,1780, 63255,75168.4, 105916,0,74834.1
160.001268, 5.000032,1847, 63354,76463.9, 156817,0,75285.4
165.001276, 5.000008,1783, 63258,76067.5, 156817,0,74728
170.001226, 4.99995,1836, 63410,76668.8, 105596,0,75558.6
175.001233, 5.000007,1769, 63377,76636.3, 119955,0,75247.7
180.001207, 4.999974,1843, 63221,74980.4, 105107,0,74557.8
181.070389, 1.069182,426, 63221,75296, 100884,0,74894.3

