elapsed, window, total, successful, failed
5.000481, 5.000481, 21569, 21569, 0
10.001448, 5.000967, 22287, 22287, 0
15.001519, 5.000071, 21877, 21877, 0
20.001471, 4.999952, 18918, 18918, 0
25.001477, 5.000006, 22203, 22203, 0
30.00145, 4.999973, 21995, 21995, 0
35.001519, 5.000069, 21890, 21890, 0
40.001495, 4.999976, 22074, 22074, 0
45.001472, 4.999977, 21971, 21971, 0
50.001537, 5.000065, 22042, 22042, 0
55.001464, 4.999927, 21719, 21719, 0
60.001507, 5.000043, 21961, 21961, 0
65.001453, 4.999946, 21566, 21566, 0
70.001442, 4.999989, 22095, 22095, 0
75.001544, 5.000102, 22049, 22049, 0
80.001568, 5.000024, 22072, 22072, 0
85.001449, 4.999881, 22109, 22109, 0
90.001479, 5.00003, 21718, 21718, 0
95.001444, 4.999965, 21729, 21729, 0
100.001532, 5.000088, 21738, 21738, 0
105.001483, 4.999951, 22049, 22049, 0
110.00146, 4.999977, 22236, 22236, 0
115.001504, 5.000044, 21602, 21602, 0
120.001578, 5.000074, 22152, 22152, 0
125.001458, 4.99988, 21744, 21744, 0
130.001458, 5.0, 21576, 21576, 0
135.001553, 5.000095, 21701, 21701, 0
140.001455, 4.999902, 21932, 21932, 0
145.001522, 5.000067, 21732, 21732, 0
150.001474, 4.999952, 21443, 21443, 0
155.001489, 5.000015, 21502, 21502, 0
160.001528, 5.000039, 21859, 21859, 0
165.00152, 4.999992, 21115, 21115, 0
170.001482, 4.999962, 21295, 21295, 0
175.00147, 4.999988, 21620, 21620, 0
180.002084, 5.000614, 22269, 22269, 0
185.000461, 4.998377, 21863, 21863, 0
190.001601, 5.00114, 21318, 21318, 0
195.001497, 4.999896, 21055, 21055, 0
200.001492, 4.999995, 21363, 21363, 0
205.001488, 4.999996, 21452, 21452, 0
210.001472, 4.999984, 21459, 21459, 0
215.001447, 4.999975, 21705, 21705, 0
220.001518, 5.000071, 21526, 21526, 0
225.001615, 5.000097, 21488, 21488, 0
230.001535, 4.99992, 21573, 21573, 0
235.001515, 4.99998, 21762, 21762, 0
240.001452, 4.999937, 21798, 21798, 0
245.001481, 5.000029, 21286, 21286, 0
250.00156, 5.000079, 21461, 21461, 0
255.001472, 4.999912, 21701, 21701, 0
260.001492, 5.00002, 21283, 21283, 0
265.001448, 4.999956, 21608, 21608, 0
270.001461, 5.000013, 21036, 21036, 0
275.001574, 5.000113, 20925, 20925, 0
280.001483, 4.999909, 21685, 21685, 0
285.001546, 5.000063, 21458, 21458, 0
290.001451, 4.999905, 21224, 21224, 0
295.001479, 5.000028, 21398, 21398, 0
300.001544, 5.000065, 21392, 21392, 0
301.003602, 1.002058, 4351, 4351, 0
