elapsed, window, n, min, mean, median, 95th, 99th, 99_9th, max, errors
5.000743, 5.000743, 0, 0, 0, 0, 0, 0, 0, 0, 0
10.001709, 5.000966, 8, 1054, 1257.9, 1274, 1363, 1363, 1363, 1363, 0
15.001714, 5.000005, 36, 1046, 1296.1, 1263, 1531, 1642, 1642, 1642, 0
20.001705, 4.999991, 31, 1114, 1274.3, 1224, 1540, 1565, 1565, 1565, 0
25.001672, 4.999967, 32, 995, 1221.1, 1198, 1361, 1570, 1570, 1570, 0
30.001698, 5.000026, 23, 1060, 1233.5, 1233, 1433, 1508, 1508, 1508, 0
35.001706, 5.000008, 52, 956, 1179.4, 1168, 1379, 1438, 1626, 1626, 0
40.001698, 4.999992, 25, 971, 1154.9, 1127, 1448, 1531, 1531, 1531, 0
45.001712, 5.000014, 40, 1046, 1227.6, 1221, 1385, 1416, 1416, 1416, 0
50.001572, 4.99986, 28, 992, 1189.8, 1185, 1332, 1461, 1461, 1461, 0
55.001689, 5.000117, 35, 943, 1204.1, 1209, 1428, 1591, 1591, 1591, 0
60.001696, 5.000007, 38, 944, 1158.5, 1161, 1289, 1591, 1591, 1591, 0
65.001716, 5.00002, 26, 922, 1143.2, 1120, 1396, 1444, 1444, 1444, 0
70.001706, 4.99999, 39, 900, 1147.6, 1141, 1315, 1404, 1404, 1404, 0
75.001708, 5.000002, 36, 943, 1161.1, 1136, 1358, 1374, 1374, 1374, 0
80.0017, 4.999992, 29, 977, 1154.3, 1154, 1354, 1395, 1395, 1395, 0
85.001699, 4.999999, 34, 1004, 1164.7, 1163, 1312, 1395, 1395, 1395, 0
90.001749, 5.00005, 29, 998, 1189.5, 1176, 1397, 1401, 1401, 1401, 0
95.001686, 4.999937, 35, 943, 1128.2, 1111, 1277, 1412, 1412, 1412, 0
100.001755, 5.000069, 31, 975, 1196.0, 1189, 1346, 2003, 2003, 2003, 0
105.001699, 4.999944, 36, 937, 1131.7, 1092, 1369, 1480, 1480, 1480, 0
110.001697, 4.999998, 29, 930, 1152.7, 1171, 1274, 1367, 1367, 1367, 0
115.001575, 4.999878, 38, 959, 1176.2, 1174, 1358, 1397, 1397, 1397, 0
120.001693, 5.000118, 38, 970, 1189.8, 1173, 1370, 1406, 1406, 1406, 0
121.026977, 1.025284, 4, 970, 1184.7, 1177, 1370, 1406, 1406, 1406, 0
