elapsed, window, n, min, mean, median, 95th, 99th, 99_9th, max, errors
5.000477, 5.000477, 37989, 20823, 29494.2, 31346, 38853, 43327, 63226, 67146, 0
10.00148, 5.001003, 38093, 20818, 29253.6, 31276, 38307, 42057, 46662, 54361, 0
15.001478, 4.999998, 38164, 20819, 29258.8, 31287, 38507, 42434, 47144, 51943, 0
20.001474, 4.999996, 38223, 20798, 29219.7, 31268, 38371, 42185, 46922, 52328, 0
25.001502, 5.000028, 38207, 20835, 29176.4, 31247, 38242, 42056, 46904, 53963, 0
30.001489, 4.999987, 38157, 20804, 29197.8, 31272, 38201, 41772, 46298, 55406, 0
35.001499, 5.00001, 38283, 20844, 29174.2, 31222, 38251, 41994, 46188, 51566, 0
40.001476, 4.999977, 38196, 20790, 29254.7, 31278, 38480, 42338, 46897, 54636, 0
45.00148, 5.000004, 38196, 20825, 29216.8, 31221, 38249, 42083, 46659, 53480, 0
50.001481, 5.000001, 38232, 20789, 29198.1, 31274, 38230, 42012, 46263, 52952, 0
55.001508, 5.000027, 38186, 20876, 29188.3, 31227, 38116, 41968, 46653, 53582, 0
60.001498, 4.99999, 38115, 20780, 29277.0, 31272, 38371, 42327, 46869, 51169, 0
65.001481, 4.999983, 38118, 20820, 29240.1, 31252, 38193, 42051, 46709, 52126, 0
70.001585, 5.000104, 38044, 20849, 29350.6, 31282, 38174, 42051, 46402, 54564, 0
75.001489, 4.999904, 37981, 20908, 29331.1, 31265, 38150, 42090, 46917, 52546, 0
80.001477, 4.999988, 37966, 20809, 29351.5, 31258, 38139, 41848, 46790, 53850, 0
85.00148, 5.000003, 38083, 20867, 29330.5, 31274, 38193, 42022, 46532, 51450, 0
90.001493, 5.000013, 37920, 20897, 29390.2, 31349, 38427, 42230, 46710, 53202, 0
95.001505, 5.000012, 37957, 20886, 29382.0, 31327, 38375, 42022, 46665, 53120, 0
100.001475, 4.99997, 37948, 20780, 29383.6, 31298, 38429, 42384, 46691, 51030, 0
105.001592, 5.000117, 37967, 20864, 29417.4, 31342, 38396, 42266, 47073, 53008, 0
110.001645, 5.000053, 37987, 20868, 29423.4, 31315, 38297, 42287, 47258, 52008, 0
115.001496, 4.999851, 37910, 20870, 29407.6, 31302, 38500, 42426, 46943, 54947, 0
120.001486, 4.99999, 37982, 20885, 29409.8, 31299, 38505, 42411, 46753, 53045, 0
121.004671, 1.003185, 7595, 20894, 29425.6, 31336, 38513, 42453, 47276, 53045, 0
