elapsed, window, n, min, mean, median, 95th, 99th, 99_9th, max, errors
5.000727, 5.000727, 4485, 85, 6907.5, 125, 30884, 38909, 42947, 45086, 0
10.001837, 5.00111, 4506, 82, 7021.7, 127, 31095, 38446, 42564, 44888, 0
15.001787, 4.99995, 4508, 82, 6702.8, 128, 30154, 38360, 41938, 46772, 0
20.001783, 4.999996, 4526, 86, 7110.0, 131, 31060, 38323, 42589, 45158, 0
25.001788, 5.000005, 4508, 84, 7099.9, 129, 31622, 38646, 41824, 43588, 0
30.001785, 4.999997, 4478, 84, 7120.2, 140, 30479, 38812, 43346, 44531, 0
35.001732, 4.999947, 4563, 84, 6889.4, 136, 29938, 37291, 42467, 43840, 0
40.001723, 4.999991, 4540, 86, 6986.5, 134, 30595, 37621, 42975, 44034, 0
45.001731, 5.000008, 4565, 82, 6718.5, 131, 30163, 37829, 42472, 45656, 0
50.001729, 4.999998, 4479, 84, 7302.2, 130, 30726, 37492, 42017, 44860, 0
55.001731, 5.000002, 4473, 85, 6998.1, 128, 31241, 39040, 42945, 43544, 0
60.001727, 4.999996, 4500, 84, 6841.5, 130, 30542, 38109, 42824, 44301, 0
65.001727, 5.0, 4528, 81, 6930.6, 131, 29973, 38062, 41685, 45330, 0
70.001727, 5.0, 4503, 86, 6995.6, 137, 30583, 38539, 42691, 44717, 0
75.001725, 4.999998, 4525, 85, 6897.1, 129, 30801, 38791, 43294, 46466, 0
80.001727, 5.000002, 4540, 85, 6790.1, 137, 30410, 37307, 41586, 44414, 0
85.001733, 5.000006, 4516, 84, 6921.7, 130, 30100, 37884, 41764, 44788, 0
90.001727, 4.999994, 4510, 83, 6834.4, 130, 31064, 38150, 42243, 43847, 0
95.001728, 5.000001, 4526, 82, 6801.7, 131, 29881, 37849, 42413, 43633, 0
100.001733, 5.000005, 4514, 84, 6867.7, 125, 30436, 38060, 42483, 45980, 0
105.001727, 4.999994, 4538, 83, 6860.4, 138, 30774, 38489, 42317, 44675, 0
110.001727, 5.0, 4503, 82, 6803.9, 129, 30925, 39172, 43506, 45749, 0
115.001727, 5.0, 4572, 79, 6740.7, 130, 30055, 38150, 42916, 44376, 0
120.001729, 5.000002, 4534, 84, 6996.1, 140, 30562, 38205, 41612, 44002, 0
121.001816, 1.000087, 918, 84, 6969.8, 141, 30767, 38200, 41640, 44002, 0
