elapsed, window, n, min, mean, median, 95th, 99th, 99_9th, max, errors
5.00027, 5.00027, 17667, 1023, 9179.2, 8440, 16445, 20857, 27833, 38624, 0
10.001298, 5.001028, 16974, 1244, 9222.2, 8573, 16374, 21310, 29404, 41900, 0
15.001305, 5.000007, 16296, 908, 9613.6, 8751, 18432, 24304, 31768, 47491, 0
20.001314, 5.000009, 16398, 999, 9664.3, 8864, 18270, 23714, 30388, 38466, 0
25.001276, 4.999962, 15732, 999, 9875.2, 9297, 17569, 22051, 29030, 38466, 0
30.001264, 4.999988, 16031, 1248, 9785.6, 9213, 17134, 21564, 27353, 32985, 0
35.001309, 5.000045, 15972, 1306, 9726.2, 9165, 16706, 20807, 26206, 34128, 0
40.001288, 4.999979, 16138, 1235, 9641.7, 8996, 17159, 21963, 27870, 36140, 0
45.001279, 4.999991, 16077, 1058, 9736.4, 9074, 17353, 22112, 28113, 37376, 0
50.001281, 5.000002, 15911, 1320, 9789.7, 9213, 16979, 21628, 26997, 39510, 0
55.001324, 5.000043, 15881, 868, 9897.6, 9221, 18058, 23053, 29485, 38227, 0
60.00137, 5.000046, 15785, 796, 9967.9, 9163, 18821, 24441, 32270, 39016, 0
65.001283, 4.999913, 15859, 771, 10068.0, 9168, 19271, 24914, 31372, 41795, 0
70.001294, 5.000011, 15580, 875, 10315.6, 9372, 20211, 26627, 35162, 41631, 0
75.001286, 4.999992, 15361, 797, 10250.4, 9345, 19728, 26244, 34244, 41159, 0
80.001306, 5.00002, 15519, 860, 10297.5, 9416, 19742, 26170, 33843, 47289, 0
85.001264, 4.999958, 15182, 833, 10328.3, 9406, 20269, 26087, 32629, 42772, 0
90.001319, 5.000055, 14884, 747, 10554.7, 9545, 20972, 27282, 36146, 46749, 0
95.00139, 5.000071, 15052, 738, 10484.9, 9468, 20803, 27621, 35696, 48392, 0
100.001357, 4.999967, 14946, 751, 10449.5, 9569, 19984, 26451, 34800, 44672, 0
105.001294, 4.999937, 14888, 802, 10403.2, 9549, 19937, 25944, 34058, 51024, 0
110.001271, 4.999977, 15183, 702, 10302.7, 9576, 18904, 24322, 30881, 37549, 0
115.001334, 5.000063, 15006, 939, 10459.9, 9737, 18958, 24316, 31887, 40398, 0
120.001261, 4.999927, 14678, 722, 10517.5, 9786, 19096, 23991, 31133, 42076, 0
121.004401, 1.00314, 2979, 722, 10536.3, 9820, 19156, 24227, 31934, 42076, 0
