elapsed, window, n, min, mean, median, 95th, 99th, 99_9th, max, errors
5.000637, 5.000637, 1880, 91922, 182215.6, 197321, 313191, 373778, 692510, 716730, 2
10.001956, 5.001319, 1680, 91895, 178543.9, 197455, 285583, 357826, 389549, 398024, 0
15.001715, 4.999759, 1640, 91834, 179718.2, 197900, 287232, 363934, 408211, 422066, 0
20.001678, 4.999963, 1654, 91809, 182047.4, 199394, 284273, 354935, 424003, 464217, 1
25.001712, 5.000034, 1751, 91599, 176718.8, 197365, 267206, 348260, 404077, 438041, 0
30.001717, 5.000005, 1670, 91891, 179019.2, 197901, 272697, 356380, 416871, 470024, 1
35.001669, 4.999952, 1659, 91796, 176014.0, 195056, 272761, 364315, 434295, 458339, 1
40.001718, 5.000049, 1379, 91791, 189252.7, 199003, 316257, 469981, 545451, 629980, 0
45.001759, 5.000041, 1431, 91706, 194619.6, 201650, 324480, 518916, 609182, 670328, 0
50.001663, 4.999904, 1649, 91493, 182965.0, 198867, 301653, 382538, 424041, 434178, 3
55.001639, 4.999976, 1624, 91849, 180162.2, 197377, 303509, 381106, 413232, 424041, 0
60.001634, 4.999995, 1609, 91679, 182537.8, 197197, 285756, 396620, 451958, 503171, 2
65.001677, 5.000043, 1616, 91699, 181258.7, 198735, 271620, 384296, 451958, 473602, 0
70.001652, 4.999975, 1595, 91671, 182220.5, 198445, 289638, 390259, 445204, 465538, 0
75.001635, 4.999983, 1611, 91880, 180112.8, 197787, 279615, 410439, 465680, 494607, 1
80.001632, 4.999997, 1640, 91845, 181067.9, 198049, 294988, 355956, 402564, 440069, 1
85.001745, 5.000113, 1713, 91598, 177443.3, 196593, 276277, 341315, 381071, 394307, 4
90.001673, 4.999928, 1626, 91616, 179349.3, 197090, 287001, 367760, 443732, 458219, 4
95.001648, 4.999975, 1595, 91859, 182292.2, 199048, 282106, 385206, 428755, 440561, 1
100.001713, 5.000065, 1691, 91981, 178281.7, 197404, 269271, 359945, 396157, 409888, 1
105.001706, 4.999993, 1636, 91752, 181251.3, 197141, 302739, 369858, 422093, 447594, 1
110.001702, 4.999996, 1650, 91737, 180162.8, 198877, 273158, 343079, 392246, 428842, 2
115.001672, 4.99997, 1698, 91935, 181077.9, 198314, 283494, 346383, 379548, 455808, 1
120.001744, 5.000072, 1644, 91794, 180315.6, 197588, 290531, 369862, 403739, 428185, 2
121.007873, 1.006129, 350, 91794, 181704.6, 197991, 294017, 373080, 415535, 440706, 0
