elapsed, window, n, min, mean, median, 95th, 99th, 99_9th, max, errors
5.001003, 5.001003, 100, 910, 3064.6, 2674, 5637, 5878, 6023, 6023, 0
10.002026, 5.001023, 50, 768, 1258.6, 1222, 1827, 2297, 2297, 2297, 0
15.002024, 4.999998, 100, 674, 1079.6, 1014, 1646, 1878, 1997, 1997, 0
20.001998, 4.999974, 50, 765, 1132.3, 1016, 1864, 2126, 2126, 2126, 0
25.002094, 5.000096, 0, 0, 0, 0, 0, 0, 0, 0, 0
30.001084, 4.99899, 150, 729, 1185.6, 1100, 1888, 2071, 2195, 2195, 0
35.001061, 4.999977, 200, 725, 1355.1, 1200, 2365, 2598, 3016, 3016, 0
40.000881, 4.99982, 100, 669, 1282.3, 1091, 2235, 2760, 2947, 2947, 0
45.002028, 5.001147, 100, 689, 1001.2, 926, 1464, 1679, 2037, 2037, 0
50.002072, 5.000044, 150, 704, 1147.1, 1036, 1904, 2577, 3019, 3019, 0
55.001054, 4.998982, 100, 685, 1051.7, 1007, 1584, 1851, 1959, 1959, 0
60.001062, 5.000008, 200, 676, 1138.6, 1044, 1878, 2403, 2557, 2557, 0
65.001009, 4.999947, 100, 708, 1129.0, 1058, 1783, 1946, 2224, 2224, 0
70.002035, 5.001026, 150, 744, 1233.8, 1105, 2223, 2944, 2979, 2979, 0
75.00199, 4.999955, 50, 684, 1099.5, 1038, 1666, 1918, 2004, 2004, 0
80.002062, 5.000072, 0, 0, 0, 0, 0, 0, 0, 0, 0
85.001057, 4.998995, 0, 0, 0, 0, 0, 0, 0, 0, 0
90.001013, 4.999956, 100, 656, 982.9, 937, 1375, 1512, 1692, 1692, 0
95.002007, 5.000994, 100, 654, 1108.6, 1008, 1740, 2754, 2904, 2904, 0
100.00196, 4.999953, 100, 746, 1335.3, 1115, 2634, 2824, 3286, 3286, 0
105.00206, 5.0001, 0, 746, 1090.1, 1022, 1632, 2193, 2193, 2193, 0
110.001014, 4.998954, 50, 707, 1092.0, 1057, 1549, 1592, 1592, 1592, 0
115.002063, 5.001049, 100, 673, 1112.1, 1072, 1607, 1926, 2032, 2032, 0
120.001064, 4.999001, 50, 753, 1242.1, 1200, 1779, 2252, 2252, 2252, 0
121.003184, 1.00212, 0, 753, 1242.1, 1200, 1779, 2252, 2252, 2252, 0
