elapsed, window, n, min, mean, median, 95th, 99th, 99_9th, max, errors
5.000532, 5.000532, 43, 91742, 137781.4, 93554, 191942, 194188, 194188, 194188, 174
10.001533, 5.001001, 47, 91420, 155419.0, 181844, 192286, 192908, 192908, 192908, 166
15.001543, 5.00001, 42, 91725, 149113.9, 177191, 191622, 193614, 193614, 193614, 162
20.001546, 5.000003, 45, 91617, 146306.8, 170440, 191806, 194432, 194432, 194432, 169
25.001475, 4.999929, 39, 91730, 135678.9, 94544, 192231, 193130, 193130, 193130, 141
30.001453, 4.999978, 45, 91568, 156120.8, 185147, 191994, 193559, 193559, 193559, 173
35.001472, 5.000019, 45, 91592, 143978.8, 171733, 191184, 192014, 192014, 192014, 182
40.00143, 4.999958, 51, 91371, 140025.6, 166865, 192292, 193195, 194019, 194019, 191
45.001573, 5.000143, 49, 91353, 127609.4, 92379, 188325, 191809, 193880, 193880, 183
50.001438, 4.999865, 37, 91377, 149894.3, 177508, 191699, 192715, 192715, 192715, 155
55.001409, 4.999971, 48, 91022, 143307.8, 171223, 192033, 194362, 194362, 194362, 172
60.001471, 5.000062, 50, 91317, 136310.7, 95296, 191284, 192071, 192200, 192200, 159
65.001509, 5.000038, 56, 91376, 143521.4, 172235, 193064, 226191, 245078, 245078, 160
70.001474, 4.999965, 40, 91862, 169927.7, 186148, 199140, 245078, 245078, 245078, 104
75.001445, 4.999971, 27, 91771, 143226.3, 175535, 213695, 227876, 227876, 227876, 55
80.001436, 4.999991, 58, 91521, 141532.0, 173591, 193980, 194170, 194232, 194232, 176
85.001466, 5.00003, 56, 91669, 134051.6, 92738, 192586, 193258, 275888, 275888, 154
90.001475, 5.000009, 56, 91510, 143085.5, 172852, 192388, 193476, 218056, 218056, 149
95.001412, 4.999937, 64, 91381, 145433.0, 177037, 191941, 192155, 193127, 193127, 161
100.001455, 5.000043, 66, 91590, 157084.9, 183600, 191955, 193394, 196638, 196638, 147
105.00148, 5.000025, 78, 91590, 142282.3, 169819, 192328, 193797, 194743, 194743, 172
110.001472, 4.999992, 74, 91780, 145812.8, 171904, 193287, 193882, 195805, 195805, 136
115.001476, 5.000004, 85, 91509, 149010.5, 175731, 192003, 193209, 250960, 250960, 139
120.001476, 5.0, 63, 91441, 143419.6, 181842, 191283, 192003, 192064, 192064, 121
121.003581, 1.002105, 14, 91441, 139282.2, 167027, 191283, 191805, 194139, 194139, 23
