elapsed, window, n, min, mean, median, 95th, 99th, 99_9th, max, errors
5.000566, 5.000566, 477899, 383, 11511.3, 9492, 27458, 38445, 51513, 81457, 0
10.001572, 5.001006, 443420, 368, 11436.8, 8879, 29298, 41884, 56350, 101849, 0
15.001576, 5.000004, 437039, 400, 11447.3, 9265, 27866, 41812, 59675, 111760, 0
20.001563, 4.999987, 439897, 362, 11371.0, 9091, 28212, 39669, 53684, 94552, 0
25.001621, 5.000058, 441011, 347, 11356.6, 9427, 26993, 39761, 57690, 106674, 0
30.001594, 4.999973, 440774, 385, 11257.7, 9272, 26669, 38224, 54834, 101833, 0
35.001561, 4.999967, 442972, 298, 11323.6, 9102, 27888, 39037, 52370, 84250, 0
40.001633, 5.000072, 440362, 298, 11291.4, 8450, 29475, 40004, 54189, 84596, 0
45.001692, 5.000059, 442328, 330, 11317.7, 8388, 30456, 41858, 56991, 90622, 0
50.001565, 4.999873, 441649, 347, 11314.4, 8634, 29125, 40796, 55116, 89140, 0
55.001611, 5.000046, 436140, 326, 11404.6, 8111, 31479, 43654, 60208, 89868, 0
60.001564, 4.999953, 443548, 326, 11367.4, 8044, 31660, 45269, 62377, 111996, 0
65.001628, 5.000064, 431406, 303, 11443.1, 8275, 31401, 44671, 61637, 108205, 0
70.001635, 5.000007, 435744, 352, 11503.5, 8650, 30335, 43196, 57470, 94145, 0
75.001564, 4.999929, 432296, 319, 11521.7, 8633, 30852, 44994, 61346, 110948, 0
80.00166, 5.000096, 433504, 344, 11566.5, 8502, 31077, 42512, 57675, 87210, 0
85.001656, 4.999996, 430531, 378, 11599.6, 9348, 28150, 39542, 53338, 88978, 0
90.001565, 4.999909, 431457, 331, 11589.5, 9017, 29324, 42550, 56712, 93836, 0
95.001592, 5.000027, 429616, 331, 11528.7, 8349, 32152, 45473, 61212, 103968, 0
100.00157, 4.999978, 432288, 308, 11619.8, 8166, 32763, 45947, 63010, 105882, 0
105.001617, 5.000047, 431709, 350, 11618.4, 8991, 29667, 40801, 57306, 101555, 0
110.001573, 4.999956, 430331, 368, 11585.1, 8945, 29500, 41857, 56041, 94925, 0
115.001678, 5.000105, 428513, 324, 11628.2, 8857, 30503, 41777, 56610, 87745, 0
120.001595, 4.999917, 432152, 325, 11619.9, 8653, 31141, 44305, 60456, 98132, 0
121.020671, 1.019076, 80177, 359, 11563.0, 8962, 29573, 42205, 59479, 98132, 0
