elapsed, window, total, successful, failed
5.000673, 5.000673, 83437, 83437, 0
10.001811, 5.001138, 88455, 88455, 0
15.001692, 4.999881, 95560, 95560, 0
20.001667, 4.999975, 96996, 96996, 0
25.001706, 5.000039, 100251, 100251, 0
30.001662, 4.999956, 95850, 95850, 0
35.002037, 5.000375, 98673, 98673, 0
40.000686, 4.998649, 98790, 98790, 0
45.00181, 5.001124, 97087, 97087, 0
50.001661, 4.999851, 95589, 95589, 0
55.001841, 5.00018, 89254, 89254, 0
60.001791, 4.99995, 87622, 87622, 0
65.001728, 4.999937, 86046, 86046, 0
70.001978, 5.00025, 93044, 93044, 0
75.001883, 4.999905, 91711, 91711, 0
80.001807, 4.999924, 93725, 93725, 0
85.001868, 5.000061, 94167, 94167, 0
90.001921, 5.000053, 93632, 93632, 0
95.001836, 4.999915, 93045, 93045, 0
100.001865, 5.000029, 92082, 92082, 0
105.001662, 4.999797, 97112, 97112, 0
110.00201, 5.000348, 97591, 97591, 0
115.000705, 4.998695, 99064, 99064, 0
120.001661, 5.000956, 89669, 89669, 0
121.011293, 1.009632, 15989, 15989, 0
