elapsed, window, n, min, mean, median, 95th, 99th, 99_9th, max, errors
5.000964, 5.000964, 562265, 283, 9920.8, 6702, 28930, 39879, 55516, 96735, 0
10.002023, 5.001059, 494191, 310, 10055.9, 6448, 29982, 43033, 58861, 94741, 0
15.00108, 4.999057, 500164, 289, 10022.6, 6045, 32641, 48334, 66208, 115656, 0
20.001071, 4.999991, 503329, 302, 9940.0, 6404, 29633, 44044, 60259, 99250, 0
25.000969, 4.999898, 499970, 332, 9947.5, 6375, 29739, 44152, 58839, 102134, 0
30.001962, 5.000993, 507665, 321, 9899.3, 6521, 28796, 40342, 54356, 97339, 0
35.00195, 4.999988, 495436, 309, 10031.8, 6421, 30058, 42592, 58845, 91332, 0
40.001975, 5.000025, 496165, 327, 10026.6, 6471, 29388, 41548, 55758, 93049, 0
45.002042, 5.000067, 505578, 309, 9934.1, 6226, 30573, 47037, 63595, 118553, 0
50.000967, 4.998925, 499427, 268, 9976.1, 6498, 29801, 42364, 57759, 93485, 0
55.001973, 5.001006, 495769, 307, 10035.8, 6635, 28605, 44009, 64818, 125207, 0
60.00199, 5.000017, 502691, 310, 9971.3, 6621, 29017, 40882, 57423, 108751, 0
65.001959, 4.999969, 499794, 326, 9961.3, 6372, 29434, 43998, 58199, 103418, 0
70.002017, 5.000058, 500032, 333, 9989.6, 6734, 28442, 40760, 55340, 96318, 0
75.000962, 4.998945, 504980, 311, 9916.0, 6679, 28627, 40032, 54218, 85069, 0
80.001959, 5.000997, 495583, 287, 10018.5, 6571, 29115, 41205, 55374, 89188, 0
85.001954, 4.999995, 495935, 278, 10136.3, 6269, 31161, 44077, 60751, 96417, 0
90.002043, 5.000089, 493631, 273, 10076.7, 6552, 29734, 42486, 57748, 99668, 0
95.001089, 4.999046, 498750, 250, 10053.8, 6235, 30509, 43794, 59325, 99580, 0
100.000961, 4.999872, 497753, 266, 10013.0, 6594, 28729, 42630, 58961, 110319, 0
105.002019, 5.001058, 495600, 327, 10088.7, 6615, 30879, 45954, 67587, 128121, 0
110.001053, 4.999034, 500029, 275, 9979.3, 6967, 27711, 39022, 53196, 82821, 0
115.000957, 4.999904, 497416, 311, 10012.2, 6571, 29376, 41455, 56812, 84628, 0
120.002066, 5.001109, 497429, 323, 10043.8, 6453, 29347, 44119, 60621, 108632, 0
121.025086, 1.02302, 104676, 292, 10039.8, 6426, 29472, 44132, 60433, 108632, 0
