elapsed, window, n, min, mean, median, 95th, 99th, 99_9th, max, errors
5.001063, 5.001063, 711, 1343, 35414.1, 3226, 131074, 163244, 200353, 213974, 0
10.001139, 5.000076, 752, 1343, 35873.3, 2900, 125953, 211807, 372171, 447554, 0
15.001011, 4.999872, 794, 1373, 31763.0, 2333, 119769, 140594, 157307, 161300, 0
20.001941, 5.00093, 784, 1359, 30724.8, 2383, 117597, 140624, 166679, 169591, 0
25.001984, 5.000043, 709, 1341, 32732.1, 2701, 124595, 141907, 166679, 169591, 0
30.002006, 5.000022, 783, 1349, 29545.0, 2319, 113805, 132855, 144506, 151539, 0
35.001988, 4.999982, 749, 1314, 33531.1, 2567, 129316, 153432, 174479, 177020, 0
40.001962, 4.999974, 761, 1326, 31726.7, 2339, 125416, 143622, 154250, 161566, 0
45.001999, 5.000037, 747, 1341, 34646.6, 3092, 118172, 135337, 147880, 151398, 0
50.001955, 4.999956, 761, 1315, 35340.8, 3152, 126293, 160938, 177102, 191071, 0
55.002021, 5.000066, 750, 1336, 35132.8, 3025, 128702, 167739, 211283, 222736, 0
60.00098, 4.998959, 759, 1332, 35122.1, 2811, 127894, 179225, 199650, 211283, 0
65.001953, 5.000973, 726, 1365, 33191.9, 2622, 118437, 142139, 174074, 175189, 0
70.00196, 5.000007, 770, 1403, 32774.7, 2747, 119137, 133137, 147522, 150304, 0
75.001965, 5.000005, 777, 1340, 30819.7, 2283, 119137, 141041, 150908, 156829, 0
80.00206, 5.000095, 760, 1349, 33700.7, 2301, 120575, 141101, 154424, 157385, 0
85.001047, 4.998987, 769, 1386, 34216.4, 2560, 123736, 150762, 156543, 160523, 0
90.001013, 4.999966, 747, 1387, 34530.2, 2497, 126447, 152646, 169781, 176597, 0
95.002041, 5.001028, 774, 1371, 33451.0, 2440, 126824, 165080, 175519, 176597, 0
100.00098, 4.998939, 752, 1338, 37456.7, 5568, 117974, 130427, 137886, 157037, 0
105.002021, 5.001041, 712, 1196, 36100.6, 3867, 123403, 145273, 162863, 181579, 0
110.001995, 4.999974, 666, 1196, 39469.3, 3473, 128595, 278438, 594668, 669985, 0
115.00194, 4.999945, 788, 1352, 31355.9, 2313, 116690, 134810, 146891, 157398, 0
120.002056, 5.000116, 717, 1321, 34028.3, 2641, 121326, 158446, 171399, 175160, 0
121.004138, 1.002082, 161, 1321, 33201.0, 2378, 117521, 158022, 171399, 175160, 0
