elapsed, window, n, min, mean, median, 95th, 99th, 99_9th, max, errors
5.000668, 5.000668, 229, 1466, 28641.2, 2098, 95442, 96223, 96412, 96412, 0
10.001636, 5.000968, 195, 1514, 30724.8, 1965, 95588, 95906, 97366, 97366, 0
15.001751, 5.000115, 228, 1518, 31258.9, 1967, 95690, 96794, 98986, 98986, 0
20.001748, 4.999997, 206, 1492, 28396.9, 1869, 95490, 95953, 96495, 96495, 0
25.001687, 4.999939, 216, 1460, 30699.3, 1783, 95213, 95630, 95691, 95691, 0
30.001663, 4.999976, 211, 1445, 30942.7, 1953, 95686, 97455, 98640, 98640, 0
35.001673, 5.00001, 196, 1556, 31611.9, 1922, 95629, 96237, 97595, 97595, 0
40.00162, 4.999947, 207, 1532, 28780.2, 1956, 95268, 95812, 96475, 96475, 0
45.001688, 5.000068, 212, 1506, 33688.2, 1957, 95609, 95955, 98122, 98122, 0
50.001682, 4.999994, 210, 1482, 29488.5, 1881, 95498, 95954, 97116, 97116, 0
55.00168, 4.999998, 232, 1482, 32267.1, 1995, 95580, 96859, 97325, 97325, 0
60.001684, 5.000004, 203, 1433, 31642.2, 1864, 95353, 95776, 97477, 97477, 0
65.001722, 5.000038, 198, 1478, 30854.9, 1802, 95280, 95721, 96922, 96922, 0
70.001678, 4.999956, 222, 1356, 29960.6, 1812, 95415, 95948, 96912, 96912, 0
75.001697, 5.000019, 207, 1488, 33253.6, 1950, 95330, 96912, 97799, 97799, 0
80.001692, 4.999995, 196, 1416, 32236.7, 1848, 95346, 95502, 95699, 95699, 0
85.001683, 4.999991, 199, 1495, 31299.3, 1923, 95381, 96304, 97499, 97499, 0
90.001689, 5.000006, 209, 1541, 28549.7, 1977, 95457, 96328, 97454, 97454, 0
95.001674, 4.999985, 211, 1497, 25639.2, 1932, 95089, 97282, 97573, 97573, 0
100.00168, 5.000006, 203, 1471, 26626.0, 1922, 95247, 97191, 97445, 97445, 0
105.001749, 5.000069, 248, 1564, 27333.5, 1972, 95479, 96236, 97938, 97938, 0
110.001723, 4.999974, 248, 1558, 26356.5, 1909, 95417, 95910, 96035, 96035, 0
115.001682, 4.999959, 220, 1492, 35230.8, 1991, 95351, 95699, 96035, 96035, 0
120.001675, 4.999993, 235, 1535, 31279.7, 2085, 95342, 96031, 97107, 97107, 0
121.003835, 1.00216, 45, 1493, 31954.1, 2158, 95342, 96258, 97107, 97107, 0
