elapsed, window, n, min, mean, median, 95th, 99th, 99_9th, max, errors
0.549697, 0.549697, 1702, 3657, 195149.9, 183953, 363238, 440453, 510510, 530560, 3
