elapsed, window, n, min, mean, median, 95th, 99th, 99_9th, max, errors
5.000278, 5.000278, 145824, 474, 7772.9, 5053, 18761, 64787, 150725, 253722, 0
10.001285, 5.001007, 141832, 456, 7854.7, 5289, 18795, 63142, 135548, 271979, 0
15.001273, 4.999988, 141483, 450, 7843.0, 5228, 18745, 63177, 136959, 243496, 0
20.001305, 5.000032, 139164, 426, 7941.1, 5300, 18892, 63017, 142053, 221371, 0
25.001291, 4.999986, 141064, 452, 7827.8, 5260, 18519, 63179, 142143, 291557, 0
30.001276, 4.999985, 137403, 448, 8080.4, 5391, 19476, 65363, 149123, 310604, 0
35.001279, 5.000003, 138052, 485, 7987.6, 5330, 19069, 63632, 149472, 400557, 0
40.001292, 5.000013, 138574, 512, 7963.6, 5287, 19372, 63314, 149408, 290008, 0
45.001276, 4.999984, 134250, 451, 8170.2, 5372, 19612, 68196, 157878, 247259, 0
50.001299, 5.000023, 138414, 444, 8069.6, 5258, 18367, 71885, 166879, 288030, 0
55.001347, 5.000048, 135830, 449, 8100.6, 5276, 18938, 68556, 178783, 330245, 0
60.001318, 4.999971, 135030, 469, 8238.8, 5240, 20429, 71874, 168493, 276537, 0
65.001271, 4.999953, 137358, 469, 8133.2, 5214, 20589, 68598, 162375, 252585, 0
70.001276, 5.000005, 134026, 477, 8243.9, 5416, 19325, 72893, 147609, 252248, 0
75.001288, 5.000012, 130005, 454, 8411.7, 5469, 19935, 73105, 170543, 308695, 0
80.001326, 5.000038, 132816, 450, 8406.5, 5473, 20151, 70981, 155256, 308695, 0
85.001386, 5.00006, 131512, 457, 8450.3, 5369, 21010, 69663, 187466, 391084, 0
90.001353, 4.999967, 135946, 465, 8233.5, 5356, 19103, 72650, 173693, 330424, 0
95.001343, 4.99999, 133764, 406, 8246.5, 5347, 19608, 72358, 166296, 302518, 0
100.001335, 4.999992, 133272, 426, 8158.3, 5344, 18821, 68991, 163835, 437041, 0
105.001277, 4.999942, 138361, 475, 8085.3, 5408, 18873, 66495, 147724, 274333, 0
110.001304, 5.000027, 135967, 538, 8123.5, 5524, 18873, 60494, 162922, 308883, 0
115.001313, 5.000009, 136260, 479, 8055.5, 5487, 18911, 59856, 155832, 303516, 0
120.001274, 4.999961, 137078, 503, 8041.9, 5406, 18031, 63747, 170669, 303315, 0
121.005381, 1.004107, 26697, 503, 8118.5, 5411, 18546, 66309, 165157, 303315, 0
