elapsed, window, n, min, mean, median, 95th, 99th, 99_9th, max, errors
5.000628, 5.000628, 593, 992, 18296.6, 2983, 59596, 177846, 720143, 816860, 0
10.00171, 5.001082, 229, 1026, 115545.4, 5158, 572015, 816860, 1310820, 1310820, 0
15.001755, 5.000045, 17, 995, 406802.6, 35690, 1555936, 1832169, 1832169, 1832169, 0
20.001751, 4.999996, 0, 0, 0, 0, 0, 0, 0, 0, 0
25.001706, 4.999955, 0, 0, 0, 0, 0, 0, 0, 0, 0
30.001753, 5.000047, 0, 0, 0, 0, 0, 0, 0, 0, 0
35.001761, 5.000008, 0, 0, 0, 0, 0, 0, 0, 0, 0
40.001705, 4.999944, 0, 0, 0, 0, 0, 0, 0, 0, 0
45.001763, 5.000058, 7, 1111, 12592211.6, 128263, 35032850, 35032850, 35032850, 35032850, 0
50.001719, 4.999956, 0, 0, 0, 0, 0, 0, 0, 0, 0
55.001763, 5.000044, 0, 0, 0, 0, 0, 0, 0, 0, 0
60.001638, 4.999875, 7, 1065, 16132052.6, 1392, 49758033, 49758033, 49758033, 49758033, 0
65.001707, 5.000069, 0, 0, 0, 0, 0, 0, 0, 0, 0
70.001787, 5.00008, 0, 0, 0, 0, 0, 0, 0, 0, 0
75.001718, 4.999931, 0, 0, 0, 0, 0, 0, 0, 0, 0
80.001719, 5.000001, 5, 1083, 13250347.4, 1337, 65975948, 65975948, 65975948, 65975948, 0
85.001808, 5.000089, 0, 0, 0, 0, 0, 0, 0, 0, 0
90.001814, 5.000006, 0, 0, 0, 0, 0, 0, 0, 0, 0
95.001756, 4.999942, 0, 0, 0, 0, 0, 0, 0, 0, 0
100.001817, 5.000061, 0, 0, 0, 0, 0, 0, 0, 0, 0
105.001757, 4.99994, 0, 0, 0, 0, 0, 0, 0, 0, 0
110.001759, 5.000002, 0, 0, 0, 0, 0, 0, 0, 0, 0
112.792794, 2.791035, 0, 0, 0, 0, 0, 0, 0, 0, 21
