elapsed, window, n, min, mean, median, 95th, 99th, 99_9th, max, errors
5.001251, 5.001251, 44099, 4, 11.8, 10, 21, 29, 44, 154, 0
10.000456, 4.999205, 44080, 5, 11.9, 10, 21, 29, 46, 79, 0
15.001559, 5.001103, 44175, 5, 12.0, 11, 21, 30, 48, 118, 0
20.001471, 4.999912, 44204, 5, 11.9, 11, 21, 30, 50, 103, 0
25.001456, 4.999985, 44179, 5, 12.0, 11, 21, 30, 46, 93, 0
30.001455, 4.999999, 44170, 5, 12.0, 11, 21, 31, 47, 150, 0
35.001495, 5.00004, 44158, 5, 12.0, 11, 21, 30, 46, 94, 0
40.001451, 4.999956, 44204, 5, 12.0, 11, 21, 30, 46, 165, 0
45.001459, 5.000008, 44190, 5, 12.0, 11, 21, 31, 47, 86, 0
50.001455, 4.999996, 44190, 5, 12.0, 11, 21, 30, 48, 102, 0
55.00145, 4.999995, 44174, 5, 12.0, 11, 21, 31, 48, 99, 0
60.001453, 5.000003, 44136, 4, 12.0, 11, 21, 30, 47, 100, 0
65.001454, 5.000001, 44173, 5, 12.0, 11, 21, 30, 50, 91, 0
70.001453, 4.999999, 44192, 5, 12.0, 11, 21, 30, 49, 110, 0
75.001471, 5.000018, 44205, 5, 12.0, 11, 21, 30, 51, 91, 0
80.001455, 4.999984, 44127, 5, 12.0, 11, 21, 30, 52, 149, 0
85.00145, 4.999995, 44169, 5, 12.0, 11, 21, 31, 48, 108, 0
90.001456, 5.000006, 44160, 5, 12.0, 11, 21, 31, 54, 99, 0
95.001458, 5.000002, 44219, 5, 12.0, 11, 21, 30, 50, 110, 0
100.001453, 4.999995, 44237, 5, 12.0, 11, 21, 30, 50, 105, 0
105.001474, 5.000021, 44167, 5, 12.0, 11, 21, 30, 50, 504, 0
110.00146, 4.999986, 44164, 5, 12.0, 11, 21, 30, 51, 504, 0
115.001455, 4.999995, 44215, 5, 12.0, 11, 21, 31, 49, 88, 0
120.001466, 5.000011, 44169, 5, 12.0, 11, 21, 30, 48, 249, 0
121.003516, 1.00205, 8859, 5, 12.0, 11, 21, 30, 49, 249, 0
