elapsed, window, total, successful, failed
5.001122, 5.001122, 8319, 8319, 0
10.001238, 5.000116, 8362, 8362, 0
15.001106, 4.999868, 8349, 8349, 0
20.001101, 4.999995, 8398, 8398, 0
25.001176, 5.000075, 8462, 8462, 0
30.001125, 4.999949, 8463, 8463, 0
35.001095, 4.99997, 8543, 8543, 0
40.001087, 4.999992, 8551, 8551, 0
45.001135, 5.000048, 8649, 8649, 0
50.001207, 5.000072, 8609, 8609, 0
55.001097, 4.99989, 8574, 8574, 0
60.001184, 5.000087, 8639, 8639, 0
65.001138, 4.999954, 8694, 8694, 0
70.001134, 4.999996, 8589, 8589, 0
75.001102, 4.999968, 8656, 8656, 0
80.001238, 5.000136, 8647, 8647, 0
85.001193, 4.999955, 8637, 8637, 0
90.0011, 4.999907, 8663, 8663, 0
95.001154, 5.000054, 8630, 8630, 0
100.001124, 4.99997, 8650, 8650, 0
105.001175, 5.000051, 8573, 8573, 0
110.001114, 4.999939, 8522, 8522, 0
115.001193, 5.000079, 8550, 8550, 0
120.001198, 5.000005, 8484, 8484, 0
125.00122, 5.000022, 8507, 8507, 0
130.00112, 4.9999, 8526, 8526, 0
135.001149, 5.000029, 8542, 8542, 0
140.001095, 4.999946, 8525, 8525, 0
145.001171, 5.000076, 8589, 8589, 0
150.001185, 5.000014, 8562, 8562, 0
155.001131, 4.999946, 8504, 8504, 0
160.001194, 5.000063, 8512, 8512, 0
165.001146, 4.999952, 8508, 8508, 0
170.00109, 4.999944, 8577, 8577, 0
175.001166, 5.000076, 8493, 8493, 0
180.001092, 4.999926, 8519, 8519, 0
181.005269, 1.004177, 1708, 1708, 0
