elapsed, window, n, min, mean, median, 95th, 99th, 99_9th, max, errors
5.000583, 5.000583, 6718, 1077, 32054.8, 5160, 116600, 141123, 167045, 179989, 0
10.001467, 5.000884, 5676, 1051, 40675.8, 5394, 133867, 286183, 478764, 529852, 0
15.001476, 5.000009, 6746, 1101, 32780.5, 5047, 115355, 139108, 162933, 197480, 0
20.001483, 5.000007, 6876, 1109, 31798.4, 5083, 113278, 133387, 158291, 174663, 0
25.001465, 4.999982, 6568, 1070, 32835.2, 5341, 114428, 136861, 156650, 172870, 0
30.001486, 5.000021, 6688, 1065, 32433.7, 5441, 114513, 140636, 161099, 168916, 0
35.001519, 5.000033, 6843, 1087, 31822.3, 4996, 111724, 134617, 175321, 209048, 0
40.001438, 4.999919, 6721, 1120, 32640.6, 5148, 116524, 136898, 160498, 187123, 0
45.00149, 5.000052, 6955, 1061, 31918.0, 4887, 112340, 144146, 180410, 193518, 0
50.001491, 5.000001, 6778, 1061, 32517.7, 5202, 114561, 144636, 172910, 182787, 0
55.00155, 5.000059, 6304, 1105, 36319.5, 4987, 127129, 207332, 369506, 409794, 0
60.001479, 4.999929, 6425, 1114, 35690.1, 4526, 126479, 168298, 274405, 385301, 0
65.001533, 5.000054, 6705, 1097, 31751.7, 5049, 112840, 134172, 160014, 177617, 0
70.001545, 5.000012, 6131, 1092, 37151.8, 5491, 126150, 246949, 470264, 594664, 0
75.001436, 4.999891, 6094, 1092, 39697.7, 5768, 131448, 276690, 471072, 518878, 0
80.001496, 5.00006, 6240, 1071, 38203.0, 5292, 130872, 260601, 447756, 553117, 0
85.00146, 4.999964, 6486, 1060, 33825.7, 5371, 116696, 139424, 166545, 193449, 0
90.001461, 5.000001, 6768, 1080, 32658.6, 5225, 114481, 139054, 170009, 188649, 0
95.001461, 5.0, 6817, 1075, 32052.7, 5021, 114276, 134032, 154229, 165913, 0
100.001491, 5.00003, 6867, 1073, 31990.4, 5047, 115206, 141096, 164823, 185157, 0
105.001457, 4.999966, 6821, 1102, 31752.1, 4858, 115512, 138219, 163908, 184666, 0
110.001518, 5.000061, 6593, 1116, 32926.1, 5263, 114950, 138828, 159959, 181041, 0
115.001557, 5.000039, 6849, 1095, 32594.6, 5190, 113260, 135646, 164926, 172143, 0
120.001474, 4.999917, 6918, 1095, 32508.2, 5073, 114569, 138153, 159853, 175685, 0
121.009676, 1.008202, 1359, 1061, 32395.1, 3783, 111170, 134311, 158813, 175685, 0
