elapsed, window, total, successful, failed
5.001406, 5.001406, 4021, 4021, 0
10.001309, 4.999903, 3981, 3981, 0
15.001396, 5.000087, 3961, 3961, 0
20.001309, 4.999913, 3899, 3899, 0
25.001414, 5.000105, 3893, 3891, 2
30.0014, 4.999986, 3921, 3921, 0
35.001447, 5.000047, 3929, 3929, 0
40.001399, 4.999952, 3925, 3925, 0
45.001418, 5.000019, 3900, 3898, 2
50.001408, 4.99999, 3909, 3909, 0
55.001362, 4.999954, 3916, 3915, 1
60.001405, 5.000043, 3912, 3912, 0
65.001443, 5.000038, 3912, 3912, 0
70.001354, 4.999911, 3907, 3907, 0
75.001404, 5.00005, 3902, 3902, 0
80.001379, 4.999975, 3933, 3932, 1
85.001398, 5.000019, 3919, 3918, 1
90.001402, 5.000004, 3906, 3905, 1
95.001417, 5.000015, 3909, 3909, 0
100.001372, 4.999955, 3924, 3922, 2
105.000382, 4.99901, 3902, 3902, 0
110.001406, 5.001024, 3924, 3924, 0
115.001284, 4.999878, 3926, 3926, 0
120.00136, 5.000076, 3897, 3897, 0
125.001314, 4.999954, 3911, 3911, 0
130.001357, 5.000043, 3913, 3912, 1
135.001449, 5.000092, 3929, 3929, 0
140.001421, 4.999972, 3903, 3901, 2
145.001351, 4.99993, 3923, 3922, 1
150.001355, 5.000004, 3912, 3912, 0
155.00141, 5.000055, 3915, 3915, 0
160.001433, 5.000023, 3918, 3918, 0
165.001282, 4.999849, 3920, 3920, 0
170.001346, 5.000064, 3904, 3904, 0
175.001409, 5.000063, 3929, 3929, 0
180.001427, 5.000018, 3903, 3903, 0
181.062554, 1.061127, 839, 839, 0
