elapsed, window, total, successful, failed
5.000694, 5.000694, 68293, 68293, 0
10.00171, 5.001016, 69314, 69314, 0
15.001757, 5.000047, 68522, 68522, 0
20.001749, 4.999992, 69003, 69003, 0
25.001739, 4.99999, 67929, 67929, 0
30.001721, 4.999982, 68677, 68677, 0
35.001709, 4.999988, 69176, 69176, 0
40.001695, 4.999986, 68861, 68861, 0
45.001844, 5.000149, 68292, 68292, 0
50.001708, 4.999864, 68445, 68445, 0
55.001728, 5.00002, 68262, 68262, 0
60.001672, 4.999944, 68146, 68146, 0
65.001694, 5.000022, 68782, 68782, 0
70.001736, 5.000042, 69305, 69305, 0
75.001724, 4.999988, 68845, 68845, 0
80.001697, 4.999973, 68658, 68658, 0
85.001724, 5.000027, 68755, 68755, 0
90.001724, 5.0, 68670, 68670, 0
95.001725, 5.000001, 69426, 69426, 0
100.001718, 4.999993, 69203, 69203, 0
105.001733, 5.000015, 69436, 69436, 0
110.001707, 4.999974, 68866, 68866, 0
115.001721, 5.000014, 68763, 68763, 0
120.001697, 4.999976, 69158, 69158, 0
121.008383, 1.006686, 13826, 13826, 0
