elapsed, window, total, successful, failed
5.00061, 5.00061, 56832, 56832, 0
10.001564, 5.000954, 56278, 56278, 0
15.001458, 4.999894, 55917, 55917, 0
20.001465, 5.000007, 55586, 55586, 0
25.001476, 5.000011, 55300, 55300, 0
30.001527, 5.000051, 56260, 56260, 0
35.001486, 4.999959, 55697, 55697, 0
40.001588, 5.000102, 55787, 55787, 0
45.001666, 5.000078, 55463, 55463, 0
50.001438, 4.999772, 55441, 55441, 0
55.001462, 5.000024, 55485, 55485, 0
60.001439, 4.999977, 55500, 55500, 0
65.001454, 5.000015, 55399, 55399, 0
70.001498, 5.000044, 55253, 55253, 0
75.001542, 5.000044, 55818, 55818, 0
80.001582, 5.00004, 54611, 54611, 0
85.001456, 4.999874, 55402, 55402, 0
90.001612, 5.000156, 55050, 55050, 0
95.001531, 4.999919, 54420, 54420, 0
100.001548, 5.000017, 54826, 54826, 0
105.00144, 4.999892, 54688, 54688, 0
110.001446, 5.000006, 55319, 55319, 0
115.001456, 5.00001, 55236, 55236, 0
120.001453, 4.999997, 54914, 54914, 0
121.003624, 1.002171, 10825, 10825, 0
