elapsed, window, n, min, mean, median, 95th, 99th, 99_9th, max, errors
5.000356, 5.000356, 37891, 85, 1707.2, 297, 7300, 11061, 16119, 39301, 0
10.001072, 5.000716, 38022, 87, 1706.1, 292, 7234, 11118, 15875, 21183, 0
15.001054, 4.999982, 38153, 87, 1663.0, 273, 7225, 10919, 15397, 20063, 0
20.001054, 5.0, 38062, 87, 1687.0, 280, 7238, 10969, 15441, 25327, 0
25.001078, 5.000024, 38111, 85, 1679.1, 285, 7208, 10864, 15446, 21555, 0
30.001096, 5.000018, 38183, 87, 1663.1, 276, 7107, 10785, 15133, 20646, 0
35.001051, 4.999955, 38089, 87, 1674.7, 283, 7111, 10746, 15631, 20646, 0
40.001105, 5.000054, 38165, 87, 1676.6, 280, 7157, 10817, 15647, 22129, 0
45.001053, 4.999948, 38117, 89, 1671.8, 277, 7099, 10924, 15410, 22476, 0
50.001057, 5.000004, 38130, 86, 1675.1, 279, 7126, 10550, 15117, 20716, 0
55.001074, 5.000017, 38039, 88, 1682.1, 283, 7150, 10626, 15091, 21806, 0
60.001053, 4.999979, 38126, 86, 1638.2, 274, 6949, 10553, 14778, 21336, 0
65.001139, 5.000086, 38005, 89, 1671.6, 272, 7127, 10761, 15371, 19534, 0
70.001061, 4.999922, 38040, 86, 1663.6, 267, 7167, 10785, 15550, 21289, 0
75.001099, 5.000038, 38042, 85, 1662.3, 270, 7104, 10911, 15269, 18436, 0
80.001053, 4.999954, 37931, 83, 1683.5, 272, 7162, 11004, 15125, 21809, 0
85.001051, 4.999998, 37994, 83, 1674.4, 271, 7174, 10969, 15454, 22534, 0
90.001097, 5.000046, 37989, 83, 1651.4, 264, 7059, 10743, 15731, 23196, 0
95.001062, 4.999965, 38007, 86, 1626.7, 250, 7012, 10664, 14949, 20634, 0
100.001108, 5.000046, 38024, 86, 1646.3, 267, 7021, 10571, 15191, 22186, 0
105.001437, 5.000329, 37992, 86, 1667.6, 260, 7163, 10828, 16028, 22190, 0
110.001086, 4.999649, 37947, 86, 1651.0, 257, 6995, 10818, 15276, 21679, 0
115.001056, 4.99997, 38057, 87, 1638.0, 260, 6988, 10700, 15457, 22312, 0
120.001185, 5.000129, 37877, 88, 1684.3, 283, 7162, 10806, 15717, 25122, 0
121.00547, 1.004285, 7573, 88, 1685.6, 286, 7151, 10862, 15688, 25122, 0
