elapsed, window, total, successful, failed
5.001018, 5.001018, 499, 499, 0
10.00205, 5.001032, 478, 478, 0
15.00103, 4.99898, 483, 483, 0
20.001027, 4.999997, 475, 475, 0
25.001036, 5.000009, 483, 483, 0
30.001076, 5.00004, 480, 480, 0
35.001076, 5.0, 480, 480, 0
40.001032, 4.999956, 482, 482, 0
45.000984, 4.999952, 484, 484, 0
50.002051, 5.001067, 472, 471, 1
55.001073, 4.999022, 476, 476, 0
60.001031, 4.999958, 481, 481, 0
65.001077, 5.000046, 483, 483, 0
70.001072, 4.999995, 471, 470, 1
75.000918, 4.999846, 478, 478, 0
80.00203, 5.001112, 479, 479, 0
85.002045, 5.000015, 487, 487, 0
90.00098, 4.998935, 477, 477, 0
95.002034, 5.001054, 479, 479, 0
100.001039, 4.999005, 482, 481, 1
105.002014, 5.000975, 482, 482, 0
110.001978, 4.999964, 471, 471, 0
115.001984, 5.000006, 484, 484, 0
120.002022, 5.000038, 481, 481, 0
125.002032, 5.00001, 489, 489, 0
130.002032, 5.0, 482, 482, 0
135.002009, 4.999977, 479, 479, 0
140.002053, 5.000044, 483, 483, 0
145.001025, 4.998972, 483, 483, 0
150.001958, 5.000933, 492, 492, 0
155.001981, 5.000023, 480, 480, 0
160.001984, 5.000003, 477, 477, 0
165.002032, 5.000048, 474, 474, 0
170.002003, 4.999971, 478, 478, 0
175.00198, 4.999977, 480, 480, 0
180.002028, 5.000048, 484, 483, 1
181.003193, 1.001165, 95, 95, 0
