elapsed, window, n, min, mean, median, 95th, 99th, 99_9th, max, errors
5.000406, 5.000406, 139048, 461, 8168.5, 5347, 20341, 66299, 151475, 230019, 0
10.00143, 5.001024, 137257, 483, 8087.7, 5359, 20832, 60158, 134341, 274638, 0
15.001447, 5.000017, 134710, 489, 8215.5, 5328, 19876, 68350, 176287, 288375, 0
20.001402, 4.999955, 131993, 448, 8378.0, 5366, 20891, 72015, 152105, 375235, 0
25.001438, 5.000036, 136104, 472, 8149.3, 5342, 19556, 70001, 150515, 287045, 0
30.001401, 4.999963, 136839, 459, 8083.2, 5344, 19414, 67996, 141563, 242169, 0
35.001396, 4.999995, 134916, 479, 8223.7, 5256, 20625, 70525, 156781, 314456, 0
40.00142, 5.000024, 135218, 462, 8214.7, 5404, 20038, 66302, 160957, 294628, 0
45.001633, 5.000213, 134972, 491, 8151.0, 5368, 19774, 68865, 141188, 265336, 0
50.001419, 4.999786, 137782, 493, 8086.6, 5453, 19512, 60697, 144906, 339083, 0
55.00141, 4.999991, 135763, 495, 8131.8, 5362, 19830, 65361, 151375, 295399, 0
60.001596, 5.000186, 133630, 504, 8271.2, 5558, 20295, 65394, 144141, 255288, 0
65.001386, 4.99979, 132158, 484, 8375.2, 5508, 19996, 64940, 173078, 443097, 0
70.001399, 5.000013, 133986, 471, 8227.5, 5363, 19997, 66710, 157526, 282761, 0
75.001421, 5.000022, 130750, 500, 8381.9, 5604, 20575, 65526, 149743, 376001, 0
80.001413, 4.999992, 135097, 490, 8167.9, 5430, 19607, 63650, 143503, 409866, 0
85.001392, 4.999979, 132206, 489, 8436.9, 5613, 20038, 67029, 168493, 342830, 0
90.001407, 5.000015, 133959, 489, 8232.1, 5471, 20048, 67694, 142947, 259266, 0
95.001492, 5.000085, 131389, 473, 8406.1, 5505, 20406, 67951, 168325, 323295, 0
100.001388, 4.999896, 134014, 458, 8295.3, 5486, 20031, 67293, 158185, 248215, 0
105.001419, 5.000031, 130549, 484, 8495.7, 5667, 20244, 67938, 175011, 286920, 0
110.00141, 4.999991, 133023, 458, 8309.9, 5502, 20595, 64366, 166389, 322572, 0
115.00139, 4.99998, 128817, 487, 8576.5, 5668, 20946, 68985, 156265, 258505, 0
120.00141, 5.00002, 131877, 477, 8418.9, 5619, 19401, 69605, 169792, 293434, 0
121.004471, 1.003061, 25247, 477, 8467.9, 5653, 19629, 68508, 177098, 293434, 0
