elapsed, window, n, min, mean, median, 95th, 99th, 99_9th, max, errors
5.000619, 5.000619, 245, 1397, 42214.5, 8068, 101768, 103555, 108055, 108055, 0
10.001668, 5.001049, 245, 1413, 47438.4, 9197, 102959, 149115, 158539, 158539, 0
15.001736, 5.000068, 215, 1445, 42308.3, 5961, 101343, 105140, 113099, 113099, 0
20.001718, 4.999982, 249, 1355, 47152.5, 9331, 101379, 103506, 105297, 105297, 0
25.001714, 4.999996, 231, 1368, 49636.2, 19950, 101607, 103292, 105141, 105141, 0
30.001705, 4.999991, 225, 1338, 48754.7, 16989, 101486, 103305, 104546, 104546, 0
35.001703, 4.999998, 243, 1349, 46276.6, 7439, 102425, 117050, 121507, 121507, 0
40.001674, 4.999971, 236, 1420, 42760.7, 6768, 101228, 110469, 148171, 148171, 0
45.001714, 5.00004, 281, 1482, 42753.8, 5050, 101499, 103248, 138952, 138952, 0
50.001726, 5.000012, 253, 1501, 41612.5, 6681, 101827, 106880, 128924, 128924, 0
55.001749, 5.000023, 261, 1424, 41326.4, 2280, 101387, 103168, 107176, 107176, 0
60.001627, 4.999878, 236, 1464, 45015.5, 6911, 101448, 103544, 121340, 121340, 0
65.001726, 5.000099, 231, 1454, 47688.6, 15641, 103618, 160197, 220302, 220302, 0
70.001647, 4.999921, 226, 1348, 45633.6, 6995, 103618, 154757, 157284, 157284, 0
75.001756, 5.000109, 255, 1363, 47642.2, 8988, 104919, 154341, 157284, 157284, 0
80.001709, 4.999953, 239, 1392, 41228.9, 4828, 101517, 103039, 103479, 103479, 0
85.001752, 5.000043, 235, 1408, 47228.8, 13290, 102408, 103862, 191120, 191120, 0
90.001613, 4.999861, 247, 1405, 40220.5, 3286, 101939, 103448, 111397, 111397, 0
95.001732, 5.000119, 245, 1387, 38078.8, 2504, 101420, 103263, 105645, 105645, 0
100.001698, 4.999966, 237, 1358, 43402.2, 5028, 102809, 114606, 189475, 189475, 0
105.001671, 4.999973, 264, 1334, 45439.0, 7427, 101527, 105291, 135311, 135311, 0
110.001761, 5.00009, 228, 1343, 43185.0, 5272, 101195, 103476, 126959, 126959, 0
115.001719, 4.999958, 223, 1388, 43146.0, 3451, 101498, 115631, 202347, 202347, 0
120.001723, 5.000004, 261, 1413, 41249.3, 5264, 101477, 103456, 117248, 117248, 0
121.003881, 1.002158, 40, 1447, 42027.1, 5668, 101473, 103409, 117248, 117248, 0
