elapsed, window, n, min, mean, median, 95th, 99th, 99_9th, max, errors
5.00021, 5.00021, 30453, 20488, 23135.6, 21611, 31799, 48365, 80395, 90306, 0
10.001215, 5.001005, 32494, 20485, 21592.4, 21359, 23262, 24698, 27955, 34122, 0
15.001244, 5.000029, 31503, 20495, 22128.4, 21397, 23495, 27416, 106479, 113930, 0
20.001258, 5.000014, 32367, 20500, 21577.5, 21383, 23143, 24270, 25669, 27378, 0
25.001219, 4.999961, 32434, 20490, 21566.0, 21344, 23164, 24478, 26224, 29359, 1
30.001223, 5.000004, 32526, 20498, 21561.1, 21351, 23131, 24450, 26140, 27887, 0
35.001216, 4.999993, 32442, 20472, 21591.5, 21351, 23255, 24948, 27648, 30131, 0
40.001216, 5.0, 32405, 20491, 21605.4, 21375, 23247, 24888, 28074, 31091, 0
45.001436, 5.00022, 32334, 20491, 21597.7, 21358, 23254, 24965, 28096, 31776, 0
50.001213, 4.999777, 32362, 20483, 21673.5, 21400, 23484, 25486, 32830, 37777, 0
55.001213, 5.0, 32463, 20501, 21595.6, 21363, 23305, 24606, 26091, 30125, 0
60.00122, 5.000007, 32559, 20495, 21563.6, 21333, 23191, 24777, 27178, 30683, 0
65.001212, 4.999992, 32392, 20504, 21589.4, 21371, 23219, 24500, 26182, 29336, 0
70.001215, 5.000003, 32486, 20480, 21582.1, 21371, 23173, 24487, 26691, 33239, 0
75.001213, 4.999998, 32378, 20494, 21563.1, 21345, 23155, 24461, 26449, 28361, 0
80.001306, 5.000093, 32487, 20499, 21643.9, 21412, 23337, 24919, 27826, 31416, 0
85.001214, 4.999908, 32405, 20473, 21578.0, 21364, 23199, 24488, 26227, 29147, 0
90.001292, 5.000078, 32372, 20496, 21627.8, 21376, 23404, 25116, 27125, 30280, 0
95.001227, 4.999935, 32570, 20490, 21612.3, 21373, 23320, 24780, 26827, 30284, 0
100.001244, 5.000017, 32507, 20499, 21496.0, 21301, 22925, 23907, 25711, 28341, 0
105.001215, 4.999971, 32444, 20477, 21655.2, 21412, 23393, 25078, 27985, 31643, 0
110.001221, 5.000006, 32204, 20484, 21642.4, 21358, 23307, 25599, 36606, 41848, 0
115.001224, 5.000003, 32236, 20487, 21696.0, 21330, 23483, 27594, 42773, 48469, 0
120.001215, 4.999991, 32502, 20497, 21577.0, 21344, 23233, 24759, 26851, 28425, 0
121.004325, 1.00311, 6431, 20479, 21573.8, 21335, 23187, 24849, 29140, 32927, 0
