elapsed, window, total, successful, failed
5.000483, 5.000483, 913, 912, 1
10.001423, 5.00094, 634, 634, 0
15.001461, 5.000038, 528, 527, 1
20.001472, 5.000011, 487, 486, 1
25.001479, 5.000007, 438, 436, 2
30.001465, 4.999986, 450, 450, 0
35.001449, 4.999984, 394, 392, 2
40.001487, 5.000038, 356, 356, 0
45.001417, 4.99993, 400, 399, 1
50.001433, 5.000016, 432, 430, 2
55.001468, 5.000035, 407, 405, 2
60.001418, 4.99995, 403, 402, 1
65.001421, 5.000003, 371, 370, 1
70.001434, 5.000013, 387, 387, 0
75.001467, 5.000033, 334, 334, 0
80.00144, 4.999973, 313, 313, 0
85.0015, 5.00006, 339, 339, 0
90.001466, 4.999966, 344, 342, 2
95.001418, 4.999952, 351, 351, 0
100.001424, 5.000006, 361, 359, 2
105.001481, 5.000057, 350, 348, 2
110.001506, 5.000025, 376, 375, 1
115.00142, 4.999914, 373, 371, 2
120.001415, 4.999995, 324, 323, 1
125.001501, 5.000086, 342, 342, 0
130.001465, 4.999964, 334, 333, 1
135.001474, 5.000009, 334, 332, 2
140.001458, 4.999984, 371, 370, 1
145.001439, 4.999981, 362, 361, 1
150.001475, 5.000036, 365, 365, 0
155.001418, 4.999943, 366, 364, 2
160.001482, 5.000064, 347, 347, 0
165.001417, 4.999935, 347, 346, 1
170.00142, 5.000003, 353, 352, 1
175.001459, 5.000039, 328, 328, 0
180.001431, 4.999972, 359, 357, 2
181.003623, 1.002192, 52, 52, 0
