elapsed, window, n, min, mean, median, 95th, 99th, 99_9th, max, errors
5.000895, 5.000895, 8486, 1528, 3805.2, 2689, 10723, 14243, 20180, 35154, 0
10.001713, 5.000818, 7691, 1469, 4232.7, 2666, 10685, 14683, 286158, 406584, 0
15.001865, 5.000152, 7420, 1536, 3890.8, 2673, 11013, 14318, 19673, 390739, 0
20.001723, 4.999858, 7374, 1412, 4013.0, 2623, 10474, 14264, 70396, 469804, 0
25.001698, 4.999975, 6512, 1412, 4485.7, 2627, 10502, 14183, 406739, 466829, 0
30.001697, 4.999999, 6791, 1495, 4341.3, 2643, 10779, 14359, 417276, 502376, 0
35.00181, 5.000113, 7207, 1426, 3804.9, 2618, 10460, 13813, 17190, 475846, 0
40.001703, 4.999893, 7369, 1369, 4500.3, 2596, 10496, 14420, 458104, 490400, 0
45.001799, 5.000096, 3814, 1499, 7651.2, 2580, 10469, 14199, 1366232, 1505866, 0
50.001775, 4.999976, 3838, 1451, 5651.7, 2584, 10359, 13718, 1336758, 1474850, 0
55.001841, 5.000066, 6159, 1504, 4522.7, 2581, 10537, 13890, 22679, 1471259, 0
60.001786, 4.999945, 5678, 1419, 4478.8, 2619, 10429, 13712, 19765, 1323530, 0
65.001738, 4.999952, 6714, 1419, 4591.3, 2604, 10549, 13707, 17866, 1352480, 0
70.001878, 5.00014, 5171, 1433, 4468.5, 2553, 10353, 13630, 18279, 1427507, 0
75.00173, 4.999852, 7222, 1433, 4950.6, 2576, 10305, 14010, 19923, 1446469, 0
80.00186, 5.00013, 6471, 1549, 3745.9, 2632, 10506, 13951, 16848, 19397, 0
85.001691, 4.999831, 5903, 1523, 6217.5, 2642, 10560, 13816, 1318381, 1384848, 0
90.001727, 5.000036, 8503, 1555, 3693.8, 2634, 10379, 13416, 16191, 18861, 0
95.00177, 5.000043, 5965, 1533, 4523.0, 2637, 10499, 13530, 19172, 1460623, 0
100.00173, 4.99996, 6187, 1476, 4812.4, 2639, 10423, 14046, 21166, 1409364, 0
105.001777, 5.000047, 5937, 1445, 4804.6, 2670, 10498, 13774, 20622, 1502111, 0
110.00171, 4.999933, 6202, 1439, 5051.0, 2582, 10510, 13883, 30337, 1429009, 0
115.001895, 5.000185, 7726, 1505, 4833.9, 2584, 10588, 13686, 17310, 1429009, 0
120.001837, 4.999942, 6908, 1505, 4682.5, 2609, 10315, 13396, 24336, 1472518, 0
121.004186, 1.002349, 1707, 1495, 4494.0, 2586, 10234, 13424, 19858, 1472518, 0
