elapsed, window, n, min, mean, median, 95th, 99th, 99_9th, max, errors
5.000487, 5.000487, 0, 0, 0, 0, 0, 0, 0, 0, 0
10.001607, 5.00112, 464, 716, 1017.4, 961, 1399, 1789, 2466, 2466, 0
15.001567, 4.99996, 1602, 599, 1020.6, 955, 1513, 1859, 2663, 5456, 0
20.001528, 4.999961, 866, 685, 1156.2, 1059, 1849, 2631, 3912, 5456, 0
25.00148, 4.999952, 927, 685, 3406.3, 1374, 14881, 26831, 43497, 44935, 0
30.001474, 4.999994, 858, 704, 7600.4, 3557, 27135, 69366, 106586, 114566, 0
35.001552, 5.000078, 823, 794, 20201.4, 4651, 100885, 210646, 340834, 356876, 0
40.001472, 4.99992, 856, 748, 24525.2, 4955, 139109, 200217, 290275, 323860, 0
45.001532, 5.00006, 718, 739, 22239.6, 6574, 75136, 174002, 1644677, 2574077, 0
50.001625, 5.000093, 782, 852, 16563.0, 7966, 61305, 120869, 144368, 151323, 0
55.001516, 4.999891, 711, 949, 13126.2, 8214, 42532, 65652, 100212, 102195, 0
60.001554, 5.000038, 608, 913, 32843.7, 8096, 116343, 188690, 1361125, 3070416, 0
65.001555, 5.000001, 571, 983, 89923.1, 10519, 316834, 1193727, 2169602, 3171743, 0
70.001591, 5.000036, 542, 961, 417823.1, 8147, 2509425, 2695551, 3230248, 3246859, 0
75.00147, 4.999879, 548, 1035, 528487.2, 7388, 3027791, 3468337, 4697561, 4714035, 0
80.001524, 5.000054, 413, 1035, 741820.4, 7099, 4069341, 5132778, 7914581, 7914581, 0
82.096886, 2.095362, 174, 1269, 943531.8, 8484, 4987457, 5376027, 7914581, 7914581, 1
