elapsed, window, n, min, mean, median, 95th, 99th, 99_9th, max, errors
5.000218, 5.000218, 62441, 1.0, 3.8, 3.0, 10.0, 19.0, 36.0, 68.0, 0
10.001362, 5.001144, 63140, 1.0, 3.7, 3.0, 9.0, 18.0, 35.0, 149.0, 0
15.001212, 4.99985, 63039, 1.0, 3.8, 3.0, 9.0, 18.0, 35.0, 4861.0, 0
20.001601, 5.000389, 62748, 1.0, 3.7, 3.0, 10.0, 18.0, 35.0, 130.0, 0
25.001276, 4.999675, 62943, 1.0, 3.7, 3.0, 9.0, 18.0, 35.0, 130.0, 0
30.001216, 4.99994, 62981, 1.0, 3.7, 3.0, 9.0, 18.0, 33.0, 69.0, 0
35.001282, 5.000066, 62812, 1.0, 3.7, 3.0, 9.0, 18.0, 35.0, 83.0, 0
40.001248, 4.999966, 63160, 1.0, 3.7, 3.0, 9.0, 18.0, 35.0, 184.0, 0
45.001214, 4.999966, 62921, 1.0, 3.7, 3.0, 9.0, 18.0, 34.0, 77.0, 0
50.001265, 5.000051, 63121, 1.0, 3.7, 3.0, 10.0, 18.0, 35.0, 121.0, 0
55.001217, 4.999952, 62933, 1.0, 3.7, 3.0, 9.0, 18.0, 34.0, 85.0, 0
60.001227, 5.00001, 62664, 1.0, 3.7, 3.0, 9.0, 18.0, 35.0, 149.0, 0
65.001212, 4.999985, 62871, 1.0, 3.7, 3.0, 9.0, 18.0, 34.0, 149.0, 0
70.001218, 5.000006, 62950, 1.0, 3.8, 3.0, 9.0, 19.0, 34.0, 85.0, 0
75.001222, 5.000004, 63194, 1.0, 3.7, 3.0, 9.0, 18.0, 36.0, 103.0, 0
80.001219, 4.999997, 63315, 1.0, 3.7, 3.0, 9.0, 18.0, 34.0, 103.0, 0
85.001218, 4.999999, 63316, 1.0, 3.8, 3.0, 9.0, 19.0, 35.0, 225.0, 0
90.001271, 5.000053, 63373, 1.0, 3.7, 3.0, 9.0, 19.0, 36.0, 73.0, 0
95.001226, 4.999955, 63459, 1.0, 3.8, 3.0, 10.0, 19.0, 36.0, 135.0, 0
100.001247, 5.000021, 63061, 1.0, 3.7, 3.0, 9.0, 18.0, 37.0, 106.0, 0
105.001231, 4.999984, 63617, 1.0, 3.8, 3.0, 10.0, 19.0, 35.0, 1297.0, 0
110.00125, 5.000019, 63423, 1.0, 3.8, 3.0, 10.0, 19.0, 36.0, 76.0, 0
115.001227, 4.999977, 63433, 1.0, 3.7, 3.0, 9.0, 18.0, 36.0, 199.0, 0
120.001269, 5.000042, 63456, 1.0, 3.7, 3.0, 9.0, 18.0, 34.0, 70.0, 0
121.007327, 1.006058, 12657, 1.0, 3.7, 3.0, 9.0, 18.0, 34.0, 75.0, 0
