elapsed, window, n, min, mean, median, 95th, 99th, 99_9th, max, errors
5.00106, 5.00106, 3268, 283, 2345.9, 401, 4199, 43909, 47567, 48231, 0
10.001034, 4.999974, 3256, 286, 2373.5, 396, 1376, 43894, 47442, 48231, 0
15.00101, 4.999976, 3203, 281, 2214.3, 389, 1202, 43509, 46848, 47331, 0
20.001053, 5.000043, 3184, 272, 2332.7, 387, 1217, 43980, 47573, 48080, 0
25.001064, 5.000011, 3076, 280, 2348.4, 387, 1129, 43706, 48035, 48270, 0
30.001092, 5.000028, 3231, 275, 2477.0, 384, 1224, 44063, 47933, 48755, 0
35.001063, 4.999971, 3335, 283, 2238.4, 388, 1172, 43536, 47692, 47862, 0
40.001065, 5.000002, 3227, 285, 2333.8, 382, 1227, 43760, 47850, 48078, 0
45.001222, 5.000157, 3240, 278, 2463.7, 380, 1485, 43917, 47059, 47917, 0
50.001038, 4.999816, 3254, 285, 2127.2, 379, 1115, 43888, 47337, 47916, 0
55.001041, 5.000003, 3231, 280, 2568.0, 380, 11866, 43994, 47880, 48375, 0
60.001064, 5.000023, 3330, 281, 2217.6, 379, 1167, 43793, 47877, 48008, 0
65.001008, 4.999944, 3140, 275, 2000.3, 379, 975, 43806, 46795, 48350, 0
70.002027, 5.001019, 3301, 276, 2178.1, 380, 1104, 43928, 47618, 48350, 0
75.001025, 4.998998, 3236, 277, 2258.7, 378, 1078, 44095, 47720, 48226, 0
80.001047, 5.000022, 3386, 281, 2278.5, 378, 1083, 44031, 47720, 48258, 0
85.001049, 5.000002, 3235, 261, 2509.3, 379, 1829, 44016, 47715, 48160, 0
90.001066, 5.000017, 3370, 261, 2235.9, 376, 955, 43924, 47799, 48204, 0
95.001012, 4.999946, 3346, 282, 2319.5, 378, 1116, 43714, 47871, 48331, 0
100.001062, 5.00005, 3145, 285, 2110.1, 379, 984, 43722, 46972, 47770, 0
105.001075, 5.000013, 3287, 265, 2287.4, 375, 1055, 43696, 47551, 48184, 0
110.001063, 4.999988, 3414, 282, 2245.2, 373, 993, 43877, 47362, 48077, 0
115.001063, 5.0, 3218, 282, 2225.6, 373, 962, 43567, 46706, 47837, 0
120.001063, 5.0, 3270, 282, 2328.0, 376, 1140, 43883, 47599, 47837, 0
121.008987, 1.007924, 672, 279, 2458.0, 376, 1339, 44003, 47277, 47684, 0
