elapsed, window, n, min, mean, median, 95th, 99th, 99_9th, max, errors
5.000397, 5.000397, 435, 1518, 335674.7, 149426, 823961, 894315, 940392, 940392, 0
10.001406, 5.001009, 24, 1542, 357790.5, 1713, 2445289, 2687606, 2687606, 2687606, 0
15.001419, 5.000013, 53, 1421, 231931.9, 1768, 2781, 6148811, 6278517, 6278517, 0
20.001444, 5.000025, 38, 1501, 1849.8, 1777, 2303, 2989, 2989, 2989, 0
25.001365, 4.999921, 73, 1368, 1813.6, 1783, 2332, 2701, 3380, 3380, 0
30.001405, 5.00004, 27, 1450, 1816.4, 1661, 2332, 5468, 5468, 5468, 0
35.001395, 4.99999, 65, 1407, 1758.8, 1709, 2202, 2621, 2775, 2775, 0
40.001428, 5.000033, 50, 1382, 1737.6, 1693, 2201, 2414, 2621, 2621, 0
45.001433, 5.000005, 48, 1378, 1754.7, 1710, 2271, 2409, 2415, 2415, 0
50.001358, 4.999925, 45, 1366, 1643.5, 1617, 1920, 1957, 1957, 1957, 0
55.00132, 4.999962, 45, 1469, 1641.4, 1599, 1909, 2353, 2353, 2353, 0
60.001401, 5.000081, 59, 1343, 1630.4, 1578, 1946, 1993, 2328, 2328, 0
65.001416, 5.000015, 39, 1376, 1652.0, 1582, 1982, 2688, 2688, 2688, 0
70.001393, 4.999977, 43, 1376, 1647.9, 1598, 1999, 2260, 2260, 2260, 0
75.001374, 4.999981, 40, 1416, 1635.5, 1593, 1966, 2070, 2070, 2070, 0
80.001401, 5.000027, 25, 1427, 1617.1, 1567, 1865, 1988, 1988, 1988, 0
85.001346, 4.999945, 21, 1443, 1755.6, 1667, 2398, 3316, 3316, 3316, 0
90.001346, 5.0, 29, 1354, 1605.9, 1562, 1783, 2398, 2398, 2398, 0
90.488977, 0.487631, 3, 1354, 1571.3, 1551, 1783, 1832, 1832, 1832, 0
