elapsed, window, n, min, mean, median, 95th, 99th, 99_9th, max, errors
5.000397, 5.000397, 0, 0, 0, 0, 0, 0, 0, 0, 0
10.001406, 5.001009, 32, 723, 909.7, 866, 1179, 1259, 1259, 1259, 0
15.001419, 5.000013, 61, 691, 919.3, 872, 1211, 1352, 1437, 1437, 0
20.001444, 5.000025, 145, 669, 949.4, 894, 1381, 1516, 1938, 1938, 0
25.001365, 4.999921, 213, 663, 923.3, 879, 1246, 1393, 1773, 1773, 0
30.001405, 5.00004, 139, 643, 890.2, 841, 1212, 1513, 2307, 2307, 0
35.001395, 4.99999, 216, 645, 948.8, 879, 1285, 2046, 2664, 2664, 0
40.001428, 5.000033, 206, 678, 903.6, 859, 1227, 1489, 1711, 1711, 0
45.001433, 5.000005, 166, 656, 881.0, 848, 1121, 1278, 1444, 1444, 0
50.001358, 4.999925, 218, 642, 866.9, 837, 1096, 1343, 1856, 1856, 0
55.00132, 4.999962, 188, 650, 860.0, 845, 1058, 1192, 1281, 1281, 0
60.001401, 5.000081, 245, 682, 870.9, 842, 1116, 1329, 1531, 1531, 0
65.001416, 5.000015, 162, 666, 862.8, 825, 1108, 1327, 1959, 1959, 0
70.001393, 4.999977, 177, 675, 860.6, 853, 1046, 1127, 1377, 1377, 0
75.001374, 4.999981, 147, 661, 850.7, 830, 1023, 1097, 1356, 1356, 0
80.001401, 5.000027, 136, 670, 842.0, 819, 1091, 1179, 1356, 1356, 0
85.001346, 4.999945, 120, 670, 850.8, 826, 1054, 1301, 1307, 1307, 0
90.001346, 5.0, 118, 658, 831.5, 818, 994, 1103, 1198, 1198, 0
90.488977, 0.487631, 21, 658, 836.0, 821, 1003, 1198, 1275, 1275, 1
