elapsed, window, total, successful, failed
5.000474, 5.000474, 75980, 75980, 0
10.001505, 5.001031, 76264, 76264, 0
15.001406, 4.999901, 76517, 76517, 0
20.001319, 4.999913, 76381, 76381, 0
25.001245, 4.999926, 76270, 76270, 0
30.001242, 4.999997, 76219, 76219, 0
35.001247, 5.000005, 76644, 76644, 0
40.001266, 5.000019, 76441, 76441, 0
45.001247, 4.999981, 76474, 76474, 0
50.001308, 5.000061, 76503, 76503, 0
55.00124, 4.999932, 76399, 76399, 0
60.001256, 5.000016, 76379, 76379, 0
65.001321, 5.000065, 76435, 76435, 0
70.001244, 4.999923, 76465, 76465, 0
75.001252, 5.000008, 76822, 76822, 0
80.001248, 4.999996, 76142, 76142, 0
85.001258, 5.00001, 76452, 76452, 0
90.001512, 5.000254, 76154, 76154, 0
95.00125, 4.999738, 76253, 76253, 0
100.001314, 5.000064, 76446, 76446, 0
105.001265, 4.999951, 76522, 76522, 0
110.001284, 5.000019, 76662, 76662, 0
115.001307, 5.000023, 76122, 76122, 0
120.001246, 4.999939, 76716, 76716, 0
121.007311, 1.006065, 15236, 15236, 0
