elapsed, window, n, min, mean, median, 95th, 99th, 99_9th, max, errors
5.000742, 5.000742, 114755, 386, 5522.5, 2541, 20466, 71483, 149216, 226832, 0
10.001789, 5.001047, 112227, 382, 5566.4, 2529, 24009, 66071, 123113, 195359, 0
15.001732, 4.999943, 110787, 376, 5617.0, 2541, 23499, 68319, 132696, 318216, 0
20.001738, 5.000006, 113699, 355, 5515.3, 2478, 21774, 72517, 140330, 267185, 0
25.001733, 4.999995, 113932, 360, 5485.8, 2467, 22527, 68019, 137131, 296370, 0
30.001766, 5.000033, 113265, 370, 5489.7, 2485, 22733, 66947, 138886, 309613, 0
35.001749, 4.999983, 112615, 372, 5547.7, 2504, 22712, 69977, 131321, 267758, 0
40.001742, 4.999993, 111676, 374, 5582.8, 2506, 22977, 68626, 133800, 247709, 0
45.001732, 4.99999, 111762, 374, 5571.4, 2519, 21716, 70453, 140378, 467095, 0
50.001728, 4.999996, 111891, 364, 5588.8, 2499, 22641, 70961, 138681, 262808, 0
55.001758, 5.00003, 111062, 357, 5614.9, 2505, 22790, 71455, 151251, 255906, 0
60.001765, 5.000007, 112301, 350, 5575.4, 2507, 22721, 71466, 138033, 261590, 0
65.001753, 4.999988, 109848, 369, 5671.6, 2541, 24277, 69335, 138056, 289274, 0
70.001726, 4.999973, 109573, 340, 5688.0, 2547, 24314, 70238, 132601, 231273, 0
75.001742, 5.000016, 111019, 382, 5628.1, 2528, 18876, 74081, 210176, 444278, 0
80.00177, 5.000028, 109171, 377, 5708.4, 2569, 21091, 75578, 159133, 329132, 0
85.001764, 4.999994, 108494, 372, 5743.3, 2569, 22329, 74651, 154662, 276492, 0
90.001723, 4.999959, 108207, 365, 5765.9, 2549, 22742, 73074, 166075, 429320, 0
95.001749, 5.000026, 108439, 357, 5734.9, 2492, 8883, 101898, 253219, 457333, 0
100.001753, 5.000004, 108789, 381, 5755.4, 2571, 21883, 74543, 170307, 415985, 0
105.001727, 4.999974, 106304, 362, 5882.8, 2588, 25278, 72668, 146173, 232397, 0
110.001733, 5.000006, 106169, 359, 5816.5, 2563, 16020, 86154, 226536, 390874, 0
115.001727, 4.999994, 108603, 368, 5755.1, 2512, 8083, 104550, 318275, 554810, 0
120.001724, 4.999997, 107477, 382, 5767.4, 2487, 7717, 103332, 351813, 715731, 0
121.002836, 1.001112, 21762, 382, 5819.6, 2504, 7717, 105948, 362592, 715731, 0
