elapsed, window, total, successful, failed
5.000763, 5.000763, 7500, 7500, 0
10.001727, 5.000964, 7500, 7500, 0
15.001755, 5.000028, 1714, 1714, 0
20.00183, 5.000075, 1379, 1379, 0
25.001775, 4.999945, 4217, 4217, 0
30.00172, 4.999945, 1976, 1976, 0
35.001764, 5.000044, 912, 912, 0
40.001769, 5.000005, 350, 350, 0
45.001749, 4.99998, 188, 188, 0
50.001711, 4.999962, 2100, 2100, 0
55.001767, 5.000056, 603, 603, 0
60.001706, 4.999939, 298, 298, 0
65.001797, 5.000091, 425, 425, 0
70.001777, 4.99998, 506, 506, 0
75.001713, 4.999936, 428, 428, 0
80.00176, 5.000047, 254, 254, 0
85.001734, 4.999974, 279, 279, 0
90.00171, 4.999976, 179, 179, 0
95.001789, 5.000079, 130, 130, 0
100.001755, 4.999966, 134, 134, 0
105.001712, 4.999957, 105, 105, 0
110.001792, 5.00008, 150, 150, 0
115.001715, 4.999923, 106, 106, 0
120.001753, 5.000038, 76, 76, 0
125.001735, 4.999982, 92, 92, 0
130.001803, 5.000068, 56, 56, 0
135.001753, 4.99995, 67, 67, 0
140.001804, 5.000051, 71, 71, 0
145.001777, 4.999973, 63, 63, 0
150.001789, 5.000012, 31, 31, 0
155.001711, 4.999922, 36, 36, 0
160.001749, 5.000038, 28, 28, 0
165.001744, 4.999995, 20, 20, 0
170.001719, 4.999975, 15, 15, 0
175.001802, 5.000083, 25, 25, 0
180.001756, 4.999954, 18, 18, 0
185.001813, 5.000057, 4, 4, 0
190.001744, 4.999931, 48, 48, 0
195.001736, 4.999992, 39, 39, 0
200.00176, 5.000024, 31, 31, 0
205.0018, 5.00004, 30, 30, 0
210.001763, 4.999963, 41, 41, 0
215.001759, 4.999996, 21, 21, 0
220.00176, 5.000001, 25, 25, 0
225.001808, 5.000048, 33, 33, 0
230.001768, 4.99996, 25, 25, 0
235.001748, 4.99998, 25, 25, 0
240.001744, 4.999996, 4, 4, 0
245.001754, 5.00001, 0, 0, 0
250.001745, 4.999991, 3, 3, 0
255.001714, 4.999969, 0, 0, 0
260.001758, 5.000044, 1, 1, 0
265.001753, 4.999995, 2, 2, 0
270.00174, 4.999987, 0, 0, 0
275.00176, 5.00002, 1, 1, 0
280.001753, 4.999993, 2, 2, 0
285.001763, 5.00001, 0, 0, 0
290.001744, 4.999981, 2, 2, 0
295.0018, 5.000056, 0, 0, 0
300.001748, 4.999948, 0, 0, 0
301.059967, 1.058219, 0, 0, 0
