elapsed, window, n, min, mean, median, 95th, 99th, 99_9th, max, errors
5.000547, 5.000547, 98, 151697, 209314.5, 207279, 284548, 361122, 378069, 378069, 141
10.001466, 5.000919, 127, 151697, 204401.4, 193072, 281192, 322575, 339276, 339276, 131
15.001562, 5.000096, 118, 151817, 214900.7, 230399, 297495, 323184, 334711, 334711, 113
20.00142, 4.999858, 111, 151650, 210993.1, 217769, 279827, 325798, 334772, 334772, 115
25.001501, 5.000081, 131, 152036, 207931.4, 204023, 283996, 325798, 332795, 332795, 125
30.001417, 4.999916, 130, 151413, 217620.6, 223643, 282825, 301907, 327334, 327334, 124
35.001497, 5.00008, 113, 151570, 219130.3, 230140, 286512, 321529, 351895, 351895, 111
40.001427, 4.99993, 136, 151222, 206668.9, 197927, 282917, 303437, 305672, 305672, 126
45.001506, 5.000079, 122, 151608, 218844.7, 227400, 292028, 314214, 314873, 314873, 127
50.00143, 4.999924, 129, 151434, 213779.2, 221797, 283492, 324469, 338558, 338558, 123
55.001445, 5.000015, 111, 151341, 210829.7, 214773, 284440, 307117, 368379, 368379, 113
60.001433, 4.999988, 118, 151051, 212188.6, 217750, 277348, 307117, 315444, 315444, 113
65.001493, 5.00006, 121, 151589, 217450.8, 211155, 300939, 341669, 370774, 370774, 127
70.001495, 5.000002, 139, 151523, 219583.1, 224508, 284940, 329086, 331790, 331790, 126
75.001448, 4.999953, 116, 151832, 211286.2, 206206, 289545, 322371, 325702, 325702, 122
80.001514, 5.000066, 116, 151488, 210018.5, 217239, 289668, 334186, 340804, 340804, 127
85.001496, 4.999982, 124, 150939, 221703.0, 228003, 301181, 309386, 376549, 376549, 115
90.001439, 4.999943, 95, 151373, 203763.7, 182231, 286079, 323582, 328212, 328212, 118
95.001497, 5.000058, 114, 152264, 211988.7, 205411, 285732, 323582, 328212, 328212, 132
100.001485, 4.999988, 121, 151179, 209988.2, 220423, 281815, 302491, 316551, 316551, 116
105.001415, 4.99993, 123, 151179, 212674.9, 207592, 299717, 329548, 361220, 361220, 109
110.001496, 5.000081, 111, 151672, 215538.9, 216308, 323349, 345464, 354592, 354592, 99
115.00146, 4.999964, 125, 151598, 217035.8, 221077, 289013, 334849, 354592, 354592, 119
120.001434, 4.999974, 105, 151182, 209738.0, 198709, 304938, 353729, 358436, 358436, 124
121.003561, 1.002127, 34, 151084, 206519.7, 203919, 304938, 353729, 358436, 358436, 28
