elapsed, window, total, successful, failed
5.001168, 5.001168, 2000, 2000, 0
10.001139, 4.999971, 1956, 1956, 0
15.001122, 4.999983, 1844, 1844, 0
20.001171, 5.000049, 1991, 1991, 0
25.001162, 4.999991, 1808, 1808, 0
30.0012, 5.000038, 2000, 2000, 0
35.001211, 5.000011, 1992, 1992, 0
40.001214, 5.000003, 1808, 1808, 0
45.001084, 4.99987, 1876, 1876, 0
50.001134, 5.00005, 1864, 1864, 0
55.00116, 5.000026, 1945, 1945, 0
60.001149, 4.999989, 1906, 1906, 0
65.001169, 5.00002, 1950, 1950, 0
70.001176, 5.000007, 1943, 1943, 0
75.001168, 4.999992, 1915, 1915, 0
80.001188, 5.00002, 1939, 1939, 0
85.001078, 4.99989, 1873, 1873, 0
90.001169, 5.000091, 1927, 1927, 0
95.001115, 4.999946, 2000, 2000, 0
100.00118, 5.000065, 1940, 1940, 0
105.001169, 4.999989, 1904, 1904, 0
110.001194, 5.000025, 1902, 1902, 0
115.001128, 4.999934, 1917, 1917, 0
120.001173, 5.000045, 1871, 1871, 0
121.008271, 1.007098, 389, 389, 0
