elapsed, window, n, min, mean, median, 95th, 99th, 99_9th, max, errors
5.000553, 5.000553, 98, 519, 2037.0, 670, 8373, 10400, 15848, 15848, 0
10.001475, 5.000922, 277, 472, 1508.7, 641, 7875, 10033, 15848, 15848, 0
15.001516, 5.000041, 300, 502, 2103.6, 650, 8569, 20797, 24745, 24745, 0
20.001519, 5.000003, 150, 502, 2221.8, 653, 8500, 12400, 33976, 33976, 0
25.001433, 4.999914, 45, 501, 3242.9, 668, 14718, 25648, 25648, 25648, 0
30.001527, 5.000094, 45, 471, 2713.8, 681, 10171, 16177, 25648, 25648, 0
35.001531, 5.000004, 30, 471, 3743.8, 714, 15992, 25695, 25952, 25952, 0
40.001518, 4.999987, 75, 494, 1729.0, 656, 6735, 8531, 10695, 10695, 0
45.001393, 4.999875, 510, 495, 1430.6, 624, 6614, 12551, 24589, 24951, 0
50.001722, 5.000329, 345, 462, 1861.5, 628, 8469, 12593, 26498, 26498, 0
55.001532, 4.99981, 90, 488, 2607.2, 625, 12557, 24496, 25766, 25766, 0
60.001422, 4.99989, 143, 516, 10570.7, 663, 69502, 150386, 154855, 154855, 0
65.001528, 5.000106, 127, 488, 2223.2, 657, 8616, 16048, 46163, 46163, 0
70.001479, 4.999951, 204, 508, 2781.2, 641, 9919, 22341, 23838, 23838, 0
75.001392, 4.999913, 51, 507, 2770.2, 628, 14159, 16475, 22481, 22481, 0
80.001555, 5.000163, 255, 474, 1756.3, 638, 8278, 14621, 22481, 22481, 0
85.001535, 4.99998, 342, 481, 1397.0, 618, 6632, 9851, 23984, 23984, 0
90.001521, 4.999986, 108, 485, 1949.4, 633, 8569, 10537, 10619, 10619, 0
95.001533, 5.000012, 90, 498, 1575.7, 645, 8181, 8672, 10531, 10531, 0
100.001541, 5.000008, 90, 484, 1332.4, 636, 4620, 8748, 12364, 12364, 0
105.001472, 4.999931, 15, 484, 1490.1, 640, 4490, 8589, 9710, 9710, 0
110.001516, 5.000044, 166, 468, 2090.8, 640, 10696, 14667, 22627, 22627, 0
115.001518, 5.000002, 332, 490, 1808.7, 649, 8537, 16054, 41808, 41808, 0
120.001502, 4.999984, 527, 449, 1478.1, 606, 7812, 10657, 22684, 24422, 0
121.002558, 1.001056, 37, 449, 1450.6, 606, 7652, 10657, 22684, 24422, 0
