elapsed, window, total, successful, failed
5.00057, 5.00057, 17595, 17595, 0
10.001749, 5.001179, 17468, 17468, 0
15.001474, 4.999725, 17472, 17472, 0
20.001461, 4.999987, 17646, 17646, 0
25.001478, 5.000017, 17636, 17636, 0
30.001459, 4.999981, 17561, 17561, 0
35.001436, 4.999977, 18142, 18142, 0
40.001427, 4.999991, 18281, 18281, 0
45.00143, 5.000003, 18283, 18283, 0
50.001519, 5.000089, 17049, 17049, 0
55.001504, 4.999985, 11263, 11263, 0
60.001443, 4.999939, 17898, 17898, 0
65.001585, 5.000142, 17707, 17707, 0
70.00149, 4.999905, 18228, 18228, 0
75.001435, 4.999945, 18244, 18244, 0
80.001522, 5.000087, 18112, 18112, 0
85.001459, 4.999937, 17865, 17865, 0
90.001451, 4.999992, 18203, 18203, 0
95.001461, 5.00001, 17670, 17670, 0
100.001459, 4.999998, 18050, 18050, 0
105.001487, 5.000028, 18172, 18172, 0
110.001446, 4.999959, 18211, 18211, 0
115.001471, 5.000025, 18485, 18485, 0
120.001454, 4.999983, 18187, 18187, 0
125.00156, 5.000106, 18099, 18099, 0
130.001468, 4.999908, 18172, 18172, 0
135.001465, 4.999997, 18139, 18139, 0
140.001451, 4.999986, 17968, 17968, 0
145.001457, 5.000006, 18322, 18322, 0
150.001492, 5.000035, 18293, 18293, 0
155.001445, 4.999953, 18032, 18032, 0
160.001582, 5.000137, 18046, 18046, 0
165.001459, 4.999877, 18683, 18683, 0
170.00159, 5.000131, 18643, 18643, 0
175.001445, 4.999855, 18309, 18309, 0
180.001443, 4.999998, 18273, 18273, 0
181.002652, 1.001209, 3744, 3744, 0
