elapsed, window, total, successful, failed
5.000583, 5.000583, 49871, 49871, 0
10.001676, 5.001093, 49034, 49034, 0
15.001564, 4.999888, 42865, 42865, 0
20.001684, 5.00012, 43348, 43348, 0
25.001533, 4.999849, 43746, 43746, 0
30.001524, 4.999991, 49032, 49032, 0
35.001563, 5.000039, 49106, 49106, 0
40.001555, 4.999992, 49299, 49299, 0
45.001523, 4.999968, 49454, 49454, 0
50.001519, 4.999996, 48949, 48949, 0
55.001534, 5.000015, 48790, 48790, 0
60.001621, 5.000087, 49098, 49098, 0
65.001516, 4.999895, 49339, 49339, 0
70.001585, 5.000069, 49096, 49096, 0
75.001511, 4.999926, 48696, 48696, 0
80.001695, 5.000184, 49548, 49548, 0
85.001517, 4.999822, 49040, 49040, 0
90.001519, 5.000002, 48898, 48898, 0
95.001533, 5.000014, 48170, 48170, 0
100.001559, 5.000026, 49090, 49090, 0
105.001516, 4.999957, 49024, 49024, 0
110.001702, 5.000186, 48174, 48174, 0
115.001729, 5.000027, 48197, 48197, 0
120.001646, 4.999917, 48776, 48776, 0
121.003778, 1.002132, 9589, 9589, 0
