elapsed, window, n, min, mean, median, 95th, 99th, 99_9th, max, errors
5.000583, 5.000583, 7484, 1384, 3031.9, 2143, 8322, 11378, 14001, 16955, 0
10.001676, 5.001093, 7320, 1385, 3014.3, 2141, 8200, 11436, 13849, 19489, 0
15.001564, 4.999888, 6396, 1366, 3464.5, 2129, 9329, 13702, 96156, 174505, 0
20.001684, 5.00012, 6500, 1395, 3385.4, 2089, 8986, 13226, 101989, 151522, 0
25.001533, 4.999849, 6481, 1315, 3347.5, 2078, 8783, 13368, 96217, 172323, 0
30.001524, 4.999991, 7271, 1348, 3045.2, 2067, 8559, 11866, 15967, 66435, 0
35.001563, 5.000039, 7348, 1316, 3029.6, 2092, 8467, 11681, 14309, 17862, 0
40.001555, 4.999992, 7445, 1334, 3024.7, 2063, 8429, 11647, 13881, 16232, 0
45.001523, 4.999968, 7316, 1388, 2984.7, 2072, 8304, 11692, 14045, 15498, 0
50.001519, 4.999996, 7397, 1283, 3038.9, 2073, 8443, 11700, 14225, 19798, 0
55.001534, 5.000015, 7386, 1428, 3021.2, 2100, 8241, 11566, 13868, 14552, 0
60.001621, 5.000087, 7267, 1364, 3021.3, 2128, 8234, 11976, 14291, 15873, 0
65.001516, 4.999895, 7364, 1397, 2962.7, 2057, 8340, 11730, 13856, 15367, 0
70.001585, 5.000069, 7373, 1305, 2985.2, 2046, 8281, 11476, 14091, 15988, 0
75.001511, 4.999926, 7402, 1418, 3049.4, 2072, 8686, 11997, 14366, 15663, 0
80.001695, 5.000184, 7404, 1349, 3013.0, 2024, 8779, 12169, 14252, 16226, 0
85.001517, 4.999822, 7368, 1421, 3010.3, 2046, 8608, 11822, 13973, 14502, 0
90.001519, 5.000002, 7301, 1353, 3015.5, 2043, 8606, 11993, 14100, 15728, 0
95.001533, 5.000014, 7485, 1331, 3049.5, 2060, 8502, 11921, 14398, 17926, 0
100.001559, 5.000026, 7260, 1358, 2989.3, 2059, 8357, 11884, 14148, 15376, 0
105.001516, 4.999957, 7223, 1394, 3025.1, 2066, 8531, 12305, 15198, 15985, 0
110.001702, 5.000186, 7264, 1335, 3006.5, 2064, 8439, 11761, 14010, 21571, 0
115.001729, 5.000027, 7335, 1392, 3048.9, 2081, 8524, 11775, 13999, 23744, 0
120.001646, 4.999917, 7267, 1401, 3023.8, 2054, 8654, 12254, 14637, 17758, 0
121.003778, 1.002132, 1459, 1394, 3014.7, 2052, 8730, 12266, 14576, 17758, 0
