elapsed, window, n, min, mean, median, 95th, 99th, 99_9th, max, errors
5.000572, 5.000572, 0, 0, 0, 0, 0, 0, 0, 0, 0
10.001453, 5.000881, 0, 0, 0, 0, 0, 0, 0, 0, 0
15.001597, 5.000144, 200, 151298, 337340.1, 162440, 999059, 1096285, 1135762, 1135762, 0
20.001534, 4.999937, 200, 151374, 279681.5, 191786, 690714, 747373, 994708, 994708, 0
25.001545, 5.000011, 13, 151800, 480597.2, 554811, 652170, 660223, 660223, 660223, 0
30.001529, 4.999984, 187, 151139, 494068.1, 466647, 1284830, 1329265, 1370308, 1370308, 0
35.001558, 5.000029, 0, 0, 0, 0, 0, 0, 0, 0, 0
40.001574, 5.000016, 0, 0, 0, 0, 0, 0, 0, 0, 0
45.001524, 4.99995, 0, 0, 0, 0, 0, 0, 0, 0, 0
50.001541, 5.000017, 0, 0, 0, 0, 0, 0, 0, 0, 0
55.001458, 4.999917, 157, 151637, 294960.6, 168328, 829227, 991508, 1257385, 1257385, 0
60.001584, 5.000126, 43, 151637, 501171.6, 244705, 1257385, 1464868, 1490518, 1490518, 0
65.001575, 4.999991, 0, 0, 0, 0, 0, 0, 0, 0, 0
70.001473, 4.999898, 73, 151421, 156477.8, 152716, 183989, 209378, 211650, 211650, 0
75.001589, 5.000116, 127, 151121, 167428.2, 152790, 248693, 304193, 329648, 329648, 0
80.001503, 4.999914, 198, 151409, 164007.9, 152746, 212763, 283770, 288614, 288614, 0
85.001588, 5.000085, 137, 151119, 156777.9, 152531, 173649, 232801, 288614, 288614, 0
90.001533, 4.999945, 263, 151223, 162647.6, 152558, 207444, 384096, 431729, 431729, 0
95.001542, 5.000009, 2, 151890, 222911.3, 165994, 407141, 431729, 431729, 431729, 0
100.001599, 5.000057, 0, 0, 0, 0, 0, 0, 0, 0, 0
105.001603, 5.000004, 0, 0, 0, 0, 0, 0, 0, 0, 0
110.00158, 4.999977, 108, 151633, 166309.8, 152798, 291945, 410477, 524037, 524037, 0
115.001587, 5.000007, 92, 151164, 169686.8, 152771, 306439, 390423, 398208, 398208, 0
120.001539, 4.999952, 192, 151427, 164973.7, 152689, 222121, 321799, 401768, 401768, 0
121.00869, 1.007151, 8, 151427, 164461.7, 152668, 222121, 321799, 401768, 401768, 0
