elapsed, window, n, min, mean, median, 95th, 99th, 99_9th, max, errors
5.000255, 5.000255, 5296, 83, 5695.6, 127, 24830, 31822, 36346, 42483, 0
10.001341, 5.001086, 5563, 81, 5779.9, 134, 24425, 31399, 34347, 36696, 0
15.00123, 4.999889, 5510, 79, 5771.7, 138, 24398, 31220, 33701, 38235, 0
20.001279, 5.000049, 5507, 80, 5967.6, 131, 25072, 31235, 33959, 37412, 0
25.001233, 4.999954, 5548, 77, 6014.9, 130, 25830, 31467, 35028, 37162, 0
30.001282, 5.000049, 5531, 77, 5742.1, 126, 25180, 31382, 35639, 37535, 0
35.00123, 4.999948, 5569, 80, 5857.0, 127, 25550, 31688, 34933, 37535, 0
40.001281, 5.000051, 5606, 78, 5708.0, 130, 24928, 31643, 35128, 37983, 0
45.001231, 4.99995, 5592, 75, 5611.4, 125, 24613, 31387, 34472, 37983, 0
50.001441, 5.00021, 5561, 79, 5750.6, 127, 25615, 31529, 35336, 38006, 0
55.001281, 4.99984, 5500, 81, 5949.9, 129, 25203, 31493, 35770, 36967, 0
60.001429, 5.000148, 5578, 82, 5843.3, 130, 24447, 31238, 35120, 38204, 0
65.001232, 4.999803, 5492, 78, 5863.9, 127, 25521, 31514, 35101, 37826, 0
70.001279, 5.000047, 5556, 81, 5794.7, 128, 25222, 31430, 34387, 36262, 0
75.001252, 4.999973, 5558, 80, 5661.3, 125, 23952, 31117, 34706, 36491, 0
80.001231, 4.999979, 5587, 77, 5765.1, 128, 24858, 31256, 34881, 39418, 0
85.001281, 5.00005, 5589, 77, 5649.0, 125, 24302, 31231, 34309, 37966, 0
90.001292, 5.000011, 5531, 81, 5795.1, 128, 24943, 31543, 34511, 37151, 0
95.00123, 4.999938, 5532, 79, 5831.0, 129, 25337, 31303, 33931, 38335, 0
100.001389, 5.000159, 5530, 81, 5803.4, 129, 25115, 31109, 35431, 37620, 0
105.001282, 4.999893, 5551, 81, 5731.5, 128, 25004, 31117, 34100, 36669, 0
110.001279, 4.999997, 5523, 80, 5680.8, 128, 24467, 31110, 35495, 38665, 0
115.00128, 5.000001, 5552, 79, 6009.8, 129, 25422, 31236, 34649, 38665, 0
120.001278, 4.999998, 5522, 80, 5702.5, 125, 24758, 31176, 34430, 36170, 0
121.00228, 1.001002, 1107, 80, 5661.2, 124, 24888, 31220, 33975, 36170, 0
