elapsed, window, n, min, mean, median, 95th, 99th, 99_9th, max, errors
5.000478, 5.000478, 6367, 676, 776.2, 771, 842, 882, 945, 2544, 0
10.001423, 5.000945, 6332, 687, 780.0, 774, 844, 890, 995, 2029, 0
15.001421, 4.999998, 6362, 677, 776.3, 772, 833, 874, 959, 1552, 0
20.001442, 5.000021, 6350, 685, 777.5, 773, 834, 874, 952, 1870, 0
25.001543, 5.000101, 6294, 673, 784.3, 780, 845, 895, 1002, 2091, 0
30.001422, 4.999879, 6318, 676, 781.9, 778, 840, 879, 947, 1480, 0
35.001439, 5.000017, 6337, 678, 779.0, 776, 837, 879, 937, 1016, 0
40.001461, 5.000022, 6329, 673, 780.8, 776, 841, 885, 941, 1264, 0
45.001421, 4.99996, 6322, 675, 781.1, 777, 842, 883, 957, 1134, 0
50.001469, 5.000048, 6319, 673, 781.3, 777, 841, 880, 963, 1140, 0
55.001426, 4.999957, 6307, 686, 782.9, 779, 841, 890, 948, 1124, 0
60.001464, 5.000038, 6307, 679, 782.5, 778, 842, 884, 942, 1326, 0
65.001468, 5.000004, 6299, 677, 783.9, 780, 846, 884, 942, 1003, 0
70.001439, 4.999971, 6300, 679, 783.6, 781, 840, 877, 948, 1103, 0
75.001491, 5.000052, 6300, 686, 783.8, 780, 846, 884, 946, 1394, 0
80.001494, 5.000003, 6323, 686, 780.9, 777, 840, 877, 946, 1382, 0
85.001425, 4.999931, 6318, 671, 781.0, 777, 839, 875, 920, 1131, 0
90.001421, 4.999996, 6304, 671, 782.9, 778, 845, 889, 958, 1120, 0
95.001473, 5.000052, 6325, 688, 780.7, 776, 842, 884, 952, 1527, 0
100.001424, 4.999951, 6331, 678, 779.9, 777, 841, 881, 962, 1325, 0
105.00142, 4.999996, 6326, 678, 780.6, 777, 844, 885, 933, 1039, 0
110.001418, 4.999998, 6324, 673, 780.9, 776, 845, 889, 963, 1691, 0
115.001421, 5.000003, 6330, 665, 781.0, 777, 843, 889, 953, 1171, 0
120.00142, 4.999999, 6328, 684, 780.5, 777, 841, 878, 939, 1044, 0
121.001531, 1.000111, 1274, 684, 779.5, 776, 841, 877, 930, 1029, 0
