elapsed, window, total, successful, failed
5.000715, 5.000715, 911, 911, 0
10.00172, 5.001005, 834, 833, 1
15.001708, 4.999988, 856, 856, 0
20.001671, 4.999963, 841, 841, 0
25.001715, 5.000044, 831, 831, 0
30.001718, 5.000003, 847, 847, 0
35.001719, 5.000001, 835, 834, 1
40.001752, 5.000033, 846, 846, 0
45.001668, 4.999916, 842, 842, 0
50.001669, 5.000001, 812, 812, 0
55.001671, 5.000002, 860, 860, 0
60.001666, 4.999995, 836, 836, 0
65.001676, 5.00001, 842, 842, 0
70.001672, 4.999996, 818, 818, 0
75.001665, 4.999993, 834, 833, 1
80.001664, 4.999999, 806, 806, 0
85.001662, 4.999998, 819, 819, 0
90.001667, 5.000005, 819, 819, 0
95.001659, 4.999992, 839, 839, 0
100.001672, 5.000013, 868, 868, 0
105.001667, 4.999995, 828, 828, 0
110.001673, 5.000006, 835, 835, 0
115.001662, 4.999989, 850, 850, 0
120.001669, 5.000007, 807, 807, 0
125.001668, 4.999999, 834, 834, 0
130.001674, 5.000006, 839, 839, 0
135.001669, 4.999995, 824, 824, 0
140.001667, 4.999998, 833, 833, 0
145.001663, 4.999996, 829, 829, 0
150.001665, 5.000002, 843, 843, 0
155.001688, 5.000023, 813, 813, 0
160.001664, 4.999976, 834, 834, 0
165.001661, 4.999997, 842, 842, 0
170.001665, 5.000004, 852, 852, 0
175.001644, 4.999979, 856, 856, 0
180.001671, 5.000027, 833, 833, 0
181.003823, 1.002152, 171, 171, 0
