elapsed, window, n, min, mean, median, 95th, 99th, 99_9th, max, errors
5.000727, 5.000727, 51483, 1.0, 3.7, 3.0, 9.0, 18.0, 45.0, 239.0, 0
10.001701, 5.000974, 54484, 1.0, 3.7, 3.0, 9.0, 18.0, 47.0, 239.0, 0
15.001725, 5.000024, 54342, 1.0, 3.7, 3.0, 9.0, 17.0, 45.0, 225.0, 0
20.001706, 4.999981, 54206, 1.0, 3.6, 3.0, 9.0, 17.0, 47.0, 196.0, 0
25.001814, 5.000108, 54363, 1.0, 3.6, 3.0, 8.0, 16.0, 47.0, 198.0, 0
30.00175, 4.999936, 54337, 1.0, 3.6, 3.0, 9.0, 18.0, 44.0, 350.0, 0
35.001711, 4.999961, 54263, 1.0, 3.6, 3.0, 8.0, 17.0, 45.0, 239.0, 0
40.0017, 4.999989, 54358, 1.0, 3.6, 3.0, 9.0, 18.0, 44.0, 268.0, 0
45.001699, 4.999999, 54295, 1.0, 3.7, 3.0, 9.0, 18.0, 51.0, 769.0, 0
50.001725, 5.000026, 54395, 1.0, 3.6, 3.0, 9.0, 17.0, 47.0, 761.0, 0
55.001699, 4.999974, 54403, 1.0, 3.7, 3.0, 9.0, 18.0, 46.0, 201.0, 0
60.001754, 5.000055, 54334, 1.0, 3.6, 3.0, 8.0, 18.0, 46.0, 201.0, 0
65.001701, 4.999947, 54168, 1.0, 3.6, 3.0, 9.0, 18.0, 45.0, 247.0, 0
70.001698, 4.999997, 54379, 1.0, 3.6, 3.0, 8.0, 18.0, 47.0, 144.0, 0
75.001795, 5.000097, 54290, 1.0, 3.6, 3.0, 8.0, 17.0, 48.0, 212.0, 0
80.001703, 4.999908, 54401, 1.0, 3.6, 3.0, 8.0, 17.0, 45.0, 151.0, 0
85.001702, 4.999999, 54374, 1.0, 3.6, 3.0, 8.0, 17.0, 44.0, 200.0, 0
90.001743, 5.000041, 54367, 1.0, 3.6, 3.0, 9.0, 17.0, 45.0, 171.0, 0
95.001711, 4.999968, 54359, 1.0, 3.6, 3.0, 8.0, 18.0, 46.0, 171.0, 0
100.001737, 5.000026, 54424, 1.0, 3.6, 3.0, 9.0, 18.0, 47.0, 196.0, 0
105.001704, 4.999967, 54277, 1.0, 3.6, 3.0, 8.0, 17.0, 46.0, 175.0, 0
110.001826, 5.000122, 54437, 1.0, 3.6, 3.0, 8.0, 17.0, 43.0, 148.0, 0
115.00171, 4.999884, 54392, 1.0, 3.6, 3.0, 8.0, 17.0, 47.0, 196.0, 0
120.001709, 4.999999, 54380, 1.0, 3.6, 3.0, 9.0, 18.0, 46.0, 216.0, 0
121.004805, 1.003096, 10900, 1.0, 3.6, 3.0, 9.0, 18.0, 44.0, 216.0, 0
