elapsed, window, n, min, mean, max, errors, median
5.000477, 5.000477,770, 617,3066.91, 57261,0,2155.52
10.001557, 5.00108,550, 606,2198.89, 42680,0,1569.9
15.001573, 5.000016,570, 526,1775.59, 24833,0,1555.17
20.001529, 4.999956,750, 559,2293.65, 39471,0,1579.65
25.001521, 4.999992,973, 521,1873.38, 31927,0,1506.48
30.001543, 5.000022,1126, 529,2142.31, 50220,0,1548.88
35.00148, 4.999937,1201, 549,2094.2, 73553,0,1463.05
40.001537, 5.000057,759, 551,1996.17, 53301,0,1440.77
45.001607, 5.00007,1333, 536,2088.69, 47670,0,1514.33
50.001544, 4.999937,1109, 566,2339.72, 60069,0,1579.26
55.001494, 4.99995,999, 510,2071.61, 45276,0,1516.56
60.001584, 5.00009,1311, 0,2009.24, 83768,0,1570.87
65.001555, 4.999971,822, 505,2295.43, 67954,0,1551.18
70.001549, 4.999994,997, 541,1983.87, 46102,0,1507.09
75.001488, 4.999939,1214, 553,1904.1, 58380,0,1469.09
80.001496, 5.000008,1369, 550,1913.05, 47190,0,1526.95
85.001507, 5.000011,652, 546,2244.23, 37511,0,1477.37
90.001529, 5.000022,775, 530,1853.46, 32836,0,1467.12
95.001545, 5.000016,936, 528,2408.65, 55386,0,1511.02
100.001551, 5.000006,850, 581,2150.5, 39717,0,1558.3
105.001456, 4.999905,1012, 516,1926.25, 49423,0,1506.03
110.00154, 5.000084,645, 546,1831.81, 29168,0,1508.99
115.001489, 4.999949,1067, 538,1854.05, 49267,0,1537.24
120.001503, 5.000014,708, 0,2137.09, 74761,0,1546.97
121.002659, 1.001156,390, 619,2111.56, 74761,0,1626.27

