elapsed, window, n, min, mean, median, 95th, 99th, 99_9th, max, errors
5.000677, 5.000677, 58273, 5, 12.0, 10, 23, 39, 84, 751, 0
10.0016, 5.000923, 59877, 5, 12.2, 10, 24, 40, 91, 1347, 0
15.001592, 4.999992, 59904, 5, 12.1, 10, 23, 38, 81, 1196, 0
20.00163, 5.000038, 59367, 5, 12.1, 10, 23, 38, 85, 585, 0
25.001656, 5.000026, 59666, 5, 12.0, 10, 23, 37, 83, 577, 0
30.00161, 4.999954, 59849, 5, 12.1, 10, 23, 39, 81, 880, 0
35.001598, 4.999988, 59521, 5, 12.1, 10, 24, 39, 81, 625, 0
40.001693, 5.000095, 58979, 5, 12.2, 10, 24, 39, 86, 779, 0
45.001596, 4.999903, 58954, 5, 12.2, 10, 24, 39, 87, 475, 0
50.001594, 4.999998, 59236, 4, 12.2, 10, 24, 38, 89, 603, 0
55.001597, 5.000003, 59573, 5, 12.1, 10, 24, 38, 84, 349, 0
60.001651, 5.000054, 59131, 4, 12.0, 10, 23, 39, 77, 932, 0
65.001595, 4.999944, 59481, 5, 12.1, 10, 23, 39, 89, 1400, 0
70.001595, 5.0, 59277, 5, 12.2, 10, 24, 39, 86, 794, 0
75.001728, 5.000133, 58869, 5, 12.2, 10, 24, 39, 89, 794, 0
80.001597, 4.999869, 58732, 5, 12.1, 10, 24, 39, 85, 536, 0
85.001596, 4.999999, 58069, 5, 12.2, 10, 24, 39, 89, 547, 0
90.001596, 5.0, 57595, 5, 12.2, 10, 24, 39, 82, 547, 0
95.001608, 5.000012, 58606, 5, 12.2, 10, 24, 39, 85, 278, 0
100.001701, 5.000093, 57351, 4, 12.2, 10, 23, 39, 95, 528, 0
105.001607, 4.999906, 58543, 5, 12.2, 10, 24, 39, 86, 637, 0
110.001613, 5.000006, 57954, 5, 12.2, 10, 24, 38, 86, 637, 0
115.001593, 4.99998, 58301, 5, 12.2, 10, 24, 40, 89, 649, 0
120.001641, 5.000048, 58413, 5, 12.2, 10, 24, 40, 94, 465, 0
121.006703, 1.005062, 11709, 5, 12.2, 10, 24, 40, 95, 465, 0
