elapsed, window, n, min, mean, max, errors, median
5.000614, 5.000614,7998, 492,860.022, 10570,0,758.857
10.001548, 5.000934,8209, 487,734.939, 3169,0,709.104
15.001685, 5.000137,8408, 483,709.896, 4166,0,690.861
20.000476, 4.998791,8240, 461,697.599, 7184,0,678.628
25.001606, 5.00113,8036, 458,694.614, 7184,0,676.348
30.000483, 4.998877,8077, 466,690.513, 1632,0,673.514
35.001603, 5.00112,8315, 457,688.757, 2410,0,672.575
40.001577, 4.999974,8276, 465,687.228, 2382,0,670.346
45.001603, 5.000026,8095, 470,688.154, 2974,0,672.313
50.001616, 5.000013,8189, 474,692.431, 2664,0,673.965
55.001637, 5.000021,8125, 457,687.444, 10617,0,669.435
60.000646, 4.999009,8073, 426,690.442, 10617,0,673.557
65.00161, 5.000964,8104, 443,920.408, 95946,0,671.799
70.001623, 5.000013,7972, 448,1189.86, 304668,0,672.605
75.001622, 4.999999,8045, 450,720.984, 45526,0,670.972
80.001557, 4.999935,8183, 461,685.917, 9443,0,668.157
85.001628, 5.000071,8023, 454,687.204, 5369,0,667.771
90.001631, 5.000003,8328, 468,685.033, 3215,0,667.138
95.001566, 4.999935,8131, 459,685.263, 2373,0,668.749
100.001522, 4.999956,8255, 450,687.211, 9379,0,668.554
105.001642, 5.00012,8198, 464,684.641, 2658,0,668.125
110.001617, 4.999975,8297, 453,687.75, 1669,0,668.871
115.000617, 4.999,7962, 451,684.576, 4484,0,666.099
120.001527, 5.00091,8070, 455,687.223, 10382,0,665.917
125.001572, 5.000045,8024, 438,684.504, 5346,0,667.013
130.001621, 5.000049,8176, 452,681.272, 1618,0,665.698
135.001609, 4.999988,8126, 457,683.757, 3840,0,666.568
140.001572, 4.999963,8221, 456,683.742, 9437,0,665.269
145.001555, 4.999983,8239, 465,679.681, 1672,0,662.734
150.001604, 5.000049,7958, 466,682.081, 1879,0,664.507
155.001618, 5.000014,8126, 453,680.409, 6241,0,663.763
160.001617, 4.999999,8469, 445,679.77, 1956,0,663.568
165.00154, 4.999923,8190, 445,692.094, 30510,0,664.856
170.001497, 4.999957,8086, 449,1415.12, 230783,0,668.797
175.001611, 5.000114,8129, 445,707.027, 27051,0,665.868
180.001549, 4.999938,8031, 441,684.942, 9596,0,665.31
181.064727, 1.063178,1633, 441,684.767, 9596,0,664.535

