elapsed, window, total, successful, failed
5.001007, 5.001007, 1797, 1797, 0
10.001977, 5.00097, 1718, 1718, 0
15.002019, 5.000042, 1728, 1727, 1
20.001957, 4.999938, 1768, 1766, 2
25.001963, 5.000006, 1745, 1744, 1
30.001958, 4.999995, 1753, 1753, 0
35.00204, 5.000082, 1754, 1754, 0
40.000943, 4.998903, 1760, 1759, 1
45.002009, 5.001066, 1743, 1742, 1
50.001971, 4.999962, 1770, 1770, 0
55.002008, 5.000037, 1744, 1744, 0
60.001967, 4.999959, 1743, 1743, 0
65.001961, 4.999994, 1740, 1740, 0
70.002009, 5.000048, 1753, 1753, 0
75.001963, 4.999954, 1737, 1737, 0
80.001964, 5.000001, 1745, 1745, 0
85.004627, 5.002663, 1759, 1759, 0
90.000961, 4.996334, 1739, 1739, 0
95.002008, 5.001047, 1734, 1734, 0
100.001972, 4.999964, 1736, 1735, 1
105.002009, 5.000037, 1754, 1754, 0
110.001954, 4.999945, 1731, 1731, 0
115.001961, 5.000007, 1720, 1719, 1
120.001972, 5.000011, 1731, 1731, 0
125.00197, 4.999998, 1720, 1720, 0
130.002009, 5.000039, 1716, 1713, 3
135.001997, 4.999988, 1724, 1724, 0
140.001959, 4.999962, 1703, 1703, 0
145.001958, 4.999999, 1731, 1731, 0
150.002005, 5.000047, 1718, 1718, 0
155.002019, 5.000014, 1732, 1732, 0
160.00196, 4.999941, 1734, 1734, 0
165.001998, 5.000038, 1719, 1719, 0
170.001994, 4.999996, 1720, 1719, 1
175.001955, 4.999961, 1693, 1693, 0
180.001966, 5.000011, 1712, 1712, 0
181.004212, 1.002246, 338, 338, 0
