elapsed, window, n, min, mean, median, 95th, 99th, 99_9th, max, errors
5.000246, 5.000246, 5126, 20968, 48535.2, 44338, 83154, 139987, 186621, 200079, 0
10.001256, 5.00101, 5513, 20941, 45331.6, 42975, 73586, 88670, 105900, 126687, 0
15.001257, 5.000001, 5404, 20944, 46093.5, 43931, 75346, 87610, 100301, 117039, 0
20.001256, 4.999999, 5479, 20924, 45598.0, 43441, 74365, 88624, 104303, 108898, 0
25.001259, 5.000003, 5426, 20986, 46062.5, 43870, 75222, 89764, 107518, 121019, 0
30.001253, 4.999994, 5479, 20962, 45601.2, 43468, 74763, 89247, 104132, 115738, 0
35.001257, 5.000004, 5508, 20910, 45434.3, 43460, 75012, 88241, 99586, 115470, 0
40.001249, 4.999992, 5501, 20955, 45366.7, 42891, 73965, 87516, 101208, 116851, 0
45.001252, 5.000003, 5501, 21005, 45461.1, 43360, 73730, 87866, 100593, 111536, 0
50.001255, 5.000003, 5508, 21034, 45408.6, 43165, 73455, 86889, 99924, 114994, 0
55.001256, 5.000001, 5439, 20938, 45963.4, 43486, 75010, 89449, 103473, 117019, 0
60.001256, 5.0, 5476, 20927, 45674.7, 43602, 73642, 87154, 100303, 115480, 0
65.001199, 4.999943, 5529, 20927, 45194.1, 43166, 73443, 85651, 102803, 117424, 0
70.00125, 5.000051, 5477, 21011, 45608.1, 43375, 75227, 89117, 102221, 114686, 0
75.001199, 4.999949, 5466, 20965, 45778.1, 43526, 75142, 89544, 102128, 111720, 0
80.001231, 5.000032, 5519, 21113, 45393.8, 43320, 73199, 86198, 100582, 116330, 0
85.001199, 4.999968, 5476, 20975, 45672.9, 43633, 74909, 89848, 105146, 113004, 0
90.001197, 4.999998, 5471, 21004, 45579.0, 43329, 75329, 89256, 102693, 124101, 0
95.001197, 5.0, 5437, 20965, 45974.3, 43728, 75357, 88959, 100632, 124101, 0
100.001202, 5.000005, 5522, 20930, 45266.9, 43120, 73625, 86160, 104070, 110165, 0
105.001261, 5.000059, 5512, 20809, 45407.9, 43183, 74451, 89162, 106532, 115485, 0
110.001199, 4.999938, 5474, 20937, 45643.4, 43479, 74609, 87856, 106826, 118998, 0
115.001199, 5.0, 5500, 20937, 45535.1, 43475, 73855, 87667, 100630, 104475, 0
120.0012, 5.000001, 5438, 20963, 45956.3, 43870, 74789, 87518, 103757, 116224, 0
121.002294, 1.001094, 1101, 20963, 45744.7, 43579, 74289, 87269, 106064, 116208, 0
