elapsed, window, n, min, mean, median, 95th, 99th, 99_9th, max, errors
5.000912, 5.000912, 113454, 335, 5579.3, 3458, 17361, 44141, 92012, 187760, 0
10.001889, 5.000977, 111191, 360, 5604.1, 3441, 15623, 47206, 129953, 277835, 0
15.001878, 4.999989, 109949, 374, 5660.1, 3484, 16736, 45553, 124158, 253076, 0
20.00188, 5.000002, 111254, 375, 5608.2, 3442, 16647, 46599, 115426, 267316, 0
25.001884, 5.000004, 110646, 374, 5606.9, 3449, 17247, 46006, 101019, 217532, 0
30.001956, 5.000072, 111531, 371, 5585.4, 3467, 16482, 44347, 113984, 381855, 0
35.00189, 4.999934, 108717, 376, 5743.2, 3490, 17564, 48811, 107457, 203146, 0
40.001891, 5.000001, 108755, 353, 5754.3, 3477, 16972, 49880, 126379, 247458, 0
45.001877, 4.999986, 106912, 358, 5802.4, 3485, 15644, 53534, 146733, 286811, 0
50.001877, 5.0, 106189, 383, 5867.7, 3553, 15931, 51680, 150931, 308875, 0
55.001887, 5.00001, 104837, 365, 5946.5, 3607, 17237, 50461, 131185, 304710, 0
60.001878, 4.999991, 106463, 358, 5872.1, 3527, 16724, 53528, 123072, 303080, 0
65.001905, 5.000027, 104372, 369, 5976.5, 3640, 18911, 48306, 102114, 236423, 0
70.001921, 5.000016, 103526, 357, 6019.0, 3669, 18555, 51065, 116151, 204327, 0
75.001925, 5.000004, 103376, 355, 6010.7, 3634, 18079, 52557, 118019, 224169, 0
80.001887, 4.999962, 104538, 376, 5981.0, 3569, 15720, 56093, 158591, 315179, 0
85.00189, 5.000003, 103392, 370, 6044.8, 3649, 17572, 52941, 139183, 298044, 0
90.001878, 4.999988, 101284, 358, 6149.5, 3751, 19490, 48780, 106849, 192703, 0
95.001898, 5.00002, 103033, 365, 6055.7, 3701, 19268, 49693, 107980, 246036, 0
100.00189, 4.999992, 101595, 365, 6146.5, 3752, 19272, 49140, 108032, 230976, 0
105.001917, 5.000027, 102011, 372, 6125.2, 3724, 19554, 50200, 102581, 224652, 0
110.001937, 5.00002, 101839, 364, 6107.8, 3701, 18234, 51241, 135422, 204114, 0
115.001905, 4.999968, 102177, 346, 6108.1, 3687, 18118, 52255, 128918, 262777, 0
120.00188, 4.999975, 101765, 356, 6128.7, 3705, 17310, 52715, 151080, 329989, 0
121.001949, 1.000069, 20788, 378, 6102.6, 3682, 17099, 53697, 156820, 329989, 0
