elapsed, window, total, successful, failed
5.000715, 5.000715, 48016, 48016, 0
10.001706, 5.000991, 48077, 48077, 0
15.001654, 4.999948, 48154, 48154, 0
20.001632, 4.999978, 48111, 48111, 0
25.001677, 5.000045, 48175, 48175, 0
30.001643, 4.999966, 48211, 48211, 0
35.001652, 5.000009, 48237, 48237, 0
40.001683, 5.000031, 48188, 48188, 0
45.001746, 5.000063, 48226, 48226, 0
50.001636, 4.99989, 48168, 48168, 0
55.001642, 5.000006, 48290, 48290, 0
60.001631, 4.999989, 48145, 48145, 0
65.001639, 5.000008, 48153, 48153, 0
70.00166, 5.000021, 48164, 48164, 0
75.001634, 4.999974, 48263, 48263, 0
80.001678, 5.000044, 48193, 48193, 0
85.001699, 5.000021, 48200, 48200, 0
90.001651, 4.999952, 48202, 48202, 0
95.001638, 4.999987, 48156, 48156, 0
100.00165, 5.000012, 48195, 48195, 0
105.001668, 5.000018, 48112, 48112, 0
110.001941, 5.000273, 48193, 48193, 0
115.001714, 4.999773, 48141, 48141, 0
120.001637, 4.999923, 48207, 48207, 0
121.003745, 1.002108, 9656, 9656, 0
