elapsed, window, n, min, mean, max, errors, median
5.000348, 5.000348,21439, 91011,184689, 730959,9,154752
10.001573, 5.001225,19503, 91150,193103, 671641,14,192406
15.001444, 4.999871,20705, 91128,188869, 588750,13,192793
20.001462, 5.000018,20346, 91128,189205, 582144,18,190021
25.0014, 4.999938,19715, 91161,192781, 637284,12,193373
30.001343, 4.999943,20413, 91178,191660, 632113,22,194536
35.001421, 5.000078,20237, 91146,190033, 567771,19,192464
40.001352, 4.999931,20269, 90935,190222, 590792,22,195232
45.001374, 5.000022,20009, 90955,193491, 662959,4,196041
50.001462, 5.000088,19623, 91033,194159, 662959,29,193603
55.001396, 4.999934,20070, 91033,191635, 616808,15,195401
60.001339, 4.999943,20459, 91035,189946, 594843,8,192513
65.001373, 5.000034,20378, 91123,191659, 551933,12,196754
70.00143, 5.000057,20691, 91229,190608, 576856,15,197579
75.001466, 5.000036,19406, 91184,198975, 838384,13,196353
80.001489, 5.000023,18619, 91083,205967, 865097,14,202403
85.001457, 4.999968,19802, 91147,208524, 807434,22,201027
90.001377, 4.99992,20447, 91272,190623, 556971,26,195479
95.001379, 5.000002,20637, 91135,190554, 533855,5,197471
100.00138, 5.000001,20428, 91140,189053, 537422,13,193603
105.001431, 5.000051,20718, 91234,186263, 585266,23,188668
110.00169, 5.000259,20470, 91180,189547, 570955,19,194428
115.001496, 4.999806,20298, 91102,188020, 593720,17,192239
120.001436, 4.99994,21229, 91048,187808, 499936,33,194671
121.005554, 1.004118,4840, 91048,185113, 499936,3,193753

