elapsed, window, n, min, mean, median, 95th, 99th, 99_9th, max, errors
5.0004, 5.0004, 305, 644, 2652.7, 1360, 7453, 28899, 54296, 54296, 0
10.001495, 5.001095, 272, 624, 3416.0, 994, 8729, 54793, 77403, 77403, 0
15.00141, 4.999915, 282, 618, 1773.8, 840, 2156, 20875, 57014, 57014, 0
20.001409, 4.999999, 314, 614, 1206.4, 796, 1313, 8402, 48461, 48461, 0
25.001426, 5.000017, 212, 594, 2204.7, 820, 8282, 33956, 44599, 44599, 0
30.001403, 4.999977, 232, 634, 4117.2, 819, 17125, 96223, 130541, 130541, 0
35.001316, 4.999913, 314, 594, 2258.8, 844, 3059, 34197, 65034, 65034, 0
40.001413, 5.000097, 368, 594, 2665.9, 820, 7822, 48784, 65101, 65101, 0
45.001322, 4.999909, 390, 628, 2858.3, 811, 12240, 57900, 84280, 84280, 0
50.001319, 4.999997, 534, 565, 2436.4, 808, 8994, 44239, 52521, 68566, 0
55.001283, 4.999964, 645, 574, 2086.2, 788, 1623, 52505, 82709, 84354, 0
60.001399, 5.000116, 916, 583, 1603.3, 827, 1658, 20096, 86558, 113869, 0
65.001324, 4.999925, 470, 548, 1580.4, 788, 1262, 32989, 62338, 88121, 0
70.001325, 5.000001, 664, 567, 2276.6, 796, 1628, 44658, 76819, 78286, 0
75.001354, 5.000029, 669, 575, 1499.0, 806, 1608, 22434, 36459, 60946, 0
80.001455, 5.000101, 354, 594, 1604.7, 816, 1947, 24211, 58884, 58884, 0
85.001293, 4.999838, 464, 582, 1640.2, 799, 1921, 28998, 65814, 65814, 0
90.001432, 5.000139, 352, 554, 2332.8, 795, 2010, 44135, 117759, 117759, 0
95.001432, 5.0, 380, 585, 1923.9, 787, 1656, 36496, 46303, 46303, 0
100.001366, 4.999934, 544, 542, 1976.3, 814, 2479, 42943, 54733, 65613, 0
105.001425, 5.000059, 603, 599, 2205.9, 807, 3041, 39147, 92360, 94856, 0
110.001368, 4.999943, 332, 625, 2049.5, 792, 2639, 43585, 64528, 64528, 0
115.001387, 5.000019, 157, 619, 2741.9, 801, 3962, 44820, 63783, 63783, 0
120.001403, 5.000016, 151, 596, 1081.6, 788, 1416, 8597, 11295, 11295, 0
121.004506, 1.003103, 27, 596, 1083.4, 789, 1416, 8597, 11295, 11295, 0
