elapsed, window, n, min, mean, median, 95th, 99th, 99_9th, max, errors
5.000938, 5.000938, 396, 552, 8871.1, 1540, 40186, 110098, 251839, 251839, 0
10.001947, 5.001009, 128, 520, 19644.7, 771, 133359, 326990, 329521, 329521, 0
15.001938, 4.999991, 18, 569, 2812.1, 616, 11001, 25517, 25517, 25517, 0
20.001895, 4.999957, 17, 479, 1981.0, 616, 7138, 14578, 14578, 14578, 0
25.001936, 5.000041, 18, 526, 811.8, 608, 726, 4446, 4446, 4446, 0
30.001935, 4.999999, 0, 0, 0, 0, 0, 0, 0, 0, 0
35.001925, 4.99999, 0, 0, 0, 0, 0, 0, 0, 0, 0
40.001922, 4.999997, 9, 572, 5053.8, 688, 15313, 15313, 15313, 15313, 0
45.001965, 5.000043, 5, 556, 4992.4, 603, 22548, 22548, 22548, 22548, 0
50.001958, 4.999993, 0, 0, 0, 0, 0, 0, 0, 0, 0
55.001924, 4.999966, 0, 0, 0, 0, 0, 0, 0, 0, 0
60.001965, 5.000041, 0, 0, 0, 0, 0, 0, 0, 0, 0
65.001923, 4.999958, 5, 613, 5667.6, 649, 25776, 25776, 25776, 25776, 0
70.001924, 5.000001, 0, 0, 0, 0, 0, 0, 0, 0, 0
75.001883, 4.999959, 0, 0, 0, 0, 0, 0, 0, 0, 0
80.001976, 5.000093, 10, 547, 1943.9, 665, 7285, 8308, 8308, 8308, 0
85.001982, 5.000006, 6, 538, 2333.7, 575, 10605, 10605, 10605, 10605, 0
90.001965, 4.999983, 0, 0, 0, 0, 0, 0, 0, 0, 0
95.001889, 4.999924, 0, 0, 0, 0, 0, 0, 0, 0, 0
100.001888, 4.999999, 0, 0, 0, 0, 0, 0, 0, 0, 0
105.001889, 5.000001, 8, 541, 4154.7, 727, 17447, 17447, 17447, 17447, 0
110.002004, 5.000115, 0, 0, 0, 0, 0, 0, 0, 0, 0
115.001913, 4.999909, 0, 0, 0, 0, 0, 0, 0, 0, 0
120.001942, 5.000029, 0, 0, 0, 0, 0, 0, 0, 0, 0
125.001925, 4.999983, 0, 0, 0, 0, 0, 0, 0, 0, 0
130.001928, 5.000003, 13, 571, 3531.6, 664, 6622, 31843, 31843, 31843, 0
135.001876, 4.999948, 7, 539, 1361.1, 648, 6777, 6777, 6777, 6777, 0
140.001874, 4.999998, 0, 0, 0, 0, 0, 0, 0, 0, 0
145.001922, 5.000048, 10, 545, 1235.5, 602, 6937, 6937, 6937, 6937, 0
150.001925, 5.000003, 5, 570, 642.8, 628, 701, 701, 701, 701, 0
155.001962, 5.000037, 0, 0, 0, 0, 0, 0, 0, 0, 0
160.001924, 4.999962, 0, 0, 0, 0, 0, 0, 0, 0, 0
165.001902, 4.999978, 0, 0, 0, 0, 0, 0, 0, 0, 0
170.001933, 5.000031, 0, 0, 0, 0, 0, 0, 0, 0, 0
175.001905, 4.999972, 0, 0, 0, 0, 0, 0, 0, 0, 0
180.001912, 5.000007, 8, 540, 4515.1, 692, 9870, 9870, 9870, 9870, 0
185.001877, 4.999965, 0, 0, 0, 0, 0, 0, 0, 0, 0
187.27535, 2.273473, 0, 0, 0, 0, 0, 0, 0, 0, 0
