elapsed, window, total, successful, failed
5.000157, 5.000157, 554667, 554667, 0
10.001178, 5.001021, 491531, 491531, 0
15.001167, 4.999989, 494008, 494008, 0
20.00116, 4.999993, 492659, 492659, 0
25.001208, 5.000048, 493881, 493881, 0
30.001157, 4.999949, 492300, 492300, 0
35.00116, 5.000003, 493372, 493372, 0
40.001158, 4.999998, 486455, 486455, 0
45.001177, 5.000019, 483257, 483257, 0
50.001152, 4.999975, 482693, 482693, 0
55.001235, 5.000083, 482572, 482572, 0
60.001179, 4.999944, 478636, 478636, 0
65.001221, 5.000042, 481008, 481008, 0
70.001178, 4.999957, 479145, 479145, 0
75.001225, 5.000047, 480416, 480416, 0
80.00117, 4.999945, 481241, 481241, 0
85.00119, 5.00002, 484011, 484011, 0
90.001143, 4.999953, 483086, 483086, 0
95.001215, 5.000072, 481202, 481202, 0
100.001185, 4.99997, 479415, 479415, 0
105.001259, 5.000074, 479408, 479408, 0
110.001208, 4.999949, 476142, 476142, 0
115.001165, 4.999957, 482328, 482328, 0
120.001175, 5.00001, 481176, 481176, 0
121.005298, 1.004123, 104592, 104592, 0
