elapsed, window, n, min, mean, median, 95th, 99th, 99_9th, max, errors
5.000736, 5.000736, 194248, 280, 657.9, 644, 827, 975, 1717, 5278, 0
10.001858, 5.001122, 189605, 284, 654.1, 638, 834, 1044, 2106, 5728, 0
15.001705, 4.999847, 188670, 299, 655.7, 639, 836, 1058, 1687, 6441, 0
20.001673, 4.999968, 188813, 286, 655.1, 640, 833, 1043, 1515, 6053, 0
25.001779, 5.000106, 189169, 286, 653.4, 636, 842, 1099, 1763, 4500, 0
30.001743, 4.999964, 188443, 292, 653.9, 636, 844, 1144, 1892, 5385, 0
35.001751, 5.000008, 188862, 299, 654.8, 640, 831, 1021, 1933, 6246, 0
40.001682, 4.999931, 189558, 292, 652.7, 638, 833, 1020, 1644, 6246, 0
45.001713, 5.000031, 187191, 290, 657.6, 641, 843, 1051, 1861, 5408, 0
50.001921, 5.000208, 187380, 299, 658.9, 640, 855, 1148, 1669, 6741, 0
55.001709, 4.999788, 189890, 307, 648.7, 638, 823, 938, 1127, 5907, 0
60.001763, 5.000054, 189694, 306, 650.7, 637, 832, 972, 1398, 6826, 0
65.001728, 4.999965, 189269, 291, 653.6, 635, 855, 1138, 1750, 5552, 0
70.001679, 4.999951, 192822, 295, 644.3, 630, 831, 985, 1441, 5278, 0
75.001765, 5.000086, 187524, 294, 655.0, 639, 851, 1059, 1517, 4774, 0
80.001819, 5.000054, 186058, 286, 664.7, 646, 862, 1100, 1946, 6186, 0
85.001682, 4.999863, 190511, 318, 649.9, 636, 841, 988, 1309, 6401, 0
90.001716, 5.000034, 188164, 319, 656.3, 639, 858, 1087, 1503, 6401, 0
95.001751, 5.000035, 187063, 302, 661.3, 642, 868, 1126, 1692, 5690, 0
100.001854, 5.000103, 189258, 308, 652.5, 638, 846, 1032, 1445, 3915, 0
105.001686, 4.999832, 189211, 296, 657.0, 640, 855, 1058, 1624, 4184, 0
110.001685, 4.999999, 189252, 314, 652.8, 640, 839, 975, 1224, 6173, 0
115.001722, 5.000037, 186756, 303, 658.3, 642, 852, 1033, 1618, 6809, 0
120.001771, 5.000049, 188635, 303, 655.2, 641, 840, 989, 1329, 6787, 0
121.001762, 0.999991, 38447, 312, 651.9, 639, 840, 986, 1307, 4425, 0
