elapsed, window, n, min, mean, median, 95th, 99th, 99_9th, max, errors
5.000315, 5.000315, 2494, 91282, 125116.1, 101269, 166997, 230079, 285781, 291723, 1
10.001338, 5.001023, 2126, 91567, 147699.7, 152648, 170144, 230079, 292768, 317672, 1
15.001252, 4.999914, 2132, 91251, 148557.1, 152606, 173707, 269739, 309939, 326804, 2
20.001364, 5.000112, 2179, 90990, 146041.0, 152259, 162562, 183698, 259504, 288240, 1
25.001292, 4.999928, 2182, 91172, 146911.9, 152564, 163689, 212879, 295318, 314604, 5
30.001278, 4.999986, 2143, 91172, 147868.0, 152171, 164286, 270180, 303385, 307701, 1
35.001309, 5.000031, 2121, 91265, 150654.7, 152666, 194782, 285512, 304147, 307701, 0
40.001278, 4.999969, 2124, 91252, 148010.5, 152260, 168514, 269645, 303579, 308053, 1
45.001221, 4.999943, 2148, 91261, 148148.9, 152602, 169239, 220592, 285617, 302724, 0
50.001284, 5.000063, 2115, 91397, 150132.1, 152430, 176586, 259322, 302354, 310709, 2
55.001286, 5.000002, 2086, 91238, 152494.6, 153243, 192838, 273112, 310723, 317072, 1
60.001281, 4.999995, 2117, 91184, 149070.0, 152686, 163407, 221534, 286113, 292181, 0
65.001253, 4.999972, 2182, 91322, 146756.6, 152443, 160084, 167300, 180204, 182235, 4
70.001281, 5.000028, 2097, 91348, 149828.8, 153095, 167691, 258747, 288233, 300682, 1
75.001336, 5.000055, 1587, 91317, 195787.0, 156880, 396109, 539841, 655561, 674625, 0
80.00131, 4.999974, 1550, 91383, 198986.5, 156393, 455086, 695142, 855825, 977497, 3
85.001347, 5.000037, 1824, 91386, 188540.3, 155578, 410367, 613385, 827689, 977497, 2
90.001276, 4.999929, 1722, 91345, 178909.7, 154080, 374582, 562928, 661165, 789918, 1
95.001286, 5.00001, 1239, 91340, 239103.8, 167919, 542650, 702030, 801310, 908893, 0
100.001281, 4.999995, 2040, 91070, 163504.1, 153466, 282032, 398783, 554460, 587743, 1
105.001277, 4.999996, 2047, 91025, 154885.1, 153420, 213614, 265186, 293235, 312676, 0
110.001328, 5.000051, 2049, 91386, 154729.5, 153909, 204673, 267214, 298857, 318651, 0
115.001336, 5.000008, 2089, 91308, 151703.1, 153439, 162729, 259381, 303741, 309870, 1
120.00134, 5.000004, 2043, 91259, 153743.8, 153657, 186652, 271659, 294770, 317472, 1
121.00641, 1.00507, 437, 91259, 152911.0, 153492, 170523, 268695, 294770, 317472, 0
