elapsed, window, n, min, mean, median, 95th, 99th, 99_9th, max, errors
5.000399, 5.000399, 50, 1036, 6141.0, 5379, 11771, 12551, 12551, 12551, 0
10.001373, 5.000974, 0, 0, 0, 0, 0, 0, 0, 0, 0
15.001346, 4.999973, 0, 0, 0, 0, 0, 0, 0, 0, 0
20.001352, 5.000006, 0, 0, 0, 0, 0, 0, 0, 0, 0
25.001399, 5.000047, 0, 0, 0, 0, 0, 0, 0, 0, 0
30.001399, 5.0, 100, 85929, 249220.3, 238106, 350467, 482693, 486230, 486230, 0
35.001301, 4.999902, 0, 0, 0, 0, 0, 0, 0, 0, 0
40.001408, 5.000107, 49, 53921, 226055.6, 222055, 351841, 364001, 364001, 364001, 0
45.001386, 4.999978, 100, 911, 119553.0, 8695, 337702, 434390, 441458, 441458, 0
50.001373, 4.999987, 85, 1002, 193472.1, 203348, 347078, 362328, 384816, 384816, 0
55.001391, 5.000018, 159, 10646, 277457.8, 307925, 434954, 461442, 494130, 494130, 0
60.001388, 4.999997, 72, 34290, 214535.4, 218550, 374799, 412631, 416529, 416529, 0
65.001388, 5.0, 92, 855, 121663.1, 75397, 346624, 390475, 392782, 392782, 0
70.001394, 5.000006, 51, 1495, 189483.4, 178172, 343956, 390536, 396315, 396315, 0
75.001385, 4.999991, 41, 880, 8298.3, 5252, 12745, 129395, 129395, 129395, 0
80.001407, 5.000022, 57, 34978, 207871.4, 217635, 356210, 375856, 376777, 376777, 0
85.001411, 5.000004, 132, 29077, 237765.6, 249187, 365397, 403580, 409738, 409738, 0
90.001415, 5.000004, 60, 46836, 258329.4, 274412, 408756, 418377, 433367, 433367, 0
95.001409, 4.999994, 51, 65642, 314252.0, 328402, 464611, 495549, 504301, 504301, 0
100.001328, 4.999919, 90, 948, 141218.0, 135007, 321004, 335072, 406135, 406135, 0
105.001411, 5.000083, 10, 69079, 232582.1, 253027, 322612, 376707, 376707, 376707, 0
110.001409, 4.999998, 50, 63422, 248731.5, 262815, 390265, 401056, 401056, 401056, 0
115.001414, 5.000005, 0, 156529, 229321.2, 236689, 310490, 310490, 310490, 310490, 0
120.001429, 5.000015, 0, 0, 0, 0, 0, 0, 0, 0, 0
121.003449, 1.00202, 13, 177235, 263769.5, 251338, 323046, 330026, 330026, 330026, 0
