elapsed, window, n, min, mean, median, 95th, 99th, 99_9th, max, errors
5.001101, 5.001101, 210, 695, 32276.6, 3711, 157799, 165023, 168570, 168570, 0
10.001109, 5.000008, 214, 759, 70902.9, 57073, 163501, 178004, 197403, 197403, 0
15.001069, 4.99996, 238, 704, 75736.0, 59691, 183344, 237904, 240629, 240629, 0
20.001076, 5.000007, 108, 698, 91575.6, 63612, 239795, 266679, 267855, 267855, 0
25.001114, 5.000038, 32, 763, 4231.5, 4302, 7309, 10274, 10274, 10274, 0
30.001097, 4.999983, 40, 840, 104971.3, 72183, 215064, 287991, 287991, 287991, 0
35.001046, 4.999949, 101, 664, 52432.2, 41874, 202597, 237350, 316828, 316828, 0
40.001106, 5.00006, 37, 779, 60976.0, 57839, 223390, 231962, 231962, 231962, 0
45.001145, 5.000039, 175, 681, 58061.6, 2410, 227807, 302731, 306061, 306061, 0
50.001107, 4.999962, 238, 711, 48418.3, 41013, 188377, 217344, 221766, 221766, 0
55.001173, 5.000066, 174, 729, 111331.8, 106072, 192996, 215057, 229759, 229759, 0
60.001132, 4.999959, 113, 707, 10171.7, 1619, 53965, 163517, 189254, 189254, 0
65.001526, 5.000394, 178, 680, 86123.3, 66806, 200895, 230133, 238666, 238666, 0
70.001018, 4.999492, 116, 667, 65589.8, 58612, 164567, 199230, 212328, 212328, 0
75.002047, 5.001029, 235, 680, 86499.2, 65531, 204136, 255224, 284746, 284746, 0
80.001031, 4.998984, 81, 944, 112529.3, 90096, 214489, 232771, 239715, 239715, 0
85.002068, 5.001037, 193, 695, 56920.1, 46719, 197913, 233548, 281052, 281052, 0
90.001189, 4.999121, 150, 786, 102193.2, 68261, 234803, 280403, 305499, 305499, 0
95.001116, 4.999927, 237, 654, 59240.1, 56718, 147399, 193840, 207030, 207030, 0
100.001055, 4.999939, 66, 4303, 103335.6, 65937, 199377, 203566, 255785, 255785, 0
105.001115, 5.00006, 77, 781, 52595.5, 40244, 199377, 207292, 217317, 217317, 0
110.001121, 5.000006, 102, 839, 103742.7, 74277, 206014, 214128, 217317, 217317, 0
115.001117, 4.999996, 35, 2390, 132664.9, 120654, 248683, 340704, 340704, 340704, 0
120.001109, 4.999992, 152, 658, 48866.4, 5050, 221609, 268151, 282572, 282572, 0
121.00527, 1.004161, 30, 658, 48454.5, 5077, 211245, 268151, 282572, 282572, 0
