elapsed, window, n, min, mean, median, 95th, 99th, 99_9th, max, errors
5.001101, 5.001101, 150, 1165, 4493.4, 3170, 6753, 49623, 51945, 51945, 0
10.001109, 5.000008, 60, 1197, 4186.8, 2140, 5802, 74083, 79526, 79526, 0
15.001069, 4.99996, 52, 1259, 4478.6, 2776, 9778, 30944, 37711, 37711, 0
20.001076, 5.000007, 176, 608, 4583.2, 1988, 7106, 65035, 120912, 120912, 0
25.001114, 5.000038, 17, 671, 1634.3, 1623, 2554, 3015, 3015, 3015, 0
30.001097, 4.999983, 89, 604, 5107.3, 2379, 15487, 81069, 84923, 84923, 0
35.001046, 4.999949, 156, 668, 7584.9, 2525, 15748, 111321, 151156, 151156, 0
40.001106, 5.00006, 175, 665, 5786.2, 2245, 10006, 128742, 132677, 132677, 0
45.001145, 5.000039, 121, 643, 5241.6, 1986, 5136, 125233, 150325, 150325, 0
50.001107, 4.999962, 193, 671, 8773.0, 2111, 56974, 139519, 149366, 149366, 0
55.001173, 5.000066, 177, 692, 3980.0, 2089, 8320, 15236, 116388, 116388, 0
60.001132, 4.999959, 139, 695, 11606.0, 2301, 84105, 161050, 168567, 168567, 0
65.001526, 5.000394, 0, 0, 0, 0, 0, 0, 0, 0, 0
70.001018, 4.999492, 59, 1003, 12603.1, 3041, 62518, 104793, 160361, 160361, 0
75.002047, 5.001029, 148, 721, 6517.0, 2040, 31025, 114319, 149220, 149220, 0
80.001031, 4.998984, 258, 616, 5380.9, 2124, 16206, 73915, 130182, 130182, 0
85.002068, 5.001037, 302, 727, 5475.1, 2174, 15386, 86979, 170301, 170301, 0
90.001189, 4.999121, 177, 777, 11122.5, 2443, 61696, 189704, 257966, 257966, 0
95.001116, 4.999927, 133, 619, 6326.2, 2466, 25797, 69808, 130960, 130960, 0
100.001055, 4.999939, 98, 657, 6007.0, 2215, 15720, 109819, 116555, 116555, 0
105.001115, 5.00006, 260, 724, 4882.2, 2378, 8966, 107538, 152533, 152533, 0
110.001121, 5.000006, 33, 722, 5353.0, 2086, 5099, 95767, 95767, 95767, 0
115.001117, 4.999996, 175, 662, 5653.7, 1902, 10404, 91407, 160241, 160241, 0
120.001109, 4.999992, 38, 835, 4499.8, 2244, 8118, 56048, 56048, 56048, 0
121.00527, 1.004161, 8, 835, 4075.8, 2048, 8118, 56048, 56048, 56048, 0
