elapsed, window, n, min, mean, median, 95th, 99th, 99_9th, max, errors
5.001175, 5.001175, 8370, 846, 2455.7, 1185, 9816, 12731, 15577, 17054, 0
10.001147, 4.999972, 8522, 866, 2417.0, 1222, 9327, 12541, 15122, 16881, 0
15.001054, 4.999907, 8655, 893, 2382.5, 1186, 9284, 12664, 14987, 16624, 0
20.001032, 4.999978, 8607, 868, 2391.7, 1155, 9854, 12568, 14817, 16830, 0
25.001124, 5.000092, 8765, 856, 2339.6, 1142, 9746, 12695, 14840, 16922, 0
30.001068, 4.999944, 8677, 876, 2392.2, 1147, 9806, 12522, 14776, 17015, 0
35.001107, 5.000039, 8680, 863, 2347.7, 1165, 9483, 12420, 14984, 16893, 0
40.00116, 5.000053, 8845, 844, 2307.8, 1161, 9142, 12647, 14947, 16244, 0
45.001166, 5.000006, 8875, 835, 2331.9, 1141, 9370, 12689, 15274, 16696, 0
50.001146, 4.99998, 8594, 874, 2373.9, 1146, 10074, 12613, 14668, 15552, 0
55.001155, 5.000009, 8888, 873, 2341.2, 1153, 9527, 12733, 15176, 17452, 0
60.001063, 4.999908, 8888, 856, 2347.8, 1148, 9904, 12476, 15372, 16970, 0
65.001059, 4.999996, 8641, 860, 2391.4, 1183, 9693, 12640, 15175, 16827, 0
70.001037, 4.999978, 8438, 900, 2394.9, 1207, 9604, 12624, 15124, 17092, 0
75.001048, 5.000011, 8376, 871, 2442.3, 1171, 10187, 12879, 15258, 17032, 0
80.001074, 5.000026, 8491, 860, 2408.5, 1144, 10120, 12818, 15236, 17058, 0
85.001031, 4.999957, 8874, 834, 2355.1, 1137, 9824, 12752, 15077, 16517, 0
90.001058, 5.000027, 8469, 842, 2425.3, 1141, 10143, 12760, 15045, 16807, 0
95.001216, 5.000158, 8743, 876, 2384.8, 1194, 10043, 12741, 15736, 17205, 0
100.001065, 4.999849, 8775, 852, 2356.8, 1136, 10066, 12713, 15209, 16415, 0
105.001024, 4.999959, 8440, 822, 2434.9, 1139, 10274, 12807, 14925, 16363, 0
110.001052, 5.000028, 8489, 852, 2423.5, 1136, 10212, 12755, 15098, 16882, 0
115.001151, 5.000099, 8868, 829, 2342.1, 1135, 10126, 12847, 15274, 16977, 0
120.001145, 4.999994, 8759, 843, 2366.2, 1137, 9832, 12633, 16143, 16518, 0
121.002264, 1.001119, 1637, 843, 2388.1, 1141, 9821, 12590, 16162, 16630, 0
