elapsed, window, n, min, mean, median, 95th, 99th, 99_9th, max, errors
5.001039, 5.001039, 0, 0, 0, 0, 0, 0, 0, 0, 0
10.001061, 5.000022, 0, 0, 0, 0, 0, 0, 0, 0, 0
15.001038, 4.999977, 100, 831, 1094.8, 1067, 1399, 1494, 1583, 1583, 0
20.001034, 4.999996, 0, 0, 0, 0, 0, 0, 0, 0, 0
25.001057, 5.000023, 0, 0, 0, 0, 0, 0, 0, 0, 0
30.002107, 5.00105, 0, 0, 0, 0, 0, 0, 0, 0, 0
35.001091, 4.998984, 0, 0, 0, 0, 0, 0, 0, 0, 0
40.001048, 4.999957, 0, 0, 0, 0, 0, 0, 0, 0, 0
45.001088, 5.00004, 0, 0, 0, 0, 0, 0, 0, 0, 0
50.001067, 4.999979, 0, 0, 0, 0, 0, 0, 0, 0, 0
55.001108, 5.000041, 0, 0, 0, 0, 0, 0, 0, 0, 0
60.001074, 4.999966, 100, 860, 1034.5, 1013, 1279, 1348, 1350, 1350, 0
65.001086, 5.000012, 0, 0, 0, 0, 0, 0, 0, 0, 0
70.001083, 4.999997, 0, 0, 0, 0, 0, 0, 0, 0, 0
75.001073, 4.99999, 0, 0, 0, 0, 0, 0, 0, 0, 0
80.001003, 4.99993, 0, 0, 0, 0, 0, 0, 0, 0, 0
85.002034, 5.001031, 0, 0, 0, 0, 0, 0, 0, 0, 0
90.000984, 4.99895, 0, 0, 0, 0, 0, 0, 0, 0, 0
95.002089, 5.001105, 0, 0, 0, 0, 0, 0, 0, 0, 0
100.000936, 4.998847, 26, 897, 1034.0, 1022, 1231, 1296, 1296, 1296, 0
105.002092, 5.001156, 74, 870, 1035.1, 1029, 1157, 1265, 1296, 1296, 0
110.001081, 4.998989, 0, 0, 0, 0, 0, 0, 0, 0, 0
115.000987, 4.999906, 0, 0, 0, 0, 0, 0, 0, 0, 0
120.002084, 5.001097, 0, 0, 0, 0, 0, 0, 0, 0, 0
121.006192, 1.004108, 0, 0, 0, 0, 0, 0, 0, 0, 0
